run_id,checkpoint,training_seed,evaluation_suite,episode_seed,success,termination_reason,episode_steps,episode_return,final_insertion_depth,max_contact_force,mean_contact_force,force_above_threshold_duration,lateral_error_final,orientation_error_final,peg_mass,peg_friction,socket_friction,initial_xy_offset,initial_orientation_error
2026-08-15_22-10-02,/home/as22cq/Projects/Policy-RL-Peg_insertion/force_peg_rl/logs/rl_games/Forge/2026-08-15_22-10-02/nn/Forge.pth,0,nominal,1000,False,timeout,149,75.1764144897461,0.0012887641787528992,6.21022891998291,2.120534658432007,0.0,0.016398608684539795,0.7993428707122803,0.023561738431453705,0.75,0.75,0.01671551913022995,0.7032023668289185
2026-08-15_22-10-02,/home/as22cq/Projects/Policy-RL-Peg_insertion/force_peg_rl/logs/rl_games/Forge/2026-08-15_22-10-02/nn/Forge.pth,0,nominal,1000,False,timeout,149,72.56610870361328,0.0027976371347904205,5.49441385269165,1.9617350101470947,0.0,0.018647875636816025,0.40131479501724243,0.017124135047197342,0.75,0.75,0.008148709312081337,0.36910954117774963
2026-08-15_22-10-02,/home/as22cq/Projects/Policy-RL-Peg_insertion/force_peg_rl/logs/rl_games/Forge/2026-08-15_22-10-02/nn/Forge.pth,0,nominal,1000,False,timeout,149,47.7900276184082,0.010392501950263977,11.709168434143066,2.044309377670288,0.13333334028720856,0.016745129600167274,0.604819118976593,0.014178655110299587,0.75,0.75,0.023647740483283997,0.1123204231262207
2026-08-15_22-10-02,/home/as22cq/Projects/Policy-RL-Peg_insertion/force_peg_rl/logs/rl_games/Forge/2026-08-15_22-10-02/nn/Forge.pth,0,nominal,1000,False,timeout,149,24.32147789001465,0.05459440127015114,11.84655475616455,4.270703315734863,0.30000001192092896,0.019920364022254944,0.5412089228630066,0.014822219498455524,0.75,0.75,0.014952776953577995,-0.2009725421667099
2026-08-15_22-10-02,/home/as22cq/Projects/Policy-RL-Peg_insertion/force_peg_rl/logs/rl_games/Forge/2026-08-15_22-10-02/nn/Forge.pth,0,nominal,1000,False,timeout,149,19.63964080810547,0.004832584410905838,13.01965618133545,4.010651111602783,0.3333333432674408,0.017624642699956894,0.8565693497657776,0.015191162936389446,0.75,0.75,0.018248779699206352,0.5954028964042664
2026-08-15_22-10-02,/home/as22cq/Projects/Policy-RL-Peg_insertion/force_peg_rl/logs/rl_games/Forge/2026-08-15_22-10-02/nn/Forge.pth,0,nominal,1000,False,timeout,149,42.65816116333008,0.07495296746492386,8.616839408874512,1.5391652584075928,0.03333333507180214,0.0529799610376358,0.9264936447143555,0.02277202531695366,0.75,0.75,0.018479695543646812,-0.7605499029159546
2026-08-15_22-10-02,/home/as22cq/Projects/Policy-RL-Peg_insertion/force_peg_rl/logs/rl_games/Forge/2026-08-15_22-10-02/nn/Forge.pth,0,nominal,1000,False,timeout,149,53.027591705322266,0.002672530710697174,6.9732794761657715,3.049553632736206,0.0,0.017043961212038994,0.587303876876831,0.01734333485364914,0.75,0.75,0.013883262872695923,-0.4561724364757538
2026-08-15_22-10-02,/home/as22cq/Projects/Policy-RL-Peg_insertion/force_peg_rl/logs/rl_games/Forge/2026-08-15_22-10-02/nn/Forge.pth,0,nominal,1000,False,timeout,149,42.057865142822266,0.005678065121173859,5.0087504386901855,1.3063366413116455,0.0,0.016898931935429573,0.5123239755630493,0.015605839900672436,0.75,0.75,0.021147767081856728,-0.5716313123703003
2026-08-15_22-10-02,/home/as22cq/Projects/Policy-RL-Peg_insertion/force_peg_rl/logs/rl_games/Forge/2026-08-15_22-10-02/nn/Forge.pth,0,nominal,1000,False,timeout,149,27.545730590820312,0.1824847161769867,10.925860404968262,0.39318153262138367,0.01666666753590107,0.07482129335403442,-0.03598044812679291,0.01608586497604847,0.75,0.75,0.02124195732176304,0.4941501319408417
2026-08-15_22-10-02,/home/as22cq/Projects/Policy-RL-Peg_insertion/force_peg_rl/logs/rl_games/Forge/2026-08-15_22-10-02/nn/Forge.pth,0,nominal,1000,False,timeout,149,54.6120491027832,0.004582670517265797,5.170003890991211,1.2227460145950317,0.0,0.016025949269533157,1.141645908355713,0.01495019905269146,0.75,0.75,0.019088279455900192,-0.26723089814186096
2026-08-15_22-10-02,/home/as22cq/Projects/Policy-RL-Peg_insertion/force_peg_rl/logs/rl_games/Forge/2026-08-15_22-10-02/nn/Forge.pth,0,nominal,1000,False,timeout,149,73.36504364013672,0.0006968677043914795,10.536473274230957,2.286761522293091,0.09166666865348816,0.01635557785630226,0.14609231054782867,0.018377695232629776,0.75,0.75,0.014740400947630405,0.10799532383680344
2026-08-15_22-10-02,/home/as22cq/Projects/Policy-RL-Peg_insertion/force_peg_rl/logs/rl_games/Forge/2026-08-15_22-10-02/nn/Forge.pth,0,nominal,1000,False,timeout,149,43.36937713623047,0.03364800661802292,6.329736232757568,2.08345627784729,0.0,0.016788039356470108,0.7529836893081665,0.022335082292556763,0.75,0.75,0.017694538459181786,0.3291117548942566
2026-08-15_22-10-02,/home/as22cq/Projects/Policy-RL-Peg_insertion/force_peg_rl/logs/rl_games/Forge/2026-08-15_22-10-02/nn/Forge.pth,0,nominal,1000,False,timeout,149,31.702739715576172,0.07501566410064697,4.532586097717285,0.09440833330154419,0.0,0.04502295330166817,0.14929556846618652,0.020029595121741295,0.75,0.75,0.015316269360482693,-0.7804366946220398
2026-08-15_22-10-02,/home/as22cq/Projects/Policy-RL-Peg_insertion/force_peg_rl/logs/rl_games/Forge/2026-08-15_22-10-02/nn/Forge.pth,0,nominal,1000,False,timeout,149,75.60711669921875,0.0004564952105283737,6.790308475494385,1.0611672401428223,0.01666666753590107,0.01677761785686016,0.030393458902835846,0.021023107692599297,0.75,0.75,0.009634340181946754,-0.2115703970193863
2026-08-15_22-10-02,/home/as22cq/Projects/Policy-RL-Peg_insertion/force_peg_rl/logs/rl_games/Forge/2026-08-15_22-10-02/nn/Forge.pth,0,nominal,1000,False,timeout,149,38.883636474609375,0.0065532103180885315,7.314530372619629,1.1454962491989136,0.05000000447034836,0.02353273145854473,1.375400185585022,0.022172287106513977,0.75,0.75,0.012548491358757019,-0.137803852558136
2026-08-15_22-10-02,/home/as22cq/Projects/Policy-RL-Peg_insertion/force_peg_rl/logs/rl_games/Forge/2026-08-15_22-10-02/nn/Forge.pth,0,nominal,1000,False,timeout,149,33.212806701660156,0.1290436089038849,9.9475679397583,1.0737515687942505,0.008333333767950535,0.07187914103269577,0.28948652744293213,0.01987394317984581,0.75,0.75,0.022480687126517296,-0.10681559145450592
2026-08-15_22-10-02,/home/as22cq/Projects/Policy-RL-Peg_insertion/force_peg_rl/logs/rl_games/Forge/2026-08-15_22-10-02/nn/Forge.pth,0,nominal,1000,False,timeout,149,73.437255859375,0.003170061856508255,6.119051933288574,0.8801751136779785,0.0,0.020466873422265053,0.6329233050346375,0.016976987943053246,0.75,0.75,0.017675256356596947,0.7056381702423096
2026-08-15_22-10-02,/home/as22cq/Projects/Policy-RL-Peg_insertion/force_peg_rl/logs/rl_games/Forge/2026-08-15_22-10-02/nn/Forge.pth,0,nominal,1000,False,timeout,149,55.151729583740234,0.007941089570522308,6.409857273101807,2.109212875366211,0.0,0.035539351403713226,0.8331653475761414,0.023760249838232994,0.75,0.75,0.020208759233355522,0.34764203429222107
2026-08-15_22-10-02,/home/as22cq/Projects/Policy-RL-Peg_insertion/force_peg_rl/logs/rl_games/Forge/2026-08-15_22-10-02/nn/Forge.pth,0,nominal,1000,False,timeout,149,44.635921478271484,0.010832611471414566,11.632341384887695,2.6877217292785645,0.01666666753590107,0.016307635232806206,0.6625924706459045,0.016569796949625015,0.75,0.75,0.015312105417251587,0.7492011189460754
2026-08-15_22-10-02,/home/as22cq/Projects/Policy-RL-Peg_insertion/force_peg_rl/logs/rl_games/Forge/2026-08-15_22-10-02/nn/Forge.pth,0,nominal,1000,False,timeout,149,41.85639190673828,0.016490019857883453,10.795135498046875,2.472705364227295,0.03333333507180214,0.014187492430210114,0.48540809750556946,0.015117974020540714,0.75,0.75,0.02137409895658493,0.21661613881587982
2026-08-15_22-10-02,/home/as22cq/Projects/Policy-RL-Peg_insertion/force_peg_rl/logs/rl_games/Forge/2026-08-15_22-10-02/nn/Forge.pth,0,nominal,1000,False,timeout,149,36.05506896972656,0.06601311266422272,7.215952396392822,1.3347272872924805,0.0,0.02039075829088688,0.49703648686408997,0.014010193757712841,0.75,0.75,0.015321405604481697,-0.5128018260002136
2026-08-15_22-10-02,/home/as22cq/Projects/Policy-RL-Peg_insertion/force_peg_rl/logs/rl_games/Forge/2026-08-15_22-10-02/nn/Forge.pth,0,nominal,1000,False,timeout,149,41.07869338989258,0.05011272802948952,9.160343170166016,1.5996637344360352,0.0416666679084301,0.016367027536034584,0.421146035194397,0.02174752950668335,0.75,0.75,0.02025887742638588,-0.6327519416809082
2026-08-15_22-10-02,/home/as22cq/Projects/Policy-RL-Peg_insertion/force_peg_rl/logs/rl_games/Forge/2026-08-15_22-10-02/nn/Forge.pth,0,nominal,1000,False,timeout,149,32.445831298828125,0.16247910261154175,7.525667667388916,0.8526518940925598,0.0,0.06835892051458359,0.09635894745588303,0.017311863601207733,0.75,0.75,0.007682320196181536,-0.4939928650856018
2026-08-15_22-10-02,/home/as22cq/Projects/Policy-RL-Peg_insertion/force_peg_rl/logs/rl_games/Forge/2026-08-15_22-10-02/nn/Forge.pth,0,nominal,1000,False,timeout,149,33.4544563293457,0.06100519001483917,5.61091947555542,0.4561261534690857,0.0,0.030813703313469887,0.37718042731285095,0.020803755149245262,0.75,0.75,0.018430469557642937,0.4884280562400818
2026-08-15_22-10-02,/home/as22cq/Projects/Policy-RL-Peg_insertion/force_peg_rl/logs/rl_games/Forge/2026-08-15_22-10-02/nn/Forge.pth,0,nominal,1000,False,timeout,149,56.67103576660156,0.02122741937637329,9.932198524475098,1.9330604076385498,0.10000000894069672,0.017887888476252556,0.6418029069900513,0.015124655328691006,0.75,0.75,0.01683112047612667,0.37920117378234863
2026-08-15_22-10-02,/home/as22cq/Projects/Policy-RL-Peg_insertion/force_peg_rl/logs/rl_games/Forge/2026-08-15_22-10-02/nn/Forge.pth,0,nominal,1000,False,timeout,149,69.79856872558594,0.0008137542754411697,12.23180866241455,1.621421456336975,0.06666667014360428,0.018913112580776215,0.15177565813064575,0.01879996247589588,0.75,0.75,0.00936125684529543,0.27571365237236023
2026-08-15_22-10-02,/home/as22cq/Projects/Policy-RL-Peg_insertion/force_peg_rl/logs/rl_games/Forge/2026-08-15_22-10-02/nn/Forge.pth,0,nominal,1000,False,timeout,149,42.872806549072266,0.0031748488545417786,9.53357219696045,2.920408248901367,0.008333333767950535,0.02133333496749401,0.6301906108856201,0.015738019719719887,0.75,0.75,0.013880397193133831,0.12686221301555634
2026-08-15_22-10-02,/home/as22cq/Projects/Policy-RL-Peg_insertion/force_peg_rl/logs/rl_games/Forge/2026-08-15_22-10-02/nn/Forge.pth,0,nominal,1000,False,timeout,149,36.04187774658203,0.0032355934381484985,11.539456367492676,1.778340220451355,0.14166668057441711,0.023450054228305817,0.7287099361419678,0.019555186852812767,0.75,0.75,0.008305797353386879,0.0697137787938118
2026-08-15_22-10-02,/home/as22cq/Projects/Policy-RL-Peg_insertion/force_peg_rl/logs/rl_games/Forge/2026-08-15_22-10-02/nn/Forge.pth,0,nominal,1000,False,timeout,149,35.162418365478516,0.023478280752897263,10.33369255065918,3.1554360389709473,0.2083333432674408,0.027993112802505493,0.5754320025444031,0.02124733291566372,0.75,0.75,0.007223862688988447,-0.6261898875236511
2026-08-15_22-10-02,/home/as22cq/Projects/Policy-RL-Peg_insertion/force_peg_rl/logs/rl_games/Forge/2026-08-15_22-10-02/nn/Forge.pth,0,nominal,1000,False,timeout,149,36.52104949951172,0.013617195188999176,7.24363899230957,2.760293483734131,0.0,0.022604597732424736,0.785413920879364,0.01970910094678402,0.75,0.75,0.007939568720757961,-0.4622341990470886
2026-08-15_22-10-02,/home/as22cq/Projects/Policy-RL-Peg_insertion/force_peg_rl/logs/rl_games/Forge/2026-08-15_22-10-02/nn/Forge.pth,0,nominal,1000,False,timeout,149,76.76407623291016,0.0016322024166584015,5.11508846282959,2.4163684844970703,0.0,0.017076706513762474,0.2813084125518799,0.02351207286119461,0.75,0.75,0.01979965902864933,0.24725523591041565
2026-08-15_22-10-02,/home/as22cq/Projects/Policy-RL-Peg_insertion/force_peg_rl/logs/rl_games/Forge/2026-08-15_22-10-02/nn/Forge.pth,0,nominal,1000,False,timeout,149,29.908267974853516,0.07310780882835388,12.05593204498291,3.0559117794036865,0.14166668057441711,0.020357701927423477,0.5862232446670532,0.01648496463894844,0.75,0.75,0.017878403887152672,0.7256836891174316
2026-08-15_22-10-02,/home/as22cq/Projects/Policy-RL-Peg_insertion/force_peg_rl/logs/rl_games/Forge/2026-08-15_22-10-02/nn/Forge.pth,0,nominal,1000,False,timeout,149,74.34456634521484,0.000456860288977623,6.479251384735107,0.8986285924911499,0.0,0.017495276406407356,0.15279647707939148,0.01584630087018013,0.75,0.75,0.011824360117316246,-0.6743318438529968
2026-08-15_22-10-02,/home/as22cq/Projects/Policy-RL-Peg_insertion/force_peg_rl/logs/rl_games/Forge/2026-08-15_22-10-02/nn/Forge.pth,0,nominal,1000,False,timeout,149,77.06705474853516,0.00042943842709064484,4.402726173400879,0.8517512679100037,0.0,0.016367588192224503,0.10056032240390778,0.022326525300741196,0.75,0.75,0.018539348617196083,0.5196216702461243
2026-08-15_22-10-02,/home/as22cq/Projects/Policy-RL-Peg_insertion/force_peg_rl/logs/rl_games/Forge/2026-08-15_22-10-02/nn/Forge.pth,0,nominal,1000,False,timeout,149,69.06671142578125,0.0004417337477207184,9.849187850952148,2.3533477783203125,0.05000000447034836,0.019051071256399155,0.4080929458141327,0.023398861289024353,0.75,0.75,0.017740091308951378,0.14715668559074402
2026-08-15_22-10-02,/home/as22cq/Projects/Policy-RL-Peg_insertion/force_peg_rl/logs/rl_games/Forge/2026-08-15_22-10-02/nn/Forge.pth,0,nominal,1000,False,timeout,149,51.53623580932617,0.0012459717690944672,17.226226806640625,2.7333247661590576,0.03333333507180214,0.025121426209807396,1.5021158456802368,0.02174619771540165,0.75,0.75,0.021507401019334793,0.24911685287952423
2026-08-15_22-10-02,/home/as22cq/Projects/Policy-RL-Peg_insertion/force_peg_rl/logs/rl_games/Forge/2026-08-15_22-10-02/nn/Forge.pth,0,nominal,1000,False,timeout,149,77.46390533447266,0.0004108734428882599,6.130029678344727,1.2661837339401245,0.008333333767950535,0.015949448570609093,0.18710583448410034,0.01563699170947075,0.75,0.75,0.0176797304302454,0.26284798979759216
2026-08-15_22-10-02,/home/as22cq/Projects/Policy-RL-Peg_insertion/force_peg_rl/logs/rl_games/Forge/2026-08-15_22-10-02/nn/Forge.pth,0,nominal,1000,False,timeout,149,42.3583984375,0.010743423365056515,3.5782601833343506,0.8219707012176514,0.0,0.02159915864467621,1.2335095405578613,0.01573294587433338,0.75,0.75,0.02198193036019802,0.6111094951629639
2026-08-15_22-10-02,/home/as22cq/Projects/Policy-RL-Peg_insertion/force_peg_rl/logs/rl_games/Forge/2026-08-15_22-10-02/nn/Forge.pth,0,nominal,1000,False,timeout,149,68.553955078125,0.0007851123809814453,5.146419525146484,1.445197343826294,0.0,0.01940237730741501,0.10912026464939117,0.014003502205014229,0.75,0.75,0.012955267913639545,-0.5995081067085266
2026-08-15_22-10-02,/home/as22cq/Projects/Policy-RL-Peg_insertion/force_peg_rl/logs/rl_games/Forge/2026-08-15_22-10-02/nn/Forge.pth,0,nominal,1000,False,timeout,149,73.93510437011719,0.0034706704318523407,5.3722920417785645,1.1207646131515503,0.01666666753590107,0.01806419901549816,0.4287111461162567,0.02039811573922634,0.75,0.75,0.005036104936152697,0.553692102432251
2026-08-15_22-10-02,/home/as22cq/Projects/Policy-RL-Peg_insertion/force_peg_rl/logs/rl_games/Forge/2026-08-15_22-10-02/nn/Forge.pth,0,nominal,1000,False,timeout,149,75.93082427978516,0.0015462636947631836,12.15451717376709,2.692141532897949,0.03333333507180214,0.017298610880970955,0.13130433857440948,0.020300574600696564,0.75,0.75,0.00431095901876688,-0.09634539484977722
2026-08-15_22-10-02,/home/as22cq/Projects/Policy-RL-Peg_insertion/force_peg_rl/logs/rl_games/Forge/2026-08-15_22-10-02/nn/Forge.pth,0,nominal,1000,False,timeout,149,37.06317901611328,0.0028852075338363647,10.112702369689941,4.143575668334961,0.1666666716337204,0.02092447318136692,0.9129904508590698,0.016163671389222145,0.75,0.75,0.00822652317583561,0.26826703548431396
2026-08-15_22-10-02,/home/as22cq/Projects/Policy-RL-Peg_insertion/force_peg_rl/logs/rl_games/Forge/2026-08-15_22-10-02/nn/Forge.pth,0,nominal,1000,False,timeout,149,34.82966613769531,0.09582842886447906,12.632746696472168,0.7913116216659546,0.01666666753590107,0.04409711807966232,0.2863997220993042,0.017122630029916763,0.75,0.75,0.018836958333849907,-0.18231983482837677
2026-08-15_22-10-02,/home/as22cq/Projects/Policy-RL-Peg_insertion/force_peg_rl/logs/rl_games/Forge/2026-08-15_22-10-02/nn/Forge.pth,0,nominal,1000,False,timeout,149,26.462543487548828,0.004863005131483078,10.872370719909668,4.518346786499023,0.3583333492279053,0.026048986241221428,1.359438419342041,0.014354829676449299,0.75,0.75,0.017511136829853058,-0.36224284768104553
2026-08-15_22-10-02,/home/as22cq/Projects/Policy-RL-Peg_insertion/force_peg_rl/logs/rl_games/Forge/2026-08-15_22-10-02/nn/Forge.pth,0,nominal,1000,False,timeout,149,35.3961067199707,0.12045718729496002,9.804788589477539,0.6171286702156067,0.0,0.045824382454156876,0.3026026785373688,0.01863621547818184,0.75,0.75,0.006828145124018192,-0.2768303155899048
2026-08-15_22-10-02,/home/as22cq/Projects/Policy-RL-Peg_insertion/force_peg_rl/logs/rl_games/Forge/2026-08-15_22-10-02/nn/Forge.pth,0,nominal,1000,False,timeout,149,38.413726806640625,0.017328627407550812,5.830599784851074,2.172196388244629,0.008333333767950535,0.03024347871541977,0.8154034614562988,0.018752261996269226,0.75,0.75,0.016032904386520386,-0.5150390267372131
2026-08-15_22-10-02,/home/as22cq/Projects/Policy-RL-Peg_insertion/force_peg_rl/logs/rl_games/Forge/2026-08-15_22-10-02/nn/Forge.pth,0,nominal,1000,False,timeout,149,49.699588775634766,0.0013228729367256165,7.946478843688965,1.0216505527496338,0.0,0.02003856748342514,1.1305776834487915,0.015378267504274845,0.75,0.75,0.00031635010964237154,-0.4822777211666107
2026-08-15_22-10-02,/home/as22cq/Projects/Policy-RL-Peg_insertion/force_peg_rl/logs/rl_games/Forge/2026-08-15_22-10-02/nn/Forge.pth,0,nominal,1000,False,timeout,149,74.21683502197266,0.0015522204339504242,5.048809051513672,2.185993194580078,0.0,0.018207907676696777,-0.17145562171936035,0.014141926541924477,0.75,0.75,0.006866457872092724,-0.336221307516098
2026-08-15_22-10-02,/home/as22cq/Projects/Policy-RL-Peg_insertion/force_peg_rl/logs/rl_games/Forge/2026-08-15_22-10-02/nn/Forge.pth,0,nominal,1000,False,timeout,149,42.8089714050293,0.0065516456961631775,9.407734870910645,3.214705228805542,0.09166666865348816,0.018726587295532227,1.3251105546951294,0.018745511770248413,0.75,0.75,0.024047987535595894,0.6444141268730164
2026-08-15_22-10-02,/home/as22cq/Projects/Policy-RL-Peg_insertion/force_peg_rl/logs/rl_games/Forge/2026-08-15_22-10-02/nn/Forge.pth,0,nominal,1000,False,timeout,149,30.724910736083984,0.0733339786529541,1.930029273033142,0.1307402402162552,0.0,0.018268372863531113,0.43672552704811096,0.0173479113727808,0.75,0.75,0.009062601253390312,-0.15511783957481384
2026-08-15_22-10-02,/home/as22cq/Projects/Policy-RL-Peg_insertion/force_peg_rl/logs/rl_games/Forge/2026-08-15_22-10-02/nn/Forge.pth,0,nominal,1000,False,timeout,149,41.56139373779297,0.014980725944042206,10.9806547164917,2.258469343185425,0.01666666753590107,0.04363841190934181,1.3189557790756226,0.01403332781046629,0.75,0.75,0.005143217276781797,-0.5621067881584167
2026-08-15_22-10-02,/home/as22cq/Projects/Policy-RL-Peg_insertion/force_peg_rl/logs/rl_games/Forge/2026-08-15_22-10-02/nn/Forge.pth,0,nominal,1000,False,timeout,149,39.102073669433594,0.00391339510679245,8.49523639678955,0.8306350111961365,0.0,0.03340404853224754,0.697664737701416,0.018756166100502014,0.75,0.75,0.010409687645733356,0.5376743078231812
2026-08-15_22-10-02,/home/as22cq/Projects/Policy-RL-Peg_insertion/force_peg_rl/logs/rl_games/Forge/2026-08-15_22-10-02/nn/Forge.pth,0,nominal,1000,False,timeout,149,78.78272247314453,0.000253165140748024,5.416736125946045,1.2425601482391357,0.0,0.018425118178129196,0.20166896283626556,0.02340727485716343,0.75,0.75,0.01523620169609785,-0.31428906321525574
2026-08-15_22-10-02,/home/as22cq/Projects/Policy-RL-Peg_insertion/force_peg_rl/logs/rl_games/Forge/2026-08-15_22-10-02/nn/Forge.pth,0,nominal,1000,False,timeout,149,34.11906433105469,0.22357887029647827,8.938748359680176,2.3702690601348877,0.09166666865348816,0.09667413681745529,0.2180473357439041,0.022075120359659195,0.75,0.75,0.018452828750014305,-0.513257622718811
2026-08-15_22-10-02,/home/as22cq/Projects/Policy-RL-Peg_insertion/force_peg_rl/logs/rl_games/Forge/2026-08-15_22-10-02/nn/Forge.pth,0,nominal,1000,False,timeout,149,76.06513214111328,0.0016236994415521622,8.460979461669922,2.929863691329956,0.0,0.01713959313929081,0.7956423759460449,0.015387878753244877,0.75,0.75,0.0012650977587327361,0.562414288520813
2026-08-15_22-10-02,/home/as22cq/Projects/Policy-RL-Peg_insertion/force_peg_rl/logs/rl_games/Forge/2026-08-15_22-10-02/nn/Forge.pth,0,nominal,1000,False,timeout,149,39.88193893432617,0.0637146458029747,4.5964035987854,0.9922839403152466,0.0,0.029473846778273582,0.800254225730896,0.022252220660448074,0.75,0.75,0.016547856852412224,0.2977694571018219
2026-08-15_22-10-02,/home/as22cq/Projects/Policy-RL-Peg_insertion/force_peg_rl/logs/rl_games/Forge/2026-08-15_22-10-02/nn/Forge.pth,0,nominal,1000,False,timeout,149,42.30295181274414,0.023858804255723953,5.00619649887085,1.3266578912734985,0.0,0.028370846062898636,0.5066699385643005,0.016298748552799225,0.75,0.75,0.010977409780025482,-0.5985468029975891
2026-08-15_22-10-02,/home/as22cq/Projects/Policy-RL-Peg_insertion/force_peg_rl/logs/rl_games/Forge/2026-08-15_22-10-02/nn/Forge.pth,0,nominal,1000,False,timeout,149,35.32316589355469,0.06358124315738678,4.421541213989258,0.6616500616073608,0.0,0.022751271724700928,0.40202590823173523,0.015881797298789024,0.75,0.75,0.001004559569992125,-0.3111740052700043
2026-08-15_22-10-02,/home/as22cq/Projects/Policy-RL-Peg_insertion/force_peg_rl/logs/rl_games/Forge/2026-08-15_22-10-02/nn/Forge.pth,0,nominal,1000,False,timeout,149,76.31917572021484,0.0013741329312324524,5.3770599365234375,2.359947443008423,0.0,0.016403136774897575,0.47230398654937744,0.020506881177425385,0.75,0.75,0.0052452669478952885,0.23343375325202942
2026-08-15_22-10-02,/home/as22cq/Projects/Policy-RL-Peg_insertion/force_peg_rl/logs/rl_games/Forge/2026-08-15_22-10-02/nn/Forge.pth,0,nominal,1000,False,timeout,149,44.11333084106445,-0.0031483620405197144,8.86564826965332,1.9845446348190308,0.0,0.02519913762807846,1.199824571609497,0.02275972068309784,0.75,0.75,0.023412443697452545,-0.6498783230781555
2026-08-15_22-10-02,/home/as22cq/Projects/Policy-RL-Peg_insertion/force_peg_rl/logs/rl_games/Forge/2026-08-15_22-10-02/nn/Forge.pth,0,nominal,1000,False,timeout,149,32.28082275390625,0.08487021923065186,5.13916015625,0.530325710773468,0.0,0.03207540884613991,0.20528435707092285,0.01545441523194313,0.75,0.75,0.019387586042284966,-0.5489272475242615
2026-08-15_22-10-02,/home/as22cq/Projects/Policy-RL-Peg_insertion/force_peg_rl/logs/rl_games/Forge/2026-08-15_22-10-02/nn/Forge.pth,0,nominal,1000,False,timeout,149,63.38398742675781,0.018170438706874847,9.34786605834961,2.278203248977661,0.008333333767950535,0.015621518716216087,1.0557777881622314,0.015694985166192055,0.75,0.75,0.016368405893445015,0.5531549453735352
2026-08-15_22-10-02,/home/as22cq/Projects/Policy-RL-Peg_insertion/force_peg_rl/logs/rl_games/Forge/2026-08-15_22-10-02/nn/Forge.pth,0,nominal,1000,False,timeout,149,77.3364486694336,0.0007858946919441223,3.9681832790374756,1.2055599689483643,0.0,0.01783709041774273,0.36872369050979614,0.016468822956085205,0.75,0.75,0.016171017661690712,0.044991713017225266
2026-08-15_22-10-02,/home/as22cq/Projects/Policy-RL-Peg_insertion/force_peg_rl/logs/rl_games/Forge/2026-08-15_22-10-02/nn/Forge.pth,0,nominal,1000,False,timeout,149,36.89320373535156,0.013078940100967884,7.500852108001709,1.4635587930679321,0.01666666753590107,0.028924429789185524,0.9332488179206848,0.019007405266165733,0.75,0.75,0.016064055263996124,0.47414377331733704
2026-08-15_22-10-02,/home/as22cq/Projects/Policy-RL-Peg_insertion/force_peg_rl/logs/rl_games/Forge/2026-08-15_22-10-02/nn/Forge.pth,0,nominal,1000,False,timeout,149,78.60599517822266,0.00028398633003234863,6.63572883605957,3.1176154613494873,0.0,0.01692323386669159,0.39934656023979187,0.018118543550372124,0.75,0.75,0.01802942156791687,0.7498461008071899
2026-08-15_22-10-02,/home/as22cq/Projects/Policy-RL-Peg_insertion/force_peg_rl/logs/rl_games/Forge/2026-08-15_22-10-02/nn/Forge.pth,0,nominal,1000,False,timeout,149,25.87055015563965,0.08821354061365128,9.0068998336792,3.4305288791656494,0.19166667759418488,0.0208953358232975,0.32410115003585815,0.01966632716357708,0.75,0.75,0.007557578384876251,-0.09815933555364609
2026-08-15_22-10-02,/home/as22cq/Projects/Policy-RL-Peg_insertion/force_peg_rl/logs/rl_games/Forge/2026-08-15_22-10-02/nn/Forge.pth,0,nominal,1000,False,timeout,149,36.173030853271484,0.007764268666505814,8.351473808288574,1.490113377571106,0.05000000447034836,0.029520398005843163,0.8116597533226013,0.023308061063289642,0.75,0.75,0.012412076815962791,-0.5530489087104797
2026-08-15_22-10-02,/home/as22cq/Projects/Policy-RL-Peg_insertion/force_peg_rl/logs/rl_games/Forge/2026-08-15_22-10-02/nn/Forge.pth,0,nominal,1000,False,timeout,149,37.69745635986328,0.04480275139212608,6.516791820526123,1.8542660474777222,0.0,0.012930890545248985,0.3975352346897125,0.0215561892837286,0.75,0.75,0.01169957872480154,0.7156596779823303
2026-08-15_22-10-02,/home/as22cq/Projects/Policy-RL-Peg_insertion/force_peg_rl/logs/rl_games/Forge/2026-08-15_22-10-02/nn/Forge.pth,0,nominal,1000,False,timeout,149,41.20161819458008,0.03262758627533913,8.763068199157715,1.9009487628936768,0.008333333767950535,0.021993383765220642,0.3408057689666748,0.020947342738509178,0.75,0.75,0.014580048620700836,-0.5432584285736084
2026-08-15_22-10-02,/home/as22cq/Projects/Policy-RL-Peg_insertion/force_peg_rl/logs/rl_games/Forge/2026-08-15_22-10-02/nn/Forge.pth,0,nominal,1000,False,timeout,149,25.349273681640625,0.2243657261133194,1.600342869758606,0.09980856627225876,0.0,0.07693107426166534,0.17945460975170135,0.01947927102446556,0.75,0.75,0.020112982019782066,-0.3255522549152374
2026-08-15_22-10-02,/home/as22cq/Projects/Policy-RL-Peg_insertion/force_peg_rl/logs/rl_games/Forge/2026-08-15_22-10-02/nn/Forge.pth,0,nominal,1000,False,timeout,149,31.6924991607666,0.07813261449337006,5.390787601470947,0.7681103944778442,0.0,0.013577967882156372,0.48832470178604126,0.023776449263095856,0.75,0.75,0.008903895504772663,-0.46175509691238403
2026-08-15_22-10-02,/home/as22cq/Projects/Policy-RL-Peg_insertion/force_peg_rl/logs/rl_games/Forge/2026-08-15_22-10-02/nn/Forge.pth,0,nominal,1000,False,timeout,149,39.54310989379883,0.007370792329311371,7.7258734703063965,1.440569519996643,0.0,0.017301687970757484,0.8026726841926575,0.020117316395044327,0.75,0.75,0.010707366280257702,-0.48739689588546753
2026-08-15_22-10-02,/home/as22cq/Projects/Policy-RL-Peg_insertion/force_peg_rl/logs/rl_games/Forge/2026-08-15_22-10-02/nn/Forge.pth,0,nominal,1000,False,timeout,149,33.69511032104492,0.07768401503562927,5.477565765380859,0.1393459588289261,0.0,0.016445094719529152,0.5849635601043701,0.020863723009824753,0.75,0.75,0.021311189979314804,0.07904361933469772
2026-08-15_22-10-02,/home/as22cq/Projects/Policy-RL-Peg_insertion/force_peg_rl/logs/rl_games/Forge/2026-08-15_22-10-02/nn/Forge.pth,0,nominal,1000,False,timeout,149,29.651412963867188,0.1877896636724472,5.003274440765381,0.6753255128860474,0.0,0.0914289802312851,0.08419977128505707,0.018675675615668297,0.75,0.75,0.013937028124928474,-0.2979695796966553
2026-08-15_22-10-02,/home/as22cq/Projects/Policy-RL-Peg_insertion/force_peg_rl/logs/rl_games/Forge/2026-08-15_22-10-02/nn/Forge.pth,0,nominal,1000,False,timeout,149,31.256488800048828,0.13997560739517212,4.649251937866211,0.7853417992591858,0.0,0.04875275865197182,0.30730387568473816,0.01725655607879162,0.75,0.75,0.020735424011945724,-0.5086582899093628
2026-08-15_22-10-02,/home/as22cq/Projects/Policy-RL-Peg_insertion/force_peg_rl/logs/rl_games/Forge/2026-08-15_22-10-02/nn/Forge.pth,0,nominal,1000,False,timeout,149,28.52067756652832,0.09776807576417923,9.208152770996094,1.3485277891159058,0.06666667014360428,0.03854305297136307,0.3052125573158264,0.017080988734960556,0.75,0.75,0.02362671308219433,-0.36425384879112244
2026-08-15_22-10-02,/home/as22cq/Projects/Policy-RL-Peg_insertion/force_peg_rl/logs/rl_games/Forge/2026-08-15_22-10-02/nn/Forge.pth,0,nominal,1000,False,timeout,149,38.25267791748047,0.06929700076580048,7.288056373596191,1.9461673498153687,0.0,0.04165288805961609,0.7608039975166321,0.01959938555955887,0.75,0.75,0.008725802414119244,-0.20728302001953125
2026-08-15_22-10-02,/home/as22cq/Projects/Policy-RL-Peg_insertion/force_peg_rl/logs/rl_games/Forge/2026-08-15_22-10-02/nn/Forge.pth,0,nominal,1000,False,timeout,149,29.696809768676758,0.08355791866779327,12.299752235412598,1.413649320602417,0.0833333358168602,0.005214773118495941,0.587047815322876,0.01676381379365921,0.75,0.75,0.02318117953836918,-0.26434141397476196
2026-08-15_22-10-02,/home/as22cq/Projects/Policy-RL-Peg_insertion/force_peg_rl/logs/rl_games/Forge/2026-08-15_22-10-02/nn/Forge.pth,0,nominal,1000,False,timeout,149,39.48758316040039,0.013362891972064972,5.099925994873047,1.0103002786636353,0.0,0.02435453049838543,0.6962910890579224,0.018617698922753334,0.75,0.75,0.010049527511000633,-0.43480250239372253
2026-08-15_22-10-02,/home/as22cq/Projects/Policy-RL-Peg_insertion/force_peg_rl/logs/rl_games/Forge/2026-08-15_22-10-02/nn/Forge.pth,0,nominal,1000,False,timeout,149,30.181793212890625,0.0717780739068985,2.480555534362793,0.17188671231269836,0.0,0.018602736294269562,0.5867959856987,0.023897871375083923,0.75,0.75,0.018173715099692345,0.13729806244373322
2026-08-15_22-10-02,/home/as22cq/Projects/Policy-RL-Peg_insertion/force_peg_rl/logs/rl_games/Forge/2026-08-15_22-10-02/nn/Forge.pth,0,nominal,1000,False,timeout,149,35.01100158691406,0.06942841410636902,6.36562967300415,1.1184790134429932,0.0,0.0243315901607275,0.31788158416748047,0.021812450140714645,0.75,0.75,0.005449702497571707,-0.4867987334728241
2026-08-15_22-10-02,/home/as22cq/Projects/Policy-RL-Peg_insertion/force_peg_rl/logs/rl_games/Forge/2026-08-15_22-10-02/nn/Forge.pth,0,nominal,1000,False,timeout,149,35.50412368774414,0.03918905928730965,4.88530158996582,1.1160638332366943,0.0,0.014994164928793907,0.6929811835289001,0.02134937047958374,0.75,0.75,0.020930200815200806,0.7350996732711792
2026-08-15_22-10-02,/home/as22cq/Projects/Policy-RL-Peg_insertion/force_peg_rl/logs/rl_games/Forge/2026-08-15_22-10-02/nn/Forge.pth,0,nominal,1000,False,timeout,149,24.81045150756836,0.030194949358701706,13.319112777709961,4.548915386199951,0.3500000238418579,0.020386824384331703,1.2883548736572266,0.021089788526296616,0.75,0.75,0.012755047529935837,-0.14591597020626068
2026-08-15_22-10-02,/home/as22cq/Projects/Policy-RL-Peg_insertion/force_peg_rl/logs/rl_games/Forge/2026-08-15_22-10-02/nn/Forge.pth,0,nominal,1000,False,timeout,149,29.017202377319336,0.1599721908569336,10.711721420288086,2.216780662536621,0.14166668057441711,0.07867337763309479,0.12040325999259949,0.018257219344377518,0.75,0.75,0.01698097214102745,-0.5630594491958618
2026-08-15_22-10-02,/home/as22cq/Projects/Policy-RL-Peg_insertion/force_peg_rl/logs/rl_games/Forge/2026-08-15_22-10-02/nn/Forge.pth,0,nominal,1000,False,timeout,149,29.249370574951172,0.0923004299402237,5.767711162567139,0.6745613217353821,0.0,0.02921266108751297,0.5933725237846375,0.02389443665742874,0.75,0.75,0.008508238010108471,-0.09283413738012314
2026-08-15_22-10-02,/home/as22cq/Projects/Policy-RL-Peg_insertion/force_peg_rl/logs/rl_games/Forge/2026-08-15_22-10-02/nn/Forge.pth,0,nominal,1000,False,timeout,149,21.499916076660156,0.0223425030708313,12.504999160766602,2.5675909519195557,0.14166668057441711,0.01857941597700119,0.6770597696304321,0.01434275507926941,0.75,0.75,0.018330039456486702,-0.004009596072137356
2026-08-15_22-10-02,/home/as22cq/Projects/Policy-RL-Peg_insertion/force_peg_rl/logs/rl_games/Forge/2026-08-15_22-10-02/nn/Forge.pth,0,nominal,1000,False,timeout,149,38.160797119140625,0.02387210726737976,6.081768035888672,1.3958860635757446,0.0,0.020930979400873184,0.4964767396450043,0.01877862587571144,0.75,0.75,0.02176535129547119,0.15468282997608185
2026-08-15_22-10-02,/home/as22cq/Projects/Policy-RL-Peg_insertion/force_peg_rl/logs/rl_games/Forge/2026-08-15_22-10-02/nn/Forge.pth,0,nominal,1000,False,timeout,149,41.352115631103516,0.000828668475151062,5.175938606262207,1.8455841541290283,0.0,0.02657276764512062,1.272795557975769,0.021160157397389412,0.75,0.75,0.02139127627015114,0.6004807949066162
2026-08-15_22-10-02,/home/as22cq/Projects/Policy-RL-Peg_insertion/force_peg_rl/logs/rl_games/Forge/2026-08-15_22-10-02/nn/Forge.pth,0,nominal,1000,False,timeout,149,15.652214050292969,0.0027835294604301453,23.654178619384766,2.944615364074707,0.24166667461395264,0.02216666005551815,0.9839621782302856,0.023499952629208565,0.75,0.75,0.01928936131298542,0.7430297136306763
2026-08-15_22-10-02,/home/as22cq/Projects/Policy-RL-Peg_insertion/force_peg_rl/logs/rl_games/Forge/2026-08-15_22-10-02/nn/Forge.pth,0,nominal,1000,False,timeout,149,36.92428207397461,0.007698539644479752,9.838141441345215,1.0360393524169922,0.06666667014360428,0.015040971338748932,0.6361265182495117,0.02208162099123001,0.75,0.75,0.017008619382977486,-0.35491257905960083
2026-08-15_22-10-02,/home/as22cq/Projects/Policy-RL-Peg_insertion/force_peg_rl/logs/rl_games/Forge/2026-08-15_22-10-02/nn/Forge.pth,0,nominal,1000,False,timeout,149,35.77552032470703,0.02527710050344467,0.753422737121582,0.06865139305591583,0.0,0.02766137197613716,0.5171424150466919,0.019956247881054878,0.75,0.75,0.01755394972860813,0.13986514508724213
2026-08-15_22-10-02,/home/as22cq/Projects/Policy-RL-Peg_insertion/force_peg_rl/logs/rl_games/Forge/2026-08-15_22-10-02/nn/Forge.pth,0,nominal,1000,False,timeout,149,37.38475799560547,0.08643653988838196,8.035499572753906,2.440830945968628,0.0,0.06369157880544662,0.7926387190818787,0.016296397894620895,0.75,0.75,0.018527429550886154,0.7244347929954529
2026-08-15_22-10-02,/home/as22cq/Projects/Policy-RL-Peg_insertion/force_peg_rl/logs/rl_games/Forge/2026-08-15_22-10-02/nn/Forge.pth,0,nominal,1000,False,timeout,149,36.95097732543945,0.02576647326350212,8.926718711853027,2.229257822036743,0.10833334177732468,0.02938801795244217,0.5245078802108765,0.016626736149191856,0.75,0.75,0.01710171066224575,0.7117137908935547
2026-08-15_22-10-02,/home/as22cq/Projects/Policy-RL-Peg_insertion/force_peg_rl/logs/rl_games/Forge/2026-08-15_22-10-02/nn/Forge.pth,0,nominal,1000,False,timeout,149,12.144217491149902,0.07122649252414703,11.992608070373535,2.719987630844116,0.2666666805744171,0.030025755986571312,0.9061318635940552,0.020225219428539276,0.75,0.75,0.016017749905586243,0.0034809454809874296
2026-08-15_22-10-02,/home/as22cq/Projects/Policy-RL-Peg_insertion/force_peg_rl/logs/rl_games/Forge/2026-08-15_22-10-02/nn/Forge.pth,0,nominal,1000,False,timeout,149,39.072532653808594,0.00419241189956665,7.413092613220215,0.9915032982826233,0.008333333767950535,0.041510339826345444,1.0929055213928223,0.015488960780203342,0.75,0.75,0.02502834051847458,-0.7038906216621399
2026-08-15_22-10-02,/home/as22cq/Projects/Policy-RL-Peg_insertion/force_peg_rl/logs/rl_games/Forge/2026-08-15_22-10-02/nn/Forge.pth,0,nominal,1000,False,timeout,149,31.05508041381836,0.11107899248600006,9.988786697387695,1.1836439371109009,0.008333333767950535,0.02525443583726883,0.26461440324783325,0.022106576710939407,0.75,0.75,0.00516841746866703,-0.4852777123451233
2026-08-15_22-10-02,/home/as22cq/Projects/Policy-RL-Peg_insertion/force_peg_rl/logs/rl_games/Forge/2026-08-15_22-10-02/nn/Forge.pth,0,nominal,1000,False,timeout,149,72.12895202636719,0.0017012804746627808,6.928099155426025,1.130849838256836,0.06666667014360428,0.017439493909478188,0.1230732724070549,0.017006417736411095,0.75,0.75,0.013639906421303749,0.48150819540023804
2026-08-15_22-10-02,/home/as22cq/Projects/Policy-RL-Peg_insertion/force_peg_rl/logs/rl_games/Forge/2026-08-15_22-10-02/nn/Forge.pth,0,nominal,1000,False,timeout,149,16.30168342590332,0.04684722423553467,10.152758598327637,2.9236133098602295,0.40000003576278687,0.033419135957956314,0.5390194654464722,0.01710451766848564,0.75,0.75,0.013467268086969852,-0.3489978611469269
2026-08-15_22-10-02,/home/as22cq/Projects/Policy-RL-Peg_insertion/force_peg_rl/logs/rl_games/Forge/2026-08-15_22-10-02/nn/Forge.pth,0,nominal,1000,False,timeout,149,30.05744743347168,0.020611625164747238,12.78819465637207,3.4311585426330566,0.3583333492279053,0.02476358599960804,0.5816195607185364,0.015928983688354492,0.75,0.75,0.02180388756096363,0.42929592728614807
2026-08-15_22-10-02,/home/as22cq/Projects/Policy-RL-Peg_insertion/force_peg_rl/logs/rl_games/Forge/2026-08-15_22-10-02/nn/Forge.pth,0,nominal,1000,False,timeout,149,38.88803482055664,0.009507179260253906,8.417407035827637,1.2528157234191895,0.0,0.019651001319289207,0.8316599130630493,0.021516626700758934,0.75,0.75,0.02926960401237011,-0.5342552065849304
2026-08-15_22-10-02,/home/as22cq/Projects/Policy-RL-Peg_insertion/force_peg_rl/logs/rl_games/Forge/2026-08-15_22-10-02/nn/Forge.pth,0,nominal,1000,False,timeout,149,11.810341835021973,0.11090372502803802,13.454562187194824,3.4141829013824463,0.32500001788139343,0.029878320172429085,0.05754266306757927,0.023288067430257797,0.75,0.75,0.017657635733485222,-0.610683798789978
2026-08-15_22-10-02,/home/as22cq/Projects/Policy-RL-Peg_insertion/force_peg_rl/logs/rl_games/Forge/2026-08-15_22-10-02/nn/Forge.pth,0,nominal,1000,False,timeout,149,25.195276260375977,0.006134809926152229,12.301865577697754,4.992705821990967,0.2750000059604645,0.029063597321510315,0.9684199690818787,0.02208520472049713,0.75,0.75,0.0059074643068015575,-0.22996221482753754
2026-08-15_22-10-02,/home/as22cq/Projects/Policy-RL-Peg_insertion/force_peg_rl/logs/rl_games/Forge/2026-08-15_22-10-02/nn/Forge.pth,0,nominal,1000,False,timeout,149,20.354244232177734,0.012731313705444336,9.483377456665039,2.5271668434143066,0.38333335518836975,0.018358957022428513,0.43181538581848145,0.020177297294139862,0.75,0.75,0.01687154546380043,-0.5151067972183228
2026-08-15_22-10-02,/home/as22cq/Projects/Policy-RL-Peg_insertion/force_peg_rl/logs/rl_games/Forge/2026-08-15_22-10-02/nn/Forge.pth,0,nominal,1000,False,timeout,149,35.057098388671875,0.017136983573436737,5.125462055206299,1.5599223375320435,0.0,0.03454231843352318,1.0709863901138306,0.021927693858742714,0.75,0.75,0.012710227631032467,0.1696503609418869
2026-08-15_22-10-02,/home/as22cq/Projects/Policy-RL-Peg_insertion/force_peg_rl/logs/rl_games/Forge/2026-08-15_22-10-02/nn/Forge.pth,0,nominal,1000,False,timeout,149,40.6486930847168,0.002449341118335724,7.992071151733398,1.2340916395187378,0.02500000223517418,0.01631714031100273,1.1790739297866821,0.018010679632425308,0.75,0.75,0.017392847687005997,-0.19666120409965515
2026-08-15_22-10-02,/home/as22cq/Projects/Policy-RL-Peg_insertion/force_peg_rl/logs/rl_games/Forge/2026-08-15_22-10-02/nn/Forge.pth,0,nominal,1000,False,timeout,149,46.84562683105469,0.03679877519607544,6.3137431144714355,1.4857518672943115,0.0,0.02847686968743801,0.653672456741333,0.02326672337949276,0.75,0.75,0.001741071231663227,0.7786034941673279
2026-08-15_22-10-02,/home/as22cq/Projects/Policy-RL-Peg_insertion/force_peg_rl/logs/rl_games/Forge/2026-08-15_22-10-02/nn/Forge.pth,0,nominal,1000,False,timeout,149,31.4771785736084,0.10157453268766403,2.832249879837036,0.22282341122627258,0.0,0.039193764328956604,0.2844075560569763,0.015167709439992905,0.75,0.75,0.020970584824681282,-0.36637839674949646
2026-08-15_22-10-02,/home/as22cq/Projects/Policy-RL-Peg_insertion/force_peg_rl/logs/rl_games/Forge/2026-08-15_22-10-02/nn/Forge.pth,0,nominal,1000,False,timeout,149,34.1866340637207,0.008427020162343979,8.160669326782227,1.8576328754425049,0.0,0.028190528973937035,0.812190592288971,0.018633289262652397,0.75,0.75,0.01637198030948639,0.6513102650642395
2026-08-15_22-10-02,/home/as22cq/Projects/Policy-RL-Peg_insertion/force_peg_rl/logs/rl_games/Forge/2026-08-15_22-10-02/nn/Forge.pth,0,nominal,1000,False,timeout,149,-32.4813232421875,0.07545403391122818,20.05399513244629,6.587264537811279,0.42500001192092896,0.01643889769911766,0.8328834176063538,0.015388816595077515,0.75,0.75,0.003921461757272482,0.7233932614326477
2026-08-15_22-10-02,/home/as22cq/Projects/Policy-RL-Peg_insertion/force_peg_rl/logs/rl_games/Forge/2026-08-15_22-10-02/nn/Forge.pth,0,nominal,1000,False,timeout,149,33.3502082824707,0.07807028293609619,5.910060882568359,1.2632029056549072,0.0,0.01870993711054325,0.24695172905921936,0.02274537831544876,0.75,0.75,0.009313339367508888,-0.08680328726768494
2026-08-15_22-10-02,/home/as22cq/Projects/Policy-RL-Peg_insertion/force_peg_rl/logs/rl_games/Forge/2026-08-15_22-10-02/nn/Forge.pth,0,nominal,1000,False,timeout,149,30.03505516052246,0.11088833212852478,2.2578036785125732,0.16314397752285004,0.0,0.03983099013566971,0.31703707575798035,0.015710577368736267,0.75,0.75,0.019425595179200172,-0.4838445484638214
2026-08-15_22-10-02,/home/as22cq/Projects/Policy-RL-Peg_insertion/force_peg_rl/logs/rl_games/Forge/2026-08-15_22-10-02/nn/Forge.pth,0,nominal,1000,False,timeout,149,44.02840805053711,0.002367250621318817,6.746844291687012,2.7907936573028564,0.0,0.019939346238970757,1.4941219091415405,0.02032092958688736,0.75,0.75,0.014182153157889843,0.6797966957092285
2026-08-15_22-10-02,/home/as22cq/Projects/Policy-RL-Peg_insertion/force_peg_rl/logs/rl_games/Forge/2026-08-15_22-10-02/nn/Forge.pth,0,nominal,1000,False,timeout,149,37.82136535644531,0.04364762455224991,4.891480445861816,1.3799680471420288,0.0,0.0411432683467865,0.872567892074585,0.014849083498120308,0.75,0.75,0.018205173313617706,0.5930506587028503
2026-08-15_22-10-02,/home/as22cq/Projects/Policy-RL-Peg_insertion/force_peg_rl/logs/rl_games/Forge/2026-08-15_22-10-02/nn/Forge.pth,0,nominal,1000,False,timeout,149,44.6648063659668,0.0026195980608463287,4.691622734069824,1.502881407737732,0.0,0.020836474373936653,1.2747093439102173,0.023617209866642952,0.75,0.75,0.01874152570962906,-0.013633453287184238
2026-08-15_22-10-02,/home/as22cq/Projects/Policy-RL-Peg_insertion/force_peg_rl/logs/rl_games/Forge/2026-08-15_22-10-02/nn/Forge.pth,0,nominal,1000,False,timeout,149,73.59256744384766,0.001730751246213913,4.277331352233887,1.194259524345398,0.0,0.016580071300268173,0.05346561223268509,0.02065153233706951,0.75,0.75,0.003248911816626787,-0.5557721853256226
2026-08-15_22-10-02,/home/as22cq/Projects/Policy-RL-Peg_insertion/force_peg_rl/logs/rl_games/Forge/2026-08-15_22-10-02/nn/Forge.pth,0,nominal,1000,False,timeout,149,37.89365005493164,0.0031321048736572266,9.849576950073242,1.3316534757614136,0.01666666753590107,0.02355843223631382,1.3506925106048584,0.014482613652944565,0.75,0.75,0.01868272013962269,0.7397307753562927
2026-08-15_22-10-02,/home/as22cq/Projects/Policy-RL-Peg_insertion/force_peg_rl/logs/rl_games/Forge/2026-08-15_22-10-02/nn/Forge.pth,0,nominal,1000,False,timeout,149,27.924455642700195,0.1599387377500534,13.82334041595459,0.5771179795265198,0.02500000223517418,0.05308009684085846,0.18743164837360382,0.021722277626395226,0.75,0.75,0.01722043566405773,0.167257159948349
2026-08-15_22-10-02,/home/as22cq/Projects/Policy-RL-Peg_insertion/force_peg_rl/logs/rl_games/Forge/2026-08-15_22-10-02/nn/Forge.pth,0,nominal,1000,False,timeout,149,36.696083068847656,0.08068239688873291,6.268576145172119,1.111355185508728,0.0,0.008775447495281696,0.3985370695590973,0.020640037953853607,0.75,0.75,0.018936237320303917,0.622723400592804
2026-08-15_22-10-02,/home/as22cq/Projects/Policy-RL-Peg_insertion/force_peg_rl/logs/rl_games/Forge/2026-08-15_22-10-02/nn/Forge.pth,0,nominal,1000,False,timeout,149,39.96016311645508,0.06807643175125122,9.494903564453125,1.430341362953186,0.008333333767950535,0.04185914248228073,0.9546020030975342,0.022477203980088234,0.75,0.75,0.01925382763147354,-0.3056117296218872
2026-08-15_22-10-02,/home/as22cq/Projects/Policy-RL-Peg_insertion/force_peg_rl/logs/rl_games/Forge/2026-08-15_22-10-02/nn/Forge.pth,0,nominal,1000,False,timeout,149,35.51312255859375,0.041732318699359894,7.646044731140137,1.2940713167190552,0.0,0.013212206773459911,0.49885672330856323,0.021109554916620255,0.75,0.75,0.007974867708981037,-0.7287020683288574
2026-08-15_22-10-02,/home/as22cq/Projects/Policy-RL-Peg_insertion/force_peg_rl/logs/rl_games/Forge/2026-08-15_22-10-02/nn/Forge.pth,0,nominal,1000,False,timeout,149,30.839452743530273,0.09355117380619049,8.145659446716309,1.0785750150680542,0.0,0.02022450976073742,0.2778998017311096,0.019211361184716225,0.75,0.75,0.01427096500992775,-0.4781971275806427
2026-08-15_22-10-02,/home/as22cq/Projects/Policy-RL-Peg_insertion/force_peg_rl/logs/rl_games/Forge/2026-08-15_22-10-02/nn/Forge.pth,0,nominal,1000,False,timeout,149,24.2117862701416,0.027139540761709213,10.352081298828125,2.3003392219543457,0.17500001192092896,0.022869272157549858,0.5200789570808411,0.021362097933888435,0.75,0.75,0.021569402888417244,0.3381204903125763
2026-08-15_22-10-02,/home/as22cq/Projects/Policy-RL-Peg_insertion/force_peg_rl/logs/rl_games/Forge/2026-08-15_22-10-02/nn/Forge.pth,0,nominal,1000,False,timeout,149,37.11511993408203,0.0455930233001709,8.642491340637207,0.5739597678184509,0.008333333767950535,0.025010693818330765,0.5116415023803711,0.015144276432693005,0.75,0.75,0.014680529944598675,-0.5940676927566528
2026-08-15_22-10-02,/home/as22cq/Projects/Policy-RL-Peg_insertion/force_peg_rl/logs/rl_games/Forge/2026-08-15_22-10-02/nn/Forge.pth,0,nominal,1000,False,timeout,149,47.396873474121094,0.0577605776488781,11.786898612976074,2.142374038696289,0.008333333767950535,0.01617557369172573,0.6489838361740112,0.01819933019578457,0.75,0.75,0.016953997313976288,-0.6358877420425415
2026-08-15_22-10-02,/home/as22cq/Projects/Policy-RL-Peg_insertion/force_peg_rl/logs/rl_games/Forge/2026-08-15_22-10-02/nn/Forge.pth,0,nominal,1000,False,timeout,149,52.37986755371094,0.004304736852645874,8.866677284240723,4.746047496795654,0.31666669249534607,0.021008862182497978,0.2816074788570404,0.01859634928405285,0.75,0.75,0.014810780063271523,0.5278699398040771
2026-08-15_22-10-02,/home/as22cq/Projects/Policy-RL-Peg_insertion/force_peg_rl/logs/rl_games/Forge/2026-08-15_22-10-02/nn/Forge.pth,0,nominal,1000,False,timeout,149,38.98705291748047,0.01960333064198494,7.77147912979126,1.5130822658538818,0.008333333767950535,0.014948682859539986,0.5625007748603821,0.022616706788539886,0.75,0.75,0.023331528529524803,-0.09209977090358734
2026-08-15_22-10-02,/home/as22cq/Projects/Policy-RL-Peg_insertion/force_peg_rl/logs/rl_games/Forge/2026-08-15_22-10-02/nn/Forge.pth,0,nominal,1000,False,timeout,149,76.36477661132812,0.00392165407538414,9.223825454711914,1.762825608253479,0.0,0.017010493203997612,0.19481025636196136,0.01667643152177334,0.75,0.75,0.008398529142141342,0.22906965017318726
2026-08-15_22-10-02,/home/as22cq/Projects/Policy-RL-Peg_insertion/force_peg_rl/logs/rl_games/Forge/2026-08-15_22-10-02/nn/Forge.pth,0,nominal,1000,False,timeout,149,33.67463302612305,0.10288062691688538,13.046646118164062,2.56331467628479,0.05833333730697632,0.022599229589104652,0.3687196373939514,0.020499691367149353,0.75,0.75,0.0212562158703804,-0.5556243062019348
2026-08-15_22-10-02,/home/as22cq/Projects/Policy-RL-Peg_insertion/force_peg_rl/logs/rl_games/Forge/2026-08-15_22-10-02/nn/Forge.pth,0,nominal,1000,False,timeout,149,34.88728332519531,0.038120612502098083,13.863173484802246,2.506761312484741,0.28333336114883423,0.026964906603097916,0.6136438250541687,0.015302445739507675,0.75,0.75,0.0177607461810112,-0.1236727386713028
2026-08-15_22-10-02,/home/as22cq/Projects/Policy-RL-Peg_insertion/force_peg_rl/logs/rl_games/Forge/2026-08-15_22-10-02/nn/Forge.pth,0,nominal,1000,False,timeout,149,15.121254920959473,0.026071175932884216,12.385787963867188,2.6053481101989746,0.28333336114883423,0.02851218916475773,0.40565431118011475,0.017816666513681412,0.75,0.75,0.0242341086268425,0.5805005431175232
2026-08-15_22-10-02,/home/as22cq/Projects/Policy-RL-Peg_insertion/force_peg_rl/logs/rl_games/Forge/2026-08-15_22-10-02/nn/Forge.pth,0,nominal,1000,False,timeout,149,3.6418819427490234,0.03665241226553917,11.10745906829834,3.7735326290130615,0.44166669249534607,0.02239142917096615,1.0845798254013062,0.02044020965695381,0.75,0.75,0.00980942789465189,-0.3797054588794708
2026-08-15_22-10-02,/home/as22cq/Projects/Policy-RL-Peg_insertion/force_peg_rl/logs/rl_games/Forge/2026-08-15_22-10-02/nn/Forge.pth,0,nominal,1000,False,timeout,149,32.839088439941406,0.038759343326091766,8.401145935058594,1.8586995601654053,0.10000000894069672,0.02311311848461628,0.8267583250999451,0.020616140216588974,0.75,0.75,0.011491778306663036,0.2706261873245239
2026-08-15_22-10-02,/home/as22cq/Projects/Policy-RL-Peg_insertion/force_peg_rl/logs/rl_games/Forge/2026-08-15_22-10-02/nn/Forge.pth,0,nominal,1000,False,timeout,149,42.400428771972656,0.03666111081838608,9.308425903320312,2.4330103397369385,0.10000000894069672,0.03916158899664879,0.4825900197029114,0.01883445493876934,0.75,0.75,0.01786666177213192,0.03476588800549507
2026-08-15_22-10-02,/home/as22cq/Projects/Policy-RL-Peg_insertion/force_peg_rl/logs/rl_games/Forge/2026-08-15_22-10-02/nn/Forge.pth,0,nominal,1000,False,timeout,149,32.6612663269043,0.08942723274230957,12.675067901611328,2.906752824783325,0.18333333730697632,0.03955646604299545,0.544445812702179,0.015616628341376781,0.75,0.75,0.019473176449537277,-0.489355206489563
2026-08-15_22-10-02,/home/as22cq/Projects/Policy-RL-Peg_insertion/force_peg_rl/logs/rl_games/Forge/2026-08-15_22-10-02/nn/Forge.pth,0,nominal,1000,False,timeout,149,46.43217086791992,0.00028020888566970825,12.301841735839844,1.2385140657424927,0.02500000223517418,0.024471484124660492,1.0807673931121826,0.018137915059924126,0.75,0.75,0.01773584820330143,-0.3590361177921295
2026-08-15_22-10-02,/home/as22cq/Projects/Policy-RL-Peg_insertion/force_peg_rl/logs/rl_games/Forge/2026-08-15_22-10-02/nn/Forge.pth,0,nominal,1000,False,timeout,149,46.10652542114258,0.012049973011016846,10.313295364379883,1.8759825229644775,0.05833333730697632,0.02859332039952278,0.8168238401412964,0.016296008601784706,0.75,0.75,0.00981671642512083,0.0072858016937971115
2026-08-15_22-10-02,/home/as22cq/Projects/Policy-RL-Peg_insertion/force_peg_rl/logs/rl_games/Forge/2026-08-15_22-10-02/nn/Forge.pth,0,nominal,1000,False,timeout,149,39.61336898803711,0.000549566000699997,15.276782035827637,4.912088394165039,0.18333333730697632,0.030269237235188484,1.4332482814788818,0.021955592557787895,0.75,0.75,0.016554847359657288,0.16270841658115387
2026-08-15_22-10-02,/home/as22cq/Projects/Policy-RL-Peg_insertion/force_peg_rl/logs/rl_games/Forge/2026-08-15_22-10-02/nn/Forge.pth,0,nominal,1000,False,timeout,149,74.54301452636719,0.0025324858725070953,4.191037178039551,1.7204798460006714,0.0,0.016784343868494034,0.2310662865638733,0.017398741096258163,0.75,0.75,0.018239866942167282,0.24430878460407257
2026-08-15_22-10-02,/home/as22cq/Projects/Policy-RL-Peg_insertion/force_peg_rl/logs/rl_games/Forge/2026-08-15_22-10-02/nn/Forge.pth,0,nominal,1000,False,timeout,149,37.35648727416992,0.044808950275182724,9.509743690490723,1.460383415222168,0.0,0.024604005739092827,0.6417725086212158,0.021526005119085312,0.75,0.75,0.027910269796848297,0.2353343665599823
2026-08-15_22-10-02,/home/as22cq/Projects/Policy-RL-Peg_insertion/force_peg_rl/logs/rl_games/Forge/2026-08-15_22-10-02/nn/Forge.pth,0,nominal,1000,False,timeout,149,28.0019474029541,0.11045064777135849,2.468581199645996,0.15215055644512177,0.0,0.022171881049871445,0.2528821527957916,0.02153584733605385,0.75,0.75,0.012768102809786797,-0.694214403629303
2026-08-15_22-10-02,/home/as22cq/Projects/Policy-RL-Peg_insertion/force_peg_rl/logs/rl_games/Forge/2026-08-15_22-10-02/nn/Forge.pth,0,nominal,1000,False,timeout,149,29.865507125854492,0.13068298995494843,4.10829496383667,0.6066213250160217,0.0,0.05048616603016853,0.480091392993927,0.020107990130782127,0.75,0.75,0.012012415565550327,-0.019184185191988945
2026-08-15_22-10-02,/home/as22cq/Projects/Policy-RL-Peg_insertion/force_peg_rl/logs/rl_games/Forge/2026-08-15_22-10-02/nn/Forge.pth,0,nominal,1000,False,timeout,149,33.194091796875,0.047119900584220886,10.59820556640625,1.3217326402664185,0.03333333507180214,0.013688040897250175,0.2940742075443268,0.016518810763955116,0.75,0.75,0.01345665194094181,0.7783546447753906
2026-08-15_22-10-02,/home/as22cq/Projects/Policy-RL-Peg_insertion/force_peg_rl/logs/rl_games/Forge/2026-08-15_22-10-02/nn/Forge.pth,0,nominal,1000,False,timeout,149,25.673805236816406,0.02527354657649994,15.792819023132324,1.9499495029449463,0.1666666716337204,0.02930615283548832,0.9223116636276245,0.014285440556704998,0.75,0.75,0.013705601915717125,-0.0644080862402916
2026-08-15_22-10-02,/home/as22cq/Projects/Policy-RL-Peg_insertion/force_peg_rl/logs/rl_games/Forge/2026-08-15_22-10-02/nn/Forge.pth,0,nominal,1000,False,timeout,149,30.505008697509766,0.019364796578884125,9.966833114624023,3.889737367630005,0.2750000059604645,0.01629437878727913,0.6493560075759888,0.018195345997810364,0.75,0.75,0.003924273420125246,-0.42383623123168945
2026-08-15_22-10-02,/home/as22cq/Projects/Policy-RL-Peg_insertion/force_peg_rl/logs/rl_games/Forge/2026-08-15_22-10-02/nn/Forge.pth,0,nominal,1000,False,timeout,149,29.719257354736328,0.07004629075527191,3.520113229751587,0.1567307412624359,0.0,0.015359277836978436,0.7870420217514038,0.016275029629468918,0.75,0.75,0.019192099571228027,-0.19189885258674622
2026-08-15_22-10-02,/home/as22cq/Projects/Policy-RL-Peg_insertion/force_peg_rl/logs/rl_games/Forge/2026-08-15_22-10-02/nn/Forge.pth,0,nominal,1000,False,timeout,149,46.9891357421875,0.002186298370361328,7.428278923034668,2.3681039810180664,0.01666666753590107,0.015878543257713318,1.2477495670318604,0.020610002800822258,0.75,0.75,0.019328998401761055,0.42787811160087585
2026-08-15_22-10-02,/home/as22cq/Projects/Policy-RL-Peg_insertion/force_peg_rl/logs/rl_games/Forge/2026-08-15_22-10-02/nn/Forge.pth,0,nominal,1000,False,timeout,149,42.34770584106445,0.009923182427883148,5.988094329833984,1.4067033529281616,0.0,0.024853814393281937,0.9133697152137756,0.014068891294300556,0.75,0.75,0.003883833298459649,-0.20936408638954163
2026-08-15_22-10-02,/home/as22cq/Projects/Policy-RL-Peg_insertion/force_peg_rl/logs/rl_games/Forge/2026-08-15_22-10-02/nn/Forge.pth,0,nominal,1000,False,timeout,149,37.94034194946289,0.1212548092007637,9.083017349243164,1.8367092609405518,0.01666666753590107,0.03877347335219383,0.411967396736145,0.01923026330769062,0.75,0.75,0.019818510860204697,0.6229040026664734
2026-08-15_22-10-02,/home/as22cq/Projects/Policy-RL-Peg_insertion/force_peg_rl/logs/rl_games/Forge/2026-08-15_22-10-02/nn/Forge.pth,0,nominal,1000,False,timeout,149,31.963743209838867,0.05190235376358032,5.8685994148254395,0.46728602051734924,0.0,0.011186148971319199,0.5476018786430359,0.01865246519446373,0.75,0.75,0.00997968576848507,-0.0895037055015564
2026-08-15_22-10-02,/home/as22cq/Projects/Policy-RL-Peg_insertion/force_peg_rl/logs/rl_games/Forge/2026-08-15_22-10-02/nn/Forge.pth,0,nominal,1000,False,timeout,149,30.139141082763672,0.032527923583984375,10.983598709106445,3.2735354900360107,0.14166668057441711,0.006991935893893242,0.8833906650543213,0.014611597172915936,0.75,0.75,0.012011678889393806,0.06948459893465042
2026-08-15_22-10-02,/home/as22cq/Projects/Policy-RL-Peg_insertion/force_peg_rl/logs/rl_games/Forge/2026-08-15_22-10-02/nn/Forge.pth,0,nominal,1000,False,timeout,149,32.71821594238281,0.07407914102077484,8.712299346923828,1.034327745437622,0.008333333767950535,0.032252971082925797,0.8070191144943237,0.02036285027861595,0.75,0.75,0.013305995613336563,-0.225971981883049
2026-08-15_22-10-02,/home/as22cq/Projects/Policy-RL-Peg_insertion/force_peg_rl/logs/rl_games/Forge/2026-08-15_22-10-02/nn/Forge.pth,0,nominal,1000,False,timeout,149,43.8474006652832,0.0015515387058258057,6.443910121917725,1.5311166048049927,0.008333333767950535,0.017334474250674248,1.2624661922454834,0.023796245455741882,0.75,0.75,0.012964023277163506,0.7164013385772705
2026-08-15_22-10-02,/home/as22cq/Projects/Policy-RL-Peg_insertion/force_peg_rl/logs/rl_games/Forge/2026-08-15_22-10-02/nn/Forge.pth,0,nominal,1000,False,timeout,149,32.06321334838867,0.061021994799375534,8.485085487365723,2.2408077716827393,0.22500000894069672,0.009412220679223537,0.552733302116394,0.01916254125535488,0.75,0.75,0.016366122290492058,0.5800651907920837
2026-08-15_22-10-02,/home/as22cq/Projects/Policy-RL-Peg_insertion/force_peg_rl/logs/rl_games/Forge/2026-08-15_22-10-02/nn/Forge.pth,0,nominal,1000,False,timeout,149,47.342044830322266,0.010742412880063057,8.068769454956055,2.1149401664733887,0.0,0.016029702499508858,0.7808187007904053,0.022074416279792786,0.75,0.75,0.007580036763101816,0.682048499584198
2026-08-15_22-10-02,/home/as22cq/Projects/Policy-RL-Peg_insertion/force_peg_rl/logs/rl_games/Forge/2026-08-15_22-10-02/nn/Forge.pth,0,nominal,1000,False,timeout,149,27.06743812561035,0.21118053793907166,9.657164573669434,1.2719449996948242,0.13333334028720856,0.06859590113162994,0.13678711652755737,0.01404297724366188,0.75,0.75,0.01664602942764759,-0.041900698095560074
2026-08-15_22-10-02,/home/as22cq/Projects/Policy-RL-Peg_insertion/force_peg_rl/logs/rl_games/Forge/2026-08-15_22-10-02/nn/Forge.pth,0,nominal,1000,False,timeout,149,52.589271545410156,0.002644576132297516,6.5869293212890625,3.2153494358062744,0.0,0.017121871933341026,1.18403959274292,0.023470990359783173,0.75,0.75,0.0054255262948572636,0.4116021990776062
2026-08-15_22-10-02,/home/as22cq/Projects/Policy-RL-Peg_insertion/force_peg_rl/logs/rl_games/Forge/2026-08-15_22-10-02/nn/Forge.pth,0,nominal,1000,False,timeout,149,33.68680191040039,0.03650011867284775,3.907322883605957,0.7050097584724426,0.0,0.02150401659309864,0.6529682874679565,0.021821875125169754,0.75,0.75,0.02030687965452671,-0.16185137629508972
2026-08-15_22-10-02,/home/as22cq/Projects/Policy-RL-Peg_insertion/force_peg_rl/logs/rl_games/Forge/2026-08-15_22-10-02/nn/Forge.pth,0,nominal,1000,False,timeout,149,34.072696685791016,0.08304488658905029,3.725550413131714,1.228874921798706,0.0,0.024088852107524872,0.33920615911483765,0.02154189720749855,0.75,0.75,0.019165348261594772,-0.45010051131248474
2026-08-15_22-10-02,/home/as22cq/Projects/Policy-RL-Peg_insertion/force_peg_rl/logs/rl_games/Forge/2026-08-15_22-10-02/nn/Forge.pth,0,nominal,1000,False,timeout,149,35.24885177612305,0.01215648278594017,11.058874130249023,3.7757010459899902,0.13333334028720856,0.018508099019527435,1.2845076322555542,0.02268923446536064,0.75,0.75,0.014607585035264492,0.7358390688896179
2026-08-15_22-10-02,/home/as22cq/Projects/Policy-RL-Peg_insertion/force_peg_rl/logs/rl_games/Forge/2026-08-15_22-10-02/nn/Forge.pth,0,nominal,1000,False,timeout,149,29.871063232421875,0.1126193106174469,0.6116903424263,0.09515822678804398,0.0,0.04702780023217201,0.44145986437797546,0.01819918304681778,0.75,0.75,0.02385641820728779,-0.3538558781147003
2026-08-15_22-10-02,/home/as22cq/Projects/Policy-RL-Peg_insertion/force_peg_rl/logs/rl_games/Forge/2026-08-15_22-10-02/nn/Forge.pth,0,nominal,1000,False,timeout,149,49.51271057128906,0.015278000384569168,6.9288225173950195,2.267643451690674,0.10000000894069672,0.015207723714411259,0.5827100872993469,0.02384127676486969,0.75,0.75,0.024223847314715385,-0.29439887404441833
2026-08-15_22-10-02,/home/as22cq/Projects/Policy-RL-Peg_insertion/force_peg_rl/logs/rl_games/Forge/2026-08-15_22-10-02/nn/Forge.pth,0,nominal,1000,False,timeout,149,44.49483108520508,0.01149662584066391,5.896846771240234,1.6108604669570923,0.008333333767950535,0.01726166158914566,0.6379271149635315,0.019521426409482956,0.75,0.75,0.018769212067127228,0.46091803908348083
2026-08-15_22-10-02,/home/as22cq/Projects/Policy-RL-Peg_insertion/force_peg_rl/logs/rl_games/Forge/2026-08-15_22-10-02/nn/Forge.pth,0,nominal,1000,False,timeout,149,40.31712341308594,0.020916737616062164,5.5399932861328125,1.4850693941116333,0.0,0.023646097630262375,0.7102315425872803,0.017901703715324402,0.75,0.75,0.027143552899360657,-0.6785184144973755
2026-08-15_22-10-02,/home/as22cq/Projects/Policy-RL-Peg_insertion/force_peg_rl/logs/rl_games/Forge/2026-08-15_22-10-02/nn/Forge.pth,0,nominal,1000,False,timeout,149,44.03261947631836,0.003027983009815216,6.520913124084473,2.2992234230041504,0.01666666753590107,0.015420133247971535,0.8273306488990784,0.01844656653702259,0.75,0.75,0.011389503255486488,-0.7289931178092957
2026-08-15_22-10-02,/home/as22cq/Projects/Policy-RL-Peg_insertion/force_peg_rl/logs/rl_games/Forge/2026-08-15_22-10-02/nn/Forge.pth,0,nominal,1000,False,timeout,149,64.30348205566406,0.001408812589943409,5.365034103393555,1.817963719367981,0.0,0.016871389001607895,1.267836093902588,0.01502446923404932,0.75,0.75,0.0017566080205142498,0.08035995811223984
2026-08-15_22-10-02,/home/as22cq/Projects/Policy-RL-Peg_insertion/force_peg_rl/logs/rl_games/Forge/2026-08-15_22-10-02/nn/Forge.pth,0,nominal,1000,False,timeout,149,33.42463684082031,0.011869266629219055,4.973880767822266,0.4521503746509552,0.0,0.035116951912641525,0.852510929107666,0.02272612228989601,0.75,0.75,0.02078428864479065,-0.405960351228714
2026-08-15_22-10-02,/home/as22cq/Projects/Policy-RL-Peg_insertion/force_peg_rl/logs/rl_games/Forge/2026-08-15_22-10-02/nn/Forge.pth,0,nominal,1000,False,timeout,149,34.26016616821289,0.025492988526821136,8.620043754577637,1.736298680305481,0.0,0.022039338946342468,0.37040776014328003,0.017671700567007065,0.75,0.75,0.017524374648928642,0.5174781084060669
2026-08-15_22-10-02,/home/as22cq/Projects/Policy-RL-Peg_insertion/force_peg_rl/logs/rl_games/Forge/2026-08-15_22-10-02/nn/Forge.pth,0,nominal,1001,False,timeout,149,75.53782653808594,0.00041082967072725296,10.49734878540039,1.587276577949524,0.008333333767950535,0.016523482277989388,0.06724894046783447,0.014582974836230278,0.75,0.75,0.010110991075634956,-0.07034808397293091
2026-08-15_22-10-02,/home/as22cq/Projects/Policy-RL-Peg_insertion/force_peg_rl/logs/rl_games/Forge/2026-08-15_22-10-02/nn/Forge.pth,0,nominal,1001,False,timeout,149,41.664031982421875,0.08433595299720764,9.942601203918457,4.389510154724121,0.008333333767950535,0.028204817324876785,0.5820145010948181,0.02033928595483303,0.75,0.75,0.022193633019924164,-0.4973938465118408
2026-08-15_22-10-02,/home/as22cq/Projects/Policy-RL-Peg_insertion/force_peg_rl/logs/rl_games/Forge/2026-08-15_22-10-02/nn/Forge.pth,0,nominal,1001,False,timeout,149,35.89875411987305,0.009944610297679901,12.217076301574707,1.9226248264312744,0.02500000223517418,0.032378021627664566,0.7840462327003479,0.019945984706282616,0.75,0.75,0.01767636276781559,-0.5415600538253784
2026-08-15_22-10-02,/home/as22cq/Projects/Policy-RL-Peg_insertion/force_peg_rl/logs/rl_games/Forge/2026-08-15_22-10-02/nn/Forge.pth,0,nominal,1001,False,timeout,149,40.93983459472656,0.04434993863105774,4.643667697906494,0.6027274131774902,0.0,0.011243663728237152,0.4693123996257782,0.02142946794629097,0.75,0.75,0.00800418108701706,-0.14980211853981018
2026-08-15_22-10-02,/home/as22cq/Projects/Policy-RL-Peg_insertion/force_peg_rl/logs/rl_games/Forge/2026-08-15_22-10-02/nn/Forge.pth,0,nominal,1001,False,timeout,149,30.78086280822754,0.023952223360538483,12.318170547485352,3.3538856506347656,0.2083333432674408,0.021838808432221413,0.5066699385643005,0.023519529029726982,0.75,0.75,0.01866862364113331,0.7537457346916199
2026-08-15_22-10-02,/home/as22cq/Projects/Policy-RL-Peg_insertion/force_peg_rl/logs/rl_games/Forge/2026-08-15_22-10-02/nn/Forge.pth,0,nominal,1001,False,timeout,149,68.9495620727539,0.003290882334113121,8.747669219970703,3.0854761600494385,0.05000000447034836,0.01685766875743866,0.13359664380550385,0.022065134719014168,0.75,0.75,0.002766946330666542,0.6146127581596375
2026-08-15_22-10-02,/home/as22cq/Projects/Policy-RL-Peg_insertion/force_peg_rl/logs/rl_games/Forge/2026-08-15_22-10-02/nn/Forge.pth,0,nominal,1001,False,timeout,149,41.630340576171875,0.08367345482110977,7.701329708099365,1.0876426696777344,0.0833333358168602,0.0276588536798954,0.8127133846282959,0.016289368271827698,0.75,0.75,0.011815238744020462,0.593267023563385
2026-08-15_22-10-02,/home/as22cq/Projects/Policy-RL-Peg_insertion/force_peg_rl/logs/rl_games/Forge/2026-08-15_22-10-02/nn/Forge.pth,0,nominal,1001,False,timeout,149,38.208770751953125,0.05167423188686371,8.536581039428711,0.9222864508628845,0.01666666753590107,0.015567918308079243,0.28773659467697144,0.02117471769452095,0.75,0.75,0.021404411643743515,-0.29661664366722107
2026-08-15_22-10-02,/home/as22cq/Projects/Policy-RL-Peg_insertion/force_peg_rl/logs/rl_games/Forge/2026-08-15_22-10-02/nn/Forge.pth,0,nominal,1001,False,timeout,149,34.387290954589844,0.03270465135574341,6.979495525360107,0.7463088631629944,0.0,0.01580415852367878,0.5622869729995728,0.020500419661402702,0.75,0.75,0.007271798327565193,0.1795370876789093
2026-08-15_22-10-02,/home/as22cq/Projects/Policy-RL-Peg_insertion/force_peg_rl/logs/rl_games/Forge/2026-08-15_22-10-02/nn/Forge.pth,0,nominal,1001,False,timeout,149,41.60466384887695,0.008556818589568138,9.662612915039062,1.0140522718429565,0.008333333767950535,0.030079610645771027,0.6730920076370239,0.014920365996658802,0.75,0.75,0.0033706058748066425,0.05625622719526291
2026-08-15_22-10-02,/home/as22cq/Projects/Policy-RL-Peg_insertion/force_peg_rl/logs/rl_games/Forge/2026-08-15_22-10-02/nn/Forge.pth,0,nominal,1001,False,timeout,149,77.64612579345703,0.00036728382110595703,8.670572280883789,1.5508756637573242,0.008333333767950535,0.017281191423535347,0.2217334657907486,0.023447120562195778,0.75,0.75,0.008436107076704502,-0.5396464467048645
2026-08-15_22-10-02,/home/as22cq/Projects/Policy-RL-Peg_insertion/force_peg_rl/logs/rl_games/Forge/2026-08-15_22-10-02/nn/Forge.pth,0,nominal,1001,False,timeout,149,42.378700256347656,0.012924052774906158,13.143196105957031,3.24613094329834,0.07500000298023224,0.030004851520061493,0.7178723216056824,0.021928714588284492,0.75,0.75,0.020921682938933372,-0.24840134382247925
2026-08-15_22-10-02,/home/as22cq/Projects/Policy-RL-Peg_insertion/force_peg_rl/logs/rl_games/Forge/2026-08-15_22-10-02/nn/Forge.pth,0,nominal,1001,False,timeout,149,34.18909454345703,0.023442193865776062,8.599281311035156,2.243351697921753,0.008333333767950535,0.037530578672885895,0.7521988153457642,0.021051546558737755,0.75,0.75,0.021711206063628197,-0.6493220925331116
2026-08-15_22-10-02,/home/as22cq/Projects/Policy-RL-Peg_insertion/force_peg_rl/logs/rl_games/Forge/2026-08-15_22-10-02/nn/Forge.pth,0,nominal,1001,False,timeout,149,40.024566650390625,0.004967156797647476,6.216648578643799,1.3585842847824097,0.0,0.019343946129083633,1.4528273344039917,0.023087522014975548,0.75,0.75,0.015144135802984238,-0.5551906824111938
2026-08-15_22-10-02,/home/as22cq/Projects/Policy-RL-Peg_insertion/force_peg_rl/logs/rl_games/Forge/2026-08-15_22-10-02/nn/Forge.pth,0,nominal,1001,False,timeout,149,36.3140983581543,0.0025972463190555573,12.68966293334961,3.292410373687744,0.05000000447034836,0.02025531977415085,1.0933349132537842,0.01856512390077114,0.75,0.75,0.0171226654201746,0.29567739367485046
2026-08-15_22-10-02,/home/as22cq/Projects/Policy-RL-Peg_insertion/force_peg_rl/logs/rl_games/Forge/2026-08-15_22-10-02/nn/Forge.pth,0,nominal,1001,False,timeout,149,42.35823440551758,0.0455506406724453,6.6705803871154785,1.1013730764389038,0.0,0.017461180686950684,0.8368012309074402,0.023324768990278244,0.75,0.75,0.020652227103710175,0.4007342457771301
2026-08-15_22-10-02,/home/as22cq/Projects/Policy-RL-Peg_insertion/force_peg_rl/logs/rl_games/Forge/2026-08-15_22-10-02/nn/Forge.pth,0,nominal,1001,False,timeout,149,76.37348175048828,8.760020136833191e-05,3.9839794635772705,1.507291316986084,0.0,0.018328340724110603,0.15125024318695068,0.016495054587721825,0.75,0.75,0.018144112080335617,-0.46352580189704895
2026-08-15_22-10-02,/home/as22cq/Projects/Policy-RL-Peg_insertion/force_peg_rl/logs/rl_games/Forge/2026-08-15_22-10-02/nn/Forge.pth,0,nominal,1001,False,timeout,149,32.402584075927734,0.13738439977169037,6.5349860191345215,0.7045249938964844,0.0,0.0564761720597744,0.2875196933746338,0.019658973440527916,0.75,0.75,0.019881224259734154,-0.43698203563690186
2026-08-15_22-10-02,/home/as22cq/Projects/Policy-RL-Peg_insertion/force_peg_rl/logs/rl_games/Forge/2026-08-15_22-10-02/nn/Forge.pth,0,nominal,1001,False,timeout,149,40.08546447753906,-0.008665850386023521,13.692525863647461,3.133248805999756,0.21666668355464935,0.024397874251008034,1.2632853984832764,0.023034047335386276,0.75,0.75,0.021829308941960335,0.07910413295030594
2026-08-15_22-10-02,/home/as22cq/Projects/Policy-RL-Peg_insertion/force_peg_rl/logs/rl_games/Forge/2026-08-15_22-10-02/nn/Forge.pth,0,nominal,1001,False,timeout,149,62.66336441040039,0.005853329785168171,8.904648780822754,2.8402369022369385,0.0,0.01743968389928341,0.9912549257278442,0.018841315060853958,0.75,0.75,0.01778019405901432,0.35664674639701843
2026-08-15_22-10-02,/home/as22cq/Projects/Policy-RL-Peg_insertion/force_peg_rl/logs/rl_games/Forge/2026-08-15_22-10-02/nn/Forge.pth,0,nominal,1001,False,timeout,149,33.94612503051758,0.16420522332191467,8.500603675842285,1.4266494512557983,0.0,0.04079818353056908,0.26596570014953613,0.019187122583389282,0.75,0.75,0.007226718124002218,-0.4442608654499054
2026-08-15_22-10-02,/home/as22cq/Projects/Policy-RL-Peg_insertion/force_peg_rl/logs/rl_games/Forge/2026-08-15_22-10-02/nn/Forge.pth,0,nominal,1001,False,timeout,149,71.59242248535156,0.0038601383566856384,9.393841743469238,2.326227903366089,0.008333333767950535,0.020999319851398468,1.1267030239105225,0.020070508122444153,0.75,0.75,0.011614397168159485,-0.3421226143836975
2026-08-15_22-10-02,/home/as22cq/Projects/Policy-RL-Peg_insertion/force_peg_rl/logs/rl_games/Forge/2026-08-15_22-10-02/nn/Forge.pth,0,nominal,1001,False,timeout,149,73.4080581665039,0.003445606678724289,7.270145416259766,2.171163558959961,0.0,0.016223659738898277,0.4853442311286926,0.019575979560613632,0.75,0.75,0.01174683403223753,-0.6820406317710876
2026-08-15_22-10-02,/home/as22cq/Projects/Policy-RL-Peg_insertion/force_peg_rl/logs/rl_games/Forge/2026-08-15_22-10-02/nn/Forge.pth,0,nominal,1001,False,timeout,149,75.5673828125,0.0009039603173732758,9.948901176452637,2.102067470550537,0.008333333767950535,0.017439065501093864,0.1507779359817505,0.017884882166981697,0.75,0.75,0.021071406081318855,-0.5599067211151123
2026-08-15_22-10-02,/home/as22cq/Projects/Policy-RL-Peg_insertion/force_peg_rl/logs/rl_games/Forge/2026-08-15_22-10-02/nn/Forge.pth,0,nominal,1001,False,timeout,149,77.38626861572266,0.0015421733260154724,7.197451591491699,1.3985064029693604,0.0,0.016699109226465225,0.4266853928565979,0.01758422702550888,0.75,0.75,0.019610924646258354,-0.2691989243030548
2026-08-15_22-10-02,/home/as22cq/Projects/Policy-RL-Peg_insertion/force_peg_rl/logs/rl_games/Forge/2026-08-15_22-10-02/nn/Forge.pth,0,nominal,1001,False,timeout,149,12.646817207336426,0.27012279629707336,12.047399520874023,1.636229395866394,0.15000000596046448,0.09827554225921631,-0.20163960754871368,0.017869669944047928,0.75,0.75,0.012875811196863651,-0.618934690952301
2026-08-15_22-10-02,/home/as22cq/Projects/Policy-RL-Peg_insertion/force_peg_rl/logs/rl_games/Forge/2026-08-15_22-10-02/nn/Forge.pth,0,nominal,1001,False,timeout,149,43.58163833618164,0.014370448887348175,4.261087417602539,1.2764097452163696,0.0,0.02193792164325714,1.4649699926376343,0.01962859369814396,0.75,0.75,0.011299483478069305,-0.2725750207901001
2026-08-15_22-10-02,/home/as22cq/Projects/Policy-RL-Peg_insertion/force_peg_rl/logs/rl_games/Forge/2026-08-15_22-10-02/nn/Forge.pth,0,nominal,1001,False,timeout,149,27.251874923706055,0.08462916314601898,8.425201416015625,2.079850435256958,0.22500000894069672,0.058796558529138565,0.8107962608337402,0.016826501116156578,0.75,0.75,0.018575113266706467,-0.09378418326377869
2026-08-15_22-10-02,/home/as22cq/Projects/Policy-RL-Peg_insertion/force_peg_rl/logs/rl_games/Forge/2026-08-15_22-10-02/nn/Forge.pth,0,nominal,1001,False,timeout,149,37.67727279663086,0.05080878734588623,5.737366199493408,1.6656943559646606,0.0,0.02653232030570507,0.46086472272872925,0.020204121246933937,0.75,0.75,0.01512822974473238,-0.7818158864974976
2026-08-15_22-10-02,/home/as22cq/Projects/Policy-RL-Peg_insertion/force_peg_rl/logs/rl_games/Forge/2026-08-15_22-10-02/nn/Forge.pth,0,nominal,1001,False,timeout,149,35.851287841796875,0.032107725739479065,3.5314388275146484,0.46881067752838135,0.0,0.015755703672766685,0.5691586136817932,0.019322259351611137,0.75,0.75,0.005391777493059635,-0.45521241426467896
2026-08-15_22-10-02,/home/as22cq/Projects/Policy-RL-Peg_insertion/force_peg_rl/logs/rl_games/Forge/2026-08-15_22-10-02/nn/Forge.pth,0,nominal,1001,False,timeout,149,38.75541687011719,0.024829894304275513,6.766077995300293,1.405682921409607,0.0,0.017264433205127716,0.4952804744243622,0.015515419654548168,0.75,0.75,0.008893955498933792,-0.3283514976501465
2026-08-15_22-10-02,/home/as22cq/Projects/Policy-RL-Peg_insertion/force_peg_rl/logs/rl_games/Forge/2026-08-15_22-10-02/nn/Forge.pth,0,nominal,1001,False,timeout,149,39.42992401123047,0.0732472836971283,4.205220699310303,0.795096218585968,0.0,0.07320568710565567,0.876471996307373,0.016003001481294632,0.75,0.75,0.018350675702095032,0.7685384750366211
2026-08-15_22-10-02,/home/as22cq/Projects/Policy-RL-Peg_insertion/force_peg_rl/logs/rl_games/Forge/2026-08-15_22-10-02/nn/Forge.pth,0,nominal,1001,False,timeout,149,33.37912368774414,0.07398788630962372,7.322578430175781,0.8902631998062134,0.0,0.01456457283347845,0.5009132623672485,0.023824989795684814,0.75,0.75,0.020526640117168427,-0.7491322755813599
2026-08-15_22-10-02,/home/as22cq/Projects/Policy-RL-Peg_insertion/force_peg_rl/logs/rl_games/Forge/2026-08-15_22-10-02/nn/Forge.pth,0,nominal,1001,False,timeout,149,74.06016540527344,0.00026121363043785095,4.00162410736084,1.0549631118774414,0.0,0.017089299857616425,0.13421334326267242,0.021529115736484528,0.75,0.75,0.021493110805749893,-0.12146566063165665
2026-08-15_22-10-02,/home/as22cq/Projects/Policy-RL-Peg_insertion/force_peg_rl/logs/rl_games/Forge/2026-08-15_22-10-02/nn/Forge.pth,0,nominal,1001,False,timeout,149,68.15762329101562,0.0045217424631118774,5.714613914489746,1.1811786890029907,0.0,0.01824132353067398,1.005378246307373,0.017748845741152763,0.75,0.75,0.021931102499365807,0.38618290424346924
2026-08-15_22-10-02,/home/as22cq/Projects/Policy-RL-Peg_insertion/force_peg_rl/logs/rl_games/Forge/2026-08-15_22-10-02/nn/Forge.pth,0,nominal,1001,False,timeout,149,34.387428283691406,0.09315843880176544,13.63371467590332,1.8915112018585205,0.01666666753590107,0.025400985032320023,0.5838639140129089,0.019194230437278748,0.75,0.75,0.019683752208948135,-0.13773249089717865
2026-08-15_22-10-02,/home/as22cq/Projects/Policy-RL-Peg_insertion/force_peg_rl/logs/rl_games/Forge/2026-08-15_22-10-02/nn/Forge.pth,0,nominal,1001,False,timeout,149,34.558048248291016,0.0679512619972229,7.350124835968018,1.5801295042037964,0.02500000223517418,0.01613619178533554,0.3306511342525482,0.015837624669075012,0.75,0.75,0.023288791999220848,-0.5399261116981506
2026-08-15_22-10-02,/home/as22cq/Projects/Policy-RL-Peg_insertion/force_peg_rl/logs/rl_games/Forge/2026-08-15_22-10-02/nn/Forge.pth,0,nominal,1001,False,timeout,149,34.10373306274414,0.02278471738100052,8.893394470214844,1.424567461013794,0.05833333730697632,0.01437949389219284,0.5459558367729187,0.021928710862994194,0.75,0.75,0.025848420336842537,-0.18032708764076233
2026-08-15_22-10-02,/home/as22cq/Projects/Policy-RL-Peg_insertion/force_peg_rl/logs/rl_games/Forge/2026-08-15_22-10-02/nn/Forge.pth,0,nominal,1001,False,timeout,149,46.54841232299805,0.0033697858452796936,6.559352874755859,3.053154706954956,0.0,0.01886751875281334,0.9803109169006348,0.01904228888452053,0.75,0.75,0.025460759177803993,0.33164212107658386
2026-08-15_22-10-02,/home/as22cq/Projects/Policy-RL-Peg_insertion/force_peg_rl/logs/rl_games/Forge/2026-08-15_22-10-02/nn/Forge.pth,0,nominal,1001,False,timeout,149,42.74794006347656,0.011690463870763779,11.744793891906738,3.8436574935913086,0.0416666679084301,0.03655273839831352,1.4345213174819946,0.01983124576508999,0.75,0.75,0.02251729741692543,-0.2691696584224701
2026-08-15_22-10-02,/home/as22cq/Projects/Policy-RL-Peg_insertion/force_peg_rl/logs/rl_games/Forge/2026-08-15_22-10-02/nn/Forge.pth,0,nominal,1001,False,timeout,149,36.923336029052734,0.023410990834236145,7.212899684906006,1.109062671661377,0.0,0.030024196952581406,1.1118916273117065,0.02237432450056076,0.75,0.75,0.02148120291531086,-0.39416682720184326
2026-08-15_22-10-02,/home/as22cq/Projects/Policy-RL-Peg_insertion/force_peg_rl/logs/rl_games/Forge/2026-08-15_22-10-02/nn/Forge.pth,0,nominal,1001,False,timeout,149,38.97612380981445,0.013319469057023525,12.676778793334961,3.440946578979492,0.008333333767950535,0.037912800908088684,1.2479248046875,0.020307006314396858,0.75,0.75,0.025398768484592438,0.14865505695343018
2026-08-15_22-10-02,/home/as22cq/Projects/Policy-RL-Peg_insertion/force_peg_rl/logs/rl_games/Forge/2026-08-15_22-10-02/nn/Forge.pth,0,nominal,1001,False,timeout,149,48.118595123291016,0.022698678076267242,9.332233428955078,3.7066354751586914,0.20000001788139343,0.02406817488372326,0.7199157476425171,0.018703695386648178,0.75,0.75,0.009076794609427452,-0.7004092335700989
2026-08-15_22-10-02,/home/as22cq/Projects/Policy-RL-Peg_insertion/force_peg_rl/logs/rl_games/Forge/2026-08-15_22-10-02/nn/Forge.pth,0,nominal,1001,False,timeout,149,41.94610595703125,0.005489412695169449,4.612722873687744,1.1711269617080688,0.0,0.018808644264936447,1.1776010990142822,0.02388438582420349,0.75,0.75,0.022991864010691643,-0.5532423257827759
2026-08-15_22-10-02,/home/as22cq/Projects/Policy-RL-Peg_insertion/force_peg_rl/logs/rl_games/Forge/2026-08-15_22-10-02/nn/Forge.pth,0,nominal,1001,False,timeout,149,36.80799865722656,0.015855148434638977,2.3842804431915283,0.43096867203712463,0.0,0.01846083253622055,0.5779866576194763,0.023065969347953796,0.75,0.75,0.018991924822330475,0.20743392407894135
2026-08-15_22-10-02,/home/as22cq/Projects/Policy-RL-Peg_insertion/force_peg_rl/logs/rl_games/Forge/2026-08-15_22-10-02/nn/Forge.pth,0,nominal,1001,False,timeout,149,31.1159725189209,0.029541190713644028,8.288021087646484,1.7443211078643799,0.19166667759418488,0.02678702212870121,0.9896817803382874,0.022870369255542755,0.75,0.75,0.017809879034757614,0.6315240263938904
2026-08-15_22-10-02,/home/as22cq/Projects/Policy-RL-Peg_insertion/force_peg_rl/logs/rl_games/Forge/2026-08-15_22-10-02/nn/Forge.pth,0,nominal,1001,False,timeout,149,41.964134216308594,0.01986043155193329,7.136424541473389,2.7843780517578125,0.05833333730697632,0.026909632608294487,0.5776193737983704,0.022785302251577377,0.75,0.75,0.00510643282905221,0.09131362289190292
2026-08-15_22-10-02,/home/as22cq/Projects/Policy-RL-Peg_insertion/force_peg_rl/logs/rl_games/Forge/2026-08-15_22-10-02/nn/Forge.pth,0,nominal,1001,False,timeout,149,76.81086730957031,0.00029103830456733704,6.552977085113525,1.4052666425704956,0.0,0.01691572368144989,0.31120625138282776,0.023870799690485,0.75,0.75,0.015833258628845215,0.3663131892681122
2026-08-15_22-10-02,/home/as22cq/Projects/Policy-RL-Peg_insertion/force_peg_rl/logs/rl_games/Forge/2026-08-15_22-10-02/nn/Forge.pth,0,nominal,1001,False,timeout,149,39.389930725097656,0.041383638978004456,6.545689582824707,0.9590200185775757,0.008333333767950535,0.021662099286913872,0.7760125398635864,0.014620817266404629,0.75,0.75,0.010411480441689491,-0.14587116241455078
2026-08-15_22-10-02,/home/as22cq/Projects/Policy-RL-Peg_insertion/force_peg_rl/logs/rl_games/Forge/2026-08-15_22-10-02/nn/Forge.pth,0,nominal,1001,False,timeout,149,39.45598602294922,0.0074011534452438354,4.871155738830566,0.2917556166648865,0.0,0.024241270497441292,0.734251081943512,0.02186746895313263,0.75,0.75,0.012933487072587013,-0.44119328260421753
2026-08-15_22-10-02,/home/as22cq/Projects/Policy-RL-Peg_insertion/force_peg_rl/logs/rl_games/Forge/2026-08-15_22-10-02/nn/Forge.pth,0,nominal,1001,False,timeout,149,34.22678756713867,0.05395267903804779,5.847134590148926,1.9413425922393799,0.0,0.02097766473889351,0.4720732569694519,0.016157617792487144,0.75,0.75,0.023202423006296158,-0.3652269244194031
2026-08-15_22-10-02,/home/as22cq/Projects/Policy-RL-Peg_insertion/force_peg_rl/logs/rl_games/Forge/2026-08-15_22-10-02/nn/Forge.pth,0,nominal,1001,False,timeout,149,29.569862365722656,0.13156510889530182,6.313017845153809,0.363284170627594,0.0,0.04416238144040108,0.465613454580307,0.021059606224298477,0.75,0.75,0.01897650584578514,0.38433027267456055
2026-08-15_22-10-02,/home/as22cq/Projects/Policy-RL-Peg_insertion/force_peg_rl/logs/rl_games/Forge/2026-08-15_22-10-02/nn/Forge.pth,0,nominal,1001,False,timeout,149,32.02114486694336,0.04738032817840576,7.052123069763184,0.14333707094192505,0.008333333767950535,0.02473696693778038,0.559515655040741,0.020258717238903046,0.75,0.75,0.008386467583477497,0.2316727638244629
2026-08-15_22-10-02,/home/as22cq/Projects/Policy-RL-Peg_insertion/force_peg_rl/logs/rl_games/Forge/2026-08-15_22-10-02/nn/Forge.pth,0,nominal,1001,False,timeout,149,78.95655822753906,0.00053444504737854,4.720450401306152,1.3152536153793335,0.0,0.01693842187523842,0.21031568944454193,0.018845554441213608,0.75,0.75,0.015989072620868683,0.055705513805150986
2026-08-15_22-10-02,/home/as22cq/Projects/Policy-RL-Peg_insertion/force_peg_rl/logs/rl_games/Forge/2026-08-15_22-10-02/nn/Forge.pth,0,nominal,1001,False,timeout,149,44.1639404296875,0.0126301608979702,6.59376859664917,1.958793044090271,0.05000000447034836,0.014773843809962273,0.7983611822128296,0.018838200718164444,0.75,0.75,0.01841791719198227,-0.03332448750734329
2026-08-15_22-10-02,/home/as22cq/Projects/Policy-RL-Peg_insertion/force_peg_rl/logs/rl_games/Forge/2026-08-15_22-10-02/nn/Forge.pth,0,nominal,1001,False,timeout,149,37.439300537109375,0.003942467272281647,11.52465534210205,2.274228811264038,0.125,0.025790804997086525,1.1119799613952637,0.017856061458587646,0.75,0.75,0.011731645092368126,0.13897450268268585
2026-08-15_22-10-02,/home/as22cq/Projects/Policy-RL-Peg_insertion/force_peg_rl/logs/rl_games/Forge/2026-08-15_22-10-02/nn/Forge.pth,0,nominal,1001,False,timeout,149,44.454627990722656,-0.0013169124722480774,9.189762115478516,3.121889352798462,0.01666666753590107,0.0253541748970747,1.350587010383606,0.01571701653301716,0.75,0.75,0.01608235202729702,-0.16532404720783234
2026-08-15_22-10-02,/home/as22cq/Projects/Policy-RL-Peg_insertion/force_peg_rl/logs/rl_games/Forge/2026-08-15_22-10-02/nn/Forge.pth,0,nominal,1001,False,timeout,149,35.30434799194336,0.06733769178390503,7.484354019165039,0.8628522753715515,0.0,0.02842639945447445,0.25634750723838806,0.01593594066798687,0.75,0.75,0.013790109194815159,-0.305357426404953
2026-08-15_22-10-02,/home/as22cq/Projects/Policy-RL-Peg_insertion/force_peg_rl/logs/rl_games/Forge/2026-08-15_22-10-02/nn/Forge.pth,0,nominal,1001,False,timeout,149,53.70269775390625,0.05777885392308235,7.174225330352783,3.163628578186035,0.0,0.053258270025253296,0.5370141267776489,0.020774684846401215,0.75,0.75,0.017013665288686752,0.23199039697647095
2026-08-15_22-10-02,/home/as22cq/Projects/Policy-RL-Peg_insertion/force_peg_rl/logs/rl_games/Forge/2026-08-15_22-10-02/nn/Forge.pth,0,nominal,1001,False,timeout,149,70.00035095214844,0.00479932501912117,7.1188435554504395,2.105572462081909,0.0,0.01561063528060913,0.9391140937805176,0.01568693108856678,0.75,0.75,0.010746468789875507,0.1386077105998993
2026-08-15_22-10-02,/home/as22cq/Projects/Policy-RL-Peg_insertion/force_peg_rl/logs/rl_games/Forge/2026-08-15_22-10-02/nn/Forge.pth,0,nominal,1001,False,timeout,149,73.13663482666016,0.0013977289199829102,7.020688056945801,1.803656816482544,0.0,0.01682921126484871,0.7524248957633972,0.018006887286901474,0.75,0.75,0.006974481511861086,0.6974660754203796
2026-08-15_22-10-02,/home/as22cq/Projects/Policy-RL-Peg_insertion/force_peg_rl/logs/rl_games/Forge/2026-08-15_22-10-02/nn/Forge.pth,0,nominal,1001,False,timeout,149,76.9789810180664,0.0013651829212903976,8.290419578552246,1.7530580759048462,0.01666666753590107,0.01728671044111252,0.31574422121047974,0.018772847950458527,0.75,0.75,0.013196922838687897,-0.19503475725650787
2026-08-15_22-10-02,/home/as22cq/Projects/Policy-RL-Peg_insertion/force_peg_rl/logs/rl_games/Forge/2026-08-15_22-10-02/nn/Forge.pth,0,nominal,1001,False,timeout,149,77.69563293457031,0.00011278688907623291,3.933873176574707,0.9737427830696106,0.0,0.01691538468003273,0.3495342433452606,0.017154736444354057,0.75,0.75,0.02121230587363243,0.5288159251213074
2026-08-15_22-10-02,/home/as22cq/Projects/Policy-RL-Peg_insertion/force_peg_rl/logs/rl_games/Forge/2026-08-15_22-10-02/nn/Forge.pth,0,nominal,1001,False,timeout,149,58.89458465576172,0.0659315213561058,8.635754585266113,1.0867809057235718,0.01666666753590107,0.03705454245209694,0.6608935594558716,0.017057888209819794,0.75,0.75,0.01905035600066185,0.2469227910041809
2026-08-15_22-10-02,/home/as22cq/Projects/Policy-RL-Peg_insertion/force_peg_rl/logs/rl_games/Forge/2026-08-15_22-10-02/nn/Forge.pth,0,nominal,1001,False,timeout,149,74.1875,0.00014256499707698822,4.612276077270508,1.495629906654358,0.0,0.017506303265690804,0.3628423511981964,0.02164911851286888,0.75,0.75,0.01484785694628954,0.4333549439907074
2026-08-15_22-10-02,/home/as22cq/Projects/Policy-RL-Peg_insertion/force_peg_rl/logs/rl_games/Forge/2026-08-15_22-10-02/nn/Forge.pth,0,nominal,1001,False,timeout,149,30.574586868286133,-0.008825678378343582,15.527130126953125,1.8573805093765259,0.05833333730697632,0.020113544538617134,1.2836507558822632,0.019485317170619965,0.75,0.75,0.015334457159042358,0.15942102670669556
2026-08-15_22-10-02,/home/as22cq/Projects/Policy-RL-Peg_insertion/force_peg_rl/logs/rl_games/Forge/2026-08-15_22-10-02/nn/Forge.pth,0,nominal,1001,False,timeout,149,37.847198486328125,0.025385577231645584,5.766180515289307,2.4039480686187744,0.0,0.03161477670073509,1.321273922920227,0.01732698082923889,0.75,0.75,0.005018469877541065,0.7659934163093567
2026-08-15_22-10-02,/home/as22cq/Projects/Policy-RL-Peg_insertion/force_peg_rl/logs/rl_games/Forge/2026-08-15_22-10-02/nn/Forge.pth,0,nominal,1001,False,timeout,149,31.5926456451416,0.04177634418010712,0.32293203473091125,0.059313513338565826,0.0,0.015084817074239254,0.6299191117286682,0.017195260152220726,0.75,0.75,0.009747069329023361,-0.3258456885814667
2026-08-15_22-10-02,/home/as22cq/Projects/Policy-RL-Peg_insertion/force_peg_rl/logs/rl_games/Forge/2026-08-15_22-10-02/nn/Forge.pth,0,nominal,1001,False,timeout,149,6.47651481628418,-0.0035894419997930527,16.750221252441406,3.905395984649658,0.2916666865348816,0.024263126775622368,1.306778073310852,0.019713807851076126,0.75,0.75,0.002150452695786953,0.25809046626091003
2026-08-15_22-10-02,/home/as22cq/Projects/Policy-RL-Peg_insertion/force_peg_rl/logs/rl_games/Forge/2026-08-15_22-10-02/nn/Forge.pth,0,nominal,1001,False,timeout,149,46.82014465332031,0.008533153682947159,5.76104211807251,1.9795159101486206,0.0,0.023882485926151276,1.4701528549194336,0.016470789909362793,0.75,0.75,0.02108541689813137,0.6555227041244507
2026-08-15_22-10-02,/home/as22cq/Projects/Policy-RL-Peg_insertion/force_peg_rl/logs/rl_games/Forge/2026-08-15_22-10-02/nn/Forge.pth,0,nominal,1001,False,timeout,149,23.907936096191406,0.20106658339500427,5.047780990600586,0.24794933199882507,0.0,0.10217183828353882,-0.04420309141278267,0.02107066474854946,0.75,0.75,0.021301236003637314,-0.6772103905677795
2026-08-15_22-10-02,/home/as22cq/Projects/Policy-RL-Peg_insertion/force_peg_rl/logs/rl_games/Forge/2026-08-15_22-10-02/nn/Forge.pth,0,nominal,1001,False,timeout,149,30.418527603149414,0.09507925808429718,8.201148986816406,0.748137891292572,0.02500000223517418,0.039659805595874786,0.25762739777565,0.019642818719148636,0.75,0.75,0.02282714657485485,-0.6422103643417358
2026-08-15_22-10-02,/home/as22cq/Projects/Policy-RL-Peg_insertion/force_peg_rl/logs/rl_games/Forge/2026-08-15_22-10-02/nn/Forge.pth,0,nominal,1001,False,timeout,149,35.71792221069336,0.07400327920913696,3.610719919204712,1.1505687236785889,0.0,0.013993645086884499,0.4258655607700348,0.016166212037205696,0.75,0.75,0.014402458444237709,0.1898675113916397
2026-08-15_22-10-02,/home/as22cq/Projects/Policy-RL-Peg_insertion/force_peg_rl/logs/rl_games/Forge/2026-08-15_22-10-02/nn/Forge.pth,0,nominal,1001,False,timeout,149,36.690040588378906,0.0322183333337307,9.650135040283203,3.9320192337036133,0.25,0.03171243891119957,0.677246630191803,0.02291574329137802,0.75,0.75,0.016527259722352028,-0.6966042518615723
2026-08-15_22-10-02,/home/as22cq/Projects/Policy-RL-Peg_insertion/force_peg_rl/logs/rl_games/Forge/2026-08-15_22-10-02/nn/Forge.pth,0,nominal,1001,False,timeout,149,33.492889404296875,0.12743839621543884,8.436659812927246,1.3334426879882812,0.008333333767950535,0.04289141669869423,0.27693283557891846,0.015569858253002167,0.75,0.75,0.022438734769821167,-0.7281140089035034
2026-08-15_22-10-02,/home/as22cq/Projects/Policy-RL-Peg_insertion/force_peg_rl/logs/rl_games/Forge/2026-08-15_22-10-02/nn/Forge.pth,0,nominal,1001,False,timeout,149,31.590545654296875,0.10366825014352798,13.520772933959961,0.5290360450744629,0.01666666753590107,0.02197915129363537,0.34938332438468933,0.016166362911462784,0.75,0.75,0.019842974841594696,0.295145720243454
2026-08-15_22-10-02,/home/as22cq/Projects/Policy-RL-Peg_insertion/force_peg_rl/logs/rl_games/Forge/2026-08-15_22-10-02/nn/Forge.pth,0,nominal,1001,False,timeout,149,34.96886444091797,0.07749006897211075,7.010100364685059,1.1546576023101807,0.008333333767950535,0.05944211781024933,0.5957244038581848,0.023370862007141113,0.75,0.75,0.002932425821200013,-0.711712121963501
2026-08-15_22-10-02,/home/as22cq/Projects/Policy-RL-Peg_insertion/force_peg_rl/logs/rl_games/Forge/2026-08-15_22-10-02/nn/Forge.pth,0,nominal,1001,False,timeout,149,47.33433532714844,0.038248736411333084,4.88988733291626,1.2028878927230835,0.0,0.020556168630719185,0.5621516704559326,0.015642669051885605,0.75,0.75,0.02164832130074501,-0.22570373117923737
2026-08-15_22-10-02,/home/as22cq/Projects/Policy-RL-Peg_insertion/force_peg_rl/logs/rl_games/Forge/2026-08-15_22-10-02/nn/Forge.pth,0,nominal,1001,False,timeout,149,35.739261627197266,-0.017473161220550537,8.50205135345459,1.9376890659332275,0.125,0.02559587173163891,1.1628832817077637,0.018210183829069138,0.75,0.75,0.015350107103586197,0.31937673687934875
2026-08-15_22-10-02,/home/as22cq/Projects/Policy-RL-Peg_insertion/force_peg_rl/logs/rl_games/Forge/2026-08-15_22-10-02/nn/Forge.pth,0,nominal,1001,False,timeout,149,33.502952575683594,0.04743346571922302,7.296635627746582,1.0377259254455566,0.0,0.011445857584476471,0.31292012333869934,0.016150567680597305,0.75,0.75,0.019974714145064354,0.13439245522022247
2026-08-15_22-10-02,/home/as22cq/Projects/Policy-RL-Peg_insertion/force_peg_rl/logs/rl_games/Forge/2026-08-15_22-10-02/nn/Forge.pth,0,nominal,1001,False,timeout,149,38.52003860473633,0.02528088167309761,10.397198677062988,1.126900553703308,0.008333333767950535,0.02980530820786953,0.6085231900215149,0.021775322034955025,0.75,0.75,0.009201427921652794,0.4407072365283966
2026-08-15_22-10-02,/home/as22cq/Projects/Policy-RL-Peg_insertion/force_peg_rl/logs/rl_games/Forge/2026-08-15_22-10-02/nn/Forge.pth,0,nominal,1001,False,timeout,149,31.30466079711914,0.015546359121799469,4.324321269989014,0.35589227080345154,0.0,0.01803099736571312,0.542929470539093,0.02289941906929016,0.75,0.75,0.01390113029628992,-0.7715246081352234
2026-08-15_22-10-02,/home/as22cq/Projects/Policy-RL-Peg_insertion/force_peg_rl/logs/rl_games/Forge/2026-08-15_22-10-02/nn/Forge.pth,0,nominal,1001,False,timeout,149,37.158958435058594,0.017316296696662903,4.652716636657715,0.6173105239868164,0.0,0.022684333845973015,0.772214412689209,0.019238904118537903,0.75,0.75,0.01882363297045231,0.18654686212539673
2026-08-15_22-10-02,/home/as22cq/Projects/Policy-RL-Peg_insertion/force_peg_rl/logs/rl_games/Forge/2026-08-15_22-10-02/nn/Forge.pth,0,nominal,1001,False,timeout,149,38.324127197265625,0.03912533074617386,8.136012077331543,1.5363707542419434,0.0,0.05716722086071968,0.8761612176895142,0.018931817263364792,0.75,0.75,0.01968681439757347,-0.23151953518390656
2026-08-15_22-10-02,/home/as22cq/Projects/Policy-RL-Peg_insertion/force_peg_rl/logs/rl_games/Forge/2026-08-15_22-10-02/nn/Forge.pth,0,nominal,1001,False,timeout,149,32.869667053222656,0.10028807073831558,9.543830871582031,3.9748194217681885,0.0,0.03501230850815773,0.3401642441749573,0.02240586280822754,0.75,0.75,0.012530215084552765,0.13043104112148285
2026-08-15_22-10-02,/home/as22cq/Projects/Policy-RL-Peg_insertion/force_peg_rl/logs/rl_games/Forge/2026-08-15_22-10-02/nn/Forge.pth,0,nominal,1001,False,timeout,149,37.257869720458984,-0.0008950978517532349,4.108086585998535,0.880949079990387,0.0,0.03173824027180672,1.2308920621871948,0.02098115161061287,0.75,0.75,0.01623188517987728,-0.19918975234031677
2026-08-15_22-10-02,/home/as22cq/Projects/Policy-RL-Peg_insertion/force_peg_rl/logs/rl_games/Forge/2026-08-15_22-10-02/nn/Forge.pth,0,nominal,1001,False,timeout,149,38.62812423706055,0.01632864773273468,12.467565536499023,1.8337767124176025,0.05000000447034836,0.03195616230368614,0.6739505529403687,0.022938724607229233,0.75,0.75,0.009694133885204792,-0.0808091089129448
2026-08-15_22-10-02,/home/as22cq/Projects/Policy-RL-Peg_insertion/force_peg_rl/logs/rl_games/Forge/2026-08-15_22-10-02/nn/Forge.pth,0,nominal,1001,False,timeout,149,39.35951614379883,0.02009086310863495,6.601166725158691,1.1796907186508179,0.008333333767950535,0.016438286751508713,0.6361650228500366,0.016873560845851898,0.75,0.75,0.015161111019551754,-0.5265071392059326
2026-08-15_22-10-02,/home/as22cq/Projects/Policy-RL-Peg_insertion/force_peg_rl/logs/rl_games/Forge/2026-08-15_22-10-02/nn/Forge.pth,0,nominal,1001,False,timeout,149,62.42530822753906,0.005935473367571831,9.678067207336426,3.9014692306518555,0.23333334922790527,0.01601247489452362,0.7412208914756775,0.0156350526958704,0.75,0.75,0.01933639869093895,0.31334957480430603
2026-08-15_22-10-02,/home/as22cq/Projects/Policy-RL-Peg_insertion/force_peg_rl/logs/rl_games/Forge/2026-08-15_22-10-02/nn/Forge.pth,0,nominal,1001,False,timeout,149,52.26873016357422,0.007032845169305801,5.475822925567627,2.487621307373047,0.02500000223517418,0.02763080596923828,1.4100747108459473,0.020158756524324417,0.75,0.75,0.013035551644861698,0.5365958213806152
2026-08-15_22-10-02,/home/as22cq/Projects/Policy-RL-Peg_insertion/force_peg_rl/logs/rl_games/Forge/2026-08-15_22-10-02/nn/Forge.pth,0,nominal,1001,False,timeout,149,31.896156311035156,0.044149644672870636,9.046674728393555,0.1893181949853897,0.008333333767950535,0.011051501147449017,0.413877010345459,0.019965898245573044,0.75,0.75,0.00671359384432435,-0.4505034387111664
2026-08-15_22-10-02,/home/as22cq/Projects/Policy-RL-Peg_insertion/force_peg_rl/logs/rl_games/Forge/2026-08-15_22-10-02/nn/Forge.pth,0,nominal,1001,False,timeout,149,27.19092559814453,0.017674081027507782,11.098677635192871,2.392915964126587,0.13333334028720856,0.015957452356815338,0.7875869870185852,0.02355351112782955,0.75,0.75,0.027021802961826324,0.15036511421203613
2026-08-15_22-10-02,/home/as22cq/Projects/Policy-RL-Peg_insertion/force_peg_rl/logs/rl_games/Forge/2026-08-15_22-10-02/nn/Forge.pth,0,nominal,1001,False,timeout,149,35.72309112548828,0.00400439091026783,6.042176246643066,0.7180015444755554,0.0,0.017097657546401024,1.330886721611023,0.0174166988581419,0.75,0.75,0.015642458572983742,-0.5607950687408447
2026-08-15_22-10-02,/home/as22cq/Projects/Policy-RL-Peg_insertion/force_peg_rl/logs/rl_games/Forge/2026-08-15_22-10-02/nn/Forge.pth,0,nominal,1001,False,timeout,149,43.81128692626953,-0.004362922161817551,9.270756721496582,3.5947282314300537,0.0,0.023453233763575554,1.1055070161819458,0.01682325080037117,0.75,0.75,0.013652815483510494,0.028686435893177986
2026-08-15_22-10-02,/home/as22cq/Projects/Policy-RL-Peg_insertion/force_peg_rl/logs/rl_games/Forge/2026-08-15_22-10-02/nn/Forge.pth,0,nominal,1001,False,timeout,149,32.25437927246094,0.017422322183847427,12.519370079040527,1.9452078342437744,0.02500000223517418,0.02398514747619629,0.4301467835903168,0.01520598866045475,0.75,0.75,0.012353871949017048,0.11279333382844925
2026-08-15_22-10-02,/home/as22cq/Projects/Policy-RL-Peg_insertion/force_peg_rl/logs/rl_games/Forge/2026-08-15_22-10-02/nn/Forge.pth,0,nominal,1001,False,timeout,149,35.755252838134766,0.0323922336101532,8.174912452697754,2.017324209213257,0.05833333730697632,0.038954734802246094,0.41249969601631165,0.022262301295995712,0.75,0.75,0.012130232527852058,0.15834899246692657
2026-08-15_22-10-02,/home/as22cq/Projects/Policy-RL-Peg_insertion/force_peg_rl/logs/rl_games/Forge/2026-08-15_22-10-02/nn/Forge.pth,0,nominal,1001,False,timeout,149,23.968544006347656,0.23159290850162506,8.070066452026367,0.8304558396339417,0.008333333767950535,0.07278698682785034,0.0841272622346878,0.014059549197554588,0.75,0.75,0.014119738712906837,-0.4990970492362976
2026-08-15_22-10-02,/home/as22cq/Projects/Policy-RL-Peg_insertion/force_peg_rl/logs/rl_games/Forge/2026-08-15_22-10-02/nn/Forge.pth,0,nominal,1001,False,timeout,149,36.24150848388672,0.08882737159729004,7.869683742523193,1.454375982284546,0.20000001788139343,0.0460527129471302,0.2086135447025299,0.021552711725234985,0.75,0.75,0.020876480266451836,-0.5127936601638794
2026-08-15_22-10-02,/home/as22cq/Projects/Policy-RL-Peg_insertion/force_peg_rl/logs/rl_games/Forge/2026-08-15_22-10-02/nn/Forge.pth,0,nominal,1001,False,timeout,149,33.65089416503906,0.044908907264471054,5.603667736053467,0.6315505504608154,0.0,0.008862500078976154,0.560783863067627,0.020665738731622696,0.75,0.75,0.016821373254060745,0.06334131956100464
2026-08-15_22-10-02,/home/as22cq/Projects/Policy-RL-Peg_insertion/force_peg_rl/logs/rl_games/Forge/2026-08-15_22-10-02/nn/Forge.pth,0,nominal,1001,False,timeout,149,4.6188530921936035,0.07986673712730408,15.229198455810547,4.41441011428833,0.30000001192092896,0.01496775634586811,0.5513976812362671,0.021153850480914116,0.75,0.75,0.00891163945198059,0.2165878862142563
2026-08-15_22-10-02,/home/as22cq/Projects/Policy-RL-Peg_insertion/force_peg_rl/logs/rl_games/Forge/2026-08-15_22-10-02/nn/Forge.pth,0,nominal,1001,False,timeout,149,29.399044036865234,0.05332137644290924,7.603572368621826,2.722886085510254,0.03333333507180214,0.03356653079390526,0.7939298152923584,0.021385658532381058,0.75,0.75,0.008229159750044346,-0.28635331988334656
2026-08-15_22-10-02,/home/as22cq/Projects/Policy-RL-Peg_insertion/force_peg_rl/logs/rl_games/Forge/2026-08-15_22-10-02/nn/Forge.pth,0,nominal,1001,False,timeout,149,30.578266143798828,0.11169347167015076,1.3417505025863647,0.08336866647005081,0.0,0.07448972761631012,0.37687698006629944,0.016053400933742523,0.75,0.75,0.01621880568563938,0.11821167916059494
2026-08-15_22-10-02,/home/as22cq/Projects/Policy-RL-Peg_insertion/force_peg_rl/logs/rl_games/Forge/2026-08-15_22-10-02/nn/Forge.pth,0,nominal,1001,False,timeout,149,42.19822311401367,0.002440609037876129,9.352896690368652,0.3535613715648651,0.008333333767950535,0.02261354774236679,1.3559238910675049,0.020496314391493797,0.75,0.75,0.0072102658450603485,-0.7670652866363525
2026-08-15_22-10-02,/home/as22cq/Projects/Policy-RL-Peg_insertion/force_peg_rl/logs/rl_games/Forge/2026-08-15_22-10-02/nn/Forge.pth,0,nominal,1001,False,timeout,149,42.46280288696289,0.004876583814620972,4.283895969390869,1.4961038827896118,0.0,0.014839558862149715,0.6159248948097229,0.020682819187641144,0.75,0.75,0.009847824461758137,-0.3959408104419708
2026-08-15_22-10-02,/home/as22cq/Projects/Policy-RL-Peg_insertion/force_peg_rl/logs/rl_games/Forge/2026-08-15_22-10-02/nn/Forge.pth,0,nominal,1001,False,timeout,149,37.08760452270508,0.03515637293457985,11.474822044372559,1.970287799835205,0.008333333767950535,0.04086753726005554,1.1551190614700317,0.023266304284334183,0.75,0.75,0.023187637329101562,0.4895193874835968
2026-08-15_22-10-02,/home/as22cq/Projects/Policy-RL-Peg_insertion/force_peg_rl/logs/rl_games/Forge/2026-08-15_22-10-02/nn/Forge.pth,0,nominal,1001,False,timeout,149,35.929908752441406,0.12311595678329468,6.640539169311523,1.050597906112671,0.0,0.05800509825348854,0.33643609285354614,0.018296927213668823,0.75,0.75,0.0075696674175560474,0.4345397353172302
2026-08-15_22-10-02,/home/as22cq/Projects/Policy-RL-Peg_insertion/force_peg_rl/logs/rl_games/Forge/2026-08-15_22-10-02/nn/Forge.pth,0,nominal,1001,False,timeout,149,34.33389663696289,0.009117130190134048,10.647377967834473,3.803280830383301,0.32500001788139343,0.01595897413790226,0.6846861243247986,0.022931180894374847,0.75,0.75,0.0144522525370121,0.41410335898399353
2026-08-15_22-10-02,/home/as22cq/Projects/Policy-RL-Peg_insertion/force_peg_rl/logs/rl_games/Forge/2026-08-15_22-10-02/nn/Forge.pth,0,nominal,1001,False,timeout,149,25.892667770385742,0.0024025514721870422,17.155214309692383,4.421142578125,0.17500001192092896,0.025639910250902176,1.4561775922775269,0.018306290730834007,0.75,0.75,0.011412709951400757,0.376802921295166
2026-08-15_22-10-02,/home/as22cq/Projects/Policy-RL-Peg_insertion/force_peg_rl/logs/rl_games/Forge/2026-08-15_22-10-02/nn/Forge.pth,0,nominal,1001,False,timeout,149,20.344223022460938,0.044663138687610626,11.71351432800293,3.2164154052734375,0.22500000894069672,0.03545965626835823,0.9837552309036255,0.016289347782731056,0.75,0.75,0.020338712260127068,-0.6465989351272583
2026-08-15_22-10-02,/home/as22cq/Projects/Policy-RL-Peg_insertion/force_peg_rl/logs/rl_games/Forge/2026-08-15_22-10-02/nn/Forge.pth,0,nominal,1001,False,timeout,149,29.020580291748047,0.21572719514369965,9.126365661621094,1.0172805786132812,0.01666666753590107,0.06904258579015732,-0.08176753669977188,0.02268315851688385,0.75,0.75,0.0179225355386734,-0.476485013961792
2026-08-15_22-10-02,/home/as22cq/Projects/Policy-RL-Peg_insertion/force_peg_rl/logs/rl_games/Forge/2026-08-15_22-10-02/nn/Forge.pth,0,nominal,1001,False,timeout,149,34.173484802246094,0.06347256898880005,2.9328408241271973,0.44785773754119873,0.0,0.014394542202353477,0.5349755883216858,0.016915027052164078,0.75,0.75,0.02115846611559391,0.36377328634262085
2026-08-15_22-10-02,/home/as22cq/Projects/Policy-RL-Peg_insertion/force_peg_rl/logs/rl_games/Forge/2026-08-15_22-10-02/nn/Forge.pth,0,nominal,1001,False,timeout,149,76.9560317993164,0.0013183839619159698,7.203875541687012,3.4826767444610596,0.0,0.0169379785656929,0.02414545789361,0.018898047506809235,0.75,0.75,0.012265103869140148,-0.3618459701538086
2026-08-15_22-10-02,/home/as22cq/Projects/Policy-RL-Peg_insertion/force_peg_rl/logs/rl_games/Forge/2026-08-15_22-10-02/nn/Forge.pth,0,nominal,1001,False,timeout,149,28.70052146911621,0.10572195798158646,0.4469287097454071,0.07265595346689224,0.0,0.04424382373690605,0.17075783014297485,0.017300201579928398,0.75,0.75,0.021430961787700653,-0.6492890119552612
2026-08-15_22-10-02,/home/as22cq/Projects/Policy-RL-Peg_insertion/force_peg_rl/logs/rl_games/Forge/2026-08-15_22-10-02/nn/Forge.pth,0,nominal,1001,False,timeout,149,43.92131423950195,0.00439831055700779,6.729212284088135,2.1657371520996094,0.125,0.018775613978505135,1.1713812351226807,0.017231246456503868,0.75,0.75,0.013714263215661049,0.15870985388755798
2026-08-15_22-10-02,/home/as22cq/Projects/Policy-RL-Peg_insertion/force_peg_rl/logs/rl_games/Forge/2026-08-15_22-10-02/nn/Forge.pth,0,nominal,1001,False,timeout,149,30.38923454284668,0.12235322594642639,1.2136075496673584,0.08535262942314148,0.0,0.05526599660515785,0.482317715883255,0.014061514288187027,0.75,0.75,0.008627437055110931,0.485250860452652
2026-08-15_22-10-02,/home/as22cq/Projects/Policy-RL-Peg_insertion/force_peg_rl/logs/rl_games/Forge/2026-08-15_22-10-02/nn/Forge.pth,0,nominal,1001,False,timeout,149,50.215248107910156,-0.0011059865355491638,5.027768135070801,0.8610582947731018,0.0,0.030282318592071533,1.0483219623565674,0.018452759832143784,0.75,0.75,0.017599990591406822,0.7177645564079285
2026-08-15_22-10-02,/home/as22cq/Projects/Policy-RL-Peg_insertion/force_peg_rl/logs/rl_games/Forge/2026-08-15_22-10-02/nn/Forge.pth,0,nominal,1001,False,timeout,149,41.118343353271484,0.01628287136554718,10.785967826843262,1.9009898900985718,0.15000000596046448,0.01574457250535488,0.6400108933448792,0.019890470430254936,0.75,0.75,0.018946925178170204,0.7266778945922852
2026-08-15_22-10-02,/home/as22cq/Projects/Policy-RL-Peg_insertion/force_peg_rl/logs/rl_games/Forge/2026-08-15_22-10-02/nn/Forge.pth,0,nominal,1001,False,timeout,149,72.81932067871094,0.00040394067764282227,8.064892768859863,1.9873747825622559,0.0416666679084301,0.018957842141389847,0.04868268221616745,0.018977031111717224,0.75,0.75,0.017995428293943405,-0.21558690071105957
2026-08-15_22-10-02,/home/as22cq/Projects/Policy-RL-Peg_insertion/force_peg_rl/logs/rl_games/Forge/2026-08-15_22-10-02/nn/Forge.pth,0,nominal,1001,False,timeout,149,-12.722726821899414,0.03889545053243637,14.21611499786377,3.9996349811553955,0.3750000298023224,0.025507204234600067,0.8622446656227112,0.01557972189038992,0.75,0.75,0.012333977967500687,0.3208732604980469
2026-08-15_22-10-02,/home/as22cq/Projects/Policy-RL-Peg_insertion/force_peg_rl/logs/rl_games/Forge/2026-08-15_22-10-02/nn/Forge.pth,0,nominal,1001,False,timeout,149,31.30511474609375,0.07478620111942291,0.3638557493686676,0.04768127575516701,0.0,0.028823591768741608,0.4836362302303314,0.017802242189645767,0.75,0.75,0.021507157012820244,-0.464180588722229
2026-08-15_22-10-02,/home/as22cq/Projects/Policy-RL-Peg_insertion/force_peg_rl/logs/rl_games/Forge/2026-08-15_22-10-02/nn/Forge.pth,0,nominal,1001,False,timeout,149,44.85348129272461,0.014279663562774658,5.434230804443359,1.1823166608810425,0.0,0.03353244066238403,1.1154729127883911,0.017767682671546936,0.75,0.75,0.0027543501928448677,-0.31682145595550537
2026-08-15_22-10-02,/home/as22cq/Projects/Policy-RL-Peg_insertion/force_peg_rl/logs/rl_games/Forge/2026-08-15_22-10-02/nn/Forge.pth,0,nominal,1001,False,timeout,149,46.46255111694336,-0.009874453768134117,5.651725769042969,1.8419623374938965,0.0,0.021205715835094452,1.1714434623718262,0.015009330585598946,0.75,0.75,0.012256965972483158,0.399362176656723
2026-08-15_22-10-02,/home/as22cq/Projects/Policy-RL-Peg_insertion/force_peg_rl/logs/rl_games/Forge/2026-08-15_22-10-02/nn/Forge.pth,0,nominal,1001,False,timeout,149,29.570398330688477,0.0627678632736206,0.5133951902389526,0.08828065544366837,0.0,0.03156695142388344,0.46497243642807007,0.02253558859229088,0.75,0.75,0.018683847039937973,0.2690579295158386
2026-08-15_22-10-02,/home/as22cq/Projects/Policy-RL-Peg_insertion/force_peg_rl/logs/rl_games/Forge/2026-08-15_22-10-02/nn/Forge.pth,0,nominal,1001,False,timeout,149,46.067283630371094,-0.0004299189895391464,7.067587375640869,1.890433669090271,0.0,0.02303934656083584,1.1426397562026978,0.016178205609321594,0.75,0.75,0.01242130808532238,-0.5786872506141663
2026-08-15_22-10-02,/home/as22cq/Projects/Policy-RL-Peg_insertion/force_peg_rl/logs/rl_games/Forge/2026-08-15_22-10-02/nn/Forge.pth,0,nominal,1001,False,timeout,149,35.52389144897461,0.05392950400710106,7.604762077331543,3.1897783279418945,0.21666668355464935,0.039820313453674316,0.7103111743927002,0.021530838683247566,0.75,0.75,0.015110381878912449,0.05560506880283356
2026-08-15_22-10-02,/home/as22cq/Projects/Policy-RL-Peg_insertion/force_peg_rl/logs/rl_games/Forge/2026-08-15_22-10-02/nn/Forge.pth,0,nominal,1001,False,timeout,149,-9.061341285705566,-0.007531322538852692,10.917545318603516,5.4402289390563965,0.7083333730697632,0.02786194533109665,0.2808593511581421,0.014759902842342854,0.75,0.75,0.01829526387155056,-0.7175599336624146
2026-08-15_22-10-02,/home/as22cq/Projects/Policy-RL-Peg_insertion/force_peg_rl/logs/rl_games/Forge/2026-08-15_22-10-02/nn/Forge.pth,0,nominal,1001,False,timeout,149,31.476608276367188,0.061961010098457336,8.643962860107422,1.7293123006820679,0.03333333507180214,0.02060563862323761,0.21016313135623932,0.023537378758192062,0.75,0.75,0.02001100219786167,-0.00426830817013979
2026-08-15_22-10-02,/home/as22cq/Projects/Policy-RL-Peg_insertion/force_peg_rl/logs/rl_games/Forge/2026-08-15_22-10-02/nn/Forge.pth,0,nominal,1001,False,timeout,149,62.5633544921875,0.017071127891540527,6.409727096557617,2.0818092823028564,0.0,0.01645534299314022,0.93319171667099,0.021453145891427994,0.75,0.75,0.005087940488010645,-0.41542989015579224
2026-08-15_22-10-02,/home/as22cq/Projects/Policy-RL-Peg_insertion/force_peg_rl/logs/rl_games/Forge/2026-08-15_22-10-02/nn/Forge.pth,0,nominal,1001,False,timeout,149,46.44315719604492,0.009818986058235168,8.555562019348145,2.0259182453155518,0.06666667014360428,0.016470415517687798,0.6175940036773682,0.023269906640052795,0.75,0.75,0.018342526629567146,0.7181453704833984
2026-08-15_22-10-02,/home/as22cq/Projects/Policy-RL-Peg_insertion/force_peg_rl/logs/rl_games/Forge/2026-08-15_22-10-02/nn/Forge.pth,0,nominal,1001,False,timeout,149,40.21904754638672,0.033588334918022156,5.572275161743164,1.7692010402679443,0.0,0.02138700895011425,0.5328681468963623,0.02015027217566967,0.75,0.75,0.009213525801897049,0.2632787823677063
2026-08-15_22-10-02,/home/as22cq/Projects/Policy-RL-Peg_insertion/force_peg_rl/logs/rl_games/Forge/2026-08-15_22-10-02/nn/Forge.pth,0,nominal,1001,False,timeout,149,28.206026077270508,0.16042068600654602,2.0072784423828125,0.22022806107997894,0.0,0.09486903995275497,-0.05325131118297577,0.01780351623892784,0.75,0.75,0.019182290881872177,-0.29874444007873535
2026-08-15_22-10-02,/home/as22cq/Projects/Policy-RL-Peg_insertion/force_peg_rl/logs/rl_games/Forge/2026-08-15_22-10-02/nn/Forge.pth,0,nominal,1001,False,timeout,149,40.634986877441406,0.054816797375679016,9.220043182373047,1.36246919631958,0.01666666753590107,0.038442905992269516,0.29099202156066895,0.016263706609606743,0.75,0.75,0.013175632804632187,0.35033491253852844
2026-08-15_22-10-02,/home/as22cq/Projects/Policy-RL-Peg_insertion/force_peg_rl/logs/rl_games/Forge/2026-08-15_22-10-02/nn/Forge.pth,0,nominal,1001,False,timeout,149,28.33307456970215,0.08792103081941605,12.379846572875977,1.5974290370941162,0.13333334028720856,0.022887615486979485,0.4918343126773834,0.016402853652834892,0.75,0.75,0.013304097577929497,0.19915515184402466
2026-08-15_22-10-02,/home/as22cq/Projects/Policy-RL-Peg_insertion/force_peg_rl/logs/rl_games/Forge/2026-08-15_22-10-02/nn/Forge.pth,0,nominal,1001,False,timeout,149,39.816062927246094,0.017143946141004562,8.688971519470215,1.9878160953521729,0.0,0.01685519516468048,0.5730513334274292,0.02295359969139099,0.75,0.75,0.013419264927506447,0.39455029368400574
2026-08-15_22-10-02,/home/as22cq/Projects/Policy-RL-Peg_insertion/force_peg_rl/logs/rl_games/Forge/2026-08-15_22-10-02/nn/Forge.pth,0,nominal,1001,False,timeout,149,46.618385314941406,0.025231637060642242,7.009570121765137,2.3699066638946533,0.13333334028720856,0.022537624463438988,0.5420358777046204,0.01770959608256817,0.75,0.75,0.014691845513880253,-0.5404009222984314
2026-08-15_22-10-02,/home/as22cq/Projects/Policy-RL-Peg_insertion/force_peg_rl/logs/rl_games/Forge/2026-08-15_22-10-02/nn/Forge.pth,0,nominal,1001,False,timeout,149,20.867177963256836,0.10005775839090347,10.723729133605957,2.548823595046997,0.11666667461395264,0.03547462448477745,0.33659201860427856,0.016356922686100006,0.75,0.75,0.017856009304523468,-0.33245620131492615
2026-08-15_22-10-02,/home/as22cq/Projects/Policy-RL-Peg_insertion/force_peg_rl/logs/rl_games/Forge/2026-08-15_22-10-02/nn/Forge.pth,0,nominal,1001,False,timeout,149,32.47757339477539,0.003464251756668091,8.683792114257812,0.3693319857120514,0.008333333767950535,0.016407979652285576,0.9512865543365479,0.02057572640478611,0.75,0.75,0.015976805239915848,-0.3307815492153168
2026-08-15_22-10-02,/home/as22cq/Projects/Policy-RL-Peg_insertion/force_peg_rl/logs/rl_games/Forge/2026-08-15_22-10-02/nn/Forge.pth,0,nominal,1001,False,timeout,149,34.712135314941406,0.00792655348777771,10.658482551574707,2.309116840362549,0.15833334624767303,0.015658807009458542,0.6232442855834961,0.01646830514073372,0.75,0.75,0.021247239783406258,-0.2188536822795868
2026-08-15_22-10-02,/home/as22cq/Projects/Policy-RL-Peg_insertion/force_peg_rl/logs/rl_games/Forge/2026-08-15_22-10-02/nn/Forge.pth,0,nominal,1001,False,timeout,149,9.357549667358398,0.05713172256946564,14.10821533203125,5.257823944091797,0.3916666805744171,0.011151596903800964,0.81717848777771,0.016161106526851654,0.75,0.75,0.01631709188222885,0.30144909024238586
2026-08-15_22-10-02,/home/as22cq/Projects/Policy-RL-Peg_insertion/force_peg_rl/logs/rl_games/Forge/2026-08-15_22-10-02/nn/Forge.pth,0,nominal,1001,False,timeout,149,33.26190948486328,0.018989287316799164,4.725179195404053,0.8492974042892456,0.0,0.020927483215928078,0.37193217873573303,0.01702846586704254,0.75,0.75,0.014140252023935318,-0.15462133288383484
2026-08-15_22-10-02,/home/as22cq/Projects/Policy-RL-Peg_insertion/force_peg_rl/logs/rl_games/Forge/2026-08-15_22-10-02/nn/Forge.pth,0,nominal,1001,False,timeout,149,41.26984405517578,0.003041338175535202,8.066121101379395,1.790589451789856,0.0,0.017219604924321175,1.2223623991012573,0.014587434940040112,0.75,0.75,0.020949913188815117,0.40289273858070374
2026-08-15_22-10-02,/home/as22cq/Projects/Policy-RL-Peg_insertion/force_peg_rl/logs/rl_games/Forge/2026-08-15_22-10-02/nn/Forge.pth,0,nominal,1001,False,timeout,149,29.08004379272461,0.11520606279373169,0.30450689792633057,0.06350541114807129,0.0,0.02987787313759327,0.25593751668930054,0.018362728878855705,0.75,0.75,0.01223105750977993,-0.4435054361820221
2026-08-15_22-10-02,/home/as22cq/Projects/Policy-RL-Peg_insertion/force_peg_rl/logs/rl_games/Forge/2026-08-15_22-10-02/nn/Forge.pth,0,nominal,1001,False,timeout,149,5.277829647064209,0.06620065867900848,13.592315673828125,3.7437503337860107,0.2750000059604645,0.0190334040671587,0.7861018180847168,0.01855064183473587,0.75,0.75,0.01869184523820877,-0.6091059446334839
2026-08-15_22-10-02,/home/as22cq/Projects/Policy-RL-Peg_insertion/force_peg_rl/logs/rl_games/Forge/2026-08-15_22-10-02/nn/Forge.pth,0,nominal,1001,False,timeout,149,9.38415241241455,-0.00874887965619564,11.819424629211426,4.386319637298584,0.3916666805744171,0.027761036530137062,1.3134931325912476,0.018471993505954742,0.75,0.75,0.016589105129241943,-0.029500886797904968
2026-08-15_22-10-02,/home/as22cq/Projects/Policy-RL-Peg_insertion/force_peg_rl/logs/rl_games/Forge/2026-08-15_22-10-02/nn/Forge.pth,0,nominal,1001,False,timeout,149,27.14483642578125,0.18699102103710175,0.9100784659385681,0.09569129347801208,0.0,0.07801277935504913,0.1455305814743042,0.02168460376560688,0.75,0.75,0.019233984872698784,-0.3934597969055176
2026-08-15_22-10-02,/home/as22cq/Projects/Policy-RL-Peg_insertion/force_peg_rl/logs/rl_games/Forge/2026-08-15_22-10-02/nn/Forge.pth,0,nominal,1001,False,timeout,149,34.779335021972656,0.01827642321586609,2.9000136852264404,0.306460440158844,0.0,0.015657616779208183,1.0444674491882324,0.01885201781988144,0.75,0.75,0.019675159826874733,0.6522115468978882
2026-08-15_22-10-02,/home/as22cq/Projects/Policy-RL-Peg_insertion/force_peg_rl/logs/rl_games/Forge/2026-08-15_22-10-02/nn/Forge.pth,0,nominal,1001,False,timeout,149,40.47661209106445,0.004697158932685852,5.638835906982422,0.45623287558555603,0.0,0.019201667979359627,0.6098546385765076,0.017903078347444534,0.75,0.75,0.01722608506679535,0.5483886003494263
2026-08-15_22-10-02,/home/as22cq/Projects/Policy-RL-Peg_insertion/force_peg_rl/logs/rl_games/Forge/2026-08-15_22-10-02/nn/Forge.pth,0,nominal,1001,False,timeout,149,40.702274322509766,-0.007849462330341339,7.854922771453857,3.283717632293701,0.23333334922790527,0.02903376892209053,1.294297456741333,0.01591614820063114,0.75,0.75,0.014896406792104244,0.42344486713409424
2026-08-15_22-10-02,/home/as22cq/Projects/Policy-RL-Peg_insertion/force_peg_rl/logs/rl_games/Forge/2026-08-15_22-10-02/nn/Forge.pth,0,nominal,1001,False,timeout,149,39.267677307128906,0.010986365377902985,7.852562427520752,2.449289083480835,0.0,0.01566905714571476,1.2038360834121704,0.02119617350399494,0.75,0.75,0.024552397429943085,0.7525647282600403
2026-08-15_22-10-02,/home/as22cq/Projects/Policy-RL-Peg_insertion/force_peg_rl/logs/rl_games/Forge/2026-08-15_22-10-02/nn/Forge.pth,0,nominal,1001,False,timeout,149,19.216522216796875,0.13713298738002777,12.652400016784668,3.2788634300231934,0.18333333730697632,0.05732796713709831,-0.07094979286193848,0.022429121658205986,0.75,0.75,0.018510691821575165,-0.4727274775505066
2026-08-15_22-10-02,/home/as22cq/Projects/Policy-RL-Peg_insertion/force_peg_rl/logs/rl_games/Forge/2026-08-15_22-10-02/nn/Forge.pth,0,nominal,1001,False,timeout,149,31.425186157226562,0.023102978244423866,11.46850299835205,3.7161829471588135,0.17500001192092896,0.02781359851360321,0.7222853302955627,0.01488218829035759,0.75,0.75,0.01386965997517109,0.4944983422756195
2026-08-15_22-10-02,/home/as22cq/Projects/Policy-RL-Peg_insertion/force_peg_rl/logs/rl_games/Forge/2026-08-15_22-10-02/nn/Forge.pth,0,nominal,1001,False,timeout,149,40.65369415283203,0.015387415885925293,4.249182224273682,0.5356799364089966,0.0,0.020724544301629066,0.6496065855026245,0.017609914764761925,0.75,0.75,0.020818792283535004,0.1502843201160431
2026-08-15_22-10-02,/home/as22cq/Projects/Policy-RL-Peg_insertion/force_peg_rl/logs/rl_games/Forge/2026-08-15_22-10-02/nn/Forge.pth,0,nominal,1001,False,timeout,149,43.91770935058594,0.0437760204076767,5.566522121429443,2.2509875297546387,0.0,0.028197605162858963,0.5373542904853821,0.014196322299540043,0.75,0.75,0.018837006762623787,-0.6462771892547607
2026-08-15_22-10-02,/home/as22cq/Projects/Policy-RL-Peg_insertion/force_peg_rl/logs/rl_games/Forge/2026-08-15_22-10-02/nn/Forge.pth,0,nominal,1001,False,timeout,149,35.542110443115234,0.06526533514261246,9.285943984985352,1.213634729385376,0.01666666753590107,0.011653609573841095,0.5071874856948853,0.01995878294110298,0.75,0.75,0.021841170266270638,0.6344282031059265
2026-08-15_22-10-02,/home/as22cq/Projects/Policy-RL-Peg_insertion/force_peg_rl/logs/rl_games/Forge/2026-08-15_22-10-02/nn/Forge.pth,0,nominal,1001,False,timeout,149,38.7922477722168,0.003261800855398178,8.401308059692383,3.8089375495910645,0.3750000298023224,0.015128525905311108,0.826632559299469,0.02250853180885315,0.75,0.75,0.018767455592751503,0.6043733358383179
2026-08-15_22-10-02,/home/as22cq/Projects/Policy-RL-Peg_insertion/force_peg_rl/logs/rl_games/Forge/2026-08-15_22-10-02/nn/Forge.pth,0,nominal,1001,False,timeout,149,41.02464294433594,0.01929636485874653,9.259010314941406,4.366698741912842,0.008333333767950535,0.029065562412142754,1.2118793725967407,0.018876703456044197,0.75,0.75,0.019832029938697815,0.632672131061554
2026-08-15_22-10-02,/home/as22cq/Projects/Policy-RL-Peg_insertion/force_peg_rl/logs/rl_games/Forge/2026-08-15_22-10-02/nn/Forge.pth,0,nominal,1001,False,timeout,149,35.96733856201172,0.04204317927360535,5.03798770904541,0.7427732348442078,0.0,0.02727559022605419,0.7380135655403137,0.018970340490341187,0.75,0.75,0.019398557022213936,-0.38063299655914307
2026-08-15_22-10-02,/home/as22cq/Projects/Policy-RL-Peg_insertion/force_peg_rl/logs/rl_games/Forge/2026-08-15_22-10-02/nn/Forge.pth,0,nominal,1001,False,timeout,149,69.39200592041016,0.0023128241300582886,5.936110019683838,2.4260523319244385,0.0416666679084301,0.01792564056813717,1.1143546104431152,0.014674588106572628,0.75,0.75,0.016571562737226486,-0.01652820035815239
2026-08-15_22-10-02,/home/as22cq/Projects/Policy-RL-Peg_insertion/force_peg_rl/logs/rl_games/Forge/2026-08-15_22-10-02/nn/Forge.pth,0,nominal,1001,False,timeout,149,37.69251251220703,0.03693819046020508,2.756758689880371,0.12613292038440704,0.0,0.014780960977077484,0.5692555904388428,0.021122463047504425,0.75,0.75,0.007517548743635416,0.4541884958744049
2026-08-15_22-10-02,/home/as22cq/Projects/Policy-RL-Peg_insertion/force_peg_rl/logs/rl_games/Forge/2026-08-15_22-10-02/nn/Forge.pth,0,nominal,1001,False,timeout,149,38.00320816040039,0.004981715232133865,4.916100025177002,1.9787018299102783,0.0,0.017394155263900757,0.9064860343933105,0.020548122003674507,0.75,0.75,0.022836808115243912,-0.5218984484672546
2026-08-15_22-10-02,/home/as22cq/Projects/Policy-RL-Peg_insertion/force_peg_rl/logs/rl_games/Forge/2026-08-15_22-10-02/nn/Forge.pth,0,nominal,1001,False,timeout,149,30.82084083557129,0.09613804519176483,10.35563850402832,0.8632376194000244,0.05000000447034836,0.016846297308802605,0.48334693908691406,0.0146819818764925,0.75,0.75,0.009932360611855984,-0.3420926630496979
2026-08-15_22-10-02,/home/as22cq/Projects/Policy-RL-Peg_insertion/force_peg_rl/logs/rl_games/Forge/2026-08-15_22-10-02/nn/Forge.pth,0,nominal,1001,False,timeout,149,30.003904342651367,0.1359098255634308,9.532830238342285,3.296440362930298,0.0,0.033599574118852615,0.32097846269607544,0.016416696831583977,0.75,0.75,0.015543580055236816,0.12891027331352234
2026-08-15_22-10-02,/home/as22cq/Projects/Policy-RL-Peg_insertion/force_peg_rl/logs/rl_games/Forge/2026-08-15_22-10-02/nn/Forge.pth,0,nominal,1001,False,timeout,149,31.174846649169922,0.09232321381568909,6.699840545654297,1.5251173973083496,0.0,0.02300396002829075,0.4330770671367645,0.02037438005208969,0.75,0.75,0.019716428592801094,-0.7546032667160034
2026-08-15_22-10-02,/home/as22cq/Projects/Policy-RL-Peg_insertion/force_peg_rl/logs/rl_games/Forge/2026-08-15_22-10-02/nn/Forge.pth,0,nominal,1001,False,timeout,149,48.06629943847656,0.018009893596172333,7.078469753265381,2.5616753101348877,0.0,0.038733139634132385,0.9270854592323303,0.02104412019252777,0.75,0.75,0.02434394508600235,0.4898701012134552
2026-08-15_22-10-02,/home/as22cq/Projects/Policy-RL-Peg_insertion/force_peg_rl/logs/rl_games/Forge/2026-08-15_22-10-02/nn/Forge.pth,0,nominal,1001,False,timeout,149,31.750690460205078,0.04356558620929718,9.658632278442383,2.714555263519287,0.20000001788139343,0.018234819173812866,0.836307942867279,0.021495122462511063,0.75,0.75,0.008821305818855762,0.3837381899356842
2026-08-15_22-10-02,/home/as22cq/Projects/Policy-RL-Peg_insertion/force_peg_rl/logs/rl_games/Forge/2026-08-15_22-10-02/nn/Forge.pth,0,nominal,1001,False,timeout,149,2.450268507003784,0.09097889065742493,12.290666580200195,5.00211238861084,0.5416666865348816,0.011872404254972935,0.36647114157676697,0.0181379783898592,0.75,0.75,0.0077208103612065315,-0.0785929337143898
2026-08-15_22-10-02,/home/as22cq/Projects/Policy-RL-Peg_insertion/force_peg_rl/logs/rl_games/Forge/2026-08-15_22-10-02/nn/Forge.pth,0,nominal,1001,False,timeout,149,27.018301010131836,0.04947016388177872,9.7516508102417,3.5995941162109375,0.2916666865348816,0.01900600641965866,0.2823406755924225,0.016820821911096573,0.75,0.75,0.020627807825803757,-0.6109328866004944
2026-08-15_22-10-02,/home/as22cq/Projects/Policy-RL-Peg_insertion/force_peg_rl/logs/rl_games/Forge/2026-08-15_22-10-02/nn/Forge.pth,0,nominal,1002,False,timeout,149,37.19441223144531,0.08523455262184143,10.227616310119629,1.9738073348999023,0.1666666716337204,0.034600723534822464,0.6203523278236389,0.019413884729146957,0.75,0.75,0.01789960265159607,0.45074665546417236
2026-08-15_22-10-02,/home/as22cq/Projects/Policy-RL-Peg_insertion/force_peg_rl/logs/rl_games/Forge/2026-08-15_22-10-02/nn/Forge.pth,0,nominal,1002,False,timeout,149,39.19854736328125,0.004528701305389404,8.764021873474121,2.615518093109131,0.2083333432674408,0.01971602626144886,1.2470519542694092,0.01712241768836975,0.75,0.75,0.00903177447617054,-0.6292104721069336
2026-08-15_22-10-02,/home/as22cq/Projects/Policy-RL-Peg_insertion/force_peg_rl/logs/rl_games/Forge/2026-08-15_22-10-02/nn/Forge.pth,0,nominal,1002,False,timeout,149,33.2121696472168,0.06262762099504471,6.470381259918213,1.6878620386123657,0.0,0.043244246393442154,0.43244805932044983,0.01554050762206316,0.75,0.75,0.013464132323861122,-0.32392194867134094
2026-08-15_22-10-02,/home/as22cq/Projects/Policy-RL-Peg_insertion/force_peg_rl/logs/rl_games/Forge/2026-08-15_22-10-02/nn/Forge.pth,0,nominal,1002,False,timeout,149,73.95269012451172,0.00025872886180877686,11.291159629821777,0.9336493611335754,0.008333333767950535,0.016327889636158943,0.4448924958705902,0.018758801743388176,0.75,0.75,0.020801255479454994,0.5808753371238708
2026-08-15_22-10-02,/home/as22cq/Projects/Policy-RL-Peg_insertion/force_peg_rl/logs/rl_games/Forge/2026-08-15_22-10-02/nn/Forge.pth,0,nominal,1002,False,timeout,149,71.87541961669922,0.001175958663225174,5.337302207946777,0.771087110042572,0.0,0.017630593851208687,0.3443262279033661,0.014345498755574226,0.75,0.75,0.021153444424271584,0.22044812142848969
2026-08-15_22-10-02,/home/as22cq/Projects/Policy-RL-Peg_insertion/force_peg_rl/logs/rl_games/Forge/2026-08-15_22-10-02/nn/Forge.pth,0,nominal,1002,False,timeout,149,79.14542388916016,8.438900113105774e-05,4.857123374938965,1.4795235395431519,0.0,0.01676928624510765,0.1535928100347519,0.015388447791337967,0.75,0.75,0.01370332483202219,-0.33679747581481934
2026-08-15_22-10-02,/home/as22cq/Projects/Policy-RL-Peg_insertion/force_peg_rl/logs/rl_games/Forge/2026-08-15_22-10-02/nn/Forge.pth,0,nominal,1002,False,timeout,149,30.862388610839844,0.11985413730144501,3.0336661338806152,0.42093607783317566,0.0,0.05235627666115761,0.35668960213661194,0.020567502826452255,0.75,0.75,0.018199071288108826,-0.2882532477378845
2026-08-15_22-10-02,/home/as22cq/Projects/Policy-RL-Peg_insertion/force_peg_rl/logs/rl_games/Forge/2026-08-15_22-10-02/nn/Forge.pth,0,nominal,1002,False,timeout,149,72.13381958007812,0.00016923993825912476,5.610680103302002,3.254899740219116,0.25,0.01844887062907219,0.10162761807441711,0.018307818099856377,0.75,0.75,0.010578595101833344,-0.5181620717048645
2026-08-15_22-10-02,/home/as22cq/Projects/Policy-RL-Peg_insertion/force_peg_rl/logs/rl_games/Forge/2026-08-15_22-10-02/nn/Forge.pth,0,nominal,1002,False,timeout,149,-4.814850330352783,0.021649615839123726,12.602171897888184,7.651531219482422,0.8166667222976685,0.025226406753063202,1.2501457929611206,0.02321643754839897,0.75,0.75,0.005322881042957306,0.06376909464597702
2026-08-15_22-10-02,/home/as22cq/Projects/Policy-RL-Peg_insertion/force_peg_rl/logs/rl_games/Forge/2026-08-15_22-10-02/nn/Forge.pth,0,nominal,1002,False,timeout,149,31.348709106445312,0.09471810609102249,7.555939197540283,1.0185164213180542,0.008333333767950535,0.043980345129966736,0.2419469952583313,0.014807280153036118,0.75,0.75,0.0191887766122818,-0.3304016888141632
2026-08-15_22-10-02,/home/as22cq/Projects/Policy-RL-Peg_insertion/force_peg_rl/logs/rl_games/Forge/2026-08-15_22-10-02/nn/Forge.pth,0,nominal,1002,False,timeout,149,32.98551940917969,0.12153885513544083,5.699075698852539,0.9485613107681274,0.0,0.031192123889923096,0.20080628991127014,0.02122945338487625,0.75,0.75,0.0049608671106398106,-0.6119070649147034
2026-08-15_22-10-02,/home/as22cq/Projects/Policy-RL-Peg_insertion/force_peg_rl/logs/rl_games/Forge/2026-08-15_22-10-02/nn/Forge.pth,0,nominal,1002,False,timeout,149,45.0656852722168,0.08133874833583832,9.572312355041504,1.3456544876098633,0.01666666753590107,0.03931315615773201,0.8002089858055115,0.015919752418994904,0.75,0.75,0.013480856083333492,0.15796928107738495
2026-08-15_22-10-02,/home/as22cq/Projects/Policy-RL-Peg_insertion/force_peg_rl/logs/rl_games/Forge/2026-08-15_22-10-02/nn/Forge.pth,0,nominal,1002,False,timeout,149,76.58797454833984,0.0009722225368022919,4.590066432952881,0.9365923404693604,0.0,0.016802184283733368,0.12313446402549744,0.02155010960996151,0.75,0.75,0.010217918083071709,0.07179664820432663
2026-08-15_22-10-02,/home/as22cq/Projects/Policy-RL-Peg_insertion/force_peg_rl/logs/rl_games/Forge/2026-08-15_22-10-02/nn/Forge.pth,0,nominal,1002,False,timeout,149,65.3354263305664,0.002195701003074646,8.42772388458252,2.6634204387664795,0.05833333730697632,0.01919488236308098,1.281980037689209,0.015309987589716911,0.75,0.75,0.01897512748837471,0.4430526793003082
2026-08-15_22-10-02,/home/as22cq/Projects/Policy-RL-Peg_insertion/force_peg_rl/logs/rl_games/Forge/2026-08-15_22-10-02/nn/Forge.pth,0,nominal,1002,False,timeout,149,40.01385498046875,0.047538671642541885,9.578437805175781,1.492012858390808,0.10833334177732468,0.025675268843770027,0.7038857936859131,0.017588315531611443,0.75,0.75,0.011249029077589512,-0.15198840200901031
2026-08-15_22-10-02,/home/as22cq/Projects/Policy-RL-Peg_insertion/force_peg_rl/logs/rl_games/Forge/2026-08-15_22-10-02/nn/Forge.pth,0,nominal,1002,False,timeout,149,40.767578125,0.03700462728738785,11.270525932312012,1.4643045663833618,0.02500000223517418,0.002688328269869089,0.4436373710632324,0.017348863184452057,0.75,0.75,0.001999589381739497,0.7696378231048584
2026-08-15_22-10-02,/home/as22cq/Projects/Policy-RL-Peg_insertion/force_peg_rl/logs/rl_games/Forge/2026-08-15_22-10-02/nn/Forge.pth,0,nominal,1002,False,timeout,149,48.972434997558594,0.0061654262244701385,6.133848190307617,2.6714558601379395,0.0,0.019952427595853806,1.2499881982803345,0.01678197830915451,0.75,0.75,0.018876828253269196,-0.28883111476898193
2026-08-15_22-10-02,/home/as22cq/Projects/Policy-RL-Peg_insertion/force_peg_rl/logs/rl_games/Forge/2026-08-15_22-10-02/nn/Forge.pth,0,nominal,1002,False,timeout,149,37.24176025390625,0.05501410737633705,6.4301981925964355,1.5462093353271484,0.0,0.029373666271567345,0.7758283615112305,0.020639784634113312,0.75,0.75,0.017401155084371567,0.698418378829956
2026-08-15_22-10-02,/home/as22cq/Projects/Policy-RL-Peg_insertion/force_peg_rl/logs/rl_games/Forge/2026-08-15_22-10-02/nn/Forge.pth,0,nominal,1002,False,timeout,149,36.64262008666992,0.01869896799325943,10.23825454711914,2.281057357788086,0.0416666679084301,0.01356591284275055,0.6777026653289795,0.02195141091942787,0.75,0.75,0.0175413116812706,0.5204441547393799
2026-08-15_22-10-02,/home/as22cq/Projects/Policy-RL-Peg_insertion/force_peg_rl/logs/rl_games/Forge/2026-08-15_22-10-02/nn/Forge.pth,0,nominal,1002,False,timeout,149,39.5438117980957,0.09515954554080963,4.449733257293701,0.6844934225082397,0.0,0.050338588654994965,0.5323723554611206,0.021944817155599594,0.75,0.75,0.02279234118759632,0.2631632387638092
2026-08-15_22-10-02,/home/as22cq/Projects/Policy-RL-Peg_insertion/force_peg_rl/logs/rl_games/Forge/2026-08-15_22-10-02/nn/Forge.pth,0,nominal,1002,False,timeout,149,-59.267051696777344,0.0013860687613487244,22.02199363708496,7.2348551750183105,0.6916667222976685,0.03555218502879143,1.4522876739501953,0.01506362110376358,0.75,0.75,0.021574553102254868,0.7122719883918762
2026-08-15_22-10-02,/home/as22cq/Projects/Policy-RL-Peg_insertion/force_peg_rl/logs/rl_games/Forge/2026-08-15_22-10-02/nn/Forge.pth,0,nominal,1002,False,timeout,149,46.34685516357422,0.002972513437271118,4.781230926513672,1.6310728788375854,0.0,0.01739717461168766,1.3133859634399414,0.021246735006570816,0.75,0.75,0.013246471993625164,0.34015482664108276
2026-08-15_22-10-02,/home/as22cq/Projects/Policy-RL-Peg_insertion/force_peg_rl/logs/rl_games/Forge/2026-08-15_22-10-02/nn/Forge.pth,0,nominal,1002,False,timeout,149,37.67306137084961,0.05095776915550232,3.6483845710754395,0.49218976497650146,0.0,0.023045070469379425,0.545981228351593,0.02387821674346924,0.75,0.75,0.006745174527168274,0.5512175559997559
2026-08-15_22-10-02,/home/as22cq/Projects/Policy-RL-Peg_insertion/force_peg_rl/logs/rl_games/Forge/2026-08-15_22-10-02/nn/Forge.pth,0,nominal,1002,False,timeout,149,42.6499137878418,0.03489524871110916,6.058445930480957,0.9242199659347534,0.0,0.019825104624032974,0.561493456363678,0.018176956102252007,0.75,0.75,0.012507934123277664,0.07099486142396927
2026-08-15_22-10-02,/home/as22cq/Projects/Policy-RL-Peg_insertion/force_peg_rl/logs/rl_games/Forge/2026-08-15_22-10-02/nn/Forge.pth,0,nominal,1002,False,timeout,149,44.02217102050781,0.007768984884023666,11.320602416992188,1.642491340637207,0.01666666753590107,0.03557398542761803,0.7107482552528381,0.023027971386909485,0.75,0.75,0.01797373779118061,-0.4308236539363861
2026-08-15_22-10-02,/home/as22cq/Projects/Policy-RL-Peg_insertion/force_peg_rl/logs/rl_games/Forge/2026-08-15_22-10-02/nn/Forge.pth,0,nominal,1002,False,timeout,149,39.05173110961914,0.03457913547754288,7.816958904266357,1.0082978010177612,0.008333333767950535,0.022562555968761444,0.7085979580879211,0.02109156735241413,0.75,0.75,0.009917382150888443,-0.3720260262489319
2026-08-15_22-10-02,/home/as22cq/Projects/Policy-RL-Peg_insertion/force_peg_rl/logs/rl_games/Forge/2026-08-15_22-10-02/nn/Forge.pth,0,nominal,1002,False,timeout,149,42.46257781982422,0.00537504255771637,7.904865264892578,1.851978063583374,0.0,0.014223367907106876,0.7359372973442078,0.019174015149474144,0.75,0.75,0.017250249162316322,0.518789529800415
2026-08-15_22-10-02,/home/as22cq/Projects/Policy-RL-Peg_insertion/force_peg_rl/logs/rl_games/Forge/2026-08-15_22-10-02/nn/Forge.pth,0,nominal,1002,False,timeout,149,38.083683013916016,0.07852736115455627,6.901581764221191,1.5781816244125366,0.0,0.020222125574946404,0.34125015139579773,0.019366687163710594,0.75,0.75,0.011414960958063602,0.21932949125766754
2026-08-15_22-10-02,/home/as22cq/Projects/Policy-RL-Peg_insertion/force_peg_rl/logs/rl_games/Forge/2026-08-15_22-10-02/nn/Forge.pth,0,nominal,1002,False,timeout,149,35.098785400390625,0.10416312515735626,9.680230140686035,3.0937952995300293,0.125,0.10254275053739548,0.5143249034881592,0.016690043732523918,0.75,0.75,0.02096317522227764,-0.5644876956939697
2026-08-15_22-10-02,/home/as22cq/Projects/Policy-RL-Peg_insertion/force_peg_rl/logs/rl_games/Forge/2026-08-15_22-10-02/nn/Forge.pth,0,nominal,1002,False,timeout,149,78.04710388183594,0.002098003402352333,6.844489574432373,1.823318600654602,0.0,0.016107885167002678,0.2224501222372055,0.021030575037002563,0.75,0.75,0.01157835591584444,0.2417273372411728
2026-08-15_22-10-02,/home/as22cq/Projects/Policy-RL-Peg_insertion/force_peg_rl/logs/rl_games/Forge/2026-08-15_22-10-02/nn/Forge.pth,0,nominal,1002,False,timeout,149,38.22096252441406,0.05845000594854355,6.7009148597717285,0.829508900642395,0.02500000223517418,0.016007956117391586,0.5071811676025391,0.014745257794857025,0.75,0.75,0.024253567680716515,0.7098237872123718
2026-08-15_22-10-02,/home/as22cq/Projects/Policy-RL-Peg_insertion/force_peg_rl/logs/rl_games/Forge/2026-08-15_22-10-02/nn/Forge.pth,0,nominal,1002,False,timeout,149,25.54745101928711,0.08403977751731873,17.885541915893555,3.8961148262023926,0.06666667014360428,0.018330924212932587,0.3950876295566559,0.017925405874848366,0.75,0.75,0.020939335227012634,-0.5799182653427124
2026-08-15_22-10-02,/home/as22cq/Projects/Policy-RL-Peg_insertion/force_peg_rl/logs/rl_games/Forge/2026-08-15_22-10-02/nn/Forge.pth,0,nominal,1002,False,timeout,149,51.873199462890625,0.002691347151994705,6.336910247802734,2.44041109085083,0.0,0.018122149631381035,1.2055716514587402,0.023400066420435905,0.75,0.75,0.01801287941634655,-0.2945553660392761
2026-08-15_22-10-02,/home/as22cq/Projects/Policy-RL-Peg_insertion/force_peg_rl/logs/rl_games/Forge/2026-08-15_22-10-02/nn/Forge.pth,0,nominal,1002,False,timeout,149,39.508296966552734,0.04134958237409592,4.212353706359863,1.6906850337982178,0.0,0.018047083169221878,0.7100979685783386,0.016221296042203903,0.75,0.75,0.013299291953444481,0.49062493443489075
2026-08-15_22-10-02,/home/as22cq/Projects/Policy-RL-Peg_insertion/force_peg_rl/logs/rl_games/Forge/2026-08-15_22-10-02/nn/Forge.pth,0,nominal,1002,False,timeout,149,58.1093635559082,0.0020607858896255493,7.060126304626465,3.253831386566162,0.0,0.02159767784178257,1.1544259786605835,0.019461337476968765,0.75,0.75,0.009287179447710514,0.7294746041297913
2026-08-15_22-10-02,/home/as22cq/Projects/Policy-RL-Peg_insertion/force_peg_rl/logs/rl_games/Forge/2026-08-15_22-10-02/nn/Forge.pth,0,nominal,1002,False,timeout,149,76.01701354980469,0.0004845857620239258,8.480411529541016,1.1032401323318481,0.0,0.017370861023664474,0.08117227256298065,0.016258444637060165,0.75,0.75,0.009436296299099922,-0.49849066138267517
2026-08-15_22-10-02,/home/as22cq/Projects/Policy-RL-Peg_insertion/force_peg_rl/logs/rl_games/Forge/2026-08-15_22-10-02/nn/Forge.pth,0,nominal,1002,False,timeout,149,77.65413665771484,0.0016356110572814941,7.2768683433532715,2.3388140201568604,0.0,0.01766103506088257,0.21234673261642456,0.018716946244239807,0.75,0.75,0.018816489726305008,0.10864932835102081
2026-08-15_22-10-02,/home/as22cq/Projects/Policy-RL-Peg_insertion/force_peg_rl/logs/rl_games/Forge/2026-08-15_22-10-02/nn/Forge.pth,0,nominal,1002,False,timeout,149,33.67128372192383,0.0454876534640789,12.616825103759766,3.833130359649658,0.0833333358168602,0.032019440084695816,0.7832774519920349,0.01746673509478569,0.75,0.75,0.023673661053180695,-0.16187995672225952
2026-08-15_22-10-02,/home/as22cq/Projects/Policy-RL-Peg_insertion/force_peg_rl/logs/rl_games/Forge/2026-08-15_22-10-02/nn/Forge.pth,0,nominal,1002,False,timeout,149,54.31094741821289,0.002683214843273163,8.340653419494629,2.5065221786499023,0.07500000298023224,0.01770828105509281,1.2489830255508423,0.01440645195543766,0.75,0.75,0.012244898825883865,-0.5447081327438354
2026-08-15_22-10-02,/home/as22cq/Projects/Policy-RL-Peg_insertion/force_peg_rl/logs/rl_games/Forge/2026-08-15_22-10-02/nn/Forge.pth,0,nominal,1002,False,timeout,149,44.84098434448242,0.0139022096991539,8.285894393920898,1.840140700340271,0.0,0.03280181065201759,1.178360939025879,0.021889936178922653,0.75,0.75,0.02116028591990471,-0.7573469877243042
2026-08-15_22-10-02,/home/as22cq/Projects/Policy-RL-Peg_insertion/force_peg_rl/logs/rl_games/Forge/2026-08-15_22-10-02/nn/Forge.pth,0,nominal,1002,False,timeout,149,45.30427551269531,0.0033412426710128784,10.431870460510254,1.4130940437316895,0.008333333767950535,0.019336923956871033,1.2335184812545776,0.016589166596531868,0.75,0.75,0.010192293673753738,-0.14078155159950256
2026-08-15_22-10-02,/home/as22cq/Projects/Policy-RL-Peg_insertion/force_peg_rl/logs/rl_games/Forge/2026-08-15_22-10-02/nn/Forge.pth,0,nominal,1002,False,timeout,149,29.44821548461914,0.09649129211902618,12.983135223388672,1.5355576276779175,0.10833334177732468,0.031011516228318214,0.1597580760717392,0.018467051908373833,0.75,0.75,0.006955091841518879,-0.23734819889068604
2026-08-15_22-10-02,/home/as22cq/Projects/Policy-RL-Peg_insertion/force_peg_rl/logs/rl_games/Forge/2026-08-15_22-10-02/nn/Forge.pth,0,nominal,1002,False,timeout,149,32.02790832519531,0.02637457102537155,11.645003318786621,1.4332902431488037,0.10833334177732468,0.018641894683241844,0.8251585364341736,0.020759839564561844,0.75,0.75,0.014341910369694233,-0.05237210914492607
2026-08-15_22-10-02,/home/as22cq/Projects/Policy-RL-Peg_insertion/force_peg_rl/logs/rl_games/Forge/2026-08-15_22-10-02/nn/Forge.pth,0,nominal,1002,False,timeout,149,40.74592208862305,0.03953327611088753,4.790517330169678,1.2651252746582031,0.0,0.026714786887168884,0.6336139440536499,0.01720079593360424,0.75,0.75,0.009458223357796669,-0.17536109685897827
2026-08-15_22-10-02,/home/as22cq/Projects/Policy-RL-Peg_insertion/force_peg_rl/logs/rl_games/Forge/2026-08-15_22-10-02/nn/Forge.pth,0,nominal,1002,False,timeout,149,69.66893005371094,0.0064246803522109985,5.922668933868408,2.6148879528045654,0.0,0.0174051932990551,0.12840613722801208,0.021759364753961563,0.75,0.75,0.00609875563532114,0.7530428171157837
2026-08-15_22-10-02,/home/as22cq/Projects/Policy-RL-Peg_insertion/force_peg_rl/logs/rl_games/Forge/2026-08-15_22-10-02/nn/Forge.pth,0,nominal,1002,False,timeout,149,28.56758689880371,0.1451108157634735,7.185756683349609,0.3258083462715149,0.0,0.0837976261973381,0.2550175189971924,0.0233331099152565,0.75,0.75,0.007744076196104288,0.17208805680274963
2026-08-15_22-10-02,/home/as22cq/Projects/Policy-RL-Peg_insertion/force_peg_rl/logs/rl_games/Forge/2026-08-15_22-10-02/nn/Forge.pth,0,nominal,1002,False,timeout,149,70.12870025634766,0.005488157272338867,11.814058303833008,0.7110334038734436,0.008333333767950535,0.016490601003170013,0.1664588898420334,0.021477200090885162,0.75,0.75,0.012040233239531517,0.2449764758348465
2026-08-15_22-10-02,/home/as22cq/Projects/Policy-RL-Peg_insertion/force_peg_rl/logs/rl_games/Forge/2026-08-15_22-10-02/nn/Forge.pth,0,nominal,1002,False,timeout,149,75.25057220458984,0.00011165440082550049,7.202576637268066,2.743091583251953,0.02500000223517418,0.01938009075820446,0.22172048687934875,0.023808356374502182,0.75,0.75,0.017729900777339935,0.6457738876342773
2026-08-15_22-10-02,/home/as22cq/Projects/Policy-RL-Peg_insertion/force_peg_rl/logs/rl_games/Forge/2026-08-15_22-10-02/nn/Forge.pth,0,nominal,1002,False,timeout,149,37.184104919433594,0.04036178067326546,12.143006324768066,4.329875946044922,0.0833333358168602,0.015960322692990303,0.5974923372268677,0.01721891015768051,0.75,0.75,0.014140610583126545,0.13803786039352417
2026-08-15_22-10-02,/home/as22cq/Projects/Policy-RL-Peg_insertion/force_peg_rl/logs/rl_games/Forge/2026-08-15_22-10-02/nn/Forge.pth,0,nominal,1002,False,timeout,149,32.027645111083984,0.08126743137836456,8.025611877441406,1.5512123107910156,0.02500000223517418,0.025386853143572807,0.5088356733322144,0.018824348226189613,0.75,0.75,0.02334660291671753,0.06929180771112442
2026-08-15_22-10-02,/home/as22cq/Projects/Policy-RL-Peg_insertion/force_peg_rl/logs/rl_games/Forge/2026-08-15_22-10-02/nn/Forge.pth,0,nominal,1002,False,timeout,149,34.88325119018555,0.13887472450733185,8.977455139160156,1.1614288091659546,0.01666666753590107,0.06756152957677841,0.1989026814699173,0.021324120461940765,0.75,0.75,0.023754483088850975,-0.6461846232414246
2026-08-15_22-10-02,/home/as22cq/Projects/Policy-RL-Peg_insertion/force_peg_rl/logs/rl_games/Forge/2026-08-15_22-10-02/nn/Forge.pth,0,nominal,1002,False,timeout,149,41.82936096191406,0.002668425440788269,6.218816757202148,2.866255760192871,0.0,0.016612501814961433,1.2724021673202515,0.01423654519021511,0.75,0.75,0.018009386956691742,0.523815393447876
2026-08-15_22-10-02,/home/as22cq/Projects/Policy-RL-Peg_insertion/force_peg_rl/logs/rl_games/Forge/2026-08-15_22-10-02/nn/Forge.pth,0,nominal,1002,False,timeout,149,37.9688835144043,0.019350476562976837,7.015265464782715,1.1875439882278442,0.0,0.024201931431889534,0.7331548929214478,0.022238317877054214,0.75,0.75,0.015628768131136894,-0.3721763789653778
2026-08-15_22-10-02,/home/as22cq/Projects/Policy-RL-Peg_insertion/force_peg_rl/logs/rl_games/Forge/2026-08-15_22-10-02/nn/Forge.pth,0,nominal,1002,False,timeout,149,39.56497573852539,0.06834559142589569,5.856616020202637,1.090179204940796,0.0,0.02484816685318947,0.47250983119010925,0.023817339912056923,0.75,0.75,0.012229286134243011,-0.33388614654541016
2026-08-15_22-10-02,/home/as22cq/Projects/Policy-RL-Peg_insertion/force_peg_rl/logs/rl_games/Forge/2026-08-15_22-10-02/nn/Forge.pth,0,nominal,1002,False,timeout,149,43.6851692199707,0.00973803922533989,6.370764255523682,1.6372764110565186,0.0,0.022737745195627213,0.8024646639823914,0.015604325570166111,0.75,0.75,0.013054702430963516,0.442440390586853
2026-08-15_22-10-02,/home/as22cq/Projects/Policy-RL-Peg_insertion/force_peg_rl/logs/rl_games/Forge/2026-08-15_22-10-02/nn/Forge.pth,0,nominal,1002,False,timeout,149,35.790470123291016,0.06507383286952972,4.759207248687744,0.6948318481445312,0.0,0.01669091358780861,0.49458277225494385,0.01654166355729103,0.75,0.75,0.007180836051702499,-0.6129394173622131
2026-08-15_22-10-02,/home/as22cq/Projects/Policy-RL-Peg_insertion/force_peg_rl/logs/rl_games/Forge/2026-08-15_22-10-02/nn/Forge.pth,0,nominal,1002,False,timeout,149,69.3259506225586,0.0023838691413402557,7.087148666381836,1.7183506488800049,0.0,0.016206374391913414,0.8007125854492188,0.015367625281214714,0.75,0.75,0.009681761264801025,-0.702483057975769
2026-08-15_22-10-02,/home/as22cq/Projects/Policy-RL-Peg_insertion/force_peg_rl/logs/rl_games/Forge/2026-08-15_22-10-02/nn/Forge.pth,0,nominal,1002,False,timeout,149,78.2052993774414,0.0031907660886645317,5.333456039428711,1.5681164264678955,0.0,0.01640186831355095,0.2667822241783142,0.016587311401963234,0.75,0.75,0.004191722720861435,-0.3138895034790039
2026-08-15_22-10-02,/home/as22cq/Projects/Policy-RL-Peg_insertion/force_peg_rl/logs/rl_games/Forge/2026-08-15_22-10-02/nn/Forge.pth,0,nominal,1002,False,timeout,149,45.07537078857422,0.00970018282532692,10.352506637573242,0.8855559825897217,0.008333333767950535,0.029716774821281433,1.3576664924621582,0.02069450542330742,0.75,0.75,0.007109863217920065,-0.7241960763931274
2026-08-15_22-10-02,/home/as22cq/Projects/Policy-RL-Peg_insertion/force_peg_rl/logs/rl_games/Forge/2026-08-15_22-10-02/nn/Forge.pth,0,nominal,1002,False,timeout,149,33.733787536621094,0.09982520341873169,10.617690086364746,0.5002338886260986,0.008333333767950535,0.02145105041563511,0.14851269125938416,0.014911415986716747,0.75,0.75,0.017646677792072296,-0.08787451684474945
2026-08-15_22-10-02,/home/as22cq/Projects/Policy-RL-Peg_insertion/force_peg_rl/logs/rl_games/Forge/2026-08-15_22-10-02/nn/Forge.pth,0,nominal,1002,False,timeout,149,41.17713165283203,0.006058491766452789,10.133697509765625,2.4855520725250244,0.02500000223517418,0.028162887319922447,1.069526195526123,0.023175688460469246,0.75,0.75,0.01900392398238182,-0.21887314319610596
2026-08-15_22-10-02,/home/as22cq/Projects/Policy-RL-Peg_insertion/force_peg_rl/logs/rl_games/Forge/2026-08-15_22-10-02/nn/Forge.pth,0,nominal,1002,False,timeout,149,56.548465728759766,-0.004987150430679321,10.16097354888916,4.280460834503174,0.008333333767950535,0.024724893271923065,0.4069277048110962,0.020305711776018143,0.75,0.75,0.017524760216474533,0.28504395484924316
2026-08-15_22-10-02,/home/as22cq/Projects/Policy-RL-Peg_insertion/force_peg_rl/logs/rl_games/Forge/2026-08-15_22-10-02/nn/Forge.pth,0,nominal,1002,False,timeout,149,32.308799743652344,0.04486904665827751,7.589461326599121,1.7308954000473022,0.11666667461395264,0.026167063042521477,0.6391914486885071,0.022102581337094307,0.75,0.75,0.021724561229348183,-0.1555425226688385
2026-08-15_22-10-02,/home/as22cq/Projects/Policy-RL-Peg_insertion/force_peg_rl/logs/rl_games/Forge/2026-08-15_22-10-02/nn/Forge.pth,0,nominal,1002,False,timeout,149,37.85261917114258,0.027577027678489685,3.426913261413574,0.854472279548645,0.0,0.0208881963044405,0.7329322695732117,0.020468013361096382,0.75,0.75,0.013485435396432877,-0.6150318384170532
2026-08-15_22-10-02,/home/as22cq/Projects/Policy-RL-Peg_insertion/force_peg_rl/logs/rl_games/Forge/2026-08-15_22-10-02/nn/Forge.pth,0,nominal,1002,False,timeout,149,40.99177169799805,0.010451700538396835,6.504422187805176,2.0388147830963135,0.0,0.03201279789209366,1.216307520866394,0.02053002640604973,0.75,0.75,0.016058651730418205,0.19814160466194153
2026-08-15_22-10-02,/home/as22cq/Projects/Policy-RL-Peg_insertion/force_peg_rl/logs/rl_games/Forge/2026-08-15_22-10-02/nn/Forge.pth,0,nominal,1002,False,timeout,149,35.79988098144531,0.040212005376815796,7.220013618469238,1.552842378616333,0.0,0.015161925926804543,0.5923387408256531,0.023736361414194107,0.75,0.75,0.019898032769560814,-0.0350927971303463
2026-08-15_22-10-02,/home/as22cq/Projects/Policy-RL-Peg_insertion/force_peg_rl/logs/rl_games/Forge/2026-08-15_22-10-02/nn/Forge.pth,0,nominal,1002,False,timeout,149,34.30284118652344,0.0401972234249115,1.0755276679992676,0.055857785046100616,0.0,0.021777771413326263,0.6994597911834717,0.014548050239682198,0.75,0.75,0.02143809013068676,0.5012869238853455
2026-08-15_22-10-02,/home/as22cq/Projects/Policy-RL-Peg_insertion/force_peg_rl/logs/rl_games/Forge/2026-08-15_22-10-02/nn/Forge.pth,0,nominal,1002,False,timeout,149,71.03976440429688,0.0007653050124645233,4.268565654754639,0.41322121024131775,0.0,0.016724707558751106,0.04537166655063629,0.01885204203426838,0.75,0.75,0.020396744832396507,0.27641141414642334
2026-08-15_22-10-02,/home/as22cq/Projects/Policy-RL-Peg_insertion/force_peg_rl/logs/rl_games/Forge/2026-08-15_22-10-02/nn/Forge.pth,0,nominal,1002,False,timeout,149,34.95043182373047,0.09852565824985504,7.493957996368408,1.2519322633743286,0.0,0.035484787076711655,0.30504897236824036,0.021734148263931274,0.75,0.75,0.017300695180892944,0.6408067345619202
2026-08-15_22-10-02,/home/as22cq/Projects/Policy-RL-Peg_insertion/force_peg_rl/logs/rl_games/Forge/2026-08-15_22-10-02/nn/Forge.pth,0,nominal,1002,False,timeout,149,39.03095626831055,0.024733681231737137,12.975793838500977,2.670652151107788,0.01666666753590107,0.042474884539842606,0.8894461393356323,0.018596237525343895,0.75,0.75,0.015298552811145782,-0.7737395763397217
2026-08-15_22-10-02,/home/as22cq/Projects/Policy-RL-Peg_insertion/force_peg_rl/logs/rl_games/Forge/2026-08-15_22-10-02/nn/Forge.pth,0,nominal,1002,False,timeout,149,31.633644104003906,0.006918836385011673,11.221932411193848,3.4086318016052246,0.24166667461395264,0.014954344369471073,0.6792168617248535,0.01577061414718628,0.75,0.75,0.011489741504192352,0.16696347296237946
2026-08-15_22-10-02,/home/as22cq/Projects/Policy-RL-Peg_insertion/force_peg_rl/logs/rl_games/Forge/2026-08-15_22-10-02/nn/Forge.pth,0,nominal,1002,False,timeout,149,74.5954818725586,0.0002819206565618515,8.232604026794434,2.21968412399292,0.0833333358168602,0.017896384000778198,0.230973020195961,0.018703607842326164,0.75,0.75,0.021246062591671944,0.5655451416969299
2026-08-15_22-10-02,/home/as22cq/Projects/Policy-RL-Peg_insertion/force_peg_rl/logs/rl_games/Forge/2026-08-15_22-10-02/nn/Forge.pth,0,nominal,1002,False,timeout,149,49.863887786865234,0.004036381840705872,7.308609962463379,2.8397622108459473,0.01666666753590107,0.015360740013420582,0.8161929845809937,0.019381504505872726,0.75,0.75,0.0044946433044970036,0.5515233278274536
2026-08-15_22-10-02,/home/as22cq/Projects/Policy-RL-Peg_insertion/force_peg_rl/logs/rl_games/Forge/2026-08-15_22-10-02/nn/Forge.pth,0,nominal,1002,False,timeout,149,31.360593795776367,0.04765041917562485,9.211860656738281,2.5224039554595947,0.25,0.014682424254715443,0.4246111810207367,0.021511338651180267,0.75,0.75,0.0011889978777617216,0.7508190274238586
2026-08-15_22-10-02,/home/as22cq/Projects/Policy-RL-Peg_insertion/force_peg_rl/logs/rl_games/Forge/2026-08-15_22-10-02/nn/Forge.pth,0,nominal,1002,False,timeout,149,31.20457649230957,0.07508482038974762,7.412137508392334,2.499847650527954,0.0,0.025005560368299484,0.6276118159294128,0.019358016550540924,0.75,0.75,0.015158694237470627,0.2870752513408661
2026-08-15_22-10-02,/home/as22cq/Projects/Policy-RL-Peg_insertion/force_peg_rl/logs/rl_games/Forge/2026-08-15_22-10-02/nn/Forge.pth,0,nominal,1002,False,timeout,149,38.58847427368164,0.01166108250617981,10.799758911132812,2.1885428428649902,0.13333334028720856,0.014987235888838768,0.6949958205223083,0.022733323276042938,0.75,0.75,0.022289497777819633,0.44051793217658997
2026-08-15_22-10-02,/home/as22cq/Projects/Policy-RL-Peg_insertion/force_peg_rl/logs/rl_games/Forge/2026-08-15_22-10-02/nn/Forge.pth,0,nominal,1002,False,timeout,149,75.07483673095703,0.0036489982157945633,7.272886753082275,1.691444754600525,0.0,0.017380813136696815,0.1583072543144226,0.01642218418419361,0.75,0.75,0.009232597425580025,0.7070070505142212
2026-08-15_22-10-02,/home/as22cq/Projects/Policy-RL-Peg_insertion/force_peg_rl/logs/rl_games/Forge/2026-08-15_22-10-02/nn/Forge.pth,0,nominal,1002,False,timeout,149,43.21391677856445,0.0020495206117630005,8.407425880432129,3.7365386486053467,0.32500001788139343,0.0171651728451252,1.3363922834396362,0.015317823737859726,0.75,0.75,0.014742102473974228,-0.3844355344772339
2026-08-15_22-10-02,/home/as22cq/Projects/Policy-RL-Peg_insertion/force_peg_rl/logs/rl_games/Forge/2026-08-15_22-10-02/nn/Forge.pth,0,nominal,1002,False,timeout,149,41.962623596191406,0.037030573934316635,6.3209004402160645,1.3554173707962036,0.0,0.022816048935055733,0.4945783317089081,0.016590312123298645,0.75,0.75,0.02550971880555153,-0.5185555219650269
2026-08-15_22-10-02,/home/as22cq/Projects/Policy-RL-Peg_insertion/force_peg_rl/logs/rl_games/Forge/2026-08-15_22-10-02/nn/Forge.pth,0,nominal,1002,False,timeout,149,19.80725860595703,0.12754403054714203,11.409562110900879,3.51418137550354,0.23333334922790527,0.03300949186086655,0.5553358197212219,0.015047406777739525,0.75,0.75,0.01568080298602581,0.6058513522148132
2026-08-15_22-10-02,/home/as22cq/Projects/Policy-RL-Peg_insertion/force_peg_rl/logs/rl_games/Forge/2026-08-15_22-10-02/nn/Forge.pth,0,nominal,1002,False,timeout,149,37.04315948486328,0.00536505039781332,8.102110862731934,2.5811948776245117,0.0,0.02221515215933323,0.9430583119392395,0.014026084914803505,0.75,0.75,0.012493644841015339,-0.2704593241214752
2026-08-15_22-10-02,/home/as22cq/Projects/Policy-RL-Peg_insertion/force_peg_rl/logs/rl_games/Forge/2026-08-15_22-10-02/nn/Forge.pth,0,nominal,1002,False,timeout,149,32.6000862121582,0.041727155447006226,8.935189247131348,0.9335107803344727,0.0,0.011480425484478474,0.5972845554351807,0.020672863349318504,0.75,0.75,0.01109415851533413,-0.182298481464386
2026-08-15_22-10-02,/home/as22cq/Projects/Policy-RL-Peg_insertion/force_peg_rl/logs/rl_games/Forge/2026-08-15_22-10-02/nn/Forge.pth,0,nominal,1002,False,timeout,149,42.8602180480957,0.010778099298477173,4.635061264038086,0.6803295016288757,0.0,0.018025221303105354,0.6221151351928711,0.020923325791954994,0.75,0.75,0.02172861434519291,-0.12418424338102341
2026-08-15_22-10-02,/home/as22cq/Projects/Policy-RL-Peg_insertion/force_peg_rl/logs/rl_games/Forge/2026-08-15_22-10-02/nn/Forge.pth,0,nominal,1002,False,timeout,149,35.63771438598633,0.021223530173301697,4.877172946929932,0.38908660411834717,0.0,0.019323458895087242,0.7233157753944397,0.01654907315969467,0.75,0.75,0.009351993910968304,0.3263722062110901
2026-08-15_22-10-02,/home/as22cq/Projects/Policy-RL-Peg_insertion/force_peg_rl/logs/rl_games/Forge/2026-08-15_22-10-02/nn/Forge.pth,0,nominal,1002,False,timeout,149,30.69023323059082,0.08306325972080231,4.996604919433594,0.5775101184844971,0.0,0.03946462273597717,0.08145173639059067,0.023344505578279495,0.75,0.75,0.02266090176999569,-0.20683889091014862
2026-08-15_22-10-02,/home/as22cq/Projects/Policy-RL-Peg_insertion/force_peg_rl/logs/rl_games/Forge/2026-08-15_22-10-02/nn/Forge.pth,0,nominal,1002,False,timeout,149,66.4648208618164,0.0026919133961200714,8.653843879699707,3.550018072128296,0.0,0.018748216331005096,0.47393131256103516,0.019707199186086655,0.75,0.75,0.01050792820751667,0.621483325958252
2026-08-15_22-10-02,/home/as22cq/Projects/Policy-RL-Peg_insertion/force_peg_rl/logs/rl_games/Forge/2026-08-15_22-10-02/nn/Forge.pth,0,nominal,1002,False,timeout,149,34.61021423339844,0.034693408757448196,9.030000686645508,1.3437654972076416,0.10000000894069672,0.01970146968960762,0.36048105359077454,0.019654061645269394,0.75,0.75,0.016545040532946587,0.710380494594574
2026-08-15_22-10-02,/home/as22cq/Projects/Policy-RL-Peg_insertion/force_peg_rl/logs/rl_games/Forge/2026-08-15_22-10-02/nn/Forge.pth,0,nominal,1002,False,timeout,149,33.31822967529297,0.05804407596588135,7.106443881988525,0.5578909516334534,0.0,0.012368873693048954,0.49185630679130554,0.021721793338656425,0.75,0.75,0.015264233574271202,0.21833260357379913
2026-08-15_22-10-02,/home/as22cq/Projects/Policy-RL-Peg_insertion/force_peg_rl/logs/rl_games/Forge/2026-08-15_22-10-02/nn/Forge.pth,0,nominal,1002,False,timeout,149,29.84899139404297,0.08051201701164246,10.797595024108887,2.3801188468933105,0.11666667461395264,0.012512755580246449,0.539416491985321,0.018091605976223946,0.75,0.75,0.01784517429769039,0.7442202568054199
2026-08-15_22-10-02,/home/as22cq/Projects/Policy-RL-Peg_insertion/force_peg_rl/logs/rl_games/Forge/2026-08-15_22-10-02/nn/Forge.pth,0,nominal,1002,False,timeout,149,28.08592987060547,0.15112744271755219,7.354694366455078,0.7888635993003845,0.03333333507180214,0.07305358350276947,0.13264721632003784,0.01590709574520588,0.75,0.75,0.009809640236198902,-0.3752845823764801
2026-08-15_22-10-02,/home/as22cq/Projects/Policy-RL-Peg_insertion/force_peg_rl/logs/rl_games/Forge/2026-08-15_22-10-02/nn/Forge.pth,0,nominal,1002,False,timeout,149,48.41373062133789,0.002424713224172592,6.403024673461914,1.9225002527236938,0.0,0.01954827643930912,1.195374846458435,0.019022222608327866,0.75,0.75,0.021388383582234383,-0.6673644185066223
2026-08-15_22-10-02,/home/as22cq/Projects/Policy-RL-Peg_insertion/force_peg_rl/logs/rl_games/Forge/2026-08-15_22-10-02/nn/Forge.pth,0,nominal,1002,False,timeout,149,24.629846572875977,0.01843947172164917,8.276074409484863,2.478611946105957,0.31666669249534607,0.01875957101583481,1.0172655582427979,0.01803026907145977,0.75,0.75,0.012830269522964954,0.23435941338539124
2026-08-15_22-10-02,/home/as22cq/Projects/Policy-RL-Peg_insertion/force_peg_rl/logs/rl_games/Forge/2026-08-15_22-10-02/nn/Forge.pth,0,nominal,1002,False,timeout,149,20.94978904724121,0.09883333742618561,13.585819244384766,3.0434093475341797,0.20000001788139343,0.038642317056655884,0.5396566390991211,0.016793452203273773,0.75,0.75,0.007269416470080614,0.7183584570884705
2026-08-15_22-10-02,/home/as22cq/Projects/Policy-RL-Peg_insertion/force_peg_rl/logs/rl_games/Forge/2026-08-15_22-10-02/nn/Forge.pth,0,nominal,1002,False,timeout,149,76.11113739013672,5.961209535598755e-05,5.156688690185547,1.8667927980422974,0.0,0.017832709476351738,0.14267030358314514,0.02392515353858471,0.75,0.75,0.01636715605854988,0.6574069261550903
2026-08-15_22-10-02,/home/as22cq/Projects/Policy-RL-Peg_insertion/force_peg_rl/logs/rl_games/Forge/2026-08-15_22-10-02/nn/Forge.pth,0,nominal,1002,False,timeout,149,33.39818572998047,0.0425625778734684,7.372288227081299,3.084507465362549,0.0,0.03921514004468918,0.5775272846221924,0.015425212681293488,0.75,0.75,0.010845507495105267,-0.17294622957706451
2026-08-15_22-10-02,/home/as22cq/Projects/Policy-RL-Peg_insertion/force_peg_rl/logs/rl_games/Forge/2026-08-15_22-10-02/nn/Forge.pth,0,nominal,1002,False,timeout,149,40.18901443481445,0.0048182085156440735,3.0277490615844727,0.387951523065567,0.0,0.02766055054962635,1.0415284633636475,0.022415950894355774,0.75,0.75,0.0048272497951984406,0.5737558603286743
2026-08-15_22-10-02,/home/as22cq/Projects/Policy-RL-Peg_insertion/force_peg_rl/logs/rl_games/Forge/2026-08-15_22-10-02/nn/Forge.pth,0,nominal,1002,False,timeout,149,44.359439849853516,0.002094428986310959,5.486926555633545,1.6599080562591553,0.0,0.028775621205568314,1.4505516290664673,0.019533030688762665,0.75,0.75,0.006909668445587158,-0.18373343348503113
2026-08-15_22-10-02,/home/as22cq/Projects/Policy-RL-Peg_insertion/force_peg_rl/logs/rl_games/Forge/2026-08-15_22-10-02/nn/Forge.pth,0,nominal,1002,False,timeout,149,35.39131164550781,0.06954969465732574,6.127230644226074,0.8331845998764038,0.0,0.03792188689112663,0.6062206625938416,0.0217991191893816,0.75,0.75,0.01416313648223877,-0.5923187136650085
2026-08-15_22-10-02,/home/as22cq/Projects/Policy-RL-Peg_insertion/force_peg_rl/logs/rl_games/Forge/2026-08-15_22-10-02/nn/Forge.pth,0,nominal,1002,False,timeout,149,66.04170989990234,0.0012105908244848251,13.304656982421875,2.1585845947265625,0.0416666679084301,0.017140895128250122,1.3101654052734375,0.01697712019085884,0.75,0.75,0.009546847082674503,0.31992393732070923
2026-08-15_22-10-02,/home/as22cq/Projects/Policy-RL-Peg_insertion/force_peg_rl/logs/rl_games/Forge/2026-08-15_22-10-02/nn/Forge.pth,0,nominal,1002,False,timeout,149,43.98094177246094,-0.0025900304317474365,12.324591636657715,2.108579158782959,0.02500000223517418,0.028448136523365974,1.4736803770065308,0.019805314019322395,0.75,0.75,0.006348778493702412,-0.3202236592769623
2026-08-15_22-10-02,/home/as22cq/Projects/Policy-RL-Peg_insertion/force_peg_rl/logs/rl_games/Forge/2026-08-15_22-10-02/nn/Forge.pth,0,nominal,1002,False,timeout,149,44.66529846191406,0.03554816544055939,8.60117244720459,2.813258647918701,0.008333333767950535,0.04586686193943024,0.6904577016830444,0.021873950958251953,0.75,0.75,0.022342020645737648,-0.4531630277633667
2026-08-15_22-10-02,/home/as22cq/Projects/Policy-RL-Peg_insertion/force_peg_rl/logs/rl_games/Forge/2026-08-15_22-10-02/nn/Forge.pth,0,nominal,1002,False,timeout,149,35.588836669921875,0.04914163798093796,5.498364448547363,1.6896374225616455,0.0,0.01977161504328251,0.5454046130180359,0.01411090325564146,0.75,0.75,0.02148091420531273,0.3342389762401581
2026-08-15_22-10-02,/home/as22cq/Projects/Policy-RL-Peg_insertion/force_peg_rl/logs/rl_games/Forge/2026-08-15_22-10-02/nn/Forge.pth,0,nominal,1002,False,timeout,149,22.27173614501953,0.020520973950624466,12.521211624145508,5.553816795349121,0.30000001192092896,0.0444679819047451,0.8525863289833069,0.01805630885064602,0.75,0.75,0.0029500052332878113,-0.7209979891777039
2026-08-15_22-10-02,/home/as22cq/Projects/Policy-RL-Peg_insertion/force_peg_rl/logs/rl_games/Forge/2026-08-15_22-10-02/nn/Forge.pth,0,nominal,1002,False,timeout,149,32.078121185302734,0.10921163856983185,6.788555145263672,0.9440692663192749,0.0,0.036817651242017746,0.4560949206352234,0.01963941752910614,0.75,0.75,0.016916904598474503,-0.45636430382728577
2026-08-15_22-10-02,/home/as22cq/Projects/Policy-RL-Peg_insertion/force_peg_rl/logs/rl_games/Forge/2026-08-15_22-10-02/nn/Forge.pth,0,nominal,1002,False,timeout,149,41.08916091918945,0.04071831703186035,4.387451648712158,0.6310333609580994,0.0,0.010793333873152733,0.6716327667236328,0.015725543722510338,0.75,0.75,0.013111275620758533,0.5106745362281799
2026-08-15_22-10-02,/home/as22cq/Projects/Policy-RL-Peg_insertion/force_peg_rl/logs/rl_games/Forge/2026-08-15_22-10-02/nn/Forge.pth,0,nominal,1002,False,timeout,149,34.73371887207031,0.005962692201137543,3.4391021728515625,0.3852560818195343,0.0,0.01934737153351307,1.3283686637878418,0.016262071207165718,0.75,0.75,0.018508827313780785,-0.4194827973842621
2026-08-15_22-10-02,/home/as22cq/Projects/Policy-RL-Peg_insertion/force_peg_rl/logs/rl_games/Forge/2026-08-15_22-10-02/nn/Forge.pth,0,nominal,1002,False,timeout,149,50.86082077026367,0.003016117960214615,5.329409122467041,1.516733169555664,0.0,0.021007955074310303,1.2816545963287354,0.019523851573467255,0.75,0.75,0.02659216709434986,0.6881676912307739
2026-08-15_22-10-02,/home/as22cq/Projects/Policy-RL-Peg_insertion/force_peg_rl/logs/rl_games/Forge/2026-08-15_22-10-02/nn/Forge.pth,0,nominal,1002,False,timeout,149,43.232337951660156,0.01124979555606842,14.38201904296875,2.444894790649414,0.05833333730697632,0.033845480531454086,1.287279725074768,0.023978736251592636,0.75,0.75,0.010294116102159023,0.4520481824874878
2026-08-15_22-10-02,/home/as22cq/Projects/Policy-RL-Peg_insertion/force_peg_rl/logs/rl_games/Forge/2026-08-15_22-10-02/nn/Forge.pth,0,nominal,1002,False,timeout,149,7.250905990600586,0.04142981767654419,14.40884780883789,3.3665542602539062,0.30000001192092896,0.01609276980161667,0.5165696740150452,0.01972881145775318,0.75,0.75,0.01685616746544838,-0.04973386600613594
2026-08-15_22-10-02,/home/as22cq/Projects/Policy-RL-Peg_insertion/force_peg_rl/logs/rl_games/Forge/2026-08-15_22-10-02/nn/Forge.pth,0,nominal,1002,False,timeout,149,39.39108657836914,0.0478208065032959,6.384866237640381,1.0583126544952393,0.0,0.03491310402750969,0.6047740578651428,0.02226528339087963,0.75,0.75,0.018473954871296883,0.11260611563920975
2026-08-15_22-10-02,/home/as22cq/Projects/Policy-RL-Peg_insertion/force_peg_rl/logs/rl_games/Forge/2026-08-15_22-10-02/nn/Forge.pth,0,nominal,1002,False,timeout,149,78.51669311523438,0.0007675234228372574,8.59361457824707,3.0511059761047363,0.0,0.01633145846426487,0.17861218750476837,0.020357154309749603,0.75,0.75,0.017040489241480827,0.5075076222419739
2026-08-15_22-10-02,/home/as22cq/Projects/Policy-RL-Peg_insertion/force_peg_rl/logs/rl_games/Forge/2026-08-15_22-10-02/nn/Forge.pth,0,nominal,1002,False,timeout,149,35.85322952270508,0.002710903063416481,23.662315368652344,4.226912498474121,0.44166669249534607,0.016992837190628052,0.07445875555276871,0.023756520822644234,0.75,0.75,0.020336158573627472,-0.575778603553772
2026-08-15_22-10-02,/home/as22cq/Projects/Policy-RL-Peg_insertion/force_peg_rl/logs/rl_games/Forge/2026-08-15_22-10-02/nn/Forge.pth,0,nominal,1002,False,timeout,149,34.10161590576172,0.07278619706630707,4.405003070831299,0.5085963010787964,0.0,0.0336611270904541,0.49802646040916443,0.02381220832467079,0.75,0.75,0.0032188454642891884,-0.05061739683151245
2026-08-15_22-10-02,/home/as22cq/Projects/Policy-RL-Peg_insertion/force_peg_rl/logs/rl_games/Forge/2026-08-15_22-10-02/nn/Forge.pth,0,nominal,1002,False,timeout,149,36.46556091308594,0.03938484191894531,2.63135027885437,0.3892119526863098,0.0,0.021477287635207176,0.6081077456474304,0.015532228164374828,0.75,0.75,0.019695384427905083,0.449902206659317
2026-08-15_22-10-02,/home/as22cq/Projects/Policy-RL-Peg_insertion/force_peg_rl/logs/rl_games/Forge/2026-08-15_22-10-02/nn/Forge.pth,0,nominal,1002,False,timeout,149,26.651121139526367,0.16343607008457184,0.41498464345932007,0.0719948336482048,0.0,0.07313556969165802,0.058946989476680756,0.022354457527399063,0.75,0.75,0.005603870376944542,0.07000891119241714
2026-08-15_22-10-02,/home/as22cq/Projects/Policy-RL-Peg_insertion/force_peg_rl/logs/rl_games/Forge/2026-08-15_22-10-02/nn/Forge.pth,0,nominal,1002,False,timeout,149,40.704315185546875,0.007426217198371887,8.66317081451416,1.369421362876892,0.0,0.019403183832764626,0.6688797473907471,0.016362875699996948,0.75,0.75,0.010596600361168385,-0.09549438208341599
2026-08-15_22-10-02,/home/as22cq/Projects/Policy-RL-Peg_insertion/force_peg_rl/logs/rl_games/Forge/2026-08-15_22-10-02/nn/Forge.pth,0,nominal,1002,False,timeout,149,33.734580993652344,0.07477620244026184,11.444991111755371,2.9491336345672607,0.07500000298023224,0.01854967512190342,0.41051456332206726,0.018567224964499474,0.75,0.75,0.01895197667181492,0.3644522428512573
2026-08-15_22-10-02,/home/as22cq/Projects/Policy-RL-Peg_insertion/force_peg_rl/logs/rl_games/Forge/2026-08-15_22-10-02/nn/Forge.pth,0,nominal,1002,False,timeout,149,40.112510681152344,0.010528890416026115,5.569756984710693,1.266077995300293,0.0,0.01803891733288765,0.5795725584030151,0.01460939645767212,0.75,0.75,0.022799989208579063,0.5209661722183228
2026-08-15_22-10-02,/home/as22cq/Projects/Policy-RL-Peg_insertion/force_peg_rl/logs/rl_games/Forge/2026-08-15_22-10-02/nn/Forge.pth,0,nominal,1002,False,timeout,149,44.52799987792969,0.018738344311714172,9.124124526977539,1.2277485132217407,0.0,0.022497879341244698,0.6811795830726624,0.01592688448727131,0.75,0.75,0.017749905586242676,0.579164445400238
2026-08-15_22-10-02,/home/as22cq/Projects/Policy-RL-Peg_insertion/force_peg_rl/logs/rl_games/Forge/2026-08-15_22-10-02/nn/Forge.pth,0,nominal,1002,False,timeout,149,45.16421890258789,0.0020967423915863037,9.179987907409668,2.099055051803589,0.0416666679084301,0.02118288166821003,1.286665916442871,0.015028892084956169,0.75,0.75,0.017709312960505486,-0.08008729666471481
2026-08-15_22-10-02,/home/as22cq/Projects/Policy-RL-Peg_insertion/force_peg_rl/logs/rl_games/Forge/2026-08-15_22-10-02/nn/Forge.pth,0,nominal,1002,False,timeout,149,28.487693786621094,0.007404021918773651,9.654867172241211,3.279454231262207,0.4166666865348816,0.014767921529710293,0.6562581062316895,0.021021177992224693,0.75,0.75,0.004467600490897894,0.20197007060050964
2026-08-15_22-10-02,/home/as22cq/Projects/Policy-RL-Peg_insertion/force_peg_rl/logs/rl_games/Forge/2026-08-15_22-10-02/nn/Forge.pth,0,nominal,1002,False,timeout,149,39.35734558105469,0.008698866702616215,6.801400661468506,2.478490114212036,0.23333334922790527,0.03377111628651619,1.4201959371566772,0.022016379982233047,0.75,0.75,0.018406836315989494,0.17480923235416412
2026-08-15_22-10-02,/home/as22cq/Projects/Policy-RL-Peg_insertion/force_peg_rl/logs/rl_games/Forge/2026-08-15_22-10-02/nn/Forge.pth,0,nominal,1002,False,timeout,149,40.77434539794922,0.018875859677791595,6.267712116241455,2.1141741275787354,0.0,0.02516668476164341,0.6393659710884094,0.015933562070131302,0.75,0.75,0.024951457977294922,-0.07270640879869461
2026-08-15_22-10-02,/home/as22cq/Projects/Policy-RL-Peg_insertion/force_peg_rl/logs/rl_games/Forge/2026-08-15_22-10-02/nn/Forge.pth,0,nominal,1002,False,timeout,149,34.64045333862305,0.016474947333335876,11.337089538574219,1.8947545289993286,0.06666667014360428,0.0260772667825222,0.34122809767723083,0.023076172918081284,0.75,0.75,0.02335609868168831,0.06091705709695816
2026-08-15_22-10-02,/home/as22cq/Projects/Policy-RL-Peg_insertion/force_peg_rl/logs/rl_games/Forge/2026-08-15_22-10-02/nn/Forge.pth,0,nominal,1002,False,timeout,149,32.72809982299805,0.10493573546409607,6.3080549240112305,2.527937412261963,0.0,0.04281635954976082,0.17153161764144897,0.01642117276787758,0.75,0.75,0.015851473435759544,-0.5388689041137695
2026-08-15_22-10-02,/home/as22cq/Projects/Policy-RL-Peg_insertion/force_peg_rl/logs/rl_games/Forge/2026-08-15_22-10-02/nn/Forge.pth,0,nominal,1002,False,timeout,149,76.89826965332031,0.0001979544758796692,9.16959285736084,1.091819405555725,0.008333333767950535,0.016446515917778015,0.36744606494903564,0.016180263832211494,0.75,0.75,0.009678642265498638,0.5390855073928833
2026-08-15_22-10-02,/home/as22cq/Projects/Policy-RL-Peg_insertion/force_peg_rl/logs/rl_games/Forge/2026-08-15_22-10-02/nn/Forge.pth,0,nominal,1002,False,timeout,149,38.23817443847656,0.005366913974285126,10.27944278717041,2.3757686614990234,0.06666667014360428,0.017370276153087616,1.3666707277297974,0.020893197506666183,0.75,0.75,0.0029747106600552797,0.12710297107696533
2026-08-15_22-10-02,/home/as22cq/Projects/Policy-RL-Peg_insertion/force_peg_rl/logs/rl_games/Forge/2026-08-15_22-10-02/nn/Forge.pth,0,nominal,1002,False,timeout,149,29.369735717773438,0.05986693128943443,8.032478332519531,2.4174325466156006,0.0,0.04771968722343445,0.904030442237854,0.014635894447565079,0.75,0.75,0.011362913995981216,-0.0016678259707987309
2026-08-15_22-10-02,/home/as22cq/Projects/Policy-RL-Peg_insertion/force_peg_rl/logs/rl_games/Forge/2026-08-15_22-10-02/nn/Forge.pth,0,nominal,1002,False,timeout,149,22.80130386352539,0.034914035350084305,9.01967716217041,3.121015787124634,0.40000003576278687,0.012764830142259598,0.6299360990524292,0.01674528792500496,0.75,0.75,0.018491854891180992,0.5650649070739746
2026-08-15_22-10-02,/home/as22cq/Projects/Policy-RL-Peg_insertion/force_peg_rl/logs/rl_games/Forge/2026-08-15_22-10-02/nn/Forge.pth,0,nominal,1002,False,force_limit,149,15.538717269897461,0.046992331743240356,52.563323974609375,0.6589289307594299,0.01666666753590107,0.0380733422935009,0.4462842345237732,0.018671730533242226,0.75,0.75,0.0020025954581797123,-0.46526697278022766
2026-08-15_22-10-02,/home/as22cq/Projects/Policy-RL-Peg_insertion/force_peg_rl/logs/rl_games/Forge/2026-08-15_22-10-02/nn/Forge.pth,0,nominal,1002,False,timeout,149,27.357954025268555,0.1418258398771286,0.33963635563850403,0.048083558678627014,0.0,0.06963522732257843,0.22693674266338348,0.01972299814224243,0.75,0.75,0.020995372906327248,-0.2710346579551697
2026-08-15_22-10-02,/home/as22cq/Projects/Policy-RL-Peg_insertion/force_peg_rl/logs/rl_games/Forge/2026-08-15_22-10-02/nn/Forge.pth,0,nominal,1002,False,timeout,149,59.008880615234375,0.0028707049787044525,7.79957914352417,1.7428265810012817,0.0,0.01674155704677105,1.2546013593673706,0.018812652677297592,0.75,0.75,0.016727140173316002,-0.2101122885942459
2026-08-15_22-10-02,/home/as22cq/Projects/Policy-RL-Peg_insertion/force_peg_rl/logs/rl_games/Forge/2026-08-15_22-10-02/nn/Forge.pth,0,nominal,1002,False,timeout,149,36.90242004394531,0.017281122505664825,9.884200096130371,3.7414939403533936,0.20000001788139343,0.024309692904353142,1.3689178228378296,0.014468837529420853,0.75,0.75,0.017557278275489807,0.13569100201129913
2026-08-15_22-10-02,/home/as22cq/Projects/Policy-RL-Peg_insertion/force_peg_rl/logs/rl_games/Forge/2026-08-15_22-10-02/nn/Forge.pth,0,nominal,1002,False,timeout,149,46.48596954345703,0.012546926736831665,8.590432167053223,1.5814034938812256,0.0,0.01735563576221466,0.7234686613082886,0.016042886301875114,0.75,0.75,0.010237060487270355,0.16949419677257538
2026-08-15_22-10-02,/home/as22cq/Projects/Policy-RL-Peg_insertion/force_peg_rl/logs/rl_games/Forge/2026-08-15_22-10-02/nn/Forge.pth,0,nominal,1002,False,timeout,149,49.46451187133789,0.011785514652729034,7.006480693817139,1.7517130374908447,0.0,0.015603996813297272,0.3636360168457031,0.017942892387509346,0.75,0.75,0.010930529795587063,0.33859768509864807
2026-08-15_22-10-02,/home/as22cq/Projects/Policy-RL-Peg_insertion/force_peg_rl/logs/rl_games/Forge/2026-08-15_22-10-02/nn/Forge.pth,0,nominal,1002,False,timeout,149,30.102294921875,0.08806754648685455,10.421781539916992,2.2706656455993652,0.05000000447034836,0.024039756506681442,0.6778759360313416,0.021644577383995056,0.75,0.75,0.018884098157286644,-0.5090925693511963
2026-08-15_22-10-02,/home/as22cq/Projects/Policy-RL-Peg_insertion/force_peg_rl/logs/rl_games/Forge/2026-08-15_22-10-02/nn/Forge.pth,0,nominal,1002,False,timeout,149,74.99210357666016,0.0009405463933944702,8.547593116760254,2.2879014015197754,0.0,0.01778518408536911,0.061573326587677,0.01763828843832016,0.75,0.75,0.017109686508774757,0.7830051779747009
2026-08-15_22-10-02,/home/as22cq/Projects/Policy-RL-Peg_insertion/force_peg_rl/logs/rl_games/Forge/2026-08-15_22-10-02/nn/Forge.pth,0,nominal,1002,False,timeout,149,29.962430953979492,0.05723271146416664,6.564052581787109,1.3674544095993042,0.0,0.024575769901275635,0.5397297143936157,0.019849169999361038,0.75,0.75,0.00843892339617014,-0.3602277934551239
2026-08-15_22-10-02,/home/as22cq/Projects/Policy-RL-Peg_insertion/force_peg_rl/logs/rl_games/Forge/2026-08-15_22-10-02/nn/Forge.pth,0,nominal,1002,False,timeout,149,30.158390045166016,0.07702150195837021,4.210415363311768,0.7091618180274963,0.0,0.015857914462685585,0.539770245552063,0.014026327058672905,0.75,0.75,0.018167346715927124,0.02429848350584507
2026-08-15_22-10-02,/home/as22cq/Projects/Policy-RL-Peg_insertion/force_peg_rl/logs/rl_games/Forge/2026-08-15_22-10-02/nn/Forge.pth,0,nominal,1002,False,timeout,149,36.215972900390625,0.05857864022254944,10.523781776428223,4.0400390625,0.20000001788139343,0.01232414785772562,0.782935619354248,0.021752428263425827,0.75,0.75,0.0048210895620286465,-0.455463171005249
2026-08-15_22-10-02,/home/as22cq/Projects/Policy-RL-Peg_insertion/force_peg_rl/logs/rl_games/Forge/2026-08-15_22-10-02/nn/Forge.pth,0,nominal,1002,False,timeout,149,41.491119384765625,0.020411478355526924,6.110262393951416,2.55607008934021,0.0,0.017382122576236725,0.8483359813690186,0.02350851520895958,0.75,0.75,0.01819613203406334,-0.005416392348706722
2026-08-15_22-10-02,/home/as22cq/Projects/Policy-RL-Peg_insertion/force_peg_rl/logs/rl_games/Forge/2026-08-15_22-10-02/nn/Forge.pth,0,nominal,1002,False,timeout,149,38.841556549072266,0.05802585184574127,6.448301792144775,1.6400668621063232,0.0,0.016710003837943077,0.39984220266342163,0.02101442776620388,0.75,0.75,0.009414990432560444,-0.6090927720069885
2026-08-15_22-10-02,/home/as22cq/Projects/Policy-RL-Peg_insertion/force_peg_rl/logs/rl_games/Forge/2026-08-15_22-10-02/nn/Forge.pth,0,nominal,1002,False,timeout,149,37.4348030090332,0.003955971449613571,0.3158470094203949,0.05470087751746178,0.0,0.029385222122073174,1.0502547025680542,0.015875333920121193,0.75,0.75,0.011569038964807987,-0.7177769541740417
2026-08-15_22-10-02,/home/as22cq/Projects/Policy-RL-Peg_insertion/force_peg_rl/logs/rl_games/Forge/2026-08-15_22-10-02/nn/Forge.pth,0,nominal,1002,False,timeout,149,16.518207550048828,0.03858480975031853,18.17447280883789,4.765384197235107,0.40833336114883423,0.02763000689446926,0.7843078374862671,0.015258326195180416,0.75,0.75,0.018379611894488335,0.7811346054077148
2026-08-15_22-10-02,/home/as22cq/Projects/Policy-RL-Peg_insertion/force_peg_rl/logs/rl_games/Forge/2026-08-15_22-10-02/nn/Forge.pth,0,nominal,1002,False,timeout,149,48.90618896484375,0.05579294636845589,11.138628959655762,2.7291512489318848,0.02500000223517418,0.031638920307159424,0.7958049178123474,0.02088913694024086,0.75,0.75,0.022543538361787796,0.610447883605957
2026-08-15_22-10-02,/home/as22cq/Projects/Policy-RL-Peg_insertion/force_peg_rl/logs/rl_games/Forge/2026-08-15_22-10-02/nn/Forge.pth,0,nominal,1002,False,timeout,149,21.501670837402344,0.007556319236755371,13.198095321655273,3.3432514667510986,0.2916666865348816,0.01655741035938263,0.7883461713790894,0.018048662692308426,0.75,0.75,0.017558418214321136,-0.6706448793411255
2026-08-15_22-10-02,/home/as22cq/Projects/Policy-RL-Peg_insertion/force_peg_rl/logs/rl_games/Forge/2026-08-15_22-10-02/nn/Forge.pth,0,nominal,1002,False,timeout,149,32.67281723022461,0.040008872747421265,11.588890075683594,4.320862293243408,0.06666667014360428,0.018239818513393402,0.6170910596847534,0.01943502202630043,0.75,0.75,0.01972445659339428,0.34388330578804016
2026-08-15_22-10-02,/home/as22cq/Projects/Policy-RL-Peg_insertion/force_peg_rl/logs/rl_games/Forge/2026-08-15_22-10-02/nn/Forge.pth,0,nominal,1002,False,timeout,149,27.21010971069336,0.004144638776779175,8.144585609436035,2.508596658706665,0.32500001788139343,0.027176417410373688,1.2599462270736694,0.022645199671387672,0.75,0.75,0.023847145959734917,0.5307522416114807
2026-08-15_22-10-02,/home/as22cq/Projects/Policy-RL-Peg_insertion/force_peg_rl/logs/rl_games/Forge/2026-08-15_22-10-02/nn/Forge.pth,0,nominal,1002,False,timeout,149,23.138463973999023,0.1785573959350586,8.321504592895508,0.6878231167793274,0.05833333730697632,0.08599745482206345,0.2323840707540512,0.018944377079606056,0.75,0.75,0.006309390068054199,-0.7669963836669922
2026-08-15_22-10-02,/home/as22cq/Projects/Policy-RL-Peg_insertion/force_peg_rl/logs/rl_games/Forge/2026-08-15_22-10-02/nn/Forge.pth,0,nominal,1002,False,timeout,149,73.1247787475586,0.001578260213136673,4.594751834869385,2.527742624282837,0.0,0.01759277656674385,0.0710899829864502,0.018863949924707413,0.75,0.75,0.01144767738878727,-0.6433558464050293
2026-08-15_22-10-02,/home/as22cq/Projects/Policy-RL-Peg_insertion/force_peg_rl/logs/rl_games/Forge/2026-08-15_22-10-02/nn/Forge.pth,0,nominal,1002,False,timeout,149,36.678550720214844,0.0025489553809165955,13.939654350280762,1.8587220907211304,0.03333333507180214,0.018403103575110435,1.4286231994628906,0.01667553372681141,0.75,0.75,0.02061265893280506,-0.4601648151874542
2026-08-15_22-10-02,/home/as22cq/Projects/Policy-RL-Peg_insertion/force_peg_rl/logs/rl_games/Forge/2026-08-15_22-10-02/nn/Forge.pth,0,nominal,1002,False,timeout,149,38.15830612182617,0.029529273509979248,6.592022895812988,1.547245979309082,0.008333333767950535,0.020006008446216583,0.850896954536438,0.016353605315089226,0.75,0.75,0.006426599342375994,0.5460515022277832
2026-08-15_22-10-02,/home/as22cq/Projects/Policy-RL-Peg_insertion/force_peg_rl/logs/rl_games/Forge/2026-08-15_22-10-02/nn/Forge.pth,0,nominal,1002,False,timeout,149,30.103464126586914,0.19090762734413147,5.0873918533325195,0.6139949560165405,0.0,0.1089240312576294,0.06639319658279419,0.0231495201587677,0.75,0.75,0.018361076712608337,-0.6144851446151733
2026-08-15_22-10-02,/home/as22cq/Projects/Policy-RL-Peg_insertion/force_peg_rl/logs/rl_games/Forge/2026-08-15_22-10-02/nn/Forge.pth,0,nominal,1002,False,timeout,149,19.87060546875,0.1570349782705307,9.843594551086426,2.0715792179107666,0.22500000894069672,0.09053955972194672,0.14273978769779205,0.017960816621780396,0.75,0.75,0.024453148245811462,-0.4762102961540222
2026-08-15_22-10-02,/home/as22cq/Projects/Policy-RL-Peg_insertion/force_peg_rl/logs/rl_games/Forge/2026-08-15_22-10-02/nn/Forge.pth,0,nominal,1002,False,timeout,149,38.22901916503906,0.03850022703409195,6.010041236877441,1.360750675201416,0.0,0.014367219060659409,0.7054478526115417,0.019579095765948296,0.75,0.75,0.020004894584417343,0.5039832592010498
2026-08-15_22-10-02,/home/as22cq/Projects/Policy-RL-Peg_insertion/force_peg_rl/logs/rl_games/Forge/2026-08-15_22-10-02/nn/Forge.pth,0,nominal,1002,False,timeout,149,25.90958595275879,0.059150125831365585,8.993875503540039,3.133924961090088,0.40833336114883423,0.017588451504707336,0.5214534401893616,0.015213627368211746,0.75,0.75,0.019050033763051033,-0.4809843897819519
2026-08-15_22-10-02,/home/as22cq/Projects/Policy-RL-Peg_insertion/force_peg_rl/logs/rl_games/Forge/2026-08-15_22-10-02/nn/Forge.pth,0,nominal,1002,False,timeout,149,40.00323486328125,0.0691312775015831,4.644343852996826,0.4328261613845825,0.0,0.037008628249168396,0.45312681794166565,0.02348879724740982,0.75,0.75,0.009959964081645012,0.6031556725502014
2026-08-15_22-10-02,/home/as22cq/Projects/Policy-RL-Peg_insertion/force_peg_rl/logs/rl_games/Forge/2026-08-15_22-10-02/nn/Forge.pth,0,nominal,1002,False,timeout,149,38.205326080322266,0.04923069104552269,5.8542866706848145,1.0763646364212036,0.0,0.023272892460227013,0.5215150713920593,0.018472418189048767,0.75,0.75,0.021738998591899872,0.2531190812587738
2026-08-15_22-10-02,/home/as22cq/Projects/Policy-RL-Peg_insertion/force_peg_rl/logs/rl_games/Forge/2026-08-15_22-10-02/nn/Forge.pth,0,nominal,1002,False,timeout,149,37.80961608886719,0.008626770228147507,5.6152544021606445,0.7878518104553223,0.0,0.025521637871861458,1.0580772161483765,0.01925172284245491,0.75,0.75,0.00961276050657034,0.052236493676900864
2026-08-15_22-10-02,/home/as22cq/Projects/Policy-RL-Peg_insertion/force_peg_rl/logs/rl_games/Forge/2026-08-15_22-10-02/nn/Forge.pth,0,nominal,1002,False,timeout,149,41.748207092285156,-0.0006411373615264893,5.836802005767822,0.8692665100097656,0.0,0.02763509377837181,1.0338397026062012,0.019380442798137665,0.75,0.75,0.016822820529341698,0.6261430382728577
2026-08-15_22-10-02,/home/as22cq/Projects/Policy-RL-Peg_insertion/force_peg_rl/logs/rl_games/Forge/2026-08-15_22-10-02/nn/Forge.pth,0,nominal,1002,False,timeout,149,29.660186767578125,0.15232451260089874,1.3622511625289917,0.07519567757844925,0.0,0.13387992978096008,0.10730679333209991,0.016794543713331223,0.75,0.75,0.018017223104834557,0.46408531069755554
2026-08-15_22-10-02,/home/as22cq/Projects/Policy-RL-Peg_insertion/force_peg_rl/logs/rl_games/Forge/2026-08-15_22-10-02/nn/Forge.pth,0,nominal,1002,False,timeout,149,32.769718170166016,0.09455625712871552,10.361188888549805,1.5475753545761108,0.03333333507180214,0.08960478752851486,0.2116098254919052,0.019242651760578156,0.75,0.75,0.022035354748368263,0.34101155400276184
2026-08-15_22-10-02,/home/as22cq/Projects/Policy-RL-Peg_insertion/force_peg_rl/logs/rl_games/Forge/2026-08-15_22-10-02/nn/Forge.pth,0,nominal,1002,False,timeout,149,36.278236389160156,0.04088834673166275,4.3696513175964355,0.9737285375595093,0.0,0.023886224254965782,0.7295226454734802,0.015795283019542694,0.75,0.75,0.020367883145809174,0.34260889887809753
2026-08-15_22-10-02,/home/as22cq/Projects/Policy-RL-Peg_insertion/force_peg_rl/logs/rl_games/Forge/2026-08-15_22-10-02/nn/Forge.pth,0,nominal,1002,False,timeout,149,42.79474639892578,0.004641320556402206,7.874751091003418,0.6437321901321411,0.008333333767950535,0.01910603605210781,1.177544355392456,0.019948218017816544,0.75,0.75,0.016364311799407005,-0.2797790467739105
2026-08-15_22-10-02,/home/as22cq/Projects/Policy-RL-Peg_insertion/force_peg_rl/logs/rl_games/Forge/2026-08-15_22-10-02/nn/Forge.pth,0,nominal,1002,False,timeout,149,37.28739547729492,0.010975781828165054,8.291460990905762,1.4345436096191406,0.05833333730697632,0.016743076965212822,0.5827232599258423,0.01647849753499031,0.75,0.75,0.012738442979753017,0.524593710899353
2026-08-15_22-10-02,/home/as22cq/Projects/Policy-RL-Peg_insertion/force_peg_rl/logs/rl_games/Forge/2026-08-15_22-10-02/nn/Forge.pth,0,nominal,1002,False,timeout,149,37.59444808959961,0.04434982314705849,5.996796607971191,1.6843605041503906,0.0,0.026617642492055893,0.6896717548370361,0.022872261703014374,0.75,0.75,0.0053299725987017155,0.7188141345977783
