run_id,checkpoint,training_seed,evaluation_suite,episode_seed,success,termination_reason,episode_steps,episode_return,final_insertion_depth,max_contact_force,mean_contact_force,force_above_threshold_duration,lateral_error_final,orientation_error_final,peg_mass,peg_friction,socket_friction,initial_xy_offset,initial_orientation_error
2026-08-15_22-26-44,/home/as22cq/Projects/Policy-RL-Peg_insertion/force_peg_rl/logs/rl_games/Forge/2026-08-15_22-26-44/nn/Forge.pth,1,nominal,1000,True,success,149,84.72777557373047,0.00019724667072296143,16.203044891357422,7.290384769439697,0.6666666865348816,0.0008271981496363878,-0.42364072799682617,0.023561738431453705,0.75,0.75,0.01671551913022995,0.7032023668289185
2026-08-15_22-26-44,/home/as22cq/Projects/Policy-RL-Peg_insertion/force_peg_rl/logs/rl_games/Forge/2026-08-15_22-26-44/nn/Forge.pth,1,nominal,1000,True,success,149,243.8347930908203,0.00012944266200065613,8.653115272521973,2.8648271560668945,0.01666666753590107,0.0005204443586990237,-0.8206906318664551,0.017124135047197342,0.75,0.75,0.008148709312081337,0.36910954117774963
2026-08-15_22-26-44,/home/as22cq/Projects/Policy-RL-Peg_insertion/force_peg_rl/logs/rl_games/Forge/2026-08-15_22-26-44/nn/Forge.pth,1,nominal,1000,False,timeout,149,-5.176537036895752,0.06348550319671631,12.945149421691895,3.435600996017456,0.2666666805744171,0.07242068648338318,1.1370257139205933,0.014178655110299587,0.75,0.75,0.023647740483283997,0.1123204231262207
2026-08-15_22-26-44,/home/as22cq/Projects/Policy-RL-Peg_insertion/force_peg_rl/logs/rl_games/Forge/2026-08-15_22-26-44/nn/Forge.pth,1,nominal,1000,False,timeout,149,85.60645294189453,0.07078757882118225,13.861001968383789,4.648463249206543,0.24166667461395264,0.06738357245922089,-1.3102223873138428,0.014822219498455524,0.75,0.75,0.014952776953577995,-0.2009725421667099
2026-08-15_22-26-44,/home/as22cq/Projects/Policy-RL-Peg_insertion/force_peg_rl/logs/rl_games/Forge/2026-08-15_22-26-44/nn/Forge.pth,1,nominal,1000,True,success,149,293.1593933105469,0.0003472939133644104,11.982439041137695,3.588986873626709,0.2083333432674408,0.0008035626378841698,-0.12199648469686508,0.015191162936389446,0.75,0.75,0.018248779699206352,0.5954028964042664
2026-08-15_22-26-44,/home/as22cq/Projects/Policy-RL-Peg_insertion/force_peg_rl/logs/rl_games/Forge/2026-08-15_22-26-44/nn/Forge.pth,1,nominal,1000,False,timeout,149,12.812872886657715,0.08194567263126373,7.438863754272461,0.7125802040100098,0.03333333507180214,0.04035487771034241,0.7567149996757507,0.02277202531695366,0.75,0.75,0.018479695543646812,-0.7605499029159546
2026-08-15_22-26-44,/home/as22cq/Projects/Policy-RL-Peg_insertion/force_peg_rl/logs/rl_games/Forge/2026-08-15_22-26-44/nn/Forge.pth,1,nominal,1000,False,timeout,149,76.61920928955078,0.01805144175887108,8.693413734436035,3.1923885345458984,0.0,0.05032174289226532,1.384421706199646,0.01734333485364914,0.75,0.75,0.013883262872695923,-0.4561724364757538
2026-08-15_22-26-44,/home/as22cq/Projects/Policy-RL-Peg_insertion/force_peg_rl/logs/rl_games/Forge/2026-08-15_22-26-44/nn/Forge.pth,1,nominal,1000,False,timeout,149,11.439976692199707,0.08248280733823776,3.9751031398773193,0.20661666989326477,0.0,0.02767820656299591,0.3791675269603729,0.015605839900672436,0.75,0.75,0.021147767081856728,-0.5716313123703003
2026-08-15_22-26-44,/home/as22cq/Projects/Policy-RL-Peg_insertion/force_peg_rl/logs/rl_games/Forge/2026-08-15_22-26-44/nn/Forge.pth,1,nominal,1000,False,timeout,149,13.456498146057129,0.1833745837211609,0.8156657814979553,0.12318509072065353,0.0,0.07329875230789185,-0.08594276756048203,0.01608586497604847,0.75,0.75,0.02124195732176304,0.4941501319408417
2026-08-15_22-26-44,/home/as22cq/Projects/Policy-RL-Peg_insertion/force_peg_rl/logs/rl_games/Forge/2026-08-15_22-26-44/nn/Forge.pth,1,nominal,1000,True,success,149,252.35910034179688,0.00021126214414834976,12.002578735351562,4.486950874328613,0.15000000596046448,0.0007332682725973427,-0.3223017156124115,0.01495019905269146,0.75,0.75,0.019088279455900192,-0.26723089814186096
2026-08-15_22-26-44,/home/as22cq/Projects/Policy-RL-Peg_insertion/force_peg_rl/logs/rl_games/Forge/2026-08-15_22-26-44/nn/Forge.pth,1,nominal,1000,True,success,149,187.02041625976562,0.00018180161714553833,11.81179141998291,6.361049652099609,0.5916666984558105,0.0007373389089480042,-0.3383346498012543,0.018377695232629776,0.75,0.75,0.014740400947630405,0.10799532383680344
2026-08-15_22-26-44,/home/as22cq/Projects/Policy-RL-Peg_insertion/force_peg_rl/logs/rl_games/Forge/2026-08-15_22-26-44/nn/Forge.pth,1,nominal,1000,False,timeout,149,10.173426628112793,0.04255233705043793,12.767016410827637,3.797990083694458,0.30000001192092896,0.027218695729970932,0.9598686695098877,0.022335082292556763,0.75,0.75,0.017694538459181786,0.3291117548942566
2026-08-15_22-26-44,/home/as22cq/Projects/Policy-RL-Peg_insertion/force_peg_rl/logs/rl_games/Forge/2026-08-15_22-26-44/nn/Forge.pth,1,nominal,1000,False,timeout,149,21.070079803466797,0.10597884654998779,1.5768120288848877,0.10343162715435028,0.0,0.07697387039661407,-0.34779486060142517,0.020029595121741295,0.75,0.75,0.015316269360482693,-0.7804366946220398
2026-08-15_22-26-44,/home/as22cq/Projects/Policy-RL-Peg_insertion/force_peg_rl/logs/rl_games/Forge/2026-08-15_22-26-44/nn/Forge.pth,1,nominal,1000,True,success,149,339.5721740722656,0.00036304816603660583,12.667433738708496,2.961591958999634,0.19166667759418488,0.0007372759864665568,-0.1360868513584137,0.021023107692599297,0.75,0.75,0.009634340181946754,-0.2115703970193863
2026-08-15_22-26-44,/home/as22cq/Projects/Policy-RL-Peg_insertion/force_peg_rl/logs/rl_games/Forge/2026-08-15_22-26-44/nn/Forge.pth,1,nominal,1000,False,timeout,149,3.128995180130005,0.05855125933885574,7.116722106933594,0.8263612985610962,0.10000000894069672,0.052398622035980225,1.4314289093017578,0.022172287106513977,0.75,0.75,0.012548491358757019,-0.137803852558136
2026-08-15_22-26-44,/home/as22cq/Projects/Policy-RL-Peg_insertion/force_peg_rl/logs/rl_games/Forge/2026-08-15_22-26-44/nn/Forge.pth,1,nominal,1000,False,timeout,149,14.835676193237305,0.13716591894626617,5.772239685058594,0.38016757369041443,0.0,0.06827686727046967,0.32278281450271606,0.01987394317984581,0.75,0.75,0.022480687126517296,-0.10681559145450592
2026-08-15_22-26-44,/home/as22cq/Projects/Policy-RL-Peg_insertion/force_peg_rl/logs/rl_games/Forge/2026-08-15_22-26-44/nn/Forge.pth,1,nominal,1000,False,timeout,149,2.9656763076782227,0.06349080055952072,11.933728218078613,1.4982243776321411,0.09166666865348816,0.059082869440317154,1.4544838666915894,0.016976987943053246,0.75,0.75,0.017675256356596947,0.7056381702423096
2026-08-15_22-26-44,/home/as22cq/Projects/Policy-RL-Peg_insertion/force_peg_rl/logs/rl_games/Forge/2026-08-15_22-26-44/nn/Forge.pth,1,nominal,1000,True,success,149,325.76483154296875,0.0004687011241912842,7.307143688201904,2.553515911102295,0.0,0.0006017685518600047,-0.25884270668029785,0.023760249838232994,0.75,0.75,0.020208759233355522,0.34764203429222107
2026-08-15_22-26-44,/home/as22cq/Projects/Policy-RL-Peg_insertion/force_peg_rl/logs/rl_games/Forge/2026-08-15_22-26-44/nn/Forge.pth,1,nominal,1000,False,timeout,149,73.88274383544922,0.06210589036345482,15.38793659210205,2.5200419425964355,0.0833333358168602,0.04868141934275627,1.0080565214157104,0.016569796949625015,0.75,0.75,0.015312105417251587,0.7492011189460754
2026-08-15_22-26-44,/home/as22cq/Projects/Policy-RL-Peg_insertion/force_peg_rl/logs/rl_games/Forge/2026-08-15_22-26-44/nn/Forge.pth,1,nominal,1000,False,timeout,149,10.68465805053711,0.07166086882352829,4.033815383911133,0.35044217109680176,0.0,0.06265296787023544,0.9399259090423584,0.015117974020540714,0.75,0.75,0.02137409895658493,0.21661613881587982
2026-08-15_22-26-44,/home/as22cq/Projects/Policy-RL-Peg_insertion/force_peg_rl/logs/rl_games/Forge/2026-08-15_22-26-44/nn/Forge.pth,1,nominal,1000,False,timeout,149,11.01554012298584,0.08260494470596313,8.101758003234863,1.064521312713623,0.008333333767950535,0.04758898913860321,0.6765640377998352,0.014010193757712841,0.75,0.75,0.015321405604481697,-0.5128018260002136
2026-08-15_22-26-44,/home/as22cq/Projects/Policy-RL-Peg_insertion/force_peg_rl/logs/rl_games/Forge/2026-08-15_22-26-44/nn/Forge.pth,1,nominal,1000,False,timeout,149,13.238808631896973,0.08041991293430328,3.9839887619018555,0.1546044498682022,0.0,0.0645124688744545,0.046639103442430496,0.02174752950668335,0.75,0.75,0.02025887742638588,-0.6327519416809082
2026-08-15_22-26-44,/home/as22cq/Projects/Policy-RL-Peg_insertion/force_peg_rl/logs/rl_games/Forge/2026-08-15_22-26-44/nn/Forge.pth,1,nominal,1000,False,timeout,149,39.49333190917969,0.14736396074295044,8.612546920776367,0.7754129767417908,0.008333333767950535,0.04265918955206871,0.22528141736984253,0.017311863601207733,0.75,0.75,0.007682320196181536,-0.4939928650856018
2026-08-15_22-26-44,/home/as22cq/Projects/Policy-RL-Peg_insertion/force_peg_rl/logs/rl_games/Forge/2026-08-15_22-26-44/nn/Forge.pth,1,nominal,1000,False,timeout,149,4.065267086029053,0.09011943638324738,5.201180934906006,0.18981178104877472,0.0,0.024297015741467476,0.635484516620636,0.020803755149245262,0.75,0.75,0.018430469557642937,0.4884280562400818
2026-08-15_22-26-44,/home/as22cq/Projects/Policy-RL-Peg_insertion/force_peg_rl/logs/rl_games/Forge/2026-08-15_22-26-44/nn/Forge.pth,1,nominal,1000,True,success,149,232.05523681640625,0.00013471394777297974,14.505305290222168,3.0953736305236816,0.25833335518836975,0.0005214749835431576,-0.8933453559875488,0.015124655328691006,0.75,0.75,0.01683112047612667,0.37920117378234863
2026-08-15_22-26-44,/home/as22cq/Projects/Policy-RL-Peg_insertion/force_peg_rl/logs/rl_games/Forge/2026-08-15_22-26-44/nn/Forge.pth,1,nominal,1000,True,success,149,170.6181182861328,0.00018248334527015686,12.543801307678223,6.437981128692627,0.491666704416275,0.00075876823393628,-0.12917496263980865,0.01879996247589588,0.75,0.75,0.00936125684529543,0.27571365237236023
2026-08-15_22-26-44,/home/as22cq/Projects/Policy-RL-Peg_insertion/force_peg_rl/logs/rl_games/Forge/2026-08-15_22-26-44/nn/Forge.pth,1,nominal,1000,False,timeout,149,9.651105880737305,0.07084120810031891,15.436136245727539,1.5459040403366089,0.07500000298023224,0.04859331250190735,0.19998466968536377,0.015738019719719887,0.75,0.75,0.013880397193133831,0.12686221301555634
2026-08-15_22-26-44,/home/as22cq/Projects/Policy-RL-Peg_insertion/force_peg_rl/logs/rl_games/Forge/2026-08-15_22-26-44/nn/Forge.pth,1,nominal,1000,True,success,149,376.30712890625,0.0004601776599884033,14.309768676757812,2.770382881164551,0.18333333730697632,0.0006686292472295463,-0.723940372467041,0.019555186852812767,0.75,0.75,0.008305797353386879,0.0697137787938118
2026-08-15_22-26-44,/home/as22cq/Projects/Policy-RL-Peg_insertion/force_peg_rl/logs/rl_games/Forge/2026-08-15_22-26-44/nn/Forge.pth,1,nominal,1000,False,timeout,149,14.062554359436035,0.09259144961833954,11.009997367858887,0.46449360251426697,0.008333333767950535,0.027681127190589905,0.37815991044044495,0.02124733291566372,0.75,0.75,0.007223862688988447,-0.6261898875236511
2026-08-15_22-26-44,/home/as22cq/Projects/Policy-RL-Peg_insertion/force_peg_rl/logs/rl_games/Forge/2026-08-15_22-26-44/nn/Forge.pth,1,nominal,1000,False,timeout,149,30.057477951049805,0.09318672865629196,5.7009735107421875,0.8267052173614502,0.0,0.05994236096739769,0.20889699459075928,0.01970910094678402,0.75,0.75,0.007939568720757961,-0.4622341990470886
2026-08-15_22-26-44,/home/as22cq/Projects/Policy-RL-Peg_insertion/force_peg_rl/logs/rl_games/Forge/2026-08-15_22-26-44/nn/Forge.pth,1,nominal,1000,False,timeout,149,4.376336574554443,0.07179932296276093,6.9887518882751465,0.8222668766975403,0.0,0.11059235781431198,1.1918587684631348,0.02351207286119461,0.75,0.75,0.01979965902864933,0.24725523591041565
2026-08-15_22-26-44,/home/as22cq/Projects/Policy-RL-Peg_insertion/force_peg_rl/logs/rl_games/Forge/2026-08-15_22-26-44/nn/Forge.pth,1,nominal,1000,False,timeout,149,4.387876033782959,0.06421593576669693,5.110551357269287,0.4335978031158447,0.0,0.06934057176113129,2.3039605617523193,0.01648496463894844,0.75,0.75,0.017878403887152672,0.7256836891174316
2026-08-15_22-26-44,/home/as22cq/Projects/Policy-RL-Peg_insertion/force_peg_rl/logs/rl_games/Forge/2026-08-15_22-26-44/nn/Forge.pth,1,nominal,1000,False,timeout,149,9.043838500976562,0.0990525335073471,15.79826831817627,1.529883623123169,0.07500000298023224,0.050074778497219086,0.21683531999588013,0.01584630087018013,0.75,0.75,0.011824360117316246,-0.6743318438529968
2026-08-15_22-26-44,/home/as22cq/Projects/Policy-RL-Peg_insertion/force_peg_rl/logs/rl_games/Forge/2026-08-15_22-26-44/nn/Forge.pth,1,nominal,1000,True,success,149,204.2816925048828,0.0003877021372318268,12.164556503295898,5.454810619354248,0.5166667103767395,0.0007330471999011934,-0.338119775056839,0.022326525300741196,0.75,0.75,0.018539348617196083,0.5196216702461243
2026-08-15_22-26-44,/home/as22cq/Projects/Policy-RL-Peg_insertion/force_peg_rl/logs/rl_games/Forge/2026-08-15_22-26-44/nn/Forge.pth,1,nominal,1000,False,timeout,149,1.608901858329773,-0.00011383369565010071,14.667083740234375,2.068666458129883,0.13333334028720856,0.0484471321105957,1.9256970882415771,0.023398861289024353,0.75,0.75,0.017740091308951378,0.14715668559074402
2026-08-15_22-26-44,/home/as22cq/Projects/Policy-RL-Peg_insertion/force_peg_rl/logs/rl_games/Forge/2026-08-15_22-26-44/nn/Forge.pth,1,nominal,1000,True,success,149,342.0301513671875,0.0006696693599224091,7.6884989738464355,2.8803727626800537,0.0,0.0005312507855705917,-1.0077650547027588,0.02174619771540165,0.75,0.75,0.021507401019334793,0.24911685287952423
2026-08-15_22-26-44,/home/as22cq/Projects/Policy-RL-Peg_insertion/force_peg_rl/logs/rl_games/Forge/2026-08-15_22-26-44/nn/Forge.pth,1,nominal,1000,True,success,149,266.820556640625,0.0002881195396184921,9.230472564697266,3.9299800395965576,0.32500001788139343,0.0005253625568002462,-0.7099537253379822,0.01563699170947075,0.75,0.75,0.0176797304302454,0.26284798979759216
2026-08-15_22-26-44,/home/as22cq/Projects/Policy-RL-Peg_insertion/force_peg_rl/logs/rl_games/Forge/2026-08-15_22-26-44/nn/Forge.pth,1,nominal,1000,False,timeout,149,5.860350608825684,0.06095306947827339,2.1156437397003174,0.14515258371829987,0.0,0.06884986162185669,2.111050605773926,0.01573294587433338,0.75,0.75,0.02198193036019802,0.6111094951629639
2026-08-15_22-26-44,/home/as22cq/Projects/Policy-RL-Peg_insertion/force_peg_rl/logs/rl_games/Forge/2026-08-15_22-26-44/nn/Forge.pth,1,nominal,1000,True,success,149,146.30572509765625,0.0006986893713474274,13.873083114624023,7.259485244750977,0.46666669845581055,0.0008228585938923061,-0.2150636464357376,0.014003502205014229,0.75,0.75,0.012955267913639545,-0.5995081067085266
2026-08-15_22-26-44,/home/as22cq/Projects/Policy-RL-Peg_insertion/force_peg_rl/logs/rl_games/Forge/2026-08-15_22-26-44/nn/Forge.pth,1,nominal,1000,True,success,149,351.4132385253906,0.00041802600026130676,7.266902446746826,2.5403666496276855,0.09166666865348816,0.0005307522951625288,-0.789251446723938,0.02039811573922634,0.75,0.75,0.005036104936152697,0.553692102432251
2026-08-15_22-26-44,/home/as22cq/Projects/Policy-RL-Peg_insertion/force_peg_rl/logs/rl_games/Forge/2026-08-15_22-26-44/nn/Forge.pth,1,nominal,1000,True,success,149,367.39678955078125,0.00035300105810165405,17.415203094482422,3.6413233280181885,0.17500001192092896,0.0008260197355411947,-0.11682473868131638,0.020300574600696564,0.75,0.75,0.00431095901876688,-0.09634539484977722
2026-08-15_22-26-44,/home/as22cq/Projects/Policy-RL-Peg_insertion/force_peg_rl/logs/rl_games/Forge/2026-08-15_22-26-44/nn/Forge.pth,1,nominal,1000,True,success,149,359.7994384765625,0.00047957152128219604,11.1664400100708,3.1684958934783936,0.05000000447034836,0.0006311510223895311,-0.42437565326690674,0.016163671389222145,0.75,0.75,0.00822652317583561,0.26826703548431396
2026-08-15_22-26-44,/home/as22cq/Projects/Policy-RL-Peg_insertion/force_peg_rl/logs/rl_games/Forge/2026-08-15_22-26-44/nn/Forge.pth,1,nominal,1000,False,timeout,149,36.3350715637207,0.12478475272655487,7.350063800811768,0.6388049721717834,0.0,0.07094932347536087,0.141092911362648,0.017122630029916763,0.75,0.75,0.018836958333849907,-0.18231983482837677
2026-08-15_22-26-44,/home/as22cq/Projects/Policy-RL-Peg_insertion/force_peg_rl/logs/rl_games/Forge/2026-08-15_22-26-44/nn/Forge.pth,1,nominal,1000,False,timeout,149,12.059120178222656,0.07391869276762009,6.263711929321289,0.4985043406486511,0.0,0.05583507567644119,0.2054097205400467,0.014354829676449299,0.75,0.75,0.017511136829853058,-0.36224284768104553
2026-08-15_22-26-44,/home/as22cq/Projects/Policy-RL-Peg_insertion/force_peg_rl/logs/rl_games/Forge/2026-08-15_22-26-44/nn/Forge.pth,1,nominal,1000,False,timeout,149,15.477344512939453,0.12793932855129242,5.895198345184326,0.2999962866306305,0.0,0.07446041703224182,0.14170335233211517,0.01863621547818184,0.75,0.75,0.006828145124018192,-0.2768303155899048
2026-08-15_22-26-44,/home/as22cq/Projects/Policy-RL-Peg_insertion/force_peg_rl/logs/rl_games/Forge/2026-08-15_22-26-44/nn/Forge.pth,1,nominal,1000,False,timeout,149,10.645134925842285,0.0777096301317215,4.693652153015137,0.3966194689273834,0.0,0.019496217370033264,0.5249308943748474,0.018752261996269226,0.75,0.75,0.016032904386520386,-0.5150390267372131
2026-08-15_22-26-44,/home/as22cq/Projects/Policy-RL-Peg_insertion/force_peg_rl/logs/rl_games/Forge/2026-08-15_22-26-44/nn/Forge.pth,1,nominal,1000,False,timeout,149,66.36969757080078,-0.00048226863145828247,9.789031028747559,1.8583850860595703,0.02500000223517418,0.06285598874092102,1.5059689283370972,0.015378267504274845,0.75,0.75,0.00031635010964237154,-0.4822777211666107
2026-08-15_22-26-44,/home/as22cq/Projects/Policy-RL-Peg_insertion/force_peg_rl/logs/rl_games/Forge/2026-08-15_22-26-44/nn/Forge.pth,1,nominal,1000,False,timeout,149,-2.5295352935791016,0.08834569156169891,11.010950088500977,1.9452649354934692,0.20000001788139343,0.022489193826913834,0.3932764530181885,0.014141926541924477,0.75,0.75,0.006866457872092724,-0.336221307516098
2026-08-15_22-26-44,/home/as22cq/Projects/Policy-RL-Peg_insertion/force_peg_rl/logs/rl_games/Forge/2026-08-15_22-26-44/nn/Forge.pth,1,nominal,1000,False,timeout,149,5.796919822692871,0.11615709960460663,14.070343017578125,3.420612096786499,0.3916666805744171,0.085649274289608,-1.556127667427063,0.018745511770248413,0.75,0.75,0.024047987535595894,0.6444141268730164
2026-08-15_22-26-44,/home/as22cq/Projects/Policy-RL-Peg_insertion/force_peg_rl/logs/rl_games/Forge/2026-08-15_22-26-44/nn/Forge.pth,1,nominal,1000,False,timeout,149,10.58635425567627,0.109786257147789,1.8650294542312622,0.13826635479927063,0.0,0.05299820005893707,0.2903224229812622,0.0173479113727808,0.75,0.75,0.009062601253390312,-0.15511783957481384
2026-08-15_22-26-44,/home/as22cq/Projects/Policy-RL-Peg_insertion/force_peg_rl/logs/rl_games/Forge/2026-08-15_22-26-44/nn/Forge.pth,1,nominal,1000,False,timeout,149,8.968567848205566,0.08918657898902893,8.678305625915527,0.42857998609542847,0.0,0.025682102888822556,0.6823296546936035,0.01403332781046629,0.75,0.75,0.005143217276781797,-0.5621067881584167
2026-08-15_22-26-44,/home/as22cq/Projects/Policy-RL-Peg_insertion/force_peg_rl/logs/rl_games/Forge/2026-08-15_22-26-44/nn/Forge.pth,1,nominal,1000,False,timeout,149,51.820945739746094,0.06189846247434616,10.580219268798828,2.3084301948547363,0.02500000223517418,0.05764392018318176,0.9101119041442871,0.018756166100502014,0.75,0.75,0.010409687645733356,0.5376743078231812
2026-08-15_22-26-44,/home/as22cq/Projects/Policy-RL-Peg_insertion/force_peg_rl/logs/rl_games/Forge/2026-08-15_22-26-44/nn/Forge.pth,1,nominal,1000,True,success,149,310.56964111328125,0.0009956210851669312,17.402280807495117,5.719821929931641,0.20000001788139343,0.0007967107812874019,-0.5924374461174011,0.02340727485716343,0.75,0.75,0.01523620169609785,-0.31428906321525574
2026-08-15_22-26-44,/home/as22cq/Projects/Policy-RL-Peg_insertion/force_peg_rl/logs/rl_games/Forge/2026-08-15_22-26-44/nn/Forge.pth,1,nominal,1000,False,timeout,149,14.674664497375488,0.24020430445671082,6.035207271575928,1.5854301452636719,0.0,0.07852047681808472,0.16141295433044434,0.022075120359659195,0.75,0.75,0.018452828750014305,-0.513257622718811
2026-08-15_22-26-44,/home/as22cq/Projects/Policy-RL-Peg_insertion/force_peg_rl/logs/rl_games/Forge/2026-08-15_22-26-44/nn/Forge.pth,1,nominal,1000,True,success,149,307.7825012207031,0.00021778792142868042,11.723898887634277,3.123077392578125,0.10000000894069672,0.0007427471573464572,-0.207014262676239,0.015387878753244877,0.75,0.75,0.0012650977587327361,0.562414288520813
2026-08-15_22-26-44,/home/as22cq/Projects/Policy-RL-Peg_insertion/force_peg_rl/logs/rl_games/Forge/2026-08-15_22-26-44/nn/Forge.pth,1,nominal,1000,False,timeout,149,7.926653861999512,0.06483558565378189,9.053207397460938,0.7561554908752441,0.008333333767950535,0.05787141993641853,1.6668893098831177,0.022252220660448074,0.75,0.75,0.016547856852412224,0.2977694571018219
2026-08-15_22-26-44,/home/as22cq/Projects/Policy-RL-Peg_insertion/force_peg_rl/logs/rl_games/Forge/2026-08-15_22-26-44/nn/Forge.pth,1,nominal,1000,False,timeout,149,25.976003646850586,0.06298328936100006,8.793426513671875,1.2464388608932495,0.0,0.08470996469259262,0.769952654838562,0.016298748552799225,0.75,0.75,0.010977409780025482,-0.5985468029975891
2026-08-15_22-26-44,/home/as22cq/Projects/Policy-RL-Peg_insertion/force_peg_rl/logs/rl_games/Forge/2026-08-15_22-26-44/nn/Forge.pth,1,nominal,1000,False,timeout,149,27.428871154785156,0.1117682158946991,5.551126003265381,0.7037275433540344,0.0,0.061183854937553406,0.14551717042922974,0.015881797298789024,0.75,0.75,0.001004559569992125,-0.3111740052700043
2026-08-15_22-26-44,/home/as22cq/Projects/Policy-RL-Peg_insertion/force_peg_rl/logs/rl_games/Forge/2026-08-15_22-26-44/nn/Forge.pth,1,nominal,1000,True,success,149,336.1559143066406,0.00021357089281082153,13.907641410827637,4.484792232513428,0.18333333730697632,0.0007701583090238273,-0.3014734089374542,0.020506881177425385,0.75,0.75,0.0052452669478952885,0.23343375325202942
2026-08-15_22-26-44,/home/as22cq/Projects/Policy-RL-Peg_insertion/force_peg_rl/logs/rl_games/Forge/2026-08-15_22-26-44/nn/Forge.pth,1,nominal,1000,False,timeout,149,5.747959613800049,0.06609892845153809,11.619309425354004,1.0604166984558105,0.06666667014360428,0.04110902547836304,1.1371692419052124,0.02275972068309784,0.75,0.75,0.023412443697452545,-0.6498783230781555
2026-08-15_22-26-44,/home/as22cq/Projects/Policy-RL-Peg_insertion/force_peg_rl/logs/rl_games/Forge/2026-08-15_22-26-44/nn/Forge.pth,1,nominal,1000,False,timeout,149,14.694084167480469,0.11239287257194519,0.3697771430015564,0.05273567885160446,0.0,0.06202266737818718,0.13281956315040588,0.01545441523194313,0.75,0.75,0.019387586042284966,-0.5489272475242615
2026-08-15_22-26-44,/home/as22cq/Projects/Policy-RL-Peg_insertion/force_peg_rl/logs/rl_games/Forge/2026-08-15_22-26-44/nn/Forge.pth,1,nominal,1000,True,success,149,367.06243896484375,0.0008398555219173431,12.880599021911621,2.763742446899414,0.0416666679084301,0.0007666627061553299,-0.15945899486541748,0.015694985166192055,0.75,0.75,0.016368405893445015,0.5531549453735352
2026-08-15_22-26-44,/home/as22cq/Projects/Policy-RL-Peg_insertion/force_peg_rl/logs/rl_games/Forge/2026-08-15_22-26-44/nn/Forge.pth,1,nominal,1000,True,success,149,251.95330810546875,0.00012526661157608032,12.13298225402832,4.1862473487854,0.25833335518836975,0.00038330708048306406,-0.20158518850803375,0.016468822956085205,0.75,0.75,0.016171017661690712,0.044991713017225266
2026-08-15_22-26-44,/home/as22cq/Projects/Policy-RL-Peg_insertion/force_peg_rl/logs/rl_games/Forge/2026-08-15_22-26-44/nn/Forge.pth,1,nominal,1000,False,timeout,149,10.682677268981934,0.057562205940485,6.095661640167236,0.5160065293312073,0.0,0.0656898245215416,1.9450451135635376,0.019007405266165733,0.75,0.75,0.016064055263996124,0.47414377331733704
2026-08-15_22-26-44,/home/as22cq/Projects/Policy-RL-Peg_insertion/force_peg_rl/logs/rl_games/Forge/2026-08-15_22-26-44/nn/Forge.pth,1,nominal,1000,False,timeout,149,-3.299302339553833,0.025368746370077133,10.573362350463867,7.617462635040283,0.2916666865348816,0.0035155697260051966,0.6192331910133362,0.018118543550372124,0.75,0.75,0.01802942156791687,0.7498461008071899
2026-08-15_22-26-44,/home/as22cq/Projects/Policy-RL-Peg_insertion/force_peg_rl/logs/rl_games/Forge/2026-08-15_22-26-44/nn/Forge.pth,1,nominal,1000,False,timeout,149,-124.6039047241211,0.08457326889038086,19.775251388549805,4.9089579582214355,0.40833336114883423,0.009511935524642467,-1.0701584815979004,0.01966632716357708,0.75,0.75,0.007557578384876251,-0.09815933555364609
2026-08-15_22-26-44,/home/as22cq/Projects/Policy-RL-Peg_insertion/force_peg_rl/logs/rl_games/Forge/2026-08-15_22-26-44/nn/Forge.pth,1,nominal,1000,False,timeout,149,-1.9793336391448975,0.07253126800060272,0.1815985143184662,0.032886724919080734,0.0,0.07004085183143616,1.0265233516693115,0.023308061063289642,0.75,0.75,0.012412076815962791,-0.5530489087104797
2026-08-15_22-26-44,/home/as22cq/Projects/Policy-RL-Peg_insertion/force_peg_rl/logs/rl_games/Forge/2026-08-15_22-26-44/nn/Forge.pth,1,nominal,1000,False,timeout,149,0.47645092010498047,0.06978701055049896,0.27607107162475586,0.04284777492284775,0.0,0.05615244805812836,0.8644665479660034,0.0215561892837286,0.75,0.75,0.01169957872480154,0.7156596779823303
2026-08-15_22-26-44,/home/as22cq/Projects/Policy-RL-Peg_insertion/force_peg_rl/logs/rl_games/Forge/2026-08-15_22-26-44/nn/Forge.pth,1,nominal,1000,False,timeout,149,-1.3724799156188965,0.07717548310756683,4.447999954223633,0.19476273655891418,0.0,0.06864828616380692,0.023807382211089134,0.020947342738509178,0.75,0.75,0.014580048620700836,-0.5432584285736084
2026-08-15_22-26-44,/home/as22cq/Projects/Policy-RL-Peg_insertion/force_peg_rl/logs/rl_games/Forge/2026-08-15_22-26-44/nn/Forge.pth,1,nominal,1000,False,timeout,149,7.854224681854248,0.20338331162929535,0.9511167407035828,0.11721666157245636,0.0,0.079083152115345,0.1514580398797989,0.01947927102446556,0.75,0.75,0.020112982019782066,-0.3255522549152374
2026-08-15_22-26-44,/home/as22cq/Projects/Policy-RL-Peg_insertion/force_peg_rl/logs/rl_games/Forge/2026-08-15_22-26-44/nn/Forge.pth,1,nominal,1000,False,timeout,149,-3.71909236907959,0.11177383363246918,4.973977088928223,0.10220243781805038,0.0,0.058590199798345566,0.31775516271591187,0.023776449263095856,0.75,0.75,0.008903895504772663,-0.46175509691238403
2026-08-15_22-26-44,/home/as22cq/Projects/Policy-RL-Peg_insertion/force_peg_rl/logs/rl_games/Forge/2026-08-15_22-26-44/nn/Forge.pth,1,nominal,1000,False,timeout,149,-1.4306747913360596,0.07044674456119537,0.3385781943798065,0.05970556288957596,0.0,0.025884952396154404,0.895073413848877,0.020117316395044327,0.75,0.75,0.010707366280257702,-0.48739689588546753
2026-08-15_22-26-44,/home/as22cq/Projects/Policy-RL-Peg_insertion/force_peg_rl/logs/rl_games/Forge/2026-08-15_22-26-44/nn/Forge.pth,1,nominal,1000,False,timeout,149,22.99983787536621,0.11311830580234528,0.5008396506309509,0.08144275099039078,0.0,0.06906585395336151,-0.16114027798175812,0.020863723009824753,0.75,0.75,0.021311189979314804,0.07904361933469772
2026-08-15_22-26-44,/home/as22cq/Projects/Policy-RL-Peg_insertion/force_peg_rl/logs/rl_games/Forge/2026-08-15_22-26-44/nn/Forge.pth,1,nominal,1000,False,timeout,149,1.0609067678451538,0.19818498194217682,6.730855464935303,0.1744658499956131,0.0,0.1573386937379837,-0.1358996033668518,0.018675675615668297,0.75,0.75,0.013937028124928474,-0.2979695796966553
2026-08-15_22-26-44,/home/as22cq/Projects/Policy-RL-Peg_insertion/force_peg_rl/logs/rl_games/Forge/2026-08-15_22-26-44/nn/Forge.pth,1,nominal,1000,False,timeout,149,-0.15237075090408325,0.16800713539123535,0.4628812074661255,0.06974997371435165,0.0,0.1229100450873375,-0.07152463495731354,0.01725655607879162,0.75,0.75,0.020735424011945724,-0.5086582899093628
2026-08-15_22-26-44,/home/as22cq/Projects/Policy-RL-Peg_insertion/force_peg_rl/logs/rl_games/Forge/2026-08-15_22-26-44/nn/Forge.pth,1,nominal,1000,False,timeout,149,-4.767554759979248,0.10967112332582474,7.738311767578125,0.666409969329834,0.03333333507180214,0.12500441074371338,-0.17243635654449463,0.017080988734960556,0.75,0.75,0.02362671308219433,-0.36425384879112244
2026-08-15_22-26-44,/home/as22cq/Projects/Policy-RL-Peg_insertion/force_peg_rl/logs/rl_games/Forge/2026-08-15_22-26-44/nn/Forge.pth,1,nominal,1000,False,timeout,149,10.82099723815918,0.09680715203285217,0.3327929377555847,0.03868774324655533,0.0,0.026492521166801453,0.6155479550361633,0.01959938555955887,0.75,0.75,0.008725802414119244,-0.20728302001953125
2026-08-15_22-26-44,/home/as22cq/Projects/Policy-RL-Peg_insertion/force_peg_rl/logs/rl_games/Forge/2026-08-15_22-26-44/nn/Forge.pth,1,nominal,1000,False,timeout,149,-81.743896484375,0.07387258112430573,24.698162078857422,2.3817105293273926,0.18333333730697632,0.04329395666718483,-1.5060601234436035,0.01676381379365921,0.75,0.75,0.02318117953836918,-0.26434141397476196
2026-08-15_22-26-44,/home/as22cq/Projects/Policy-RL-Peg_insertion/force_peg_rl/logs/rl_games/Forge/2026-08-15_22-26-44/nn/Forge.pth,1,nominal,1000,False,timeout,149,-5.590900897979736,0.07843651622533798,4.584691047668457,0.1546923816204071,0.0,0.04463503882288933,0.7591532468795776,0.018617698922753334,0.75,0.75,0.010049527511000633,-0.43480250239372253
2026-08-15_22-26-44,/home/as22cq/Projects/Policy-RL-Peg_insertion/force_peg_rl/logs/rl_games/Forge/2026-08-15_22-26-44/nn/Forge.pth,1,nominal,1000,False,timeout,149,7.233245372772217,0.11650034785270691,0.3788369596004486,0.05931719020009041,0.0,0.05878325179219246,0.4275970757007599,0.023897871375083923,0.75,0.75,0.018173715099692345,0.13729806244373322
2026-08-15_22-26-44,/home/as22cq/Projects/Policy-RL-Peg_insertion/force_peg_rl/logs/rl_games/Forge/2026-08-15_22-26-44/nn/Forge.pth,1,nominal,1000,False,timeout,149,7.35239315032959,0.11476582288742065,0.5280396342277527,0.07652461528778076,0.0,0.07236277312040329,-0.10513436049222946,0.021812450140714645,0.75,0.75,0.005449702497571707,-0.4867987334728241
2026-08-15_22-26-44,/home/as22cq/Projects/Policy-RL-Peg_insertion/force_peg_rl/logs/rl_games/Forge/2026-08-15_22-26-44/nn/Forge.pth,1,nominal,1000,False,timeout,149,-59.91276931762695,0.032269615679979324,3.009838581085205,0.6175932288169861,0.0,0.01839083433151245,-0.917702853679657,0.02134937047958374,0.75,0.75,0.020930200815200806,0.7350996732711792
2026-08-15_22-26-44,/home/as22cq/Projects/Policy-RL-Peg_insertion/force_peg_rl/logs/rl_games/Forge/2026-08-15_22-26-44/nn/Forge.pth,1,nominal,1000,False,timeout,149,-4.11647891998291,0.05365996062755585,3.828779697418213,0.13780318200588226,0.0,0.07163408398628235,1.7147833108901978,0.021089788526296616,0.75,0.75,0.012755047529935837,-0.14591597020626068
2026-08-15_22-26-44,/home/as22cq/Projects/Policy-RL-Peg_insertion/force_peg_rl/logs/rl_games/Forge/2026-08-15_22-26-44/nn/Forge.pth,1,nominal,1000,False,timeout,149,13.463419914245605,0.17152170836925507,0.9693773984909058,0.16396674513816833,0.0,0.07649946957826614,-0.19554167985916138,0.018257219344377518,0.75,0.75,0.01698097214102745,-0.5630594491958618
2026-08-15_22-26-44,/home/as22cq/Projects/Policy-RL-Peg_insertion/force_peg_rl/logs/rl_games/Forge/2026-08-15_22-26-44/nn/Forge.pth,1,nominal,1000,False,timeout,149,-0.6015437841415405,0.0936426967382431,0.4182601273059845,0.10491863638162613,0.0,0.0359758660197258,0.6275712847709656,0.02389443665742874,0.75,0.75,0.008508238010108471,-0.09283413738012314
2026-08-15_22-26-44,/home/as22cq/Projects/Policy-RL-Peg_insertion/force_peg_rl/logs/rl_games/Forge/2026-08-15_22-26-44/nn/Forge.pth,1,nominal,1000,False,timeout,149,2.393768787384033,0.08451639115810394,0.3567318022251129,0.1119135245680809,0.0,0.029899755492806435,0.6567341089248657,0.01434275507926941,0.75,0.75,0.018330039456486702,-0.004009596072137356
2026-08-15_22-26-44,/home/as22cq/Projects/Policy-RL-Peg_insertion/force_peg_rl/logs/rl_games/Forge/2026-08-15_22-26-44/nn/Forge.pth,1,nominal,1000,False,timeout,149,-0.823371410369873,0.04878592491149902,0.460571825504303,0.08251668512821198,0.0,0.07180973887443542,1.8571434020996094,0.01877862587571144,0.75,0.75,0.02176535129547119,0.15468282997608185
2026-08-15_22-26-44,/home/as22cq/Projects/Policy-RL-Peg_insertion/force_peg_rl/logs/rl_games/Forge/2026-08-15_22-26-44/nn/Forge.pth,1,nominal,1000,False,timeout,149,-8.098958015441895,0.0656529888510704,11.682053565979004,1.160899043083191,0.13333334028720856,0.09789345413446426,1.309407353401184,0.021160157397389412,0.75,0.75,0.02139127627015114,0.6004807949066162
2026-08-15_22-26-44,/home/as22cq/Projects/Policy-RL-Peg_insertion/force_peg_rl/logs/rl_games/Forge/2026-08-15_22-26-44/nn/Forge.pth,1,nominal,1000,False,timeout,149,-78.3314437866211,0.08399059623479843,11.016913414001465,2.2297074794769287,0.10000000894069672,0.061766646802425385,-1.4794731140136719,0.023499952629208565,0.75,0.75,0.01928936131298542,0.7430297136306763
2026-08-15_22-26-44,/home/as22cq/Projects/Policy-RL-Peg_insertion/force_peg_rl/logs/rl_games/Forge/2026-08-15_22-26-44/nn/Forge.pth,1,nominal,1000,False,timeout,149,-174.03314208984375,0.06032611057162285,16.043529510498047,7.096094131469727,0.6833333969116211,0.015497777611017227,-0.8730836510658264,0.02208162099123001,0.75,0.75,0.017008619382977486,-0.35491257905960083
2026-08-15_22-26-44,/home/as22cq/Projects/Policy-RL-Peg_insertion/force_peg_rl/logs/rl_games/Forge/2026-08-15_22-26-44/nn/Forge.pth,1,nominal,1000,False,timeout,149,4.390602111816406,0.07544026523828506,0.3353787958621979,0.04576156288385391,0.0,0.023938484489917755,0.5002860426902771,0.019956247881054878,0.75,0.75,0.01755394972860813,0.13986514508724213
2026-08-15_22-26-44,/home/as22cq/Projects/Policy-RL-Peg_insertion/force_peg_rl/logs/rl_games/Forge/2026-08-15_22-26-44/nn/Forge.pth,1,nominal,1000,False,timeout,149,-75.1270980834961,0.21442045271396637,9.878788948059082,4.203207969665527,0.11666667461395264,0.03650394082069397,-0.5857886672019958,0.016296397894620895,0.75,0.75,0.018527429550886154,0.7244347929954529
2026-08-15_22-26-44,/home/as22cq/Projects/Policy-RL-Peg_insertion/force_peg_rl/logs/rl_games/Forge/2026-08-15_22-26-44/nn/Forge.pth,1,nominal,1000,False,timeout,149,-2.1106348037719727,0.05425121262669563,0.6091594099998474,0.08473525196313858,0.0,0.08304052799940109,1.7139153480529785,0.016626736149191856,0.75,0.75,0.01710171066224575,0.7117137908935547
2026-08-15_22-26-44,/home/as22cq/Projects/Policy-RL-Peg_insertion/force_peg_rl/logs/rl_games/Forge/2026-08-15_22-26-44/nn/Forge.pth,1,nominal,1000,False,timeout,149,-18.24623680114746,0.12544751167297363,17.397380828857422,2.794687271118164,0.24166667461395264,0.08800198882818222,-1.3523075580596924,0.020225219428539276,0.75,0.75,0.016017749905586243,0.0034809454809874296
2026-08-15_22-26-44,/home/as22cq/Projects/Policy-RL-Peg_insertion/force_peg_rl/logs/rl_games/Forge/2026-08-15_22-26-44/nn/Forge.pth,1,nominal,1000,False,timeout,149,-0.7078233361244202,0.06895913183689117,0.4957878589630127,0.09031394869089127,0.0,0.028545783832669258,0.4161633551120758,0.015488960780203342,0.75,0.75,0.02502834051847458,-0.7038906216621399
2026-08-15_22-26-44,/home/as22cq/Projects/Policy-RL-Peg_insertion/force_peg_rl/logs/rl_games/Forge/2026-08-15_22-26-44/nn/Forge.pth,1,nominal,1000,False,timeout,149,8.294127464294434,0.1309056133031845,4.325822830200195,0.105091892182827,0.0,0.08379422873258591,-0.12658828496932983,0.022106576710939407,0.75,0.75,0.00516841746866703,-0.4852777123451233
2026-08-15_22-26-44,/home/as22cq/Projects/Policy-RL-Peg_insertion/force_peg_rl/logs/rl_games/Forge/2026-08-15_22-26-44/nn/Forge.pth,1,nominal,1000,False,timeout,149,3.407670021057129,0.07924704998731613,0.3497152030467987,0.12142015248537064,0.0,0.061479344964027405,-0.06414727121591568,0.017006417736411095,0.75,0.75,0.013639906421303749,0.48150819540023804
2026-08-15_22-26-44,/home/as22cq/Projects/Policy-RL-Peg_insertion/force_peg_rl/logs/rl_games/Forge/2026-08-15_22-26-44/nn/Forge.pth,1,nominal,1000,False,timeout,149,-14.029006004333496,0.05866813659667969,3.1711411476135254,0.22597572207450867,0.0,0.043959446251392365,0.811774730682373,0.01710451766848564,0.75,0.75,0.013467268086969852,-0.3489978611469269
2026-08-15_22-26-44,/home/as22cq/Projects/Policy-RL-Peg_insertion/force_peg_rl/logs/rl_games/Forge/2026-08-15_22-26-44/nn/Forge.pth,1,nominal,1000,False,timeout,149,-5.896921157836914,0.06865841150283813,0.6711452603340149,0.12115603685379028,0.0,0.05461140349507332,0.7236508727073669,0.015928983688354492,0.75,0.75,0.02180388756096363,0.42929592728614807
2026-08-15_22-26-44,/home/as22cq/Projects/Policy-RL-Peg_insertion/force_peg_rl/logs/rl_games/Forge/2026-08-15_22-26-44/nn/Forge.pth,1,nominal,1000,False,timeout,149,-71.4729995727539,0.08545804023742676,20.814495086669922,2.8467488288879395,0.02500000223517418,0.030027644708752632,-1.5576903820037842,0.021516626700758934,0.75,0.75,0.02926960401237011,-0.5342552065849304
2026-08-15_22-26-44,/home/as22cq/Projects/Policy-RL-Peg_insertion/force_peg_rl/logs/rl_games/Forge/2026-08-15_22-26-44/nn/Forge.pth,1,nominal,1000,False,timeout,149,-207.00274658203125,0.09323219954967499,13.360215187072754,7.660630702972412,0.7583333849906921,0.016231205314397812,-1.1957042217254639,0.023288067430257797,0.75,0.75,0.017657635733485222,-0.610683798789978
2026-08-15_22-26-44,/home/as22cq/Projects/Policy-RL-Peg_insertion/force_peg_rl/logs/rl_games/Forge/2026-08-15_22-26-44/nn/Forge.pth,1,nominal,1000,False,timeout,149,-6.321171283721924,0.06674597412347794,0.4059707224369049,0.04615834727883339,0.0,0.027890263125300407,0.5033236742019653,0.02208520472049713,0.75,0.75,0.0059074643068015575,-0.22996221482753754
2026-08-15_22-26-44,/home/as22cq/Projects/Policy-RL-Peg_insertion/force_peg_rl/logs/rl_games/Forge/2026-08-15_22-26-44/nn/Forge.pth,1,nominal,1000,False,timeout,149,-7.879741668701172,0.08593881130218506,6.396112442016602,0.34910672903060913,0.02500000223517418,0.026671919971704483,0.25751134753227234,0.020177297294139862,0.75,0.75,0.01687154546380043,-0.5151067972183228
2026-08-15_22-26-44,/home/as22cq/Projects/Policy-RL-Peg_insertion/force_peg_rl/logs/rl_games/Forge/2026-08-15_22-26-44/nn/Forge.pth,1,nominal,1000,False,timeout,149,-76.69104766845703,0.09508541226387024,12.351302146911621,1.6534614562988281,0.15000000596046448,0.026674142107367516,-1.2958511114120483,0.021927693858742714,0.75,0.75,0.012710227631032467,0.1696503609418869
2026-08-15_22-26-44,/home/as22cq/Projects/Policy-RL-Peg_insertion/force_peg_rl/logs/rl_games/Forge/2026-08-15_22-26-44/nn/Forge.pth,1,nominal,1000,False,timeout,149,-58.9642219543457,0.09717698395252228,14.187816619873047,3.3813531398773193,0.2916666865348816,0.08589770644903183,-1.538027286529541,0.018010679632425308,0.75,0.75,0.017392847687005997,-0.19666120409965515
2026-08-15_22-26-44,/home/as22cq/Projects/Policy-RL-Peg_insertion/force_peg_rl/logs/rl_games/Forge/2026-08-15_22-26-44/nn/Forge.pth,1,nominal,1000,False,timeout,149,-71.62293243408203,0.08462344110012054,5.5515594482421875,1.3745678663253784,0.0,0.02217346429824829,-1.100372552871704,0.02326672337949276,0.75,0.75,0.001741071231663227,0.7786034941673279
2026-08-15_22-26-44,/home/as22cq/Projects/Policy-RL-Peg_insertion/force_peg_rl/logs/rl_games/Forge/2026-08-15_22-26-44/nn/Forge.pth,1,nominal,1000,False,timeout,149,10.216458320617676,0.11732462793588638,1.3161039352416992,0.11759255826473236,0.0,0.10448532551527023,-0.04541798308491707,0.015167709439992905,0.75,0.75,0.020970584824681282,-0.36637839674949646
2026-08-15_22-26-44,/home/as22cq/Projects/Policy-RL-Peg_insertion/force_peg_rl/logs/rl_games/Forge/2026-08-15_22-26-44/nn/Forge.pth,1,nominal,1000,False,timeout,149,-6.938201904296875,0.06435206532478333,0.4408576786518097,0.06378822773694992,0.0,0.06663324683904648,1.8364830017089844,0.018633289262652397,0.75,0.75,0.01637198030948639,0.6513102650642395
2026-08-15_22-26-44,/home/as22cq/Projects/Policy-RL-Peg_insertion/force_peg_rl/logs/rl_games/Forge/2026-08-15_22-26-44/nn/Forge.pth,1,nominal,1000,False,timeout,149,0.6627453565597534,0.060468822717666626,2.2560722827911377,0.1086498349905014,0.0,0.07532207667827606,2.000258207321167,0.015388816595077515,0.75,0.75,0.003921461757272482,0.7233932614326477
2026-08-15_22-26-44,/home/as22cq/Projects/Policy-RL-Peg_insertion/force_peg_rl/logs/rl_games/Forge/2026-08-15_22-26-44/nn/Forge.pth,1,nominal,1000,False,timeout,149,5.899211883544922,0.11783179640769958,0.5231391787528992,0.12374571710824966,0.0,0.04391540214419365,0.14798465371131897,0.02274537831544876,0.75,0.75,0.009313339367508888,-0.08680328726768494
2026-08-15_22-26-44,/home/as22cq/Projects/Policy-RL-Peg_insertion/force_peg_rl/logs/rl_games/Forge/2026-08-15_22-26-44/nn/Forge.pth,1,nominal,1000,False,timeout,149,-4.571774959564209,0.12054689228534698,1.9946550130844116,0.08524574339389801,0.0,0.11274522542953491,-0.11313069611787796,0.015710577368736267,0.75,0.75,0.019425595179200172,-0.4838445484638214
2026-08-15_22-26-44,/home/as22cq/Projects/Policy-RL-Peg_insertion/force_peg_rl/logs/rl_games/Forge/2026-08-15_22-26-44/nn/Forge.pth,1,nominal,1000,False,timeout,149,-0.7427281737327576,0.002847820520401001,6.274753570556641,0.1899510771036148,0.0,0.041295841336250305,1.525168538093567,0.02032092958688736,0.75,0.75,0.014182153157889843,0.6797966957092285
2026-08-15_22-26-44,/home/as22cq/Projects/Policy-RL-Peg_insertion/force_peg_rl/logs/rl_games/Forge/2026-08-15_22-26-44/nn/Forge.pth,1,nominal,1000,False,timeout,149,2.3596816062927246,0.07441390305757523,0.39684614539146423,0.11926539987325668,0.0,0.013603664003312588,0.48045048117637634,0.014849083498120308,0.75,0.75,0.018205173313617706,0.5930506587028503
2026-08-15_22-26-44,/home/as22cq/Projects/Policy-RL-Peg_insertion/force_peg_rl/logs/rl_games/Forge/2026-08-15_22-26-44/nn/Forge.pth,1,nominal,1000,False,timeout,149,8.583757400512695,0.03737274929881096,0.16037169098854065,0.022024737671017647,0.0,0.05233787000179291,2.0780131816864014,0.023617209866642952,0.75,0.75,0.01874152570962906,-0.013633453287184238
2026-08-15_22-26-44,/home/as22cq/Projects/Policy-RL-Peg_insertion/force_peg_rl/logs/rl_games/Forge/2026-08-15_22-26-44/nn/Forge.pth,1,nominal,1000,False,timeout,149,1.124090552330017,0.06332298368215561,0.38423952460289,0.06432794779539108,0.0,0.060738224536180496,1.9360411167144775,0.02065153233706951,0.75,0.75,0.003248911816626787,-0.5557721853256226
2026-08-15_22-26-44,/home/as22cq/Projects/Policy-RL-Peg_insertion/force_peg_rl/logs/rl_games/Forge/2026-08-15_22-26-44/nn/Forge.pth,1,nominal,1000,False,timeout,149,-5.996880054473877,0.0632522702217102,0.3798949420452118,0.07172484695911407,0.0,0.06268832832574844,1.1256072521209717,0.014482613652944565,0.75,0.75,0.01868272013962269,0.7397307753562927
2026-08-15_22-26-44,/home/as22cq/Projects/Policy-RL-Peg_insertion/force_peg_rl/logs/rl_games/Forge/2026-08-15_22-26-44/nn/Forge.pth,1,nominal,1000,False,timeout,149,-60.074974060058594,0.16038815677165985,11.310003280639648,1.3077360391616821,0.05000000447034836,0.044043149799108505,-1.14425528049469,0.021722277626395226,0.75,0.75,0.01722043566405773,0.167257159948349
2026-08-15_22-26-44,/home/as22cq/Projects/Policy-RL-Peg_insertion/force_peg_rl/logs/rl_games/Forge/2026-08-15_22-26-44/nn/Forge.pth,1,nominal,1000,False,timeout,149,8.919145584106445,0.08933350443840027,0.47430896759033203,0.097719706594944,0.0,0.05026800185441971,0.18766987323760986,0.020640037953853607,0.75,0.75,0.018936237320303917,0.622723400592804
2026-08-15_22-26-44,/home/as22cq/Projects/Policy-RL-Peg_insertion/force_peg_rl/logs/rl_games/Forge/2026-08-15_22-26-44/nn/Forge.pth,1,nominal,1000,False,timeout,149,-132.3448028564453,0.10159069299697876,13.904226303100586,6.535149097442627,0.4750000238418579,0.020069604739546776,-1.3289984464645386,0.022477203980088234,0.75,0.75,0.01925382763147354,-0.3056117296218872
2026-08-15_22-26-44,/home/as22cq/Projects/Policy-RL-Peg_insertion/force_peg_rl/logs/rl_games/Forge/2026-08-15_22-26-44/nn/Forge.pth,1,nominal,1000,False,timeout,149,2.200894832611084,0.08748213201761246,0.38195866346359253,0.10077010840177536,0.0,0.013396073132753372,0.48295488953590393,0.021109554916620255,0.75,0.75,0.007974867708981037,-0.7287020683288574
2026-08-15_22-26-44,/home/as22cq/Projects/Policy-RL-Peg_insertion/force_peg_rl/logs/rl_games/Forge/2026-08-15_22-26-44/nn/Forge.pth,1,nominal,1000,False,timeout,149,3.3538687229156494,0.12405344843864441,2.4206132888793945,0.13822515308856964,0.0,0.07673130929470062,-0.16739030182361603,0.019211361184716225,0.75,0.75,0.01427096500992775,-0.4781971275806427
2026-08-15_22-26-44,/home/as22cq/Projects/Policy-RL-Peg_insertion/force_peg_rl/logs/rl_games/Forge/2026-08-15_22-26-44/nn/Forge.pth,1,nominal,1000,False,timeout,149,16.371679306030273,0.06586240977048874,0.20109127461910248,0.03711049258708954,0.0,0.02513885870575905,0.6510758399963379,0.021362097933888435,0.75,0.75,0.021569402888417244,0.3381204903125763
2026-08-15_22-26-44,/home/as22cq/Projects/Policy-RL-Peg_insertion/force_peg_rl/logs/rl_games/Forge/2026-08-15_22-26-44/nn/Forge.pth,1,nominal,1000,False,timeout,149,-61.656898498535156,0.0755901038646698,9.008245468139648,2.012526512145996,0.09166666865348816,0.023215901106595993,-1.2775851488113403,0.015144276432693005,0.75,0.75,0.014680529944598675,-0.5940676927566528
2026-08-15_22-26-44,/home/as22cq/Projects/Policy-RL-Peg_insertion/force_peg_rl/logs/rl_games/Forge/2026-08-15_22-26-44/nn/Forge.pth,1,nominal,1000,False,timeout,149,1.302081823348999,0.07538726925849915,0.4999643862247467,0.053457845002412796,0.0,0.04564479738473892,0.9500652551651001,0.01819933019578457,0.75,0.75,0.016953997313976288,-0.6358877420425415
2026-08-15_22-26-44,/home/as22cq/Projects/Policy-RL-Peg_insertion/force_peg_rl/logs/rl_games/Forge/2026-08-15_22-26-44/nn/Forge.pth,1,nominal,1000,False,timeout,149,-2.49560546875,0.023757923394441605,0.2204301655292511,0.038939569145441055,0.0,0.07697852700948715,2.358438491821289,0.01859634928405285,0.75,0.75,0.014810780063271523,0.5278699398040771
2026-08-15_22-26-44,/home/as22cq/Projects/Policy-RL-Peg_insertion/force_peg_rl/logs/rl_games/Forge/2026-08-15_22-26-44/nn/Forge.pth,1,nominal,1000,False,timeout,149,-98.51123809814453,0.0620180107653141,12.126500129699707,2.661207437515259,0.20000001788139343,0.014810527674853802,-1.0948184728622437,0.022616706788539886,0.75,0.75,0.023331528529524803,-0.09209977090358734
2026-08-15_22-26-44,/home/as22cq/Projects/Policy-RL-Peg_insertion/force_peg_rl/logs/rl_games/Forge/2026-08-15_22-26-44/nn/Forge.pth,1,nominal,1000,False,timeout,149,-85.70033264160156,0.07537636160850525,22.780521392822266,4.543410301208496,0.22500000894069672,0.032903145998716354,-1.4138284921646118,0.01667643152177334,0.75,0.75,0.008398529142141342,0.22906965017318726
2026-08-15_22-26-44,/home/as22cq/Projects/Policy-RL-Peg_insertion/force_peg_rl/logs/rl_games/Forge/2026-08-15_22-26-44/nn/Forge.pth,1,nominal,1000,False,timeout,149,5.489266395568848,0.12454524636268616,7.497481822967529,0.7903859615325928,0.008333333767950535,0.061155907809734344,0.1696561872959137,0.020499691367149353,0.75,0.75,0.0212562158703804,-0.5556243062019348
2026-08-15_22-26-44,/home/as22cq/Projects/Policy-RL-Peg_insertion/force_peg_rl/logs/rl_games/Forge/2026-08-15_22-26-44/nn/Forge.pth,1,nominal,1000,False,timeout,149,-3.319162130355835,0.0788702741265297,5.795437812805176,0.4231214225292206,0.01666666753590107,0.06804807484149933,0.8215520977973938,0.015302445739507675,0.75,0.75,0.0177607461810112,-0.1236727386713028
2026-08-15_22-26-44,/home/as22cq/Projects/Policy-RL-Peg_insertion/force_peg_rl/logs/rl_games/Forge/2026-08-15_22-26-44/nn/Forge.pth,1,nominal,1000,False,timeout,149,-121.52745056152344,0.08954222500324249,11.121278762817383,3.9218225479125977,0.4333333671092987,0.016240548342466354,-1.1751394271850586,0.017816666513681412,0.75,0.75,0.0242341086268425,0.5805005431175232
2026-08-15_22-26-44,/home/as22cq/Projects/Policy-RL-Peg_insertion/force_peg_rl/logs/rl_games/Forge/2026-08-15_22-26-44/nn/Forge.pth,1,nominal,1000,False,timeout,149,-6.271541118621826,0.07226037979125977,1.269700288772583,0.12177468836307526,0.0,0.03466160595417023,0.8530896902084351,0.02044020965695381,0.75,0.75,0.00980942789465189,-0.3797054588794708
2026-08-15_22-26-44,/home/as22cq/Projects/Policy-RL-Peg_insertion/force_peg_rl/logs/rl_games/Forge/2026-08-15_22-26-44/nn/Forge.pth,1,nominal,1000,False,timeout,149,-9.316109657287598,0.06056205555796623,0.3087994158267975,0.04986003786325455,0.0,0.08752202242612839,1.7152501344680786,0.020616140216588974,0.75,0.75,0.011491778306663036,0.2706261873245239
2026-08-15_22-26-44,/home/as22cq/Projects/Policy-RL-Peg_insertion/force_peg_rl/logs/rl_games/Forge/2026-08-15_22-26-44/nn/Forge.pth,1,nominal,1000,False,timeout,149,2.2688217163085938,0.06737673282623291,0.39681291580200195,0.07267191261053085,0.0,0.08225167542695999,1.1906273365020752,0.01883445493876934,0.75,0.75,0.01786666177213192,0.03476588800549507
2026-08-15_22-26-44,/home/as22cq/Projects/Policy-RL-Peg_insertion/force_peg_rl/logs/rl_games/Forge/2026-08-15_22-26-44/nn/Forge.pth,1,nominal,1000,False,timeout,149,22.240190505981445,0.14710859954357147,17.58306884765625,1.2571552991867065,0.05833333730697632,0.0831981897354126,-1.434151530265808,0.015616628341376781,0.75,0.75,0.019473176449537277,-0.489355206489563
2026-08-15_22-26-44,/home/as22cq/Projects/Policy-RL-Peg_insertion/force_peg_rl/logs/rl_games/Forge/2026-08-15_22-26-44/nn/Forge.pth,1,nominal,1000,False,timeout,149,10.759623527526855,0.02222961187362671,0.1429665982723236,0.017776744440197945,0.0,0.07022948563098907,0.9484464526176453,0.018137915059924126,0.75,0.75,0.01773584820330143,-0.3590361177921295
2026-08-15_22-26-44,/home/as22cq/Projects/Policy-RL-Peg_insertion/force_peg_rl/logs/rl_games/Forge/2026-08-15_22-26-44/nn/Forge.pth,1,nominal,1000,False,timeout,149,-2.963919162750244,0.0289669930934906,0.8891499638557434,0.05866609513759613,0.0,0.06549088656902313,1.160840630531311,0.016296008601784706,0.75,0.75,0.00981671642512083,0.0072858016937971115
2026-08-15_22-26-44,/home/as22cq/Projects/Policy-RL-Peg_insertion/force_peg_rl/logs/rl_games/Forge/2026-08-15_22-26-44/nn/Forge.pth,1,nominal,1000,False,timeout,149,5.123950958251953,0.06729163229465485,0.4966381788253784,0.10453522950410843,0.0,0.026294326409697533,0.43172767758369446,0.021955592557787895,0.75,0.75,0.016554847359657288,0.16270841658115387
2026-08-15_22-26-44,/home/as22cq/Projects/Policy-RL-Peg_insertion/force_peg_rl/logs/rl_games/Forge/2026-08-15_22-26-44/nn/Forge.pth,1,nominal,1000,False,timeout,149,8.599440574645996,0.05559241399168968,0.23054155707359314,0.04569513723254204,0.0,0.0664517730474472,1.7397106885910034,0.017398741096258163,0.75,0.75,0.018239866942167282,0.24430878460407257
2026-08-15_22-26-44,/home/as22cq/Projects/Policy-RL-Peg_insertion/force_peg_rl/logs/rl_games/Forge/2026-08-15_22-26-44/nn/Forge.pth,1,nominal,1000,False,timeout,149,24.988420486450195,0.08864761888980865,0.24778641760349274,0.03508579730987549,0.0,0.07916595041751862,-1.4092257022857666,0.021526005119085312,0.75,0.75,0.027910269796848297,0.2353343665599823
2026-08-15_22-26-44,/home/as22cq/Projects/Policy-RL-Peg_insertion/force_peg_rl/logs/rl_games/Forge/2026-08-15_22-26-44/nn/Forge.pth,1,nominal,1000,False,timeout,149,22.403011322021484,0.12179330736398697,0.24398210644721985,0.04467679560184479,0.0,0.09436842799186707,-1.4114850759506226,0.02153584733605385,0.75,0.75,0.012768102809786797,-0.694214403629303
2026-08-15_22-26-44,/home/as22cq/Projects/Policy-RL-Peg_insertion/force_peg_rl/logs/rl_games/Forge/2026-08-15_22-26-44/nn/Forge.pth,1,nominal,1000,False,timeout,149,1.6722815036773682,0.156654492020607,0.3058970868587494,0.0545227974653244,0.0,0.06333398818969727,0.44462156295776367,0.020107990130782127,0.75,0.75,0.012012415565550327,-0.019184185191988945
2026-08-15_22-26-44,/home/as22cq/Projects/Policy-RL-Peg_insertion/force_peg_rl/logs/rl_games/Forge/2026-08-15_22-26-44/nn/Forge.pth,1,nominal,1000,False,timeout,149,-7.308474063873291,0.0853424072265625,1.0257892608642578,0.06171199679374695,0.0,0.026391301304101944,0.414036363363266,0.016518810763955116,0.75,0.75,0.01345665194094181,0.7783546447753906
2026-08-15_22-26-44,/home/as22cq/Projects/Policy-RL-Peg_insertion/force_peg_rl/logs/rl_games/Forge/2026-08-15_22-26-44/nn/Forge.pth,1,nominal,1000,False,timeout,149,-3.130131721496582,0.0467025563120842,0.6439384818077087,0.15790414810180664,0.0,0.06994156539440155,0.9961089491844177,0.014285440556704998,0.75,0.75,0.013705601915717125,-0.0644080862402916
2026-08-15_22-26-44,/home/as22cq/Projects/Policy-RL-Peg_insertion/force_peg_rl/logs/rl_games/Forge/2026-08-15_22-26-44/nn/Forge.pth,1,nominal,1000,False,timeout,149,20.904571533203125,0.12103362381458282,1.1304118633270264,0.08278200775384903,0.0,0.0760037899017334,0.12476986646652222,0.018195345997810364,0.75,0.75,0.003924273420125246,-0.42383623123168945
2026-08-15_22-26-44,/home/as22cq/Projects/Policy-RL-Peg_insertion/force_peg_rl/logs/rl_games/Forge/2026-08-15_22-26-44/nn/Forge.pth,1,nominal,1000,False,timeout,149,19.34906005859375,0.22297795116901398,1.7864402532577515,0.1694209724664688,0.0,0.07402138411998749,-0.45054173469543457,0.016275029629468918,0.75,0.75,0.019192099571228027,-0.19189885258674622
2026-08-15_22-26-44,/home/as22cq/Projects/Policy-RL-Peg_insertion/force_peg_rl/logs/rl_games/Forge/2026-08-15_22-26-44/nn/Forge.pth,1,nominal,1000,False,timeout,149,-84.35733795166016,0.05142645537853241,13.736017227172852,4.665826797485352,0.2916666865348816,0.010487154126167297,-1.4536044597625732,0.020610002800822258,0.75,0.75,0.019328998401761055,0.42787811160087585
2026-08-15_22-26-44,/home/as22cq/Projects/Policy-RL-Peg_insertion/force_peg_rl/logs/rl_games/Forge/2026-08-15_22-26-44/nn/Forge.pth,1,nominal,1000,False,timeout,149,-3.887065887451172,0.07181574404239655,0.40298840403556824,0.1233629584312439,0.0,0.04359260946512222,0.8763334155082703,0.014068891294300556,0.75,0.75,0.003883833298459649,-0.20936408638954163
2026-08-15_22-26-44,/home/as22cq/Projects/Policy-RL-Peg_insertion/force_peg_rl/logs/rl_games/Forge/2026-08-15_22-26-44/nn/Forge.pth,1,nominal,1000,False,timeout,149,6.665645599365234,0.11704886704683304,8.725442886352539,1.188957929611206,0.01666666753590107,0.04680715501308441,0.4842448830604553,0.01923026330769062,0.75,0.75,0.019818510860204697,0.6229040026664734
2026-08-15_22-26-44,/home/as22cq/Projects/Policy-RL-Peg_insertion/force_peg_rl/logs/rl_games/Forge/2026-08-15_22-26-44/nn/Forge.pth,1,nominal,1000,False,timeout,149,-4.019298076629639,0.07493744790554047,2.9875521659851074,0.19659875333309174,0.0,0.038501858711242676,0.9706235527992249,0.01865246519446373,0.75,0.75,0.00997968576848507,-0.0895037055015564
2026-08-15_22-26-44,/home/as22cq/Projects/Policy-RL-Peg_insertion/force_peg_rl/logs/rl_games/Forge/2026-08-15_22-26-44/nn/Forge.pth,1,nominal,1000,False,timeout,149,-4.270812034606934,0.0580080971121788,0.32530462741851807,0.07498564571142197,0.0,0.056086067110300064,1.1371963024139404,0.014611597172915936,0.75,0.75,0.012011678889393806,0.06948459893465042
2026-08-15_22-26-44,/home/as22cq/Projects/Policy-RL-Peg_insertion/force_peg_rl/logs/rl_games/Forge/2026-08-15_22-26-44/nn/Forge.pth,1,nominal,1000,False,timeout,149,-5.680063724517822,0.08667699992656708,0.3995169401168823,0.08846287429332733,0.0,0.04671706631779671,0.8493019938468933,0.02036285027861595,0.75,0.75,0.013305995613336563,-0.225971981883049
2026-08-15_22-26-44,/home/as22cq/Projects/Policy-RL-Peg_insertion/force_peg_rl/logs/rl_games/Forge/2026-08-15_22-26-44/nn/Forge.pth,1,nominal,1000,False,timeout,149,-0.22855043411254883,0.011162776499986649,0.5137048959732056,0.04980307072401047,0.0,0.04522792622447014,1.5279231071472168,0.023796245455741882,0.75,0.75,0.012964023277163506,0.7164013385772705
2026-08-15_22-26-44,/home/as22cq/Projects/Policy-RL-Peg_insertion/force_peg_rl/logs/rl_games/Forge/2026-08-15_22-26-44/nn/Forge.pth,1,nominal,1000,False,timeout,149,-10.129363059997559,0.05841739848256111,0.3376109004020691,0.052153218537569046,0.0,0.07713134586811066,2.193389415740967,0.01916254125535488,0.75,0.75,0.016366122290492058,0.5800651907920837
2026-08-15_22-26-44,/home/as22cq/Projects/Policy-RL-Peg_insertion/force_peg_rl/logs/rl_games/Forge/2026-08-15_22-26-44/nn/Forge.pth,1,nominal,1000,False,timeout,149,-30.220476150512695,0.07908226549625397,8.525445938110352,1.7821956872940063,0.0,0.04693052917718887,0.5180044770240784,0.022074416279792786,0.75,0.75,0.007580036763101816,0.682048499584198
2026-08-15_22-26-44,/home/as22cq/Projects/Policy-RL-Peg_insertion/force_peg_rl/logs/rl_games/Forge/2026-08-15_22-26-44/nn/Forge.pth,1,nominal,1000,False,timeout,149,4.98026180267334,0.20854589343070984,7.925594329833984,0.25872212648391724,0.008333333767950535,0.07639709860086441,-0.37728655338287354,0.01404297724366188,0.75,0.75,0.01664602942764759,-0.041900698095560074
2026-08-15_22-26-44,/home/as22cq/Projects/Policy-RL-Peg_insertion/force_peg_rl/logs/rl_games/Forge/2026-08-15_22-26-44/nn/Forge.pth,1,nominal,1000,False,timeout,149,-41.10851287841797,0.02499265968799591,9.232824325561523,4.396288871765137,0.23333334922790527,0.0362309031188488,-1.2436292171478271,0.023470990359783173,0.75,0.75,0.0054255262948572636,0.4116021990776062
2026-08-15_22-26-44,/home/as22cq/Projects/Policy-RL-Peg_insertion/force_peg_rl/logs/rl_games/Forge/2026-08-15_22-26-44/nn/Forge.pth,1,nominal,1000,False,timeout,149,-0.01357126235961914,0.06490669399499893,0.5112727880477905,0.1770734190940857,0.0,0.045897115021944046,0.8314259052276611,0.021821875125169754,0.75,0.75,0.02030687965452671,-0.16185137629508972
2026-08-15_22-26-44,/home/as22cq/Projects/Policy-RL-Peg_insertion/force_peg_rl/logs/rl_games/Forge/2026-08-15_22-26-44/nn/Forge.pth,1,nominal,1000,False,timeout,149,17.812271118164062,0.12246207147836685,10.547316551208496,1.5249500274658203,0.11666667461395264,0.08538834750652313,-0.25533658266067505,0.02154189720749855,0.75,0.75,0.019165348261594772,-0.45010051131248474
2026-08-15_22-26-44,/home/as22cq/Projects/Policy-RL-Peg_insertion/force_peg_rl/logs/rl_games/Forge/2026-08-15_22-26-44/nn/Forge.pth,1,nominal,1000,False,timeout,149,-5.46869421005249,0.0591171495616436,0.2870854437351227,0.060372158885002136,0.0,0.07897108048200607,2.291903018951416,0.02268923446536064,0.75,0.75,0.014607585035264492,0.7358390688896179
2026-08-15_22-26-44,/home/as22cq/Projects/Policy-RL-Peg_insertion/force_peg_rl/logs/rl_games/Forge/2026-08-15_22-26-44/nn/Forge.pth,1,nominal,1000,False,timeout,149,14.855009078979492,0.12152132391929626,0.9472234845161438,0.1075536459684372,0.0,0.06668338924646378,0.30849459767341614,0.01819918304681778,0.75,0.75,0.02385641820728779,-0.3538558781147003
2026-08-15_22-26-44,/home/as22cq/Projects/Policy-RL-Peg_insertion/force_peg_rl/logs/rl_games/Forge/2026-08-15_22-26-44/nn/Forge.pth,1,nominal,1000,False,timeout,149,-3.303840398788452,0.07010172307491302,0.4347049593925476,0.12072732299566269,0.0,0.06170227751135826,1.0169519186019897,0.02384127676486969,0.75,0.75,0.024223847314715385,-0.29439887404441833
2026-08-15_22-26-44,/home/as22cq/Projects/Policy-RL-Peg_insertion/force_peg_rl/logs/rl_games/Forge/2026-08-15_22-26-44/nn/Forge.pth,1,nominal,1000,False,timeout,149,-8.02929401397705,0.047241389751434326,0.6372827887535095,0.07947474718093872,0.0,0.0720304623246193,2.0688352584838867,0.019521426409482956,0.75,0.75,0.018769212067127228,0.46091803908348083
2026-08-15_22-26-44,/home/as22cq/Projects/Policy-RL-Peg_insertion/force_peg_rl/logs/rl_games/Forge/2026-08-15_22-26-44/nn/Forge.pth,1,nominal,1000,False,timeout,149,-0.9610701203346252,0.03495630621910095,0.305735319852829,0.05189378187060356,0.0,0.05774758383631706,1.7617303133010864,0.017901703715324402,0.75,0.75,0.027143552899360657,-0.6785184144973755
2026-08-15_22-26-44,/home/as22cq/Projects/Policy-RL-Peg_insertion/force_peg_rl/logs/rl_games/Forge/2026-08-15_22-26-44/nn/Forge.pth,1,nominal,1000,False,timeout,149,18.257965087890625,0.0930211991071701,0.2983543276786804,0.04164174944162369,0.0,0.08526480197906494,-1.540772795677185,0.01844656653702259,0.75,0.75,0.011389503255486488,-0.7289931178092957
2026-08-15_22-26-44,/home/as22cq/Projects/Policy-RL-Peg_insertion/force_peg_rl/logs/rl_games/Forge/2026-08-15_22-26-44/nn/Forge.pth,1,nominal,1000,False,timeout,149,-64.1401138305664,0.04487535357475281,11.073867797851562,4.334331512451172,0.2083333432674408,0.016495712101459503,-1.3199553489685059,0.01502446923404932,0.75,0.75,0.0017566080205142498,0.08035995811223984
2026-08-15_22-26-44,/home/as22cq/Projects/Policy-RL-Peg_insertion/force_peg_rl/logs/rl_games/Forge/2026-08-15_22-26-44/nn/Forge.pth,1,nominal,1000,False,timeout,149,-5.856525897979736,0.08535483479499817,4.701725959777832,0.08078829944133759,0.0,0.019341837614774704,0.6171340942382812,0.02272612228989601,0.75,0.75,0.02078428864479065,-0.405960351228714
2026-08-15_22-26-44,/home/as22cq/Projects/Policy-RL-Peg_insertion/force_peg_rl/logs/rl_games/Forge/2026-08-15_22-26-44/nn/Forge.pth,1,nominal,1000,False,timeout,149,-5.6008195877075195,0.05349402129650116,0.6420021653175354,0.07419689744710922,0.0,0.06501080095767975,0.9699755311012268,0.017671700567007065,0.75,0.75,0.017524374648928642,0.5174781084060669
2026-08-15_22-26-44,/home/as22cq/Projects/Policy-RL-Peg_insertion/force_peg_rl/logs/rl_games/Forge/2026-08-15_22-26-44/nn/Forge.pth,1,nominal,1001,True,success,149,319.7641906738281,0.0009015155956149101,8.637617111206055,3.231295108795166,0.0,0.0007206525770016015,-0.14391575753688812,0.014582974836230278,0.75,0.75,0.010110991075634956,-0.07034808397293091
2026-08-15_22-26-44,/home/as22cq/Projects/Policy-RL-Peg_insertion/force_peg_rl/logs/rl_games/Forge/2026-08-15_22-26-44/nn/Forge.pth,1,nominal,1001,False,timeout,149,-12.01931381225586,0.14884987473487854,11.689803123474121,1.7732949256896973,0.02500000223517418,0.07019873708486557,0.23662567138671875,0.02033928595483303,0.75,0.75,0.022193633019924164,-0.4973938465118408
2026-08-15_22-26-44,/home/as22cq/Projects/Policy-RL-Peg_insertion/force_peg_rl/logs/rl_games/Forge/2026-08-15_22-26-44/nn/Forge.pth,1,nominal,1001,False,timeout,149,-6.6852850914001465,0.070096954703331,5.868107795715332,0.3905555307865143,0.0,0.019721217453479767,0.5507802367210388,0.019945984706282616,0.75,0.75,0.01767636276781559,-0.5415600538253784
2026-08-15_22-26-44,/home/as22cq/Projects/Policy-RL-Peg_insertion/force_peg_rl/logs/rl_games/Forge/2026-08-15_22-26-44/nn/Forge.pth,1,nominal,1001,False,timeout,149,6.143313884735107,0.06710697710514069,8.446600914001465,0.9884893298149109,0.05000000447034836,0.08150660991668701,2.128600597381592,0.02142946794629097,0.75,0.75,0.00800418108701706,-0.14980211853981018
2026-08-15_22-26-44,/home/as22cq/Projects/Policy-RL-Peg_insertion/force_peg_rl/logs/rl_games/Forge/2026-08-15_22-26-44/nn/Forge.pth,1,nominal,1001,False,timeout,149,-15.370223999023438,0.08704470098018646,9.795132637023926,1.382174015045166,0.008333333767950535,0.00799968559294939,0.4701329171657562,0.023519529029726982,0.75,0.75,0.01866862364113331,0.7537457346916199
2026-08-15_22-26-44,/home/as22cq/Projects/Policy-RL-Peg_insertion/force_peg_rl/logs/rl_games/Forge/2026-08-15_22-26-44/nn/Forge.pth,1,nominal,1001,True,success,149,310.06591796875,0.0001794826239347458,8.374775886535645,3.5074057579040527,0.02500000223517418,0.0007626163423992693,-0.15040038526058197,0.022065134719014168,0.75,0.75,0.002766946330666542,0.6146127581596375
2026-08-15_22-26-44,/home/as22cq/Projects/Policy-RL-Peg_insertion/force_peg_rl/logs/rl_games/Forge/2026-08-15_22-26-44/nn/Forge.pth,1,nominal,1001,False,timeout,149,40.32041931152344,0.08729634433984756,12.995991706848145,4.45745849609375,0.4166666865348816,0.06903965771198273,-1.267964243888855,0.016289368271827698,0.75,0.75,0.011815238744020462,0.593267023563385
2026-08-15_22-26-44,/home/as22cq/Projects/Policy-RL-Peg_insertion/force_peg_rl/logs/rl_games/Forge/2026-08-15_22-26-44/nn/Forge.pth,1,nominal,1001,False,timeout,149,0.4741606116294861,0.08503586053848267,2.8380093574523926,0.14102207124233246,0.0,0.044480010867118835,0.05885983258485794,0.02117471769452095,0.75,0.75,0.021404411643743515,-0.29661664366722107
2026-08-15_22-26-44,/home/as22cq/Projects/Policy-RL-Peg_insertion/force_peg_rl/logs/rl_games/Forge/2026-08-15_22-26-44/nn/Forge.pth,1,nominal,1001,False,timeout,149,11.882255554199219,0.07290764153003693,8.521484375,1.1310282945632935,0.0,0.05161905661225319,0.8681102991104126,0.020500419661402702,0.75,0.75,0.007271798327565193,0.1795370876789093
2026-08-15_22-26-44,/home/as22cq/Projects/Policy-RL-Peg_insertion/force_peg_rl/logs/rl_games/Forge/2026-08-15_22-26-44/nn/Forge.pth,1,nominal,1001,True,success,149,318.5350341796875,0.0007103420794010162,11.851005554199219,4.598537445068359,0.2916666865348816,0.0005195171106606722,-0.6526912450790405,0.014920365996658802,0.75,0.75,0.0033706058748066425,0.05625622719526291
2026-08-15_22-26-44,/home/as22cq/Projects/Policy-RL-Peg_insertion/force_peg_rl/logs/rl_games/Forge/2026-08-15_22-26-44/nn/Forge.pth,1,nominal,1001,True,success,149,303.7010498046875,0.00015252456068992615,8.988016128540039,4.734959602355957,0.42500001192092896,0.0005305346567183733,-0.6156982779502869,0.023447120562195778,0.75,0.75,0.008436107076704502,-0.5396464467048645
2026-08-15_22-26-44,/home/as22cq/Projects/Policy-RL-Peg_insertion/force_peg_rl/logs/rl_games/Forge/2026-08-15_22-26-44/nn/Forge.pth,1,nominal,1001,False,timeout,149,-16.290090560913086,0.03705853223800659,8.653310775756836,0.7067064642906189,0.02500000223517418,0.057940930128097534,1.5352588891983032,0.021928714588284492,0.75,0.75,0.020921682938933372,-0.24840134382247925
2026-08-15_22-26-44,/home/as22cq/Projects/Policy-RL-Peg_insertion/force_peg_rl/logs/rl_games/Forge/2026-08-15_22-26-44/nn/Forge.pth,1,nominal,1001,False,timeout,149,-7.865128993988037,0.07759030908346176,3.0882742404937744,0.28890717029571533,0.0,0.052908819168806076,0.8143022656440735,0.021051546558737755,0.75,0.75,0.021711206063628197,-0.6493220925331116
2026-08-15_22-26-44,/home/as22cq/Projects/Policy-RL-Peg_insertion/force_peg_rl/logs/rl_games/Forge/2026-08-15_22-26-44/nn/Forge.pth,1,nominal,1001,False,timeout,149,-7.499720096588135,0.0831131786108017,10.093513488769531,2.1071813106536865,0.02500000223517418,0.08444836735725403,-1.5299057960510254,0.023087522014975548,0.75,0.75,0.015144135802984238,-0.5551906824111938
2026-08-15_22-26-44,/home/as22cq/Projects/Policy-RL-Peg_insertion/force_peg_rl/logs/rl_games/Forge/2026-08-15_22-26-44/nn/Forge.pth,1,nominal,1001,False,timeout,149,-5.826389312744141,0.046530965715646744,5.0676445960998535,0.3817726671695709,0.0,0.053382568061351776,1.956383466720581,0.01856512390077114,0.75,0.75,0.0171226654201746,0.29567739367485046
2026-08-15_22-26-44,/home/as22cq/Projects/Policy-RL-Peg_insertion/force_peg_rl/logs/rl_games/Forge/2026-08-15_22-26-44/nn/Forge.pth,1,nominal,1001,True,success,149,232.7718505859375,0.00018538348376750946,10.124778747558594,3.9587106704711914,0.02500000223517418,0.0007373285479843616,-0.24310025572776794,0.023324768990278244,0.75,0.75,0.020652227103710175,0.4007342457771301
2026-08-15_22-26-44,/home/as22cq/Projects/Policy-RL-Peg_insertion/force_peg_rl/logs/rl_games/Forge/2026-08-15_22-26-44/nn/Forge.pth,1,nominal,1001,False,timeout,149,25.300962448120117,0.009084101766347885,6.447420120239258,3.443328619003296,0.0,0.017178460955619812,-0.21947845816612244,0.016495054587721825,0.75,0.75,0.018144112080335617,-0.46352580189704895
2026-08-15_22-26-44,/home/as22cq/Projects/Policy-RL-Peg_insertion/force_peg_rl/logs/rl_games/Forge/2026-08-15_22-26-44/nn/Forge.pth,1,nominal,1001,False,timeout,149,3.1698107719421387,0.13760752975940704,6.01753568649292,0.2990487515926361,0.0,0.08476433157920837,0.06915932893753052,0.019658973440527916,0.75,0.75,0.019881224259734154,-0.43698203563690186
2026-08-15_22-26-44,/home/as22cq/Projects/Policy-RL-Peg_insertion/force_peg_rl/logs/rl_games/Forge/2026-08-15_22-26-44/nn/Forge.pth,1,nominal,1001,False,timeout,149,8.289331436157227,0.07733699679374695,8.691224098205566,0.9344492554664612,0.0,0.09951262921094894,1.3329325914382935,0.023034047335386276,0.75,0.75,0.021829308941960335,0.07910413295030594
2026-08-15_22-26-44,/home/as22cq/Projects/Policy-RL-Peg_insertion/force_peg_rl/logs/rl_games/Forge/2026-08-15_22-26-44/nn/Forge.pth,1,nominal,1001,True,success,149,265.7751159667969,0.001177365891635418,9.080401420593262,2.5063564777374268,0.0,0.0006978831370361149,-0.20960699021816254,0.018841315060853958,0.75,0.75,0.01778019405901432,0.35664674639701843
2026-08-15_22-26-44,/home/as22cq/Projects/Policy-RL-Peg_insertion/force_peg_rl/logs/rl_games/Forge/2026-08-15_22-26-44/nn/Forge.pth,1,nominal,1001,False,timeout,149,2.067434549331665,0.2192676067352295,1.5381680727005005,0.10012096911668777,0.0,0.12964092195034027,-0.06481297314167023,0.019187122583389282,0.75,0.75,0.007226718124002218,-0.4442608654499054
2026-08-15_22-26-44,/home/as22cq/Projects/Policy-RL-Peg_insertion/force_peg_rl/logs/rl_games/Forge/2026-08-15_22-26-44/nn/Forge.pth,1,nominal,1001,False,timeout,149,14.359842300415039,0.013575153425335884,6.330188751220703,2.836527109146118,0.0,0.016266200691461563,-0.12059751152992249,0.020070508122444153,0.75,0.75,0.011614397168159485,-0.3421226143836975
2026-08-15_22-26-44,/home/as22cq/Projects/Policy-RL-Peg_insertion/force_peg_rl/logs/rl_games/Forge/2026-08-15_22-26-44/nn/Forge.pth,1,nominal,1001,False,timeout,149,-4.487765312194824,0.079949751496315,11.270857810974121,0.7032595276832581,0.008333333767950535,0.056235421448946,0.21970388293266296,0.019575979560613632,0.75,0.75,0.01174683403223753,-0.6820406317710876
2026-08-15_22-26-44,/home/as22cq/Projects/Policy-RL-Peg_insertion/force_peg_rl/logs/rl_games/Forge/2026-08-15_22-26-44/nn/Forge.pth,1,nominal,1001,True,success,149,327.8565673828125,0.0004240386188030243,12.956724166870117,3.107072353363037,0.23333334922790527,0.0009241336374543607,-0.07104635238647461,0.017884882166981697,0.75,0.75,0.021071406081318855,-0.5599067211151123
2026-08-15_22-26-44,/home/as22cq/Projects/Policy-RL-Peg_insertion/force_peg_rl/logs/rl_games/Forge/2026-08-15_22-26-44/nn/Forge.pth,1,nominal,1001,False,timeout,149,27.84713363647461,0.00777859054505825,6.174038410186768,2.4983222484588623,0.0,0.016945676878094673,-0.24098877608776093,0.01758422702550888,0.75,0.75,0.019610924646258354,-0.2691989243030548
2026-08-15_22-26-44,/home/as22cq/Projects/Policy-RL-Peg_insertion/force_peg_rl/logs/rl_games/Forge/2026-08-15_22-26-44/nn/Forge.pth,1,nominal,1001,False,timeout,149,2.282421827316284,0.26458847522735596,6.159618377685547,0.6180514097213745,0.02500000223517418,0.14299139380455017,-0.14595021307468414,0.017869669944047928,0.75,0.75,0.012875811196863651,-0.618934690952301
2026-08-15_22-26-44,/home/as22cq/Projects/Policy-RL-Peg_insertion/force_peg_rl/logs/rl_games/Forge/2026-08-15_22-26-44/nn/Forge.pth,1,nominal,1001,False,timeout,149,-13.455766677856445,0.031280167400836945,3.6128487586975098,0.2602858543395996,0.0,0.054055579006671906,1.564208745956421,0.01962859369814396,0.75,0.75,0.011299483478069305,-0.2725750207901001
2026-08-15_22-26-44,/home/as22cq/Projects/Policy-RL-Peg_insertion/force_peg_rl/logs/rl_games/Forge/2026-08-15_22-26-44/nn/Forge.pth,1,nominal,1001,False,timeout,149,0.20702292025089264,0.10785721242427826,9.083127975463867,1.2796000242233276,0.03333333507180214,0.0180191807448864,0.4307922124862671,0.016826501116156578,0.75,0.75,0.018575113266706467,-0.09378418326377869
2026-08-15_22-26-44,/home/as22cq/Projects/Policy-RL-Peg_insertion/force_peg_rl/logs/rl_games/Forge/2026-08-15_22-26-44/nn/Forge.pth,1,nominal,1001,False,timeout,149,6.0244832038879395,0.10681875050067902,2.569257974624634,0.11381377279758453,0.0,0.07154536992311478,0.0314863920211792,0.020204121246933937,0.75,0.75,0.01512822974473238,-0.7818158864974976
2026-08-15_22-26-44,/home/as22cq/Projects/Policy-RL-Peg_insertion/force_peg_rl/logs/rl_games/Forge/2026-08-15_22-26-44/nn/Forge.pth,1,nominal,1001,False,timeout,149,-18.445344924926758,0.09409000724554062,11.180609703063965,1.1741536855697632,0.125,0.020886506885290146,0.5086861252784729,0.019322259351611137,0.75,0.75,0.005391777493059635,-0.45521241426467896
2026-08-15_22-26-44,/home/as22cq/Projects/Policy-RL-Peg_insertion/force_peg_rl/logs/rl_games/Forge/2026-08-15_22-26-44/nn/Forge.pth,1,nominal,1001,False,timeout,149,49.084327697753906,0.04193998873233795,26.40367889404297,6.146059036254883,0.10833334177732468,0.010406119748950005,-1.104255199432373,0.015515419654548168,0.75,0.75,0.008893955498933792,-0.3283514976501465
2026-08-15_22-26-44,/home/as22cq/Projects/Policy-RL-Peg_insertion/force_peg_rl/logs/rl_games/Forge/2026-08-15_22-26-44/nn/Forge.pth,1,nominal,1001,False,timeout,149,-18.303943634033203,0.0836837887763977,9.95409107208252,0.5410730838775635,0.01666666753590107,0.02618434466421604,0.4593322277069092,0.016003001481294632,0.75,0.75,0.018350675702095032,0.7685384750366211
2026-08-15_22-26-44,/home/as22cq/Projects/Policy-RL-Peg_insertion/force_peg_rl/logs/rl_games/Forge/2026-08-15_22-26-44/nn/Forge.pth,1,nominal,1001,False,timeout,149,0.809581995010376,0.11666768789291382,7.8290114402771,0.584613025188446,0.008333333767950535,0.06028696522116661,0.29642677307128906,0.023824989795684814,0.75,0.75,0.020526640117168427,-0.7491322755813599
2026-08-15_22-26-44,/home/as22cq/Projects/Policy-RL-Peg_insertion/force_peg_rl/logs/rl_games/Forge/2026-08-15_22-26-44/nn/Forge.pth,1,nominal,1001,False,timeout,149,131.5907440185547,0.002474052831530571,9.984007835388184,4.069238662719727,0.14166668057441711,0.0006776477093808353,-0.2303709089756012,0.021529115736484528,0.75,0.75,0.021493110805749893,-0.12146566063165665
2026-08-15_22-26-44,/home/as22cq/Projects/Policy-RL-Peg_insertion/force_peg_rl/logs/rl_games/Forge/2026-08-15_22-26-44/nn/Forge.pth,1,nominal,1001,True,success,149,355.56365966796875,0.00045193731784820557,5.5470356941223145,1.363545298576355,0.0,0.0003956794389523566,-0.552646815776825,0.017748845741152763,0.75,0.75,0.021931102499365807,0.38618290424346924
2026-08-15_22-26-44,/home/as22cq/Projects/Policy-RL-Peg_insertion/force_peg_rl/logs/rl_games/Forge/2026-08-15_22-26-44/nn/Forge.pth,1,nominal,1001,False,timeout,149,-2.358548402786255,0.11970730125904083,5.53499698638916,0.4175415337085724,0.0,0.05363664776086807,0.4408348798751831,0.019194230437278748,0.75,0.75,0.019683752208948135,-0.13773249089717865
2026-08-15_22-26-44,/home/as22cq/Projects/Policy-RL-Peg_insertion/force_peg_rl/logs/rl_games/Forge/2026-08-15_22-26-44/nn/Forge.pth,1,nominal,1001,False,timeout,149,0.14303065836429596,0.10104760527610779,2.040354013442993,0.059168022125959396,0.0,0.06569943577051163,0.6086220741271973,0.015837624669075012,0.75,0.75,0.023288791999220848,-0.5399261116981506
2026-08-15_22-26-44,/home/as22cq/Projects/Policy-RL-Peg_insertion/force_peg_rl/logs/rl_games/Forge/2026-08-15_22-26-44/nn/Forge.pth,1,nominal,1001,False,timeout,149,-9.07803726196289,0.0678776353597641,4.338651180267334,0.41960224509239197,0.0,0.06297362595796585,1.0911165475845337,0.021928710862994194,0.75,0.75,0.025848420336842537,-0.18032708764076233
2026-08-15_22-26-44,/home/as22cq/Projects/Policy-RL-Peg_insertion/force_peg_rl/logs/rl_games/Forge/2026-08-15_22-26-44/nn/Forge.pth,1,nominal,1001,False,timeout,149,-7.993515968322754,0.05153726786375046,4.930767059326172,0.2276073396205902,0.0,0.05605022981762886,1.138930082321167,0.01904228888452053,0.75,0.75,0.025460759177803993,0.33164212107658386
2026-08-15_22-26-44,/home/as22cq/Projects/Policy-RL-Peg_insertion/force_peg_rl/logs/rl_games/Forge/2026-08-15_22-26-44/nn/Forge.pth,1,nominal,1001,True,success,149,245.7360382080078,0.00027353689074516296,14.237919807434082,5.284209728240967,0.38333335518836975,0.0007484601228497922,-0.5069599747657776,0.01983124576508999,0.75,0.75,0.02251729741692543,-0.2691696584224701
2026-08-15_22-26-44,/home/as22cq/Projects/Policy-RL-Peg_insertion/force_peg_rl/logs/rl_games/Forge/2026-08-15_22-26-44/nn/Forge.pth,1,nominal,1001,False,timeout,149,-14.397505760192871,0.08731330931186676,10.426200866699219,0.4203944206237793,0.008333333767950535,0.09841181337833405,1.8960251808166504,0.02237432450056076,0.75,0.75,0.02148120291531086,-0.39416682720184326
2026-08-15_22-26-44,/home/as22cq/Projects/Policy-RL-Peg_insertion/force_peg_rl/logs/rl_games/Forge/2026-08-15_22-26-44/nn/Forge.pth,1,nominal,1001,False,timeout,149,-3.2305309772491455,0.030575580894947052,8.25455093383789,1.2009884119033813,0.0,0.06807143986225128,1.9988101720809937,0.020307006314396858,0.75,0.75,0.025398768484592438,0.14865505695343018
2026-08-15_22-26-44,/home/as22cq/Projects/Policy-RL-Peg_insertion/force_peg_rl/logs/rl_games/Forge/2026-08-15_22-26-44/nn/Forge.pth,1,nominal,1001,False,timeout,149,-3.845466136932373,0.07973106950521469,5.414956569671631,0.6469980478286743,0.0,0.02156122215092182,0.49603933095932007,0.018703695386648178,0.75,0.75,0.009076794609427452,-0.7004092335700989
2026-08-15_22-26-44,/home/as22cq/Projects/Policy-RL-Peg_insertion/force_peg_rl/logs/rl_games/Forge/2026-08-15_22-26-44/nn/Forge.pth,1,nominal,1001,False,timeout,149,-5.15038537979126,0.08206246793270111,7.037615776062012,0.12228081375360489,0.008333333767950535,0.012527159415185452,0.5593773126602173,0.02388438582420349,0.75,0.75,0.022991864010691643,-0.5532423257827759
2026-08-15_22-26-44,/home/as22cq/Projects/Policy-RL-Peg_insertion/force_peg_rl/logs/rl_games/Forge/2026-08-15_22-26-44/nn/Forge.pth,1,nominal,1001,False,timeout,149,-12.680278778076172,0.06739786267280579,6.656030654907227,0.5711920261383057,0.0,0.06330286711454391,0.9418742656707764,0.023065969347953796,0.75,0.75,0.018991924822330475,0.20743392407894135
2026-08-15_22-26-44,/home/as22cq/Projects/Policy-RL-Peg_insertion/force_peg_rl/logs/rl_games/Forge/2026-08-15_22-26-44/nn/Forge.pth,1,nominal,1001,False,timeout,149,-23.340139389038086,0.054546795785427094,8.595388412475586,1.1021013259887695,0.15000000596046448,0.06912972778081894,1.9550909996032715,0.022870369255542755,0.75,0.75,0.017809879034757614,0.6315240263938904
2026-08-15_22-26-44,/home/as22cq/Projects/Policy-RL-Peg_insertion/force_peg_rl/logs/rl_games/Forge/2026-08-15_22-26-44/nn/Forge.pth,1,nominal,1001,True,success,149,128.7771453857422,0.00019835494458675385,10.150670051574707,5.4437456130981445,0.5083333849906921,0.0007330364314839244,-0.30093637108802795,0.022785302251577377,0.75,0.75,0.00510643282905221,0.09131362289190292
2026-08-15_22-26-44,/home/as22cq/Projects/Policy-RL-Peg_insertion/force_peg_rl/logs/rl_games/Forge/2026-08-15_22-26-44/nn/Forge.pth,1,nominal,1001,False,timeout,149,12.60345458984375,0.03759074583649635,10.534483909606934,5.064931392669678,0.2750000059604645,0.039085596799850464,1.7590601444244385,0.023870799690485,0.75,0.75,0.015833258628845215,0.3663131892681122
2026-08-15_22-26-44,/home/as22cq/Projects/Policy-RL-Peg_insertion/force_peg_rl/logs/rl_games/Forge/2026-08-15_22-26-44/nn/Forge.pth,1,nominal,1001,False,timeout,149,-11.233173370361328,0.08604703843593597,10.632676124572754,0.36793050169944763,0.008333333767950535,0.02674895152449608,0.5712519884109497,0.014620817266404629,0.75,0.75,0.010411480441689491,-0.14587116241455078
2026-08-15_22-26-44,/home/as22cq/Projects/Policy-RL-Peg_insertion/force_peg_rl/logs/rl_games/Forge/2026-08-15_22-26-44/nn/Forge.pth,1,nominal,1001,False,timeout,149,-14.433148384094238,0.0723554939031601,11.953529357910156,0.7028684616088867,0.06666667014360428,0.050130076706409454,0.8551491498947144,0.02186746895313263,0.75,0.75,0.012933487072587013,-0.44119328260421753
2026-08-15_22-26-44,/home/as22cq/Projects/Policy-RL-Peg_insertion/force_peg_rl/logs/rl_games/Forge/2026-08-15_22-26-44/nn/Forge.pth,1,nominal,1001,False,timeout,149,-13.213617324829102,0.06293071806430817,4.441003799438477,0.4587952196598053,0.0,0.03914707526564598,0.9135613441467285,0.016157617792487144,0.75,0.75,0.023202423006296158,-0.3652269244194031
2026-08-15_22-26-44,/home/as22cq/Projects/Policy-RL-Peg_insertion/force_peg_rl/logs/rl_games/Forge/2026-08-15_22-26-44/nn/Forge.pth,1,nominal,1001,False,timeout,149,2.794670343399048,0.12930499017238617,13.947927474975586,1.1478424072265625,0.0833333358168602,0.03672146797180176,0.5058832168579102,0.021059606224298477,0.75,0.75,0.01897650584578514,0.38433027267456055
2026-08-15_22-26-44,/home/as22cq/Projects/Policy-RL-Peg_insertion/force_peg_rl/logs/rl_games/Forge/2026-08-15_22-26-44/nn/Forge.pth,1,nominal,1001,False,timeout,149,-14.116814613342285,0.03042370080947876,0.44248250126838684,0.1403254121541977,0.0,0.06710007786750793,2.060988664627075,0.020258717238903046,0.75,0.75,0.008386467583477497,0.2316727638244629
2026-08-15_22-26-44,/home/as22cq/Projects/Policy-RL-Peg_insertion/force_peg_rl/logs/rl_games/Forge/2026-08-15_22-26-44/nn/Forge.pth,1,nominal,1001,True,success,149,319.7309265136719,0.0006341934204101562,7.601512908935547,2.662926435470581,0.0,0.000530559103935957,-1.1030395030975342,0.018845554441213608,0.75,0.75,0.015989072620868683,0.055705513805150986
2026-08-15_22-26-44,/home/as22cq/Projects/Policy-RL-Peg_insertion/force_peg_rl/logs/rl_games/Forge/2026-08-15_22-26-44/nn/Forge.pth,1,nominal,1001,False,timeout,149,-13.047677040100098,0.05192610248923302,6.905196666717529,0.650244414806366,0.03333333507180214,0.05965527519583702,1.991886019706726,0.018838200718164444,0.75,0.75,0.01841791719198227,-0.03332448750734329
2026-08-15_22-26-44,/home/as22cq/Projects/Policy-RL-Peg_insertion/force_peg_rl/logs/rl_games/Forge/2026-08-15_22-26-44/nn/Forge.pth,1,nominal,1001,False,timeout,149,-24.006317138671875,0.056515149772167206,10.553186416625977,1.69998037815094,0.17500001192092896,0.04226652905344963,0.996681272983551,0.017856061458587646,0.75,0.75,0.011731645092368126,0.13897450268268585
2026-08-15_22-26-44,/home/as22cq/Projects/Policy-RL-Peg_insertion/force_peg_rl/logs/rl_games/Forge/2026-08-15_22-26-44/nn/Forge.pth,1,nominal,1001,False,timeout,149,-15.67277717590332,0.06492067873477936,4.0148115158081055,0.3124377727508545,0.0,0.04995209723711014,1.4735647439956665,0.01571701653301716,0.75,0.75,0.01608235202729702,-0.16532404720783234
2026-08-15_22-26-44,/home/as22cq/Projects/Policy-RL-Peg_insertion/force_peg_rl/logs/rl_games/Forge/2026-08-15_22-26-44/nn/Forge.pth,1,nominal,1001,False,timeout,149,-3.822463274002075,0.11223730444908142,3.005462646484375,0.2582222521305084,0.0,0.09413839131593704,-0.30370622873306274,0.01593594066798687,0.75,0.75,0.013790109194815159,-0.305357426404953
2026-08-15_22-26-44,/home/as22cq/Projects/Policy-RL-Peg_insertion/force_peg_rl/logs/rl_games/Forge/2026-08-15_22-26-44/nn/Forge.pth,1,nominal,1001,False,timeout,149,-13.276835441589355,0.12603925168514252,13.127927780151367,2.641291618347168,0.11666667461395264,0.07618504762649536,-0.5177870988845825,0.020774684846401215,0.75,0.75,0.017013665288686752,0.23199039697647095
2026-08-15_22-26-44,/home/as22cq/Projects/Policy-RL-Peg_insertion/force_peg_rl/logs/rl_games/Forge/2026-08-15_22-26-44/nn/Forge.pth,1,nominal,1001,True,success,149,225.07041931152344,0.0009355340152978897,5.290654182434082,2.330599784851074,0.0,0.0005329446285031736,-0.46166664361953735,0.01568693108856678,0.75,0.75,0.010746468789875507,0.1386077105998993
2026-08-15_22-26-44,/home/as22cq/Projects/Policy-RL-Peg_insertion/force_peg_rl/logs/rl_games/Forge/2026-08-15_22-26-44/nn/Forge.pth,1,nominal,1001,False,timeout,149,-28.48525047302246,0.04842805862426758,15.283138275146484,4.8193864822387695,0.40000003576278687,0.04344085976481438,1.3654537200927734,0.018006887286901474,0.75,0.75,0.006974481511861086,0.6974660754203796
2026-08-15_22-26-44,/home/as22cq/Projects/Policy-RL-Peg_insertion/force_peg_rl/logs/rl_games/Forge/2026-08-15_22-26-44/nn/Forge.pth,1,nominal,1001,True,success,149,305.9393005371094,0.000553373247385025,15.140477180480957,6.957437515258789,0.6333333849906921,0.0005308574764057994,-0.6609227061271667,0.018772847950458527,0.75,0.75,0.013196922838687897,-0.19503475725650787
2026-08-15_22-26-44,/home/as22cq/Projects/Policy-RL-Peg_insertion/force_peg_rl/logs/rl_games/Forge/2026-08-15_22-26-44/nn/Forge.pth,1,nominal,1001,False,timeout,149,18.404054641723633,0.017358876764774323,8.645358085632324,2.579402208328247,0.02500000223517418,0.016438018530607224,0.1931794434785843,0.017154736444354057,0.75,0.75,0.02121230587363243,0.5288159251213074
2026-08-15_22-26-44,/home/as22cq/Projects/Policy-RL-Peg_insertion/force_peg_rl/logs/rl_games/Forge/2026-08-15_22-26-44/nn/Forge.pth,1,nominal,1001,True,success,149,308.0797119140625,0.00015097856521606445,11.261897087097168,4.025193214416504,0.2083333432674408,0.0005231118993833661,-0.6199097037315369,0.017057888209819794,0.75,0.75,0.01905035600066185,0.2469227910041809
2026-08-15_22-26-44,/home/as22cq/Projects/Policy-RL-Peg_insertion/force_peg_rl/logs/rl_games/Forge/2026-08-15_22-26-44/nn/Forge.pth,1,nominal,1001,False,timeout,149,-63.2569694519043,0.05150879919528961,11.696855545043945,3.3289129734039307,0.09166666865348816,0.015821486711502075,-1.250833511352539,0.02164911851286888,0.75,0.75,0.01484785694628954,0.4333549439907074
2026-08-15_22-26-44,/home/as22cq/Projects/Policy-RL-Peg_insertion/force_peg_rl/logs/rl_games/Forge/2026-08-15_22-26-44/nn/Forge.pth,1,nominal,1001,False,timeout,149,23.200180053710938,0.11681216955184937,0.6027047634124756,0.07428717613220215,0.0,0.09025449305772781,-0.5501627922058105,0.019485317170619965,0.75,0.75,0.015334457159042358,0.15942102670669556
2026-08-15_22-26-44,/home/as22cq/Projects/Policy-RL-Peg_insertion/force_peg_rl/logs/rl_games/Forge/2026-08-15_22-26-44/nn/Forge.pth,1,nominal,1001,False,timeout,149,-0.697163462638855,0.10939547419548035,6.020767688751221,0.3225974142551422,0.0,0.05854479596018791,0.20880165696144104,0.01732698082923889,0.75,0.75,0.005018469877541065,0.7659934163093567
2026-08-15_22-26-44,/home/as22cq/Projects/Policy-RL-Peg_insertion/force_peg_rl/logs/rl_games/Forge/2026-08-15_22-26-44/nn/Forge.pth,1,nominal,1001,False,timeout,149,2.7213797569274902,0.08428993821144104,0.4611393213272095,0.08489646017551422,0.0,0.04982517287135124,0.11070891469717026,0.017195260152220726,0.75,0.75,0.009747069329023361,-0.3258456885814667
2026-08-15_22-26-44,/home/as22cq/Projects/Policy-RL-Peg_insertion/force_peg_rl/logs/rl_games/Forge/2026-08-15_22-26-44/nn/Forge.pth,1,nominal,1001,False,timeout,149,-0.9885484576225281,0.012119147926568985,0.23181143403053284,0.03568081185221672,0.0,0.039817389100790024,1.693043828010559,0.019713807851076126,0.75,0.75,0.002150452695786953,0.25809046626091003
2026-08-15_22-26-44,/home/as22cq/Projects/Policy-RL-Peg_insertion/force_peg_rl/logs/rl_games/Forge/2026-08-15_22-26-44/nn/Forge.pth,1,nominal,1001,False,timeout,149,-26.67816162109375,0.11067092418670654,8.27734661102295,1.6313107013702393,0.06666667014360428,0.09160182625055313,-1.1997263431549072,0.016470789909362793,0.75,0.75,0.02108541689813137,0.6555227041244507
2026-08-15_22-26-44,/home/as22cq/Projects/Policy-RL-Peg_insertion/force_peg_rl/logs/rl_games/Forge/2026-08-15_22-26-44/nn/Forge.pth,1,nominal,1001,False,timeout,149,21.791357040405273,0.11160851269960403,7.749430179595947,0.2742658257484436,0.0,0.09655649214982986,-1.3724256753921509,0.02107066474854946,0.75,0.75,0.021301236003637314,-0.6772103905677795
2026-08-15_22-26-44,/home/as22cq/Projects/Policy-RL-Peg_insertion/force_peg_rl/logs/rl_games/Forge/2026-08-15_22-26-44/nn/Forge.pth,1,nominal,1001,False,timeout,149,15.641900062561035,0.11644886434078217,0.7291832566261292,0.0424371100962162,0.0,0.10226644575595856,-1.2048664093017578,0.019642818719148636,0.75,0.75,0.02282714657485485,-0.6422103643417358
2026-08-15_22-26-44,/home/as22cq/Projects/Policy-RL-Peg_insertion/force_peg_rl/logs/rl_games/Forge/2026-08-15_22-26-44/nn/Forge.pth,1,nominal,1001,False,timeout,149,2.7207958698272705,0.098386749625206,0.5148848295211792,0.15340304374694824,0.0,0.04770342633128166,0.04304298385977745,0.016166212037205696,0.75,0.75,0.014402458444237709,0.1898675113916397
2026-08-15_22-26-44,/home/as22cq/Projects/Policy-RL-Peg_insertion/force_peg_rl/logs/rl_games/Forge/2026-08-15_22-26-44/nn/Forge.pth,1,nominal,1001,False,timeout,149,-96.11026763916016,0.041343558579683304,15.753593444824219,6.434946537017822,0.40000003576278687,0.029743487015366554,-1.1256877183914185,0.02291574329137802,0.75,0.75,0.016527259722352028,-0.6966042518615723
2026-08-15_22-26-44,/home/as22cq/Projects/Policy-RL-Peg_insertion/force_peg_rl/logs/rl_games/Forge/2026-08-15_22-26-44/nn/Forge.pth,1,nominal,1001,False,timeout,149,-108.96151733398438,0.06296387314796448,12.41457462310791,5.018052577972412,0.25833335518836975,0.020038463175296783,-1.1782628297805786,0.015569858253002167,0.75,0.75,0.022438734769821167,-0.7281140089035034
2026-08-15_22-26-44,/home/as22cq/Projects/Policy-RL-Peg_insertion/force_peg_rl/logs/rl_games/Forge/2026-08-15_22-26-44/nn/Forge.pth,1,nominal,1001,False,timeout,149,3.3683106899261475,0.11489390581846237,0.5937655568122864,0.12279161065816879,0.0,0.06253872811794281,0.11773137003183365,0.016166362911462784,0.75,0.75,0.019842974841594696,0.295145720243454
2026-08-15_22-26-44,/home/as22cq/Projects/Policy-RL-Peg_insertion/force_peg_rl/logs/rl_games/Forge/2026-08-15_22-26-44/nn/Forge.pth,1,nominal,1001,False,timeout,149,5.386999130249023,0.13587671518325806,11.424670219421387,1.265252709388733,0.09166666865348816,0.08479002863168716,-0.19998224079608917,0.023370862007141113,0.75,0.75,0.002932425821200013,-0.711712121963501
2026-08-15_22-26-44,/home/as22cq/Projects/Policy-RL-Peg_insertion/force_peg_rl/logs/rl_games/Forge/2026-08-15_22-26-44/nn/Forge.pth,1,nominal,1001,False,timeout,149,20.774459838867188,0.10556808114051819,12.085941314697266,1.718135118484497,0.10000000894069672,0.08443348854780197,-0.989900529384613,0.015642669051885605,0.75,0.75,0.02164832130074501,-0.22570373117923737
2026-08-15_22-26-44,/home/as22cq/Projects/Policy-RL-Peg_insertion/force_peg_rl/logs/rl_games/Forge/2026-08-15_22-26-44/nn/Forge.pth,1,nominal,1001,False,timeout,149,-2.215606689453125,0.04714059829711914,0.34652113914489746,0.06112900748848915,0.0,0.04640781134366989,1.1708074808120728,0.018210183829069138,0.75,0.75,0.015350107103586197,0.31937673687934875
2026-08-15_22-26-44,/home/as22cq/Projects/Policy-RL-Peg_insertion/force_peg_rl/logs/rl_games/Forge/2026-08-15_22-26-44/nn/Forge.pth,1,nominal,1001,False,timeout,149,6.402993202209473,0.10737864673137665,5.079123497009277,0.7209583520889282,0.0,0.06386591494083405,0.07048846781253815,0.016150567680597305,0.75,0.75,0.019974714145064354,0.13439245522022247
2026-08-15_22-26-44,/home/as22cq/Projects/Policy-RL-Peg_insertion/force_peg_rl/logs/rl_games/Forge/2026-08-15_22-26-44/nn/Forge.pth,1,nominal,1001,False,timeout,149,12.30080795288086,0.07729363441467285,10.89428997039795,1.8135238885879517,0.14166668057441711,0.02745112031698227,0.5774692893028259,0.021775322034955025,0.75,0.75,0.009201427921652794,0.4407072365283966
2026-08-15_22-26-44,/home/as22cq/Projects/Policy-RL-Peg_insertion/force_peg_rl/logs/rl_games/Forge/2026-08-15_22-26-44/nn/Forge.pth,1,nominal,1001,False,timeout,149,23.522703170776367,0.09192189574241638,0.8104080557823181,0.058507438749074936,0.0,0.09014804661273956,-1.5698432922363281,0.02289941906929016,0.75,0.75,0.01390113029628992,-0.7715246081352234
2026-08-15_22-26-44,/home/as22cq/Projects/Policy-RL-Peg_insertion/force_peg_rl/logs/rl_games/Forge/2026-08-15_22-26-44/nn/Forge.pth,1,nominal,1001,False,timeout,149,-6.401636123657227,0.04624451696872711,0.29139044880867004,0.045674607157707214,0.0,0.0723174661397934,2.0016491413116455,0.019238904118537903,0.75,0.75,0.01882363297045231,0.18654686212539673
2026-08-15_22-26-44,/home/as22cq/Projects/Policy-RL-Peg_insertion/force_peg_rl/logs/rl_games/Forge/2026-08-15_22-26-44/nn/Forge.pth,1,nominal,1001,False,timeout,149,-74.79000091552734,0.08346491307020187,8.279767036437988,3.3421950340270996,0.0,0.0235902089625597,-1.2180019617080688,0.018931817263364792,0.75,0.75,0.01968681439757347,-0.23151953518390656
2026-08-15_22-26-44,/home/as22cq/Projects/Policy-RL-Peg_insertion/force_peg_rl/logs/rl_games/Forge/2026-08-15_22-26-44/nn/Forge.pth,1,nominal,1001,False,timeout,149,15.72990608215332,0.1954156458377838,16.35342025756836,1.275720238685608,0.0833333358168602,0.06503134965896606,-1.4987190961837769,0.02240586280822754,0.75,0.75,0.012530215084552765,0.13043104112148285
2026-08-15_22-26-44,/home/as22cq/Projects/Policy-RL-Peg_insertion/force_peg_rl/logs/rl_games/Forge/2026-08-15_22-26-44/nn/Forge.pth,1,nominal,1001,False,timeout,149,-4.891139507293701,0.04951170086860657,1.4298315048217773,0.07673933357000351,0.0,0.06828516721725464,1.5367013216018677,0.02098115161061287,0.75,0.75,0.01623188517987728,-0.19918975234031677
2026-08-15_22-26-44,/home/as22cq/Projects/Policy-RL-Peg_insertion/force_peg_rl/logs/rl_games/Forge/2026-08-15_22-26-44/nn/Forge.pth,1,nominal,1001,False,timeout,149,1.8412303924560547,0.06729896366596222,0.5043723583221436,0.10121374577283859,0.0,0.041415322571992874,0.9081178903579712,0.022938724607229233,0.75,0.75,0.009694133885204792,-0.0808091089129448
2026-08-15_22-26-44,/home/as22cq/Projects/Policy-RL-Peg_insertion/force_peg_rl/logs/rl_games/Forge/2026-08-15_22-26-44/nn/Forge.pth,1,nominal,1001,False,timeout,149,-9.918378829956055,0.07287290692329407,0.5014510750770569,0.12026412039995193,0.0,0.049348246306180954,0.18728823959827423,0.016873560845851898,0.75,0.75,0.015161111019551754,-0.5265071392059326
2026-08-15_22-26-44,/home/as22cq/Projects/Policy-RL-Peg_insertion/force_peg_rl/logs/rl_games/Forge/2026-08-15_22-26-44/nn/Forge.pth,1,nominal,1001,True,success,149,295.6293029785156,0.0013245828449726105,9.650023460388184,3.363274097442627,0.06666667014360428,0.0005294297588989139,-0.28687289357185364,0.0156350526958704,0.75,0.75,0.01933639869093895,0.31334957480430603
2026-08-15_22-26-44,/home/as22cq/Projects/Policy-RL-Peg_insertion/force_peg_rl/logs/rl_games/Forge/2026-08-15_22-26-44/nn/Forge.pth,1,nominal,1001,False,timeout,149,9.21207332611084,0.044482145458459854,0.1809387356042862,0.0389481820166111,0.0,0.05430034548044205,1.4437870979309082,0.020158756524324417,0.75,0.75,0.013035551644861698,0.5365958213806152
2026-08-15_22-26-44,/home/as22cq/Projects/Policy-RL-Peg_insertion/force_peg_rl/logs/rl_games/Forge/2026-08-15_22-26-44/nn/Forge.pth,1,nominal,1001,False,timeout,149,1.245558261871338,0.08078530430793762,0.5022441148757935,0.11816081404685974,0.0,0.03907734155654907,0.615491509437561,0.019965898245573044,0.75,0.75,0.00671359384432435,-0.4505034387111664
2026-08-15_22-26-44,/home/as22cq/Projects/Policy-RL-Peg_insertion/force_peg_rl/logs/rl_games/Forge/2026-08-15_22-26-44/nn/Forge.pth,1,nominal,1001,False,timeout,149,17.20339584350586,0.10771508514881134,0.7294444441795349,0.061113759875297546,0.0,0.07903321832418442,-1.5286692380905151,0.02355351112782955,0.75,0.75,0.027021802961826324,0.15036511421203613
2026-08-15_22-26-44,/home/as22cq/Projects/Policy-RL-Peg_insertion/force_peg_rl/logs/rl_games/Forge/2026-08-15_22-26-44/nn/Forge.pth,1,nominal,1001,False,timeout,149,-30.520057678222656,0.12323209643363953,15.671366691589355,5.100746154785156,0.4333333671092987,0.09650473296642303,-1.0569217205047607,0.0174166988581419,0.75,0.75,0.015642458572983742,-0.5607950687408447
2026-08-15_22-26-44,/home/as22cq/Projects/Policy-RL-Peg_insertion/force_peg_rl/logs/rl_games/Forge/2026-08-15_22-26-44/nn/Forge.pth,1,nominal,1001,False,timeout,149,0.5091687440872192,0.019405096769332886,0.6227105855941772,0.13222332298755646,0.0,0.033955734223127365,1.496272325515747,0.01682325080037117,0.75,0.75,0.013652815483510494,0.028686435893177986
2026-08-15_22-26-44,/home/as22cq/Projects/Policy-RL-Peg_insertion/force_peg_rl/logs/rl_games/Forge/2026-08-15_22-26-44/nn/Forge.pth,1,nominal,1001,False,timeout,149,-20.960264205932617,0.07246023416519165,4.171544075012207,0.28572511672973633,0.0,0.015988554805517197,0.3898347318172455,0.01520598866045475,0.75,0.75,0.012353871949017048,0.11279333382844925
2026-08-15_22-26-44,/home/as22cq/Projects/Policy-RL-Peg_insertion/force_peg_rl/logs/rl_games/Forge/2026-08-15_22-26-44/nn/Forge.pth,1,nominal,1001,False,timeout,149,-8.085700035095215,0.04067011550068855,0.2446226179599762,0.050645146518945694,0.0,0.07635754346847534,2.279905080795288,0.022262301295995712,0.75,0.75,0.012130232527852058,0.15834899246692657
2026-08-15_22-26-44,/home/as22cq/Projects/Policy-RL-Peg_insertion/force_peg_rl/logs/rl_games/Forge/2026-08-15_22-26-44/nn/Forge.pth,1,nominal,1001,False,timeout,149,13.81843376159668,0.23459069430828094,4.269367218017578,0.23692631721496582,0.0,0.07350891828536987,-0.027732113376259804,0.014059549197554588,0.75,0.75,0.014119738712906837,-0.4990970492362976
2026-08-15_22-26-44,/home/as22cq/Projects/Policy-RL-Peg_insertion/force_peg_rl/logs/rl_games/Forge/2026-08-15_22-26-44/nn/Forge.pth,1,nominal,1001,False,timeout,149,-100.73912811279297,0.11518029868602753,23.029361724853516,2.7660746574401855,0.19166667759418488,0.042042069137096405,-1.2699028253555298,0.021552711725234985,0.75,0.75,0.020876480266451836,-0.5127936601638794
2026-08-15_22-26-44,/home/as22cq/Projects/Policy-RL-Peg_insertion/force_peg_rl/logs/rl_games/Forge/2026-08-15_22-26-44/nn/Forge.pth,1,nominal,1001,False,timeout,149,-79.7850570678711,0.08770143985748291,13.551426887512207,1.3243306875228882,0.07500000298023224,0.022516777738928795,-1.1405360698699951,0.020665738731622696,0.75,0.75,0.016821373254060745,0.06334131956100464
2026-08-15_22-26-44,/home/as22cq/Projects/Policy-RL-Peg_insertion/force_peg_rl/logs/rl_games/Forge/2026-08-15_22-26-44/nn/Forge.pth,1,nominal,1001,False,timeout,149,-5.601929664611816,0.034467749297618866,0.4541904032230377,0.06183736398816109,0.0,0.06717780977487564,2.0323872566223145,0.021153850480914116,0.75,0.75,0.00891163945198059,0.2165878862142563
2026-08-15_22-26-44,/home/as22cq/Projects/Policy-RL-Peg_insertion/force_peg_rl/logs/rl_games/Forge/2026-08-15_22-26-44/nn/Forge.pth,1,nominal,1001,False,timeout,149,2.2541654109954834,0.08137945830821991,0.4999708831310272,0.059739772230386734,0.0,0.058552682399749756,0.7785375714302063,0.021385658532381058,0.75,0.75,0.008229159750044346,-0.28635331988334656
2026-08-15_22-26-44,/home/as22cq/Projects/Policy-RL-Peg_insertion/force_peg_rl/logs/rl_games/Forge/2026-08-15_22-26-44/nn/Forge.pth,1,nominal,1001,False,timeout,149,-1.3167146444320679,0.1412840038537979,1.5012766122817993,0.05386367812752724,0.0,0.05906740203499794,0.5314977765083313,0.016053400933742523,0.75,0.75,0.01621880568563938,0.11821167916059494
2026-08-15_22-26-44,/home/as22cq/Projects/Policy-RL-Peg_insertion/force_peg_rl/logs/rl_games/Forge/2026-08-15_22-26-44/nn/Forge.pth,1,nominal,1001,False,timeout,149,-4.159281253814697,0.04003489762544632,0.36419886350631714,0.09377365559339523,0.0,0.06555919349193573,2.057839870452881,0.020496314391493797,0.75,0.75,0.0072102658450603485,-0.7670652866363525
2026-08-15_22-26-44,/home/as22cq/Projects/Policy-RL-Peg_insertion/force_peg_rl/logs/rl_games/Forge/2026-08-15_22-26-44/nn/Forge.pth,1,nominal,1001,False,timeout,149,-84.61978149414062,0.05204744637012482,11.654500961303711,4.317270755767822,0.4166666865348816,0.01132647879421711,-1.4253243207931519,0.020682819187641144,0.75,0.75,0.009847824461758137,-0.3959408104419708
2026-08-15_22-26-44,/home/as22cq/Projects/Policy-RL-Peg_insertion/force_peg_rl/logs/rl_games/Forge/2026-08-15_22-26-44/nn/Forge.pth,1,nominal,1001,False,timeout,149,-5.234635353088379,0.07891639322042465,0.4842293858528137,0.05154774338006973,0.0,0.07953131198883057,1.0312647819519043,0.023266304284334183,0.75,0.75,0.023187637329101562,0.4895193874835968
2026-08-15_22-26-44,/home/as22cq/Projects/Policy-RL-Peg_insertion/force_peg_rl/logs/rl_games/Forge/2026-08-15_22-26-44/nn/Forge.pth,1,nominal,1001,False,timeout,149,0.4795728325843811,0.12934915721416473,0.416803240776062,0.07039956003427505,0.0,0.0877469852566719,0.15825827419757843,0.018296927213668823,0.75,0.75,0.0075696674175560474,0.4345397353172302
2026-08-15_22-26-44,/home/as22cq/Projects/Policy-RL-Peg_insertion/force_peg_rl/logs/rl_games/Forge/2026-08-15_22-26-44/nn/Forge.pth,1,nominal,1001,False,timeout,149,-6.052793502807617,0.05601227656006813,0.3710375130176544,0.05070196092128754,0.0,0.1012023463845253,1.7402328252792358,0.022931180894374847,0.75,0.75,0.0144522525370121,0.41410335898399353
2026-08-15_22-26-44,/home/as22cq/Projects/Policy-RL-Peg_insertion/force_peg_rl/logs/rl_games/Forge/2026-08-15_22-26-44/nn/Forge.pth,1,nominal,1001,False,timeout,149,-0.079109326004982,0.06869572401046753,0.5006482601165771,0.09514787048101425,0.0,0.03546327352523804,0.6917913556098938,0.018306290730834007,0.75,0.75,0.011412709951400757,0.376802921295166
2026-08-15_22-26-44,/home/as22cq/Projects/Policy-RL-Peg_insertion/force_peg_rl/logs/rl_games/Forge/2026-08-15_22-26-44/nn/Forge.pth,1,nominal,1001,False,timeout,149,-1.400431752204895,0.06704336404800415,0.4613766074180603,0.09504354745149612,0.0,0.05433500185608864,1.1242657899856567,0.016289347782731056,0.75,0.75,0.020338712260127068,-0.6465989351272583
2026-08-15_22-26-44,/home/as22cq/Projects/Policy-RL-Peg_insertion/force_peg_rl/logs/rl_games/Forge/2026-08-15_22-26-44/nn/Forge.pth,1,nominal,1001,False,timeout,149,14.262809753417969,0.24105793237686157,2.5067408084869385,0.19658897817134857,0.0,0.07453510910272598,-0.23280568420886993,0.02268315851688385,0.75,0.75,0.0179225355386734,-0.476485013961792
2026-08-15_22-26-44,/home/as22cq/Projects/Policy-RL-Peg_insertion/force_peg_rl/logs/rl_games/Forge/2026-08-15_22-26-44/nn/Forge.pth,1,nominal,1001,False,timeout,149,-9.778778076171875,0.10484524071216583,3.9929118156433105,0.5062271952629089,0.0,0.067860908806324,0.32614147663116455,0.016915027052164078,0.75,0.75,0.02115846611559391,0.36377328634262085
2026-08-15_22-26-44,/home/as22cq/Projects/Policy-RL-Peg_insertion/force_peg_rl/logs/rl_games/Forge/2026-08-15_22-26-44/nn/Forge.pth,1,nominal,1001,False,timeout,149,-1.1254374980926514,0.05075797066092491,6.390783309936523,0.19843532145023346,0.0,0.081627756357193,1.1853798627853394,0.018898047506809235,0.75,0.75,0.012265103869140148,-0.3618459701538086
2026-08-15_22-26-44,/home/as22cq/Projects/Policy-RL-Peg_insertion/force_peg_rl/logs/rl_games/Forge/2026-08-15_22-26-44/nn/Forge.pth,1,nominal,1001,False,timeout,149,14.933173179626465,0.11549507826566696,0.6275092959403992,0.08903818577528,0.0,0.07899250835180283,-0.05822664499282837,0.017300201579928398,0.75,0.75,0.021430961787700653,-0.6492890119552612
2026-08-15_22-26-44,/home/as22cq/Projects/Policy-RL-Peg_insertion/force_peg_rl/logs/rl_games/Forge/2026-08-15_22-26-44/nn/Forge.pth,1,nominal,1001,False,timeout,149,1.3658121824264526,0.02670997381210327,0.215687558054924,0.06139380857348442,0.0,0.05811254680156708,1.8122451305389404,0.017231246456503868,0.75,0.75,0.013714263215661049,0.15870985388755798
2026-08-15_22-26-44,/home/as22cq/Projects/Policy-RL-Peg_insertion/force_peg_rl/logs/rl_games/Forge/2026-08-15_22-26-44/nn/Forge.pth,1,nominal,1001,False,timeout,149,2.6929054260253906,0.15360599756240845,0.9397181272506714,0.16899198293685913,0.0,0.08860062807798386,0.0005255444557406008,0.014061514288187027,0.75,0.75,0.008627437055110931,0.485250860452652
2026-08-15_22-26-44,/home/as22cq/Projects/Policy-RL-Peg_insertion/force_peg_rl/logs/rl_games/Forge/2026-08-15_22-26-44/nn/Forge.pth,1,nominal,1001,False,timeout,149,9.215600967407227,0.008308934047818184,6.077426910400391,0.7482318878173828,0.0,0.05384873226284981,2.2041079998016357,0.018452759832143784,0.75,0.75,0.017599990591406822,0.7177645564079285
2026-08-15_22-26-44,/home/as22cq/Projects/Policy-RL-Peg_insertion/force_peg_rl/logs/rl_games/Forge/2026-08-15_22-26-44/nn/Forge.pth,1,nominal,1001,False,timeout,149,2.7569968700408936,0.018905185163021088,8.890970230102539,1.560045838356018,0.09166666865348816,0.015947002917528152,0.22800423204898834,0.019890470430254936,0.75,0.75,0.018946925178170204,0.7266778945922852
2026-08-15_22-26-44,/home/as22cq/Projects/Policy-RL-Peg_insertion/force_peg_rl/logs/rl_games/Forge/2026-08-15_22-26-44/nn/Forge.pth,1,nominal,1001,False,timeout,149,-47.831912994384766,0.08150824904441833,8.4872407913208,3.1074469089508057,0.30000001192092896,0.08330006897449493,-1.3934898376464844,0.018977031111717224,0.75,0.75,0.017995428293943405,-0.21558690071105957
2026-08-15_22-26-44,/home/as22cq/Projects/Policy-RL-Peg_insertion/force_peg_rl/logs/rl_games/Forge/2026-08-15_22-26-44/nn/Forge.pth,1,nominal,1001,False,timeout,149,-7.349493503570557,0.052637115120887756,0.3509058654308319,0.06864607334136963,0.0,0.06219703331589699,2.019017219543457,0.01557972189038992,0.75,0.75,0.012333977967500687,0.3208732604980469
2026-08-15_22-26-44,/home/as22cq/Projects/Policy-RL-Peg_insertion/force_peg_rl/logs/rl_games/Forge/2026-08-15_22-26-44/nn/Forge.pth,1,nominal,1001,False,timeout,149,-3.1270980834960938,0.08931022882461548,0.35111507773399353,0.045022089034318924,0.0,0.026205969974398613,0.670927882194519,0.017802242189645767,0.75,0.75,0.021507157012820244,-0.464180588722229
2026-08-15_22-26-44,/home/as22cq/Projects/Policy-RL-Peg_insertion/force_peg_rl/logs/rl_games/Forge/2026-08-15_22-26-44/nn/Forge.pth,1,nominal,1001,False,timeout,149,-4.602334499359131,0.06863673031330109,0.5292576551437378,0.11202036589384079,0.0,0.05560384318232536,0.9228934049606323,0.017767682671546936,0.75,0.75,0.0027543501928448677,-0.31682145595550537
2026-08-15_22-26-44,/home/as22cq/Projects/Policy-RL-Peg_insertion/force_peg_rl/logs/rl_games/Forge/2026-08-15_22-26-44/nn/Forge.pth,1,nominal,1001,False,timeout,149,-1.7655963897705078,0.05100574716925621,0.43511709570884705,0.14603088796138763,0.0,0.06256043910980225,1.5486291646957397,0.015009330585598946,0.75,0.75,0.012256965972483158,0.399362176656723
2026-08-15_22-26-44,/home/as22cq/Projects/Policy-RL-Peg_insertion/force_peg_rl/logs/rl_games/Forge/2026-08-15_22-26-44/nn/Forge.pth,1,nominal,1001,False,timeout,149,7.205891132354736,0.12641876935958862,0.6179846525192261,0.06866031885147095,0.0,0.05353035777807236,0.4338580369949341,0.02253558859229088,0.75,0.75,0.018683847039937973,0.2690579295158386
2026-08-15_22-26-44,/home/as22cq/Projects/Policy-RL-Peg_insertion/force_peg_rl/logs/rl_games/Forge/2026-08-15_22-26-44/nn/Forge.pth,1,nominal,1001,False,timeout,149,-90.05523681640625,0.024849923327565193,15.10519027709961,5.655824661254883,0.01666666753590107,0.025097278878092766,-0.9353872537612915,0.016178205609321594,0.75,0.75,0.01242130808532238,-0.5786872506141663
2026-08-15_22-26-44,/home/as22cq/Projects/Policy-RL-Peg_insertion/force_peg_rl/logs/rl_games/Forge/2026-08-15_22-26-44/nn/Forge.pth,1,nominal,1001,False,timeout,149,-8.124297142028809,0.0918215960264206,8.471112251281738,0.3886674642562866,0.01666666753590107,0.02803046815097332,0.3223153054714203,0.021530838683247566,0.75,0.75,0.015110381878912449,0.05560506880283356
2026-08-15_22-26-44,/home/as22cq/Projects/Policy-RL-Peg_insertion/force_peg_rl/logs/rl_games/Forge/2026-08-15_22-26-44/nn/Forge.pth,1,nominal,1001,False,timeout,149,-89.45938110351562,0.032527126371860504,9.702996253967285,1.8002076148986816,0.0833333358168602,0.03694213554263115,-0.7457234263420105,0.014759902842342854,0.75,0.75,0.01829526387155056,-0.7175599336624146
2026-08-15_22-26-44,/home/as22cq/Projects/Policy-RL-Peg_insertion/force_peg_rl/logs/rl_games/Forge/2026-08-15_22-26-44/nn/Forge.pth,1,nominal,1001,False,timeout,149,1.302498698234558,0.10842786729335785,2.9994983673095703,0.21942788362503052,0.0,0.08329512178897858,-0.02588440291583538,0.023537378758192062,0.75,0.75,0.02001100219786167,-0.00426830817013979
2026-08-15_22-26-44,/home/as22cq/Projects/Policy-RL-Peg_insertion/force_peg_rl/logs/rl_games/Forge/2026-08-15_22-26-44/nn/Forge.pth,1,nominal,1001,False,timeout,149,-84.35620880126953,0.07069896161556244,18.658851623535156,1.678598403930664,0.008333333767950535,0.025203868746757507,-1.061862587928772,0.021453145891427994,0.75,0.75,0.005087940488010645,-0.41542989015579224
2026-08-15_22-26-44,/home/as22cq/Projects/Policy-RL-Peg_insertion/force_peg_rl/logs/rl_games/Forge/2026-08-15_22-26-44/nn/Forge.pth,1,nominal,1001,False,timeout,149,-113.91153717041016,0.05818133056163788,13.923603057861328,4.067664623260498,0.3916666805744171,0.015054396353662014,-0.9794774055480957,0.023269906640052795,0.75,0.75,0.018342526629567146,0.7181453704833984
2026-08-15_22-26-44,/home/as22cq/Projects/Policy-RL-Peg_insertion/force_peg_rl/logs/rl_games/Forge/2026-08-15_22-26-44/nn/Forge.pth,1,nominal,1001,False,timeout,149,4.522678852081299,0.046961233019828796,0.40503019094467163,0.05150819569826126,0.0,0.07353478670120239,1.302215576171875,0.02015027217566967,0.75,0.75,0.009213525801897049,0.2632787823677063
2026-08-15_22-26-44,/home/as22cq/Projects/Policy-RL-Peg_insertion/force_peg_rl/logs/rl_games/Forge/2026-08-15_22-26-44/nn/Forge.pth,1,nominal,1001,False,timeout,149,22.323944091796875,0.208268940448761,0.5220487117767334,0.06271522492170334,0.0,0.10859446972608566,-1.163881778717041,0.01780351623892784,0.75,0.75,0.019182290881872177,-0.29874444007873535
2026-08-15_22-26-44,/home/as22cq/Projects/Policy-RL-Peg_insertion/force_peg_rl/logs/rl_games/Forge/2026-08-15_22-26-44/nn/Forge.pth,1,nominal,1001,False,timeout,149,4.037897109985352,0.10384075343608856,0.8897767663002014,0.1157183051109314,0.0,0.03384125232696533,0.3041064739227295,0.016263706609606743,0.75,0.75,0.013175632804632187,0.35033491253852844
2026-08-15_22-26-44,/home/as22cq/Projects/Policy-RL-Peg_insertion/force_peg_rl/logs/rl_games/Forge/2026-08-15_22-26-44/nn/Forge.pth,1,nominal,1001,False,timeout,149,-0.9325128197669983,0.09640788286924362,0.464523583650589,0.13579119741916656,0.0,0.013812050223350525,0.6173210740089417,0.016402853652834892,0.75,0.75,0.013304097577929497,0.19915515184402466
2026-08-15_22-26-44,/home/as22cq/Projects/Policy-RL-Peg_insertion/force_peg_rl/logs/rl_games/Forge/2026-08-15_22-26-44/nn/Forge.pth,1,nominal,1001,False,timeout,149,8.600953102111816,0.07130060344934464,0.33857086300849915,0.12163226306438446,0.0,0.062105972319841385,0.8066698312759399,0.02295359969139099,0.75,0.75,0.013419264927506447,0.39455029368400574
2026-08-15_22-26-44,/home/as22cq/Projects/Policy-RL-Peg_insertion/force_peg_rl/logs/rl_games/Forge/2026-08-15_22-26-44/nn/Forge.pth,1,nominal,1001,False,timeout,149,22.136310577392578,0.07905134558677673,4.549441814422607,0.07817710936069489,0.0,0.06060751900076866,-0.026047203689813614,0.01770959608256817,0.75,0.75,0.014691845513880253,-0.5404009222984314
2026-08-15_22-26-44,/home/as22cq/Projects/Policy-RL-Peg_insertion/force_peg_rl/logs/rl_games/Forge/2026-08-15_22-26-44/nn/Forge.pth,1,nominal,1001,False,timeout,149,13.405255317687988,0.11762813478708267,12.766356468200684,1.0777788162231445,0.10833334177732468,0.10102717578411102,-0.8203949332237244,0.016356922686100006,0.75,0.75,0.017856009304523468,-0.33245620131492615
2026-08-15_22-26-44,/home/as22cq/Projects/Policy-RL-Peg_insertion/force_peg_rl/logs/rl_games/Forge/2026-08-15_22-26-44/nn/Forge.pth,1,nominal,1001,False,timeout,149,23.36930274963379,0.10793228447437286,0.9110936522483826,0.035066232085227966,0.0,0.08881548792123795,-1.1469855308532715,0.02057572640478611,0.75,0.75,0.015976805239915848,-0.3307815492153168
2026-08-15_22-26-44,/home/as22cq/Projects/Policy-RL-Peg_insertion/force_peg_rl/logs/rl_games/Forge/2026-08-15_22-26-44/nn/Forge.pth,1,nominal,1001,False,timeout,149,-15.02734375,0.07119442522525787,5.1482343673706055,0.4491822421550751,0.0,0.00733731035143137,0.5166111588478088,0.01646830514073372,0.75,0.75,0.021247239783406258,-0.2188536822795868
2026-08-15_22-26-44,/home/as22cq/Projects/Policy-RL-Peg_insertion/force_peg_rl/logs/rl_games/Forge/2026-08-15_22-26-44/nn/Forge.pth,1,nominal,1001,False,timeout,149,-89.25765991210938,0.059746138751506805,17.222074508666992,6.47000789642334,0.34166669845581055,0.021977057680487633,-1.0028879642486572,0.016161106526851654,0.75,0.75,0.01631709188222885,0.30144909024238586
2026-08-15_22-26-44,/home/as22cq/Projects/Policy-RL-Peg_insertion/force_peg_rl/logs/rl_games/Forge/2026-08-15_22-26-44/nn/Forge.pth,1,nominal,1001,False,timeout,149,13.37429428100586,0.07042864710092545,0.34218651056289673,0.05995459854602814,0.0,0.0557805635035038,0.572114884853363,0.01702846586704254,0.75,0.75,0.014140252023935318,-0.15462133288383484
2026-08-15_22-26-44,/home/as22cq/Projects/Policy-RL-Peg_insertion/force_peg_rl/logs/rl_games/Forge/2026-08-15_22-26-44/nn/Forge.pth,1,nominal,1001,False,timeout,149,25.008159637451172,0.08467532694339752,0.37647393345832825,0.05563261732459068,0.0,0.09456536173820496,-1.5784153938293457,0.014587434940040112,0.75,0.75,0.020949913188815117,0.40289273858070374
2026-08-15_22-26-44,/home/as22cq/Projects/Policy-RL-Peg_insertion/force_peg_rl/logs/rl_games/Forge/2026-08-15_22-26-44/nn/Forge.pth,1,nominal,1001,False,timeout,149,22.817523956298828,0.12278677523136139,0.4559582471847534,0.051476605236530304,0.0,0.10454343259334564,-0.2913685739040375,0.018362728878855705,0.75,0.75,0.01223105750977993,-0.4435054361820221
2026-08-15_22-26-44,/home/as22cq/Projects/Policy-RL-Peg_insertion/force_peg_rl/logs/rl_games/Forge/2026-08-15_22-26-44/nn/Forge.pth,1,nominal,1001,False,timeout,149,-2.4125659465789795,0.07631322741508484,0.7292604446411133,0.14543098211288452,0.0,0.0730026364326477,0.9774655699729919,0.01855064183473587,0.75,0.75,0.01869184523820877,-0.6091059446334839
2026-08-15_22-26-44,/home/as22cq/Projects/Policy-RL-Peg_insertion/force_peg_rl/logs/rl_games/Forge/2026-08-15_22-26-44/nn/Forge.pth,1,nominal,1001,False,timeout,149,12.422684669494629,0.09682165831327438,11.803215980529785,1.207951545715332,0.125,0.09420076757669449,-1.3065229654312134,0.018471993505954742,0.75,0.75,0.016589105129241943,-0.029500886797904968
2026-08-15_22-26-44,/home/as22cq/Projects/Policy-RL-Peg_insertion/force_peg_rl/logs/rl_games/Forge/2026-08-15_22-26-44/nn/Forge.pth,1,nominal,1001,False,timeout,149,13.115513801574707,0.17892836034297943,0.805361807346344,0.1053091287612915,0.0,0.07911056280136108,0.08850524574518204,0.02168460376560688,0.75,0.75,0.019233984872698784,-0.3934597969055176
2026-08-15_22-26-44,/home/as22cq/Projects/Policy-RL-Peg_insertion/force_peg_rl/logs/rl_games/Forge/2026-08-15_22-26-44/nn/Forge.pth,1,nominal,1001,False,timeout,149,0.05282852053642273,0.06304135173559189,0.26112818717956543,0.04932350292801857,0.0,0.06727507710456848,2.1048831939697266,0.01885201781988144,0.75,0.75,0.019675159826874733,0.6522115468978882
2026-08-15_22-26-44,/home/as22cq/Projects/Policy-RL-Peg_insertion/force_peg_rl/logs/rl_games/Forge/2026-08-15_22-26-44/nn/Forge.pth,1,nominal,1001,False,timeout,149,-6.235264301300049,0.01865305006504059,1.2710179090499878,0.17555467784404755,0.0,0.04295148700475693,1.3137595653533936,0.017903078347444534,0.75,0.75,0.01722608506679535,0.5483886003494263
2026-08-15_22-26-44,/home/as22cq/Projects/Policy-RL-Peg_insertion/force_peg_rl/logs/rl_games/Forge/2026-08-15_22-26-44/nn/Forge.pth,1,nominal,1001,False,timeout,149,-108.77764129638672,0.06392160058021545,15.905588150024414,4.302181720733643,0.30000001192092896,0.018815388903021812,-1.484930157661438,0.01591614820063114,0.75,0.75,0.014896406792104244,0.42344486713409424
2026-08-15_22-26-44,/home/as22cq/Projects/Policy-RL-Peg_insertion/force_peg_rl/logs/rl_games/Forge/2026-08-15_22-26-44/nn/Forge.pth,1,nominal,1001,False,timeout,149,4.090939044952393,0.07407418638467789,0.4470037519931793,0.061459559947252274,0.0,0.020315591245889664,0.8380857110023499,0.02119617350399494,0.75,0.75,0.024552397429943085,0.7525647282600403
2026-08-15_22-26-44,/home/as22cq/Projects/Policy-RL-Peg_insertion/force_peg_rl/logs/rl_games/Forge/2026-08-15_22-26-44/nn/Forge.pth,1,nominal,1001,False,timeout,149,9.949267387390137,0.16116394102573395,3.3373920917510986,0.12329105287790298,0.0,0.06370050460100174,0.008678512647747993,0.022429121658205986,0.75,0.75,0.018510691821575165,-0.4727274775505066
2026-08-15_22-26-44,/home/as22cq/Projects/Policy-RL-Peg_insertion/force_peg_rl/logs/rl_games/Forge/2026-08-15_22-26-44/nn/Forge.pth,1,nominal,1001,False,timeout,149,-11.039236068725586,0.055022742599248886,0.3126765787601471,0.060251157730817795,0.0,0.06339684873819351,1.6440141201019287,0.01488218829035759,0.75,0.75,0.01386965997517109,0.4944983422756195
2026-08-15_22-26-44,/home/as22cq/Projects/Policy-RL-Peg_insertion/force_peg_rl/logs/rl_games/Forge/2026-08-15_22-26-44/nn/Forge.pth,1,nominal,1001,False,timeout,149,4.643435478210449,0.0686521902680397,0.30468425154685974,0.052673645317554474,0.0,0.09172393381595612,1.6269018650054932,0.017609914764761925,0.75,0.75,0.020818792283535004,0.1502843201160431
2026-08-15_22-26-44,/home/as22cq/Projects/Policy-RL-Peg_insertion/force_peg_rl/logs/rl_games/Forge/2026-08-15_22-26-44/nn/Forge.pth,1,nominal,1001,False,timeout,149,-83.27803802490234,0.09905534237623215,23.563695907592773,4.215731143951416,0.0416666679084301,0.01668490283191204,-1.2464450597763062,0.014196322299540043,0.75,0.75,0.018837006762623787,-0.6462771892547607
2026-08-15_22-26-44,/home/as22cq/Projects/Policy-RL-Peg_insertion/force_peg_rl/logs/rl_games/Forge/2026-08-15_22-26-44/nn/Forge.pth,1,nominal,1001,False,timeout,149,-7.081822872161865,0.07741592079401016,1.1005887985229492,0.07857774198055267,0.0,0.13943691551685333,1.2809643745422363,0.01995878294110298,0.75,0.75,0.021841170266270638,0.6344282031059265
2026-08-15_22-26-44,/home/as22cq/Projects/Policy-RL-Peg_insertion/force_peg_rl/logs/rl_games/Forge/2026-08-15_22-26-44/nn/Forge.pth,1,nominal,1001,False,timeout,149,-7.489237308502197,0.027531053870916367,2.5300521850585938,0.2167898416519165,0.0,0.05712870508432388,1.334799885749817,0.02250853180885315,0.75,0.75,0.018767455592751503,0.6043733358383179
2026-08-15_22-26-44,/home/as22cq/Projects/Policy-RL-Peg_insertion/force_peg_rl/logs/rl_games/Forge/2026-08-15_22-26-44/nn/Forge.pth,1,nominal,1001,False,timeout,149,1.603808045387268,0.02776666358113289,3.887298583984375,0.4936327338218689,0.0,0.06803184747695923,2.1245248317718506,0.018876703456044197,0.75,0.75,0.019832029938697815,0.632672131061554
2026-08-15_22-26-44,/home/as22cq/Projects/Policy-RL-Peg_insertion/force_peg_rl/logs/rl_games/Forge/2026-08-15_22-26-44/nn/Forge.pth,1,nominal,1001,False,timeout,149,15.217070579528809,0.11887606978416443,3.5346145629882812,0.2967545688152313,0.0,0.0779058039188385,-1.53767991065979,0.018970340490341187,0.75,0.75,0.019398557022213936,-0.38063299655914307
2026-08-15_22-26-44,/home/as22cq/Projects/Policy-RL-Peg_insertion/force_peg_rl/logs/rl_games/Forge/2026-08-15_22-26-44/nn/Forge.pth,1,nominal,1001,False,timeout,149,3.679412603378296,-0.005816414952278137,0.27372798323631287,0.05525992065668106,0.0,0.04943303391337395,1.9236325025558472,0.014674588106572628,0.75,0.75,0.016571562737226486,-0.01652820035815239
2026-08-15_22-26-44,/home/as22cq/Projects/Policy-RL-Peg_insertion/force_peg_rl/logs/rl_games/Forge/2026-08-15_22-26-44/nn/Forge.pth,1,nominal,1001,False,timeout,149,-2.7004215717315674,0.08198317885398865,0.5522971153259277,0.09109283238649368,0.0,0.039963703602552414,0.400264173746109,0.021122463047504425,0.75,0.75,0.007517548743635416,0.4541884958744049
2026-08-15_22-26-44,/home/as22cq/Projects/Policy-RL-Peg_insertion/force_peg_rl/logs/rl_games/Forge/2026-08-15_22-26-44/nn/Forge.pth,1,nominal,1001,False,timeout,149,1.5608243942260742,0.07241369783878326,0.42026251554489136,0.0798603966832161,0.0,0.05294250696897507,0.07052227109670639,0.020548122003674507,0.75,0.75,0.022836808115243912,-0.5218984484672546
2026-08-15_22-26-44,/home/as22cq/Projects/Policy-RL-Peg_insertion/force_peg_rl/logs/rl_games/Forge/2026-08-15_22-26-44/nn/Forge.pth,1,nominal,1001,False,timeout,149,23.211069107055664,0.13505145907402039,0.535899817943573,0.06253422051668167,0.0,0.084663987159729,-1.54230535030365,0.0146819818764925,0.75,0.75,0.009932360611855984,-0.3420926630496979
2026-08-15_22-26-44,/home/as22cq/Projects/Policy-RL-Peg_insertion/force_peg_rl/logs/rl_games/Forge/2026-08-15_22-26-44/nn/Forge.pth,1,nominal,1001,False,timeout,149,-4.473272800445557,0.16679158806800842,16.49210548400879,1.70524001121521,0.13333334028720856,0.07701557874679565,-0.07846073806285858,0.016416696831583977,0.75,0.75,0.015543580055236816,0.12891027331352234
2026-08-15_22-26-44,/home/as22cq/Projects/Policy-RL-Peg_insertion/force_peg_rl/logs/rl_games/Forge/2026-08-15_22-26-44/nn/Forge.pth,1,nominal,1001,False,timeout,149,-118.50669860839844,0.09067882597446442,15.651778221130371,6.189103126525879,0.5583333373069763,0.01627429574728012,-1.3852578401565552,0.02037438005208969,0.75,0.75,0.019716428592801094,-0.7546032667160034
2026-08-15_22-26-44,/home/as22cq/Projects/Policy-RL-Peg_insertion/force_peg_rl/logs/rl_games/Forge/2026-08-15_22-26-44/nn/Forge.pth,1,nominal,1001,False,timeout,149,-2.257585048675537,0.05458290874958038,0.8328598141670227,0.08363457769155502,0.0,0.10207170248031616,1.8294883966445923,0.02104412019252777,0.75,0.75,0.02434394508600235,0.4898701012134552
2026-08-15_22-26-44,/home/as22cq/Projects/Policy-RL-Peg_insertion/force_peg_rl/logs/rl_games/Forge/2026-08-15_22-26-44/nn/Forge.pth,1,nominal,1001,False,timeout,149,-7.611874580383301,0.058878250420093536,0.4962548017501831,0.053880371153354645,0.0,0.06717421114444733,1.8466986417770386,0.021495122462511063,0.75,0.75,0.008821305818855762,0.3837381899356842
2026-08-15_22-26-44,/home/as22cq/Projects/Policy-RL-Peg_insertion/force_peg_rl/logs/rl_games/Forge/2026-08-15_22-26-44/nn/Forge.pth,1,nominal,1001,False,timeout,149,3.8220999240875244,0.1472035050392151,15.676166534423828,0.982476532459259,0.05833333730697632,0.10162810236215591,-0.21276195347309113,0.0181379783898592,0.75,0.75,0.0077208103612065315,-0.0785929337143898
2026-08-15_22-26-44,/home/as22cq/Projects/Policy-RL-Peg_insertion/force_peg_rl/logs/rl_games/Forge/2026-08-15_22-26-44/nn/Forge.pth,1,nominal,1001,False,timeout,149,15.679757118225098,0.10619233548641205,0.6716487407684326,0.062220629304647446,0.0,0.09219466894865036,-0.7332521080970764,0.016820821911096573,0.75,0.75,0.020627807825803757,-0.6109328866004944
2026-08-15_22-26-44,/home/as22cq/Projects/Policy-RL-Peg_insertion/force_peg_rl/logs/rl_games/Forge/2026-08-15_22-26-44/nn/Forge.pth,1,nominal,1002,False,timeout,149,-19.409984588623047,0.0721442699432373,9.601587295532227,1.4775391817092896,0.21666668355464935,0.0656062588095665,1.0465786457061768,0.019413884729146957,0.75,0.75,0.01789960265159607,0.45074665546417236
2026-08-15_22-26-44,/home/as22cq/Projects/Policy-RL-Peg_insertion/force_peg_rl/logs/rl_games/Forge/2026-08-15_22-26-44/nn/Forge.pth,1,nominal,1002,False,timeout,149,-7.263845920562744,0.07122491300106049,8.817506790161133,0.25361576676368713,0.008333333767950535,0.0424344465136528,0.8740472793579102,0.01712241768836975,0.75,0.75,0.00903177447617054,-0.6292104721069336
2026-08-15_22-26-44,/home/as22cq/Projects/Policy-RL-Peg_insertion/force_peg_rl/logs/rl_games/Forge/2026-08-15_22-26-44/nn/Forge.pth,1,nominal,1002,False,timeout,149,-1.932166576385498,0.06571493297815323,2.671165704727173,0.2618180811405182,0.0,0.053970709443092346,0.8001095056533813,0.01554050762206316,0.75,0.75,0.013464132323861122,-0.32392194867134094
2026-08-15_22-26-44,/home/as22cq/Projects/Policy-RL-Peg_insertion/force_peg_rl/logs/rl_games/Forge/2026-08-15_22-26-44/nn/Forge.pth,1,nominal,1002,False,timeout,149,-16.428281784057617,0.07510699331760406,13.630854606628418,2.0298454761505127,0.125,0.057537488639354706,1.114406704902649,0.018758801743388176,0.75,0.75,0.020801255479454994,0.5808753371238708
2026-08-15_22-26-44,/home/as22cq/Projects/Policy-RL-Peg_insertion/force_peg_rl/logs/rl_games/Forge/2026-08-15_22-26-44/nn/Forge.pth,1,nominal,1002,False,timeout,149,132.89263916015625,0.016219347715377808,9.98015308380127,3.233638048171997,0.008333333767950535,0.0006093267002142966,-0.9731501936912537,0.014345498755574226,0.75,0.75,0.021153444424271584,0.22044812142848969
2026-08-15_22-26-44,/home/as22cq/Projects/Policy-RL-Peg_insertion/force_peg_rl/logs/rl_games/Forge/2026-08-15_22-26-44/nn/Forge.pth,1,nominal,1002,True,success,149,221.96624755859375,0.00031690672039985657,15.622090339660645,5.010709285736084,0.3500000238418579,0.0007627752493135631,-0.16015242040157318,0.015388447791337967,0.75,0.75,0.01370332483202219,-0.33679747581481934
2026-08-15_22-26-44,/home/as22cq/Projects/Policy-RL-Peg_insertion/force_peg_rl/logs/rl_games/Forge/2026-08-15_22-26-44/nn/Forge.pth,1,nominal,1002,False,timeout,149,-0.9245997667312622,0.14374779164791107,0.9237299561500549,0.06657922267913818,0.0,0.0596054308116436,0.38207438588142395,0.020567502826452255,0.75,0.75,0.018199071288108826,-0.2882532477378845
2026-08-15_22-26-44,/home/as22cq/Projects/Policy-RL-Peg_insertion/force_peg_rl/logs/rl_games/Forge/2026-08-15_22-26-44/nn/Forge.pth,1,nominal,1002,False,timeout,149,-28.44483184814453,0.05025465413928032,9.75039005279541,1.3137552738189697,0.17500001192092896,0.07541684061288834,2.25958514213562,0.018307818099856377,0.75,0.75,0.010578595101833344,-0.5181620717048645
2026-08-15_22-26-44,/home/as22cq/Projects/Policy-RL-Peg_insertion/force_peg_rl/logs/rl_games/Forge/2026-08-15_22-26-44/nn/Forge.pth,1,nominal,1002,False,timeout,149,-18.480810165405273,0.07122492790222168,12.438666343688965,1.9721802473068237,0.11666667461395264,0.07273247838020325,2.0061323642730713,0.02321643754839897,0.75,0.75,0.005322881042957306,0.06376909464597702
2026-08-15_22-26-44,/home/as22cq/Projects/Policy-RL-Peg_insertion/force_peg_rl/logs/rl_games/Forge/2026-08-15_22-26-44/nn/Forge.pth,1,nominal,1002,False,timeout,149,-0.5674120187759399,0.14332175254821777,6.617867946624756,0.8537226915359497,0.0,0.0631629005074501,0.14698567986488342,0.014807280153036118,0.75,0.75,0.0191887766122818,-0.3304016888141632
2026-08-15_22-26-44,/home/as22cq/Projects/Policy-RL-Peg_insertion/force_peg_rl/logs/rl_games/Forge/2026-08-15_22-26-44/nn/Forge.pth,1,nominal,1002,False,timeout,149,2.2016751766204834,0.1284981071949005,3.3692851066589355,0.0812280997633934,0.0,0.0743253231048584,-0.030719511210918427,0.02122945338487625,0.75,0.75,0.0049608671106398106,-0.6119070649147034
2026-08-15_22-26-44,/home/as22cq/Projects/Policy-RL-Peg_insertion/force_peg_rl/logs/rl_games/Forge/2026-08-15_22-26-44/nn/Forge.pth,1,nominal,1002,True,success,149,300.23736572265625,0.00036077573895454407,9.968207359313965,3.257364511489868,0.15000000596046448,0.0007483868976123631,-0.3186792731285095,0.015919752418994904,0.75,0.75,0.013480856083333492,0.15796928107738495
2026-08-15_22-26-44,/home/as22cq/Projects/Policy-RL-Peg_insertion/force_peg_rl/logs/rl_games/Forge/2026-08-15_22-26-44/nn/Forge.pth,1,nominal,1002,True,success,149,305.17364501953125,0.0002954453229904175,9.734329223632812,2.4281985759735107,0.01666666753590107,0.000729841529391706,-0.10791664570569992,0.02155010960996151,0.75,0.75,0.010217918083071709,0.07179664820432663
2026-08-15_22-26-44,/home/as22cq/Projects/Policy-RL-Peg_insertion/force_peg_rl/logs/rl_games/Forge/2026-08-15_22-26-44/nn/Forge.pth,1,nominal,1002,True,success,149,200.83023071289062,0.0018279924988746643,15.381119728088379,4.891608238220215,0.21666668355464935,0.0008077340316958725,-0.17542436718940735,0.015309987589716911,0.75,0.75,0.01897512748837471,0.4430526793003082
2026-08-15_22-26-44,/home/as22cq/Projects/Policy-RL-Peg_insertion/force_peg_rl/logs/rl_games/Forge/2026-08-15_22-26-44/nn/Forge.pth,1,nominal,1002,True,success,149,192.27334594726562,0.002121921628713608,15.317423820495605,3.1019492149353027,0.21666668355464935,0.0007499120547436178,-0.23763860762119293,0.017588315531611443,0.75,0.75,0.011249029077589512,-0.15198840200901031
2026-08-15_22-26-44,/home/as22cq/Projects/Policy-RL-Peg_insertion/force_peg_rl/logs/rl_games/Forge/2026-08-15_22-26-44/nn/Forge.pth,1,nominal,1002,True,success,149,355.6925964355469,0.00030800700187683105,11.45796012878418,3.4399943351745605,0.19166667759418488,0.0005298742325976491,-0.8032232522964478,0.017348863184452057,0.75,0.75,0.001999589381739497,0.7696378231048584
2026-08-15_22-26-44,/home/as22cq/Projects/Policy-RL-Peg_insertion/force_peg_rl/logs/rl_games/Forge/2026-08-15_22-26-44/nn/Forge.pth,1,nominal,1002,False,timeout,149,-12.193680763244629,0.046593088656663895,11.238885879516602,0.26082220673561096,0.008333333767950535,0.06865677982568741,2.1304993629455566,0.01678197830915451,0.75,0.75,0.018876828253269196,-0.28883111476898193
2026-08-15_22-26-44,/home/as22cq/Projects/Policy-RL-Peg_insertion/force_peg_rl/logs/rl_games/Forge/2026-08-15_22-26-44/nn/Forge.pth,1,nominal,1002,False,timeout,149,-16.031600952148438,0.08472216129302979,8.568050384521484,1.1766849756240845,0.0,0.0772688165307045,0.9000493884086609,0.020639784634113312,0.75,0.75,0.017401155084371567,0.698418378829956
2026-08-15_22-26-44,/home/as22cq/Projects/Policy-RL-Peg_insertion/force_peg_rl/logs/rl_games/Forge/2026-08-15_22-26-44/nn/Forge.pth,1,nominal,1002,False,timeout,149,-11.060200691223145,0.044960811734199524,3.15936541557312,0.1764533668756485,0.0,0.07363881915807724,2.0285654067993164,0.02195141091942787,0.75,0.75,0.0175413116812706,0.5204441547393799
2026-08-15_22-26-44,/home/as22cq/Projects/Policy-RL-Peg_insertion/force_peg_rl/logs/rl_games/Forge/2026-08-15_22-26-44/nn/Forge.pth,1,nominal,1002,True,success,149,213.12425231933594,0.0031329095363616943,9.075887680053711,2.8211214542388916,0.0,0.0005321450880728662,-0.786851167678833,0.021944817155599594,0.75,0.75,0.02279234118759632,0.2631632387638092
2026-08-15_22-26-44,/home/as22cq/Projects/Policy-RL-Peg_insertion/force_peg_rl/logs/rl_games/Forge/2026-08-15_22-26-44/nn/Forge.pth,1,nominal,1002,True,success,149,133.7041778564453,0.0011622682213783264,12.423003196716309,6.725611686706543,0.7666667103767395,0.0007578338263556361,-0.6206039190292358,0.01506362110376358,0.75,0.75,0.021574553102254868,0.7122719883918762
2026-08-15_22-26-44,/home/as22cq/Projects/Policy-RL-Peg_insertion/force_peg_rl/logs/rl_games/Forge/2026-08-15_22-26-44/nn/Forge.pth,1,nominal,1002,False,timeout,149,-10.790427207946777,0.05509763956069946,3.6353471279144287,0.31725600361824036,0.0,0.08280094712972641,1.4135679006576538,0.021246735006570816,0.75,0.75,0.013246471993625164,0.34015482664108276
2026-08-15_22-26-44,/home/as22cq/Projects/Policy-RL-Peg_insertion/force_peg_rl/logs/rl_games/Forge/2026-08-15_22-26-44/nn/Forge.pth,1,nominal,1002,False,timeout,149,-11.897809982299805,0.06376489996910095,7.006749153137207,0.2685508728027344,0.008333333767950535,0.05612311512231827,1.3982166051864624,0.02387821674346924,0.75,0.75,0.006745174527168274,0.5512175559997559
2026-08-15_22-26-44,/home/as22cq/Projects/Policy-RL-Peg_insertion/force_peg_rl/logs/rl_games/Forge/2026-08-15_22-26-44/nn/Forge.pth,1,nominal,1002,False,timeout,149,-8.822684288024902,0.03932229429483414,2.1839733123779297,0.1453833132982254,0.0,0.0720614418387413,2.2480218410491943,0.018176956102252007,0.75,0.75,0.012507934123277664,0.07099486142396927
2026-08-15_22-26-44,/home/as22cq/Projects/Policy-RL-Peg_insertion/force_peg_rl/logs/rl_games/Forge/2026-08-15_22-26-44/nn/Forge.pth,1,nominal,1002,False,timeout,149,14.052334785461426,0.06722980737686157,11.585538864135742,1.4462701082229614,0.09166666865348816,0.0678369551897049,1.0053855180740356,0.023027971386909485,0.75,0.75,0.01797373779118061,-0.4308236539363861
2026-08-15_22-26-44,/home/as22cq/Projects/Policy-RL-Peg_insertion/force_peg_rl/logs/rl_games/Forge/2026-08-15_22-26-44/nn/Forge.pth,1,nominal,1002,False,timeout,149,-17.268178939819336,0.08647719770669937,12.464292526245117,0.751123309135437,0.0416666679084301,0.04501205310225487,0.3308474123477936,0.02109156735241413,0.75,0.75,0.009917382150888443,-0.3720260262489319
2026-08-15_22-26-44,/home/as22cq/Projects/Policy-RL-Peg_insertion/force_peg_rl/logs/rl_games/Forge/2026-08-15_22-26-44/nn/Forge.pth,1,nominal,1002,False,timeout,149,-11.419317245483398,0.007263973355293274,8.885295867919922,0.4693680703639984,0.008333333767950535,0.064022958278656,1.8385236263275146,0.019174015149474144,0.75,0.75,0.017250249162316322,0.518789529800415
2026-08-15_22-26-44,/home/as22cq/Projects/Policy-RL-Peg_insertion/force_peg_rl/logs/rl_games/Forge/2026-08-15_22-26-44/nn/Forge.pth,1,nominal,1002,False,timeout,149,-14.205913543701172,0.08363381028175354,7.493793487548828,0.5340980887413025,0.01666666753590107,0.053587835282087326,0.6721788644790649,0.019366687163710594,0.75,0.75,0.011414960958063602,0.21932949125766754
2026-08-15_22-26-44,/home/as22cq/Projects/Policy-RL-Peg_insertion/force_peg_rl/logs/rl_games/Forge/2026-08-15_22-26-44/nn/Forge.pth,1,nominal,1002,False,timeout,149,-19.886516571044922,0.023511972278356552,12.196893692016602,8.652185440063477,0.5916666984558105,0.0009245064575225115,0.186841681599617,0.016690043732523918,0.75,0.75,0.02096317522227764,-0.5644876956939697
2026-08-15_22-26-44,/home/as22cq/Projects/Policy-RL-Peg_insertion/force_peg_rl/logs/rl_games/Forge/2026-08-15_22-26-44/nn/Forge.pth,1,nominal,1002,False,timeout,149,-15.349540710449219,0.04248397424817085,12.945530891418457,5.116586685180664,0.2666666805744171,0.0453682504594326,1.8190414905548096,0.021030575037002563,0.75,0.75,0.01157835591584444,0.2417273372411728
2026-08-15_22-26-44,/home/as22cq/Projects/Policy-RL-Peg_insertion/force_peg_rl/logs/rl_games/Forge/2026-08-15_22-26-44/nn/Forge.pth,1,nominal,1002,False,timeout,149,-10.77134895324707,0.08195356279611588,6.130824089050293,0.4621751606464386,0.02500000223517418,0.05136885493993759,0.894016683101654,0.014745257794857025,0.75,0.75,0.024253567680716515,0.7098237872123718
2026-08-15_22-26-44,/home/as22cq/Projects/Policy-RL-Peg_insertion/force_peg_rl/logs/rl_games/Forge/2026-08-15_22-26-44/nn/Forge.pth,1,nominal,1002,False,timeout,149,-3.3932766914367676,0.16179241240024567,11.393254280090332,0.40421193838119507,0.008333333767950535,0.09453387558460236,0.052935268729925156,0.017925405874848366,0.75,0.75,0.020939335227012634,-0.5799182653427124
2026-08-15_22-26-44,/home/as22cq/Projects/Policy-RL-Peg_insertion/force_peg_rl/logs/rl_games/Forge/2026-08-15_22-26-44/nn/Forge.pth,1,nominal,1002,False,timeout,149,49.77287673950195,0.02348736673593521,7.070336818695068,2.057016611099243,0.0,0.05846979841589928,2.142725944519043,0.023400066420435905,0.75,0.75,0.01801287941634655,-0.2945553660392761
2026-08-15_22-26-44,/home/as22cq/Projects/Policy-RL-Peg_insertion/force_peg_rl/logs/rl_games/Forge/2026-08-15_22-26-44/nn/Forge.pth,1,nominal,1002,False,timeout,149,-9.666149139404297,0.0872664675116539,6.864625930786133,0.672656774520874,0.0,0.04154861345887184,0.33802521228790283,0.016221296042203903,0.75,0.75,0.013299291953444481,0.49062493443489075
2026-08-15_22-26-44,/home/as22cq/Projects/Policy-RL-Peg_insertion/force_peg_rl/logs/rl_games/Forge/2026-08-15_22-26-44/nn/Forge.pth,1,nominal,1002,False,timeout,149,-28.563976287841797,0.053642287850379944,12.157843589782715,3.8227932453155518,0.14166668057441711,0.06833913922309875,1.2508127689361572,0.019461337476968765,0.75,0.75,0.009287179447710514,0.7294746041297913
2026-08-15_22-26-44,/home/as22cq/Projects/Policy-RL-Peg_insertion/force_peg_rl/logs/rl_games/Forge/2026-08-15_22-26-44/nn/Forge.pth,1,nominal,1002,True,success,149,115.24654388427734,0.00015708431601524353,14.605525970458984,7.135871410369873,0.5416666865348816,0.0005651705432683229,-0.3303740322589874,0.016258444637060165,0.75,0.75,0.009436296299099922,-0.49849066138267517
2026-08-15_22-26-44,/home/as22cq/Projects/Policy-RL-Peg_insertion/force_peg_rl/logs/rl_games/Forge/2026-08-15_22-26-44/nn/Forge.pth,1,nominal,1002,True,success,149,283.4787292480469,0.0010705739259719849,10.704033851623535,5.217819690704346,0.10000000894069672,0.0008063288405537605,-0.5775058269500732,0.018716946244239807,0.75,0.75,0.018816489726305008,0.10864932835102081
2026-08-15_22-26-44,/home/as22cq/Projects/Policy-RL-Peg_insertion/force_peg_rl/logs/rl_games/Forge/2026-08-15_22-26-44/nn/Forge.pth,1,nominal,1002,False,timeout,149,-13.30018138885498,0.1026933491230011,13.260333061218262,1.163731575012207,0.0416666679084301,0.05534128472208977,0.26592257618904114,0.01746673509478569,0.75,0.75,0.023673661053180695,-0.16187995672225952
2026-08-15_22-26-44,/home/as22cq/Projects/Policy-RL-Peg_insertion/force_peg_rl/logs/rl_games/Forge/2026-08-15_22-26-44/nn/Forge.pth,1,nominal,1002,True,success,149,263.56134033203125,0.00026175007224082947,15.945621490478516,4.503824710845947,0.3500000238418579,0.0007998110959306359,-0.11492504924535751,0.01440645195543766,0.75,0.75,0.012244898825883865,-0.5447081327438354
2026-08-15_22-26-44,/home/as22cq/Projects/Policy-RL-Peg_insertion/force_peg_rl/logs/rl_games/Forge/2026-08-15_22-26-44/nn/Forge.pth,1,nominal,1002,False,timeout,149,-7.348611354827881,0.0800040066242218,4.775333404541016,0.37474325299263,0.0,0.046323761343955994,0.8865898251533508,0.021889936178922653,0.75,0.75,0.02116028591990471,-0.7573469877243042
2026-08-15_22-26-44,/home/as22cq/Projects/Policy-RL-Peg_insertion/force_peg_rl/logs/rl_games/Forge/2026-08-15_22-26-44/nn/Forge.pth,1,nominal,1002,False,timeout,149,-20.315656661987305,0.1087879166007042,14.179336547851562,2.152649402618408,0.13333334028720856,0.07286270707845688,0.05875154957175255,0.016589166596531868,0.75,0.75,0.010192293673753738,-0.14078155159950256
2026-08-15_22-26-44,/home/as22cq/Projects/Policy-RL-Peg_insertion/force_peg_rl/logs/rl_games/Forge/2026-08-15_22-26-44/nn/Forge.pth,1,nominal,1002,False,timeout,149,1.3553357124328613,0.10592339932918549,5.817662239074707,0.32702210545539856,0.01666666753590107,0.0774470865726471,-0.11760001629590988,0.018467051908373833,0.75,0.75,0.006955091841518879,-0.23734819889068604
2026-08-15_22-26-44,/home/as22cq/Projects/Policy-RL-Peg_insertion/force_peg_rl/logs/rl_games/Forge/2026-08-15_22-26-44/nn/Forge.pth,1,nominal,1002,False,timeout,149,-12.58287239074707,0.07166960090398788,10.011897087097168,0.5484671592712402,0.0416666679084301,0.041658323258161545,0.4767240881919861,0.020759839564561844,0.75,0.75,0.014341910369694233,-0.05237210914492607
2026-08-15_22-26-44,/home/as22cq/Projects/Policy-RL-Peg_insertion/force_peg_rl/logs/rl_games/Forge/2026-08-15_22-26-44/nn/Forge.pth,1,nominal,1002,False,timeout,149,-5.033628463745117,0.08258136361837387,1.7411714792251587,0.13977892696857452,0.0,0.025637926533818245,0.45056188106536865,0.01720079593360424,0.75,0.75,0.009458223357796669,-0.17536109685897827
2026-08-15_22-26-44,/home/as22cq/Projects/Policy-RL-Peg_insertion/force_peg_rl/logs/rl_games/Forge/2026-08-15_22-26-44/nn/Forge.pth,1,nominal,1002,False,timeout,149,-5.3168768882751465,0.10172466933727264,5.930881500244141,0.7816218733787537,0.0,0.04927524924278259,0.332146018743515,0.021759364753961563,0.75,0.75,0.00609875563532114,0.7530428171157837
2026-08-15_22-26-44,/home/as22cq/Projects/Policy-RL-Peg_insertion/force_peg_rl/logs/rl_games/Forge/2026-08-15_22-26-44/nn/Forge.pth,1,nominal,1002,False,timeout,149,-1.7127422094345093,0.16186419129371643,4.236133098602295,0.1383621245622635,0.0,0.09941449761390686,0.20074701309204102,0.0233331099152565,0.75,0.75,0.007744076196104288,0.17208805680274963
2026-08-15_22-26-44,/home/as22cq/Projects/Policy-RL-Peg_insertion/force_peg_rl/logs/rl_games/Forge/2026-08-15_22-26-44/nn/Forge.pth,1,nominal,1002,False,timeout,149,117.0472412109375,0.007319904863834381,14.98277759552002,6.3542962074279785,0.36666667461395264,0.0005755442543886602,-1.434584140777588,0.021477200090885162,0.75,0.75,0.012040233239531517,0.2449764758348465
2026-08-15_22-26-44,/home/as22cq/Projects/Policy-RL-Peg_insertion/force_peg_rl/logs/rl_games/Forge/2026-08-15_22-26-44/nn/Forge.pth,1,nominal,1002,True,success,149,330.1673889160156,0.00021445751190185547,13.131698608398438,5.015022277832031,0.24166667461395264,0.0007967337151058018,-0.07986198365688324,0.023808356374502182,0.75,0.75,0.017729900777339935,0.6457738876342773
2026-08-15_22-26-44,/home/as22cq/Projects/Policy-RL-Peg_insertion/force_peg_rl/logs/rl_games/Forge/2026-08-15_22-26-44/nn/Forge.pth,1,nominal,1002,False,timeout,149,-8.8510103225708,0.03698302432894707,5.203448295593262,0.3145698010921478,0.0,0.07174977660179138,2.2228591442108154,0.01721891015768051,0.75,0.75,0.014140610583126545,0.13803786039352417
2026-08-15_22-26-44,/home/as22cq/Projects/Policy-RL-Peg_insertion/force_peg_rl/logs/rl_games/Forge/2026-08-15_22-26-44/nn/Forge.pth,1,nominal,1002,False,timeout,149,-11.899247169494629,0.10274875164031982,11.326506614685059,0.868789553642273,0.0416666679084301,0.019575394690036774,0.48952874541282654,0.018824348226189613,0.75,0.75,0.02334660291671753,0.06929180771112442
2026-08-15_22-26-44,/home/as22cq/Projects/Policy-RL-Peg_insertion/force_peg_rl/logs/rl_games/Forge/2026-08-15_22-26-44/nn/Forge.pth,1,nominal,1002,False,timeout,149,1.582078456878662,0.13714268803596497,5.856722354888916,0.2093867063522339,0.008333333767950535,0.06927105784416199,0.22544027864933014,0.021324120461940765,0.75,0.75,0.023754483088850975,-0.6461846232414246
2026-08-15_22-26-44,/home/as22cq/Projects/Policy-RL-Peg_insertion/force_peg_rl/logs/rl_games/Forge/2026-08-15_22-26-44/nn/Forge.pth,1,nominal,1002,False,timeout,149,-22.062528610229492,0.036140941083431244,12.23954963684082,2.350001811981201,0.1666666716337204,0.0428273044526577,1.8764228820800781,0.01423654519021511,0.75,0.75,0.018009386956691742,0.523815393447876
2026-08-15_22-26-44,/home/as22cq/Projects/Policy-RL-Peg_insertion/force_peg_rl/logs/rl_games/Forge/2026-08-15_22-26-44/nn/Forge.pth,1,nominal,1002,False,timeout,149,-7.610888481140137,0.07460754364728928,2.1090939044952393,0.21148714423179626,0.0,0.039685893803834915,0.7397772669792175,0.022238317877054214,0.75,0.75,0.015628768131136894,-0.3721763789653778
2026-08-15_22-26-44,/home/as22cq/Projects/Policy-RL-Peg_insertion/force_peg_rl/logs/rl_games/Forge/2026-08-15_22-26-44/nn/Forge.pth,1,nominal,1002,False,timeout,149,-0.6518762707710266,0.07359586656093597,8.480271339416504,0.31315305829048157,0.008333333767950535,0.06536822021007538,0.06336816400289536,0.023817339912056923,0.75,0.75,0.012229286134243011,-0.33388614654541016
2026-08-15_22-26-44,/home/as22cq/Projects/Policy-RL-Peg_insertion/force_peg_rl/logs/rl_games/Forge/2026-08-15_22-26-44/nn/Forge.pth,1,nominal,1002,False,timeout,149,20.069061279296875,0.01636754348874092,6.1847686767578125,1.086997151374817,0.0,0.016880644485354424,-0.23041577637195587,0.015604325570166111,0.75,0.75,0.013054702430963516,0.442440390586853
2026-08-15_22-26-44,/home/as22cq/Projects/Policy-RL-Peg_insertion/force_peg_rl/logs/rl_games/Forge/2026-08-15_22-26-44/nn/Forge.pth,1,nominal,1002,False,timeout,149,-0.9050729274749756,0.10474149882793427,6.62421989440918,0.41400811076164246,0.0,0.059053223580121994,0.15375737845897675,0.01654166355729103,0.75,0.75,0.007180836051702499,-0.6129394173622131
2026-08-15_22-26-44,/home/as22cq/Projects/Policy-RL-Peg_insertion/force_peg_rl/logs/rl_games/Forge/2026-08-15_22-26-44/nn/Forge.pth,1,nominal,1002,False,timeout,149,1.8385369777679443,0.13699427247047424,7.572238445281982,2.303428888320923,0.008333333767950535,0.06923060119152069,-0.04935917258262634,0.015367625281214714,0.75,0.75,0.009681761264801025,-0.702483057975769
2026-08-15_22-26-44,/home/as22cq/Projects/Policy-RL-Peg_insertion/force_peg_rl/logs/rl_games/Forge/2026-08-15_22-26-44/nn/Forge.pth,1,nominal,1002,False,timeout,149,-45.45680236816406,0.025196578353643417,11.760127067565918,7.312049388885498,0.6583333611488342,0.007753402926027775,-0.09657065570354462,0.016587311401963234,0.75,0.75,0.004191722720861435,-0.3138895034790039
2026-08-15_22-26-44,/home/as22cq/Projects/Policy-RL-Peg_insertion/force_peg_rl/logs/rl_games/Forge/2026-08-15_22-26-44/nn/Forge.pth,1,nominal,1002,False,timeout,149,18.40260124206543,0.04853164032101631,9.37310791015625,1.7114921808242798,0.03333333507180214,0.08397872000932693,1.625338077545166,0.02069450542330742,0.75,0.75,0.007109863217920065,-0.7241960763931274
2026-08-15_22-26-44,/home/as22cq/Projects/Policy-RL-Peg_insertion/force_peg_rl/logs/rl_games/Forge/2026-08-15_22-26-44/nn/Forge.pth,1,nominal,1002,False,timeout,149,-2.2293503284454346,0.1334930658340454,7.738529205322266,0.39059004187583923,0.0,0.05071154609322548,0.038536012172698975,0.014911415986716747,0.75,0.75,0.017646677792072296,-0.08787451684474945
2026-08-15_22-26-44,/home/as22cq/Projects/Policy-RL-Peg_insertion/force_peg_rl/logs/rl_games/Forge/2026-08-15_22-26-44/nn/Forge.pth,1,nominal,1002,False,timeout,149,0.038071662187576294,0.03467743098735809,0.7052168846130371,0.173581063747406,0.0,0.04609875753521919,1.166338324546814,0.023175688460469246,0.75,0.75,0.01900392398238182,-0.21887314319610596
2026-08-15_22-26-44,/home/as22cq/Projects/Policy-RL-Peg_insertion/force_peg_rl/logs/rl_games/Forge/2026-08-15_22-26-44/nn/Forge.pth,1,nominal,1002,False,timeout,149,20.375764846801758,0.01061442494392395,8.629015922546387,2.0284974575042725,0.008333333767950535,0.01653139293193817,-0.3693802058696747,0.020305711776018143,0.75,0.75,0.017524760216474533,0.28504395484924316
2026-08-15_22-26-44,/home/as22cq/Projects/Policy-RL-Peg_insertion/force_peg_rl/logs/rl_games/Forge/2026-08-15_22-26-44/nn/Forge.pth,1,nominal,1002,False,timeout,149,-6.994716644287109,0.08363142609596252,6.079691410064697,0.4140528440475464,0.008333333767950535,0.04381861165165901,0.340826153755188,0.022102581337094307,0.75,0.75,0.021724561229348183,-0.1555425226688385
2026-08-15_22-26-44,/home/as22cq/Projects/Policy-RL-Peg_insertion/force_peg_rl/logs/rl_games/Forge/2026-08-15_22-26-44/nn/Forge.pth,1,nominal,1002,False,timeout,149,-5.418656349182129,0.09184002876281738,2.013739824295044,0.1413855105638504,0.0,0.05010605603456497,0.0795363262295723,0.020468013361096382,0.75,0.75,0.013485435396432877,-0.6150318384170532
2026-08-15_22-26-44,/home/as22cq/Projects/Policy-RL-Peg_insertion/force_peg_rl/logs/rl_games/Forge/2026-08-15_22-26-44/nn/Forge.pth,1,nominal,1002,False,timeout,149,-1.040433645248413,0.05752530321478844,0.4131074845790863,0.06072719022631645,0.0,0.07681877911090851,1.6413463354110718,0.02053002640604973,0.75,0.75,0.016058651730418205,0.19814160466194153
2026-08-15_22-26-44,/home/as22cq/Projects/Policy-RL-Peg_insertion/force_peg_rl/logs/rl_games/Forge/2026-08-15_22-26-44/nn/Forge.pth,1,nominal,1002,False,timeout,149,1.4807933568954468,0.04702942073345184,0.3439987003803253,0.04628806188702583,0.0,0.06812696903944016,1.702701210975647,0.023736361414194107,0.75,0.75,0.019898032769560814,-0.0350927971303463
2026-08-15_22-26-44,/home/as22cq/Projects/Policy-RL-Peg_insertion/force_peg_rl/logs/rl_games/Forge/2026-08-15_22-26-44/nn/Forge.pth,1,nominal,1002,False,timeout,149,-8.461477279663086,0.07649566233158112,0.4929945170879364,0.08026957511901855,0.0,0.06179576367139816,1.0887478590011597,0.014548050239682198,0.75,0.75,0.02143809013068676,0.5012869238853455
2026-08-15_22-26-44,/home/as22cq/Projects/Policy-RL-Peg_insertion/force_peg_rl/logs/rl_games/Forge/2026-08-15_22-26-44/nn/Forge.pth,1,nominal,1002,False,timeout,149,1.0521306991577148,0.018605036661028862,0.15824593603610992,0.038036465644836426,0.0,0.06774654239416122,1.8151894807815552,0.01885204203426838,0.75,0.75,0.020396744832396507,0.27641141414642334
2026-08-15_22-26-44,/home/as22cq/Projects/Policy-RL-Peg_insertion/force_peg_rl/logs/rl_games/Forge/2026-08-15_22-26-44/nn/Forge.pth,1,nominal,1002,False,timeout,149,1.9974232912063599,0.12337461113929749,0.655422031879425,0.08026622235774994,0.0,0.07588830590248108,0.2306458204984665,0.021734148263931274,0.75,0.75,0.017300695180892944,0.6408067345619202
2026-08-15_22-26-44,/home/as22cq/Projects/Policy-RL-Peg_insertion/force_peg_rl/logs/rl_games/Forge/2026-08-15_22-26-44/nn/Forge.pth,1,nominal,1002,False,timeout,149,-164.33265686035156,0.05676603689789772,14.117334365844727,6.487061500549316,0.550000011920929,0.020307904109358788,-1.1694835424423218,0.018596237525343895,0.75,0.75,0.015298552811145782,-0.7737395763397217
2026-08-15_22-26-44,/home/as22cq/Projects/Policy-RL-Peg_insertion/force_peg_rl/logs/rl_games/Forge/2026-08-15_22-26-44/nn/Forge.pth,1,nominal,1002,False,timeout,149,3.9418857097625732,0.0683053508400917,0.3970172107219696,0.1029086709022522,0.0,0.04341704398393631,0.662453830242157,0.01577061414718628,0.75,0.75,0.011489741504192352,0.16696347296237946
2026-08-15_22-26-44,/home/as22cq/Projects/Policy-RL-Peg_insertion/force_peg_rl/logs/rl_games/Forge/2026-08-15_22-26-44/nn/Forge.pth,1,nominal,1002,False,timeout,149,-7.034292697906494,0.07011250406503677,0.9121842980384827,0.14742045104503632,0.0,0.05826010927557945,0.8602662086486816,0.018703607842326164,0.75,0.75,0.021246062591671944,0.5655451416969299
2026-08-15_22-26-44,/home/as22cq/Projects/Policy-RL-Peg_insertion/force_peg_rl/logs/rl_games/Forge/2026-08-15_22-26-44/nn/Forge.pth,1,nominal,1002,False,timeout,149,-6.1469831466674805,0.03549240529537201,0.7521706819534302,0.09461524337530136,0.0,0.07378187775611877,1.658372402191162,0.019381504505872726,0.75,0.75,0.0044946433044970036,0.5515233278274536
2026-08-15_22-26-44,/home/as22cq/Projects/Policy-RL-Peg_insertion/force_peg_rl/logs/rl_games/Forge/2026-08-15_22-26-44/nn/Forge.pth,1,nominal,1002,False,timeout,149,-1.185658574104309,0.08258063346147537,0.2566004991531372,0.06778112798929214,0.0,0.0480525828897953,0.7940646409988403,0.021511338651180267,0.75,0.75,0.0011889978777617216,0.7508190274238586
2026-08-15_22-26-44,/home/as22cq/Projects/Policy-RL-Peg_insertion/force_peg_rl/logs/rl_games/Forge/2026-08-15_22-26-44/nn/Forge.pth,1,nominal,1002,False,timeout,149,23.266510009765625,0.12598136067390442,4.714454650878906,0.2584865093231201,0.0,0.09710965305566788,-0.5260621309280396,0.019358016550540924,0.75,0.75,0.015158694237470627,0.2870752513408661
2026-08-15_22-26-44,/home/as22cq/Projects/Policy-RL-Peg_insertion/force_peg_rl/logs/rl_games/Forge/2026-08-15_22-26-44/nn/Forge.pth,1,nominal,1002,False,timeout,149,-14.23021125793457,0.05557025969028473,7.174075126647949,0.8466672301292419,0.05833333730697632,0.07598705589771271,2.297762155532837,0.022733323276042938,0.75,0.75,0.022289497777819633,0.44051793217658997
2026-08-15_22-26-44,/home/as22cq/Projects/Policy-RL-Peg_insertion/force_peg_rl/logs/rl_games/Forge/2026-08-15_22-26-44/nn/Forge.pth,1,nominal,1002,False,timeout,149,-120.06169891357422,0.09667934477329254,12.863226890563965,4.988004207611084,0.46666669845581055,0.024988044053316116,-1.159140944480896,0.01642218418419361,0.75,0.75,0.009232597425580025,0.7070070505142212
2026-08-15_22-26-44,/home/as22cq/Projects/Policy-RL-Peg_insertion/force_peg_rl/logs/rl_games/Forge/2026-08-15_22-26-44/nn/Forge.pth,1,nominal,1002,False,timeout,149,-88.34385681152344,0.07178548723459244,18.360658645629883,3.0861575603485107,0.2666666805744171,0.0394381545484066,-1.4916250705718994,0.015317823737859726,0.75,0.75,0.014742102473974228,-0.3844355344772339
2026-08-15_22-26-44,/home/as22cq/Projects/Policy-RL-Peg_insertion/force_peg_rl/logs/rl_games/Forge/2026-08-15_22-26-44/nn/Forge.pth,1,nominal,1002,False,timeout,149,-56.08274459838867,0.10944537818431854,4.885810852050781,0.9764787554740906,0.0,0.01836457848548889,-1.0352486371994019,0.016590312123298645,0.75,0.75,0.02550971880555153,-0.5185555219650269
2026-08-15_22-26-44,/home/as22cq/Projects/Policy-RL-Peg_insertion/force_peg_rl/logs/rl_games/Forge/2026-08-15_22-26-44/nn/Forge.pth,1,nominal,1002,False,timeout,149,-173.9356231689453,0.1314997524023056,19.43932342529297,7.011228084564209,0.5166667103767395,0.03136691078543663,-1.3211342096328735,0.015047406777739525,0.75,0.75,0.01568080298602581,0.6058513522148132
2026-08-15_22-26-44,/home/as22cq/Projects/Policy-RL-Peg_insertion/force_peg_rl/logs/rl_games/Forge/2026-08-15_22-26-44/nn/Forge.pth,1,nominal,1002,False,timeout,149,-0.9200957417488098,0.08339609950780869,2.32704758644104,0.1433454155921936,0.0,0.022186115384101868,0.35026678442955017,0.014026084914803505,0.75,0.75,0.012493644841015339,-0.2704593241214752
2026-08-15_22-26-44,/home/as22cq/Projects/Policy-RL-Peg_insertion/force_peg_rl/logs/rl_games/Forge/2026-08-15_22-26-44/nn/Forge.pth,1,nominal,1002,False,timeout,149,3.2779150009155273,0.0995226576924324,3.8168132305145264,0.14793597161769867,0.0,0.07130692899227142,0.0016009056707844138,0.020672863349318504,0.75,0.75,0.01109415851533413,-0.182298481464386
2026-08-15_22-26-44,/home/as22cq/Projects/Policy-RL-Peg_insertion/force_peg_rl/logs/rl_games/Forge/2026-08-15_22-26-44/nn/Forge.pth,1,nominal,1002,False,timeout,149,-1.6332119703292847,0.012893125414848328,0.3423278033733368,0.047520048916339874,0.0,0.06578920036554337,2.0076210498809814,0.020923325791954994,0.75,0.75,0.02172861434519291,-0.12418424338102341
2026-08-15_22-26-44,/home/as22cq/Projects/Policy-RL-Peg_insertion/force_peg_rl/logs/rl_games/Forge/2026-08-15_22-26-44/nn/Forge.pth,1,nominal,1002,False,timeout,149,-80.22830200195312,0.07537095993757248,10.038251876831055,1.8467466831207275,0.13333334028720856,0.03671310469508171,-1.312716007232666,0.01654907315969467,0.75,0.75,0.009351993910968304,0.3263722062110901
2026-08-15_22-26-44,/home/as22cq/Projects/Policy-RL-Peg_insertion/force_peg_rl/logs/rl_games/Forge/2026-08-15_22-26-44/nn/Forge.pth,1,nominal,1002,False,timeout,149,-118.85191345214844,0.056046485900878906,17.745487213134766,1.9167369604110718,0.1666666716337204,0.01777666248381138,-0.9770854711532593,0.023344505578279495,0.75,0.75,0.02266090176999569,-0.20683889091014862
2026-08-15_22-26-44,/home/as22cq/Projects/Policy-RL-Peg_insertion/force_peg_rl/logs/rl_games/Forge/2026-08-15_22-26-44/nn/Forge.pth,1,nominal,1002,False,timeout,149,-7.423645973205566,0.05613953247666359,2.628401279449463,0.07862574607133865,0.0,0.06956721842288971,2.0079383850097656,0.019707199186086655,0.75,0.75,0.01050792820751667,0.621483325958252
2026-08-15_22-26-44,/home/as22cq/Projects/Policy-RL-Peg_insertion/force_peg_rl/logs/rl_games/Forge/2026-08-15_22-26-44/nn/Forge.pth,1,nominal,1002,False,timeout,149,-9.831514358520508,0.06939196586608887,0.373451828956604,0.07485166937112808,0.0,0.11618747562170029,1.148009181022644,0.019654061645269394,0.75,0.75,0.016545040532946587,0.710380494594574
2026-08-15_22-26-44,/home/as22cq/Projects/Policy-RL-Peg_insertion/force_peg_rl/logs/rl_games/Forge/2026-08-15_22-26-44/nn/Forge.pth,1,nominal,1002,False,timeout,149,1.1971749067306519,0.09515370428562164,0.8323450684547424,0.11184661835432053,0.0,0.06220737099647522,0.21245113015174866,0.021721793338656425,0.75,0.75,0.015264233574271202,0.21833260357379913
2026-08-15_22-26-44,/home/as22cq/Projects/Policy-RL-Peg_insertion/force_peg_rl/logs/rl_games/Forge/2026-08-15_22-26-44/nn/Forge.pth,1,nominal,1002,False,timeout,149,-3.468825578689575,0.1119832843542099,0.9584634900093079,0.08957327902317047,0.0,0.06594125181436539,0.282610148191452,0.018091605976223946,0.75,0.75,0.01784517429769039,0.7442202568054199
2026-08-15_22-26-44,/home/as22cq/Projects/Policy-RL-Peg_insertion/force_peg_rl/logs/rl_games/Forge/2026-08-15_22-26-44/nn/Forge.pth,1,nominal,1002,False,timeout,149,7.478636741638184,0.20246943831443787,0.8404552936553955,0.07236624509096146,0.0,0.10787960141897202,0.01011448260396719,0.01590709574520588,0.75,0.75,0.009809640236198902,-0.3752845823764801
2026-08-15_22-26-44,/home/as22cq/Projects/Policy-RL-Peg_insertion/force_peg_rl/logs/rl_games/Forge/2026-08-15_22-26-44/nn/Forge.pth,1,nominal,1002,False,timeout,149,-6.634490013122559,0.011130940169095993,10.672212600708008,0.2940002679824829,0.008333333767950535,0.03935793414711952,1.582746148109436,0.019022222608327866,0.75,0.75,0.021388383582234383,-0.6673644185066223
2026-08-15_22-26-44,/home/as22cq/Projects/Policy-RL-Peg_insertion/force_peg_rl/logs/rl_games/Forge/2026-08-15_22-26-44/nn/Forge.pth,1,nominal,1002,False,timeout,149,-10.857141494750977,0.05582302808761597,0.6515904068946838,0.10066265612840652,0.0,0.0636586919426918,1.8737866878509521,0.01803026907145977,0.75,0.75,0.012830269522964954,0.23435941338539124
2026-08-15_22-26-44,/home/as22cq/Projects/Policy-RL-Peg_insertion/force_peg_rl/logs/rl_games/Forge/2026-08-15_22-26-44/nn/Forge.pth,1,nominal,1002,True,success,149,195.58541870117188,0.00019127316772937775,15.717954635620117,6.821767330169678,0.5333333611488342,0.0005148812779225409,-0.5758402347564697,0.016793452203273773,0.75,0.75,0.007269416470080614,0.7183584570884705
2026-08-15_22-26-44,/home/as22cq/Projects/Policy-RL-Peg_insertion/force_peg_rl/logs/rl_games/Forge/2026-08-15_22-26-44/nn/Forge.pth,1,nominal,1002,False,timeout,149,-49.21028137207031,0.0487600713968277,16.825820922851562,3.14902925491333,0.25,0.09403908252716064,1.9830976724624634,0.02392515353858471,0.75,0.75,0.01636715605854988,0.6574069261550903
2026-08-15_22-26-44,/home/as22cq/Projects/Policy-RL-Peg_insertion/force_peg_rl/logs/rl_games/Forge/2026-08-15_22-26-44/nn/Forge.pth,1,nominal,1002,False,timeout,149,-5.771550178527832,0.04348161444067955,0.4025958478450775,0.08920416980981827,0.0,0.06054618954658508,1.3365994691848755,0.015425212681293488,0.75,0.75,0.010845507495105267,-0.17294622957706451
2026-08-15_22-26-44,/home/as22cq/Projects/Policy-RL-Peg_insertion/force_peg_rl/logs/rl_games/Forge/2026-08-15_22-26-44/nn/Forge.pth,1,nominal,1002,False,timeout,149,5.5502424240112305,0.07820343226194382,0.29924818873405457,0.06573544442653656,0.0,0.02211250737309456,0.5286639332771301,0.022415950894355774,0.75,0.75,0.0048272497951984406,0.5737558603286743
2026-08-15_22-26-44,/home/as22cq/Projects/Policy-RL-Peg_insertion/force_peg_rl/logs/rl_games/Forge/2026-08-15_22-26-44/nn/Forge.pth,1,nominal,1002,False,timeout,149,-4.759304046630859,0.06716230511665344,0.5245239734649658,0.14020100235939026,0.0,0.055715128779411316,0.801704466342926,0.019533030688762665,0.75,0.75,0.006909668445587158,-0.18373343348503113
2026-08-15_22-26-44,/home/as22cq/Projects/Policy-RL-Peg_insertion/force_peg_rl/logs/rl_games/Forge/2026-08-15_22-26-44/nn/Forge.pth,1,nominal,1002,False,timeout,149,22.15633773803711,0.09880053997039795,3.7145509719848633,0.15036241710186005,0.0,0.06932252645492554,-0.36419564485549927,0.0217991191893816,0.75,0.75,0.01416313648223877,-0.5923187136650085
2026-08-15_22-26-44,/home/as22cq/Projects/Policy-RL-Peg_insertion/force_peg_rl/logs/rl_games/Forge/2026-08-15_22-26-44/nn/Forge.pth,1,nominal,1002,False,timeout,149,-3.637786865234375,0.03846897557377815,0.5048403143882751,0.08049176633358002,0.0,0.05203228443861008,1.019598126411438,0.01697712019085884,0.75,0.75,0.009546847082674503,0.31992393732070923
2026-08-15_22-26-44,/home/as22cq/Projects/Policy-RL-Peg_insertion/force_peg_rl/logs/rl_games/Forge/2026-08-15_22-26-44/nn/Forge.pth,1,nominal,1002,False,timeout,149,-24.462902069091797,0.04543440043926239,7.040322780609131,1.3316779136657715,0.0,0.06256181746721268,1.3289015293121338,0.019805314019322395,0.75,0.75,0.006348778493702412,-0.3202236592769623
2026-08-15_22-26-44,/home/as22cq/Projects/Policy-RL-Peg_insertion/force_peg_rl/logs/rl_games/Forge/2026-08-15_22-26-44/nn/Forge.pth,1,nominal,1002,False,timeout,149,-81.32549285888672,0.024454914033412933,9.340737342834473,2.850656509399414,0.008333333767950535,0.02246806211769581,-0.7011684775352478,0.021873950958251953,0.75,0.75,0.022342020645737648,-0.4531630277633667
2026-08-15_22-26-44,/home/as22cq/Projects/Policy-RL-Peg_insertion/force_peg_rl/logs/rl_games/Forge/2026-08-15_22-26-44/nn/Forge.pth,1,nominal,1002,False,timeout,149,8.894194602966309,0.07989978045225143,0.40705788135528564,0.11199715733528137,0.0,0.042988166213035583,0.6477747559547424,0.01411090325564146,0.75,0.75,0.02148091420531273,0.3342389762401581
2026-08-15_22-26-44,/home/as22cq/Projects/Policy-RL-Peg_insertion/force_peg_rl/logs/rl_games/Forge/2026-08-15_22-26-44/nn/Forge.pth,1,nominal,1002,False,timeout,149,-144.388427734375,0.05954379215836525,17.69611358642578,9.821839332580566,0.7666667103767395,0.014069206081330776,-1.3517534732818604,0.01805630885064602,0.75,0.75,0.0029500052332878113,-0.7209979891777039
2026-08-15_22-26-44,/home/as22cq/Projects/Policy-RL-Peg_insertion/force_peg_rl/logs/rl_games/Forge/2026-08-15_22-26-44/nn/Forge.pth,1,nominal,1002,False,timeout,149,6.928931713104248,0.1412113606929779,1.6001564264297485,0.09947790205478668,0.0,0.0648149698972702,0.30924293398857117,0.01963941752910614,0.75,0.75,0.016916904598474503,-0.45636430382728577
2026-08-15_22-26-44,/home/as22cq/Projects/Policy-RL-Peg_insertion/force_peg_rl/logs/rl_games/Forge/2026-08-15_22-26-44/nn/Forge.pth,1,nominal,1002,False,timeout,149,-3.175596237182617,0.06810547411441803,0.47651976346969604,0.08886174857616425,0.0,0.060342129319906235,1.1657363176345825,0.015725543722510338,0.75,0.75,0.013111275620758533,0.5106745362281799
2026-08-15_22-26-44,/home/as22cq/Projects/Policy-RL-Peg_insertion/force_peg_rl/logs/rl_games/Forge/2026-08-15_22-26-44/nn/Forge.pth,1,nominal,1002,False,timeout,149,23.109844207763672,0.11598177999258041,0.6886717677116394,0.0798649862408638,0.0,0.08950668573379517,-0.9095933437347412,0.016262071207165718,0.75,0.75,0.018508827313780785,-0.4194827973842621
2026-08-15_22-26-44,/home/as22cq/Projects/Policy-RL-Peg_insertion/force_peg_rl/logs/rl_games/Forge/2026-08-15_22-26-44/nn/Forge.pth,1,nominal,1002,False,timeout,149,13.67503547668457,0.02235865220427513,0.2203007936477661,0.02948121912777424,0.0,0.051067184656858444,1.9149858951568604,0.019523851573467255,0.75,0.75,0.02659216709434986,0.6881676912307739
2026-08-15_22-26-44,/home/as22cq/Projects/Policy-RL-Peg_insertion/force_peg_rl/logs/rl_games/Forge/2026-08-15_22-26-44/nn/Forge.pth,1,nominal,1002,False,timeout,149,0.02507033944129944,0.055923234671354294,3.910635471343994,0.5579624772071838,0.0,0.07657165080308914,1.3128043413162231,0.023978736251592636,0.75,0.75,0.010294116102159023,0.4520481824874878
2026-08-15_22-26-44,/home/as22cq/Projects/Policy-RL-Peg_insertion/force_peg_rl/logs/rl_games/Forge/2026-08-15_22-26-44/nn/Forge.pth,1,nominal,1002,False,timeout,149,1.677918791770935,0.03138859570026398,0.26361072063446045,0.04469645768404007,0.0,0.036884989589452744,1.253044605255127,0.01972881145775318,0.75,0.75,0.01685616746544838,-0.04973386600613594
2026-08-15_22-26-44,/home/as22cq/Projects/Policy-RL-Peg_insertion/force_peg_rl/logs/rl_games/Forge/2026-08-15_22-26-44/nn/Forge.pth,1,nominal,1002,False,timeout,149,25.441755294799805,0.0821910947561264,0.28203099966049194,0.03589712828397751,0.0,0.09370239824056625,-1.4220784902572632,0.02226528339087963,0.75,0.75,0.018473954871296883,0.11260611563920975
2026-08-15_22-26-44,/home/as22cq/Projects/Policy-RL-Peg_insertion/force_peg_rl/logs/rl_games/Forge/2026-08-15_22-26-44/nn/Forge.pth,1,nominal,1002,False,timeout,149,-5.70036506652832,0.05781854689121246,0.311690092086792,0.05931079015135765,0.0,0.07024222612380981,1.4107569456100464,0.020357154309749603,0.75,0.75,0.017040489241480827,0.5075076222419739
2026-08-15_22-26-44,/home/as22cq/Projects/Policy-RL-Peg_insertion/force_peg_rl/logs/rl_games/Forge/2026-08-15_22-26-44/nn/Forge.pth,1,nominal,1002,False,timeout,149,-9.295896530151367,0.02640324831008911,0.8265816569328308,0.06670068949460983,0.0,0.041195038706064224,1.922927737236023,0.023756520822644234,0.75,0.75,0.020336158573627472,-0.575778603553772
2026-08-15_22-26-44,/home/as22cq/Projects/Policy-RL-Peg_insertion/force_peg_rl/logs/rl_games/Forge/2026-08-15_22-26-44/nn/Forge.pth,1,nominal,1002,False,timeout,149,0.3976210951805115,0.12445539236068726,1.7336164712905884,0.08321671932935715,0.0,0.13564041256904602,-0.006580046843737364,0.02381220832467079,0.75,0.75,0.0032188454642891884,-0.05061739683151245
2026-08-15_22-26-44,/home/as22cq/Projects/Policy-RL-Peg_insertion/force_peg_rl/logs/rl_games/Forge/2026-08-15_22-26-44/nn/Forge.pth,1,nominal,1002,False,timeout,149,0.07044504582881927,0.08080330491065979,0.2915821969509125,0.05828685313463211,0.0,0.019199276342988014,0.5499765872955322,0.015532228164374828,0.75,0.75,0.019695384427905083,0.449902206659317
2026-08-15_22-26-44,/home/as22cq/Projects/Policy-RL-Peg_insertion/force_peg_rl/logs/rl_games/Forge/2026-08-15_22-26-44/nn/Forge.pth,1,nominal,1002,False,timeout,149,10.239326477050781,0.16189120709896088,0.6155056357383728,0.10191182047128677,0.0,0.07328866422176361,-0.056116245687007904,0.022354457527399063,0.75,0.75,0.005603870376944542,0.07000891119241714
2026-08-15_22-26-44,/home/as22cq/Projects/Policy-RL-Peg_insertion/force_peg_rl/logs/rl_games/Forge/2026-08-15_22-26-44/nn/Forge.pth,1,nominal,1002,False,timeout,149,-5.789583683013916,0.036383479833602905,0.3134921193122864,0.09656894952058792,0.0,0.05367318168282509,1.0595431327819824,0.016362875699996948,0.75,0.75,0.010596600361168385,-0.09549438208341599
2026-08-15_22-26-44,/home/as22cq/Projects/Policy-RL-Peg_insertion/force_peg_rl/logs/rl_games/Forge/2026-08-15_22-26-44/nn/Forge.pth,1,nominal,1002,False,timeout,149,-3.559021472930908,0.08613672107458115,0.4681926667690277,0.0800824910402298,0.0,0.011619709432125092,0.3756677806377411,0.018567224964499474,0.75,0.75,0.01895197667181492,0.3644522428512573
2026-08-15_22-26-44,/home/as22cq/Projects/Policy-RL-Peg_insertion/force_peg_rl/logs/rl_games/Forge/2026-08-15_22-26-44/nn/Forge.pth,1,nominal,1002,False,timeout,149,-5.932703018188477,0.020319147035479546,0.28346604108810425,0.043254390358924866,0.0,0.06433170288801193,1.7581086158752441,0.01460939645767212,0.75,0.75,0.022799989208579063,0.5209661722183228
2026-08-15_22-26-44,/home/as22cq/Projects/Policy-RL-Peg_insertion/force_peg_rl/logs/rl_games/Forge/2026-08-15_22-26-44/nn/Forge.pth,1,nominal,1002,False,timeout,149,-17.542184829711914,0.014374211430549622,11.014866828918457,2.0515527725219727,0.06666667014360428,0.06378454715013504,2.014836072921753,0.01592688448727131,0.75,0.75,0.017749905586242676,0.579164445400238
2026-08-15_22-26-44,/home/as22cq/Projects/Policy-RL-Peg_insertion/force_peg_rl/logs/rl_games/Forge/2026-08-15_22-26-44/nn/Forge.pth,1,nominal,1002,False,timeout,149,20.448959350585938,0.09606136381626129,0.3415418565273285,0.054206572473049164,0.0,0.0839696079492569,-0.9092362523078918,0.015028892084956169,0.75,0.75,0.017709312960505486,-0.08008729666471481
2026-08-15_22-26-44,/home/as22cq/Projects/Policy-RL-Peg_insertion/force_peg_rl/logs/rl_games/Forge/2026-08-15_22-26-44/nn/Forge.pth,1,nominal,1002,False,timeout,149,5.695297718048096,0.0532262921333313,0.4056764841079712,0.10302288085222244,0.0,0.05412071943283081,1.0481599569320679,0.021021177992224693,0.75,0.75,0.004467600490897894,0.20197007060050964
2026-08-15_22-26-44,/home/as22cq/Projects/Policy-RL-Peg_insertion/force_peg_rl/logs/rl_games/Forge/2026-08-15_22-26-44/nn/Forge.pth,1,nominal,1002,False,timeout,149,-4.699431419372559,0.06442509591579437,2.332216739654541,0.3255482316017151,0.0,0.06878693401813507,0.975418210029602,0.022016379982233047,0.75,0.75,0.018406836315989494,0.17480923235416412
2026-08-15_22-26-44,/home/as22cq/Projects/Policy-RL-Peg_insertion/force_peg_rl/logs/rl_games/Forge/2026-08-15_22-26-44/nn/Forge.pth,1,nominal,1002,False,timeout,149,-5.56037712097168,0.0672462210059166,0.3651749789714813,0.09197190403938293,0.0,0.05559700354933739,0.8397231101989746,0.015933562070131302,0.75,0.75,0.024951457977294922,-0.07270640879869461
2026-08-15_22-26-44,/home/as22cq/Projects/Policy-RL-Peg_insertion/force_peg_rl/logs/rl_games/Forge/2026-08-15_22-26-44/nn/Forge.pth,1,nominal,1002,False,timeout,149,4.376987934112549,0.07461293786764145,0.45099955797195435,0.1297016739845276,0.0,0.055838700383901596,0.558893084526062,0.023076172918081284,0.75,0.75,0.02335609868168831,0.06091705709695816
2026-08-15_22-26-44,/home/as22cq/Projects/Policy-RL-Peg_insertion/force_peg_rl/logs/rl_games/Forge/2026-08-15_22-26-44/nn/Forge.pth,1,nominal,1002,False,timeout,149,7.55053186416626,0.11897359788417816,0.48742198944091797,0.06447776407003403,0.0,0.06820886582136154,0.03565401956439018,0.01642117276787758,0.75,0.75,0.015851473435759544,-0.5388689041137695
2026-08-15_22-26-44,/home/as22cq/Projects/Policy-RL-Peg_insertion/force_peg_rl/logs/rl_games/Forge/2026-08-15_22-26-44/nn/Forge.pth,1,nominal,1002,True,success,149,109.90775299072266,0.0010017752647399902,13.76816463470459,7.014585494995117,0.9416667222976685,0.0007846985245123506,-0.3917536437511444,0.016180263832211494,0.75,0.75,0.009678642265498638,0.5390855073928833
2026-08-15_22-26-44,/home/as22cq/Projects/Policy-RL-Peg_insertion/force_peg_rl/logs/rl_games/Forge/2026-08-15_22-26-44/nn/Forge.pth,1,nominal,1002,False,timeout,149,0.6884683966636658,0.05818285793066025,0.5044223666191101,0.09788599610328674,0.0,0.07081816345453262,1.9169894456863403,0.020893197506666183,0.75,0.75,0.0029747106600552797,0.12710297107696533
2026-08-15_22-26-44,/home/as22cq/Projects/Policy-RL-Peg_insertion/force_peg_rl/logs/rl_games/Forge/2026-08-15_22-26-44/nn/Forge.pth,1,nominal,1002,False,timeout,149,-11.02579402923584,0.12948840856552124,16.431184768676758,4.16513204574585,0.3500000238418579,0.08680985867977142,-1.508821725845337,0.014635894447565079,0.75,0.75,0.011362913995981216,-0.0016678259707987309
2026-08-15_22-26-44,/home/as22cq/Projects/Policy-RL-Peg_insertion/force_peg_rl/logs/rl_games/Forge/2026-08-15_22-26-44/nn/Forge.pth,1,nominal,1002,False,timeout,149,3.051677942276001,0.0691346526145935,1.8929134607315063,0.11126609146595001,0.0,0.10471832007169724,1.108443021774292,0.01674528792500496,0.75,0.75,0.018491854891180992,0.5650649070739746
2026-08-15_22-26-44,/home/as22cq/Projects/Policy-RL-Peg_insertion/force_peg_rl/logs/rl_games/Forge/2026-08-15_22-26-44/nn/Forge.pth,1,nominal,1002,False,timeout,149,2.828094720840454,0.08951666206121445,1.5603049993515015,0.06901568919420242,0.0,0.06333356350660324,0.14960873126983643,0.018671730533242226,0.75,0.75,0.0020025954581797123,-0.46526697278022766
2026-08-15_22-26-44,/home/as22cq/Projects/Policy-RL-Peg_insertion/force_peg_rl/logs/rl_games/Forge/2026-08-15_22-26-44/nn/Forge.pth,1,nominal,1002,False,timeout,149,2.3119823932647705,0.14897021651268005,0.6150750517845154,0.05248964577913284,0.0,0.07059742510318756,0.23096132278442383,0.01972299814224243,0.75,0.75,0.020995372906327248,-0.2710346579551697
2026-08-15_22-26-44,/home/as22cq/Projects/Policy-RL-Peg_insertion/force_peg_rl/logs/rl_games/Forge/2026-08-15_22-26-44/nn/Forge.pth,1,nominal,1002,False,timeout,149,-35.97792434692383,0.025132134556770325,11.83770751953125,7.858908653259277,0.45000001788139343,0.003313458524644375,-0.3419535458087921,0.018812652677297592,0.75,0.75,0.016727140173316002,-0.2101122885942459
2026-08-15_22-26-44,/home/as22cq/Projects/Policy-RL-Peg_insertion/force_peg_rl/logs/rl_games/Forge/2026-08-15_22-26-44/nn/Forge.pth,1,nominal,1002,False,timeout,149,-0.47156500816345215,0.06769803166389465,0.37459665536880493,0.0984024703502655,0.0,0.061395809054374695,1.9310203790664673,0.014468837529420853,0.75,0.75,0.017557278275489807,0.13569100201129913
2026-08-15_22-26-44,/home/as22cq/Projects/Policy-RL-Peg_insertion/force_peg_rl/logs/rl_games/Forge/2026-08-15_22-26-44/nn/Forge.pth,1,nominal,1002,False,timeout,149,78.79788208007812,0.024265184998512268,5.789150238037109,1.9029743671417236,0.0,0.0031141999643296003,-0.9201321601867676,0.016042886301875114,0.75,0.75,0.010237060487270355,0.16949419677257538
2026-08-15_22-26-44,/home/as22cq/Projects/Policy-RL-Peg_insertion/force_peg_rl/logs/rl_games/Forge/2026-08-15_22-26-44/nn/Forge.pth,1,nominal,1002,False,timeout,149,-2.658982515335083,0.07029369473457336,0.2035266011953354,0.05591574311256409,0.0,0.022667912766337395,0.48885276913642883,0.017942892387509346,0.75,0.75,0.010930529795587063,0.33859768509864807
2026-08-15_22-26-44,/home/as22cq/Projects/Policy-RL-Peg_insertion/force_peg_rl/logs/rl_games/Forge/2026-08-15_22-26-44/nn/Forge.pth,1,nominal,1002,False,timeout,149,-3.6222193241119385,0.12470999360084534,13.077757835388184,0.5822780132293701,0.03333333507180214,0.06557456403970718,0.2529297173023224,0.021644577383995056,0.75,0.75,0.018884098157286644,-0.5090925693511963
2026-08-15_22-26-44,/home/as22cq/Projects/Policy-RL-Peg_insertion/force_peg_rl/logs/rl_games/Forge/2026-08-15_22-26-44/nn/Forge.pth,1,nominal,1002,False,timeout,149,-8.093213081359863,0.03971579670906067,0.3422728478908539,0.06018573418259621,0.0,0.08413294702768326,1.4737296104431152,0.01763828843832016,0.75,0.75,0.017109686508774757,0.7830051779747009
2026-08-15_22-26-44,/home/as22cq/Projects/Policy-RL-Peg_insertion/force_peg_rl/logs/rl_games/Forge/2026-08-15_22-26-44/nn/Forge.pth,1,nominal,1002,False,timeout,149,2.8858532905578613,0.08130328357219696,1.8666144609451294,0.06454207003116608,0.0,0.04174569249153137,0.5192214250564575,0.019849169999361038,0.75,0.75,0.00843892339617014,-0.3602277934551239
2026-08-15_22-26-44,/home/as22cq/Projects/Policy-RL-Peg_insertion/force_peg_rl/logs/rl_games/Forge/2026-08-15_22-26-44/nn/Forge.pth,1,nominal,1002,False,timeout,149,23.66275405883789,0.15503156185150146,3.29746413230896,0.15410499274730682,0.0,0.07855135947465897,-0.610625684261322,0.014026327058672905,0.75,0.75,0.018167346715927124,0.02429848350584507
2026-08-15_22-26-44,/home/as22cq/Projects/Policy-RL-Peg_insertion/force_peg_rl/logs/rl_games/Forge/2026-08-15_22-26-44/nn/Forge.pth,1,nominal,1002,False,timeout,149,-9.472161293029785,0.06731437891721725,0.39807477593421936,0.07763431966304779,0.0,0.07097603380680084,2.0351741313934326,0.021752428263425827,0.75,0.75,0.0048210895620286465,-0.455463171005249
2026-08-15_22-26-44,/home/as22cq/Projects/Policy-RL-Peg_insertion/force_peg_rl/logs/rl_games/Forge/2026-08-15_22-26-44/nn/Forge.pth,1,nominal,1002,False,timeout,149,-109.85271453857422,0.09797529876232147,13.442604064941406,5.932209491729736,0.6166666746139526,0.008354526944458485,-1.33686101436615,0.02350851520895958,0.75,0.75,0.01819613203406334,-0.005416392348706722
2026-08-15_22-26-44,/home/as22cq/Projects/Policy-RL-Peg_insertion/force_peg_rl/logs/rl_games/Forge/2026-08-15_22-26-44/nn/Forge.pth,1,nominal,1002,False,timeout,149,-3.031371593475342,0.11076334118843079,3.8779995441436768,0.15700918436050415,0.0,0.06352101266384125,0.2012411653995514,0.02101442776620388,0.75,0.75,0.009414990432560444,-0.6090927720069885
2026-08-15_22-26-44,/home/as22cq/Projects/Policy-RL-Peg_insertion/force_peg_rl/logs/rl_games/Forge/2026-08-15_22-26-44/nn/Forge.pth,1,nominal,1002,False,timeout,149,-70.58470153808594,0.027092788368463516,7.459281921386719,3.1361682415008545,0.008333333767950535,0.03257273510098457,-0.6312942504882812,0.015875333920121193,0.75,0.75,0.011569038964807987,-0.7177769541740417
2026-08-15_22-26-44,/home/as22cq/Projects/Policy-RL-Peg_insertion/force_peg_rl/logs/rl_games/Forge/2026-08-15_22-26-44/nn/Forge.pth,1,nominal,1002,False,timeout,149,-5.7545928955078125,0.015283878892660141,10.602423667907715,3.6150312423706055,0.2916666865348816,0.016862021759152412,-0.1717657893896103,0.015258326195180416,0.75,0.75,0.018379611894488335,0.7811346054077148
2026-08-15_22-26-44,/home/as22cq/Projects/Policy-RL-Peg_insertion/force_peg_rl/logs/rl_games/Forge/2026-08-15_22-26-44/nn/Forge.pth,1,nominal,1002,False,timeout,149,-3.1132805347442627,0.09043331444263458,7.671664237976074,0.3886517882347107,0.01666666753590107,0.013592561706900597,0.36977285146713257,0.02088913694024086,0.75,0.75,0.022543538361787796,0.610447883605957
2026-08-15_22-26-44,/home/as22cq/Projects/Policy-RL-Peg_insertion/force_peg_rl/logs/rl_games/Forge/2026-08-15_22-26-44/nn/Forge.pth,1,nominal,1002,False,timeout,149,16.274877548217773,0.11383717507123947,1.573577880859375,0.04531806334853172,0.0,0.07855058461427689,-1.566927433013916,0.018048662692308426,0.75,0.75,0.017558418214321136,-0.6706448793411255
2026-08-15_22-26-44,/home/as22cq/Projects/Policy-RL-Peg_insertion/force_peg_rl/logs/rl_games/Forge/2026-08-15_22-26-44/nn/Forge.pth,1,nominal,1002,False,timeout,149,-6.646222114562988,0.053818583488464355,0.40277963876724243,0.11212778091430664,0.0,0.07733182609081268,2.2489984035491943,0.01943502202630043,0.75,0.75,0.01972445659339428,0.34388330578804016
2026-08-15_22-26-44,/home/as22cq/Projects/Policy-RL-Peg_insertion/force_peg_rl/logs/rl_games/Forge/2026-08-15_22-26-44/nn/Forge.pth,1,nominal,1002,False,timeout,149,-16.455463409423828,0.07774382084608078,2.558967113494873,0.16218802332878113,0.0,0.06273683160543442,0.8293938040733337,0.022645199671387672,0.75,0.75,0.023847145959734917,0.5307522416114807
2026-08-15_22-26-44,/home/as22cq/Projects/Policy-RL-Peg_insertion/force_peg_rl/logs/rl_games/Forge/2026-08-15_22-26-44/nn/Forge.pth,1,nominal,1002,False,force_limit,149,-217.14808654785156,0.14544233679771423,63.94954299926758,9.33510971069336,0.491666704416275,0.08135751634836197,-1.5838236808776855,0.018944377079606056,0.75,0.75,0.006309390068054199,-0.7669963836669922
2026-08-15_22-26-44,/home/as22cq/Projects/Policy-RL-Peg_insertion/force_peg_rl/logs/rl_games/Forge/2026-08-15_22-26-44/nn/Forge.pth,1,nominal,1002,False,timeout,149,-2.5883870124816895,0.0851074606180191,0.7919930815696716,0.11984805762767792,0.0,0.06415300816297531,0.7039627432823181,0.018863949924707413,0.75,0.75,0.01144767738878727,-0.6433558464050293
2026-08-15_22-26-44,/home/as22cq/Projects/Policy-RL-Peg_insertion/force_peg_rl/logs/rl_games/Forge/2026-08-15_22-26-44/nn/Forge.pth,1,nominal,1002,False,timeout,149,-6.868099212646484,0.04959597811102867,0.4654538333415985,0.09396696835756302,0.0,0.05229997634887695,1.4654076099395752,0.01667553372681141,0.75,0.75,0.02061265893280506,-0.4601648151874542
2026-08-15_22-26-44,/home/as22cq/Projects/Policy-RL-Peg_insertion/force_peg_rl/logs/rl_games/Forge/2026-08-15_22-26-44/nn/Forge.pth,1,nominal,1002,False,timeout,149,-2.0334627628326416,0.07464787364006042,0.2575542628765106,0.07579411566257477,0.0,0.07545170933008194,1.170985460281372,0.016353605315089226,0.75,0.75,0.006426599342375994,0.5460515022277832
2026-08-15_22-26-44,/home/as22cq/Projects/Policy-RL-Peg_insertion/force_peg_rl/logs/rl_games/Forge/2026-08-15_22-26-44/nn/Forge.pth,1,nominal,1002,False,timeout,149,20.3978271484375,0.22762010991573334,3.5319342613220215,0.1761518269777298,0.0,0.08779976516962051,-0.372378945350647,0.0231495201587677,0.75,0.75,0.018361076712608337,-0.6144851446151733
2026-08-15_22-26-44,/home/as22cq/Projects/Policy-RL-Peg_insertion/force_peg_rl/logs/rl_games/Forge/2026-08-15_22-26-44/nn/Forge.pth,1,nominal,1002,False,timeout,149,9.390408515930176,0.12779271602630615,16.653640747070312,0.9722988605499268,0.09166666865348816,0.09750402718782425,-1.3276677131652832,0.017960816621780396,0.75,0.75,0.024453148245811462,-0.4762102961540222
2026-08-15_22-26-44,/home/as22cq/Projects/Policy-RL-Peg_insertion/force_peg_rl/logs/rl_games/Forge/2026-08-15_22-26-44/nn/Forge.pth,1,nominal,1002,False,timeout,149,-10.60265064239502,0.08364148437976837,1.0678318738937378,0.1336382031440735,0.0,0.10849778354167938,1.6464110612869263,0.019579095765948296,0.75,0.75,0.020004894584417343,0.5039832592010498
2026-08-15_22-26-44,/home/as22cq/Projects/Policy-RL-Peg_insertion/force_peg_rl/logs/rl_games/Forge/2026-08-15_22-26-44/nn/Forge.pth,1,nominal,1002,False,timeout,149,0.8265900015830994,0.09156759083271027,0.2881965935230255,0.05557524785399437,0.0,0.018554652109742165,0.5535650849342346,0.015213627368211746,0.75,0.75,0.019050033763051033,-0.4809843897819519
2026-08-15_22-26-44,/home/as22cq/Projects/Policy-RL-Peg_insertion/force_peg_rl/logs/rl_games/Forge/2026-08-15_22-26-44/nn/Forge.pth,1,nominal,1002,False,timeout,149,-40.3448371887207,0.012131216004490852,8.386818885803223,4.106177806854248,0.0,0.018140112981200218,-1.5058950185775757,0.02348879724740982,0.75,0.75,0.009959964081645012,0.6031556725502014
2026-08-15_22-26-44,/home/as22cq/Projects/Policy-RL-Peg_insertion/force_peg_rl/logs/rl_games/Forge/2026-08-15_22-26-44/nn/Forge.pth,1,nominal,1002,False,timeout,149,-6.172826290130615,0.08239571750164032,0.7183615565299988,0.14312340319156647,0.0,0.016483133658766747,0.4651655852794647,0.018472418189048767,0.75,0.75,0.021738998591899872,0.2531190812587738
2026-08-15_22-26-44,/home/as22cq/Projects/Policy-RL-Peg_insertion/force_peg_rl/logs/rl_games/Forge/2026-08-15_22-26-44/nn/Forge.pth,1,nominal,1002,False,timeout,149,-8.001399993896484,0.07117755711078644,0.34164994955062866,0.08550728112459183,0.0,0.07314309477806091,1.3910019397735596,0.01925172284245491,0.75,0.75,0.00961276050657034,0.052236493676900864
2026-08-15_22-26-44,/home/as22cq/Projects/Policy-RL-Peg_insertion/force_peg_rl/logs/rl_games/Forge/2026-08-15_22-26-44/nn/Forge.pth,1,nominal,1002,False,timeout,149,1.1493152379989624,0.03885239362716675,0.45371052622795105,0.08481237292289734,0.0,0.048582401126623154,0.9812392592430115,0.019380442798137665,0.75,0.75,0.016822820529341698,0.6261430382728577
2026-08-15_22-26-44,/home/as22cq/Projects/Policy-RL-Peg_insertion/force_peg_rl/logs/rl_games/Forge/2026-08-15_22-26-44/nn/Forge.pth,1,nominal,1002,False,timeout,149,-3.5763797760009766,0.14681677520275116,0.9776936173439026,0.08755072206258774,0.0,0.0816679522395134,0.3502385914325714,0.016794543713331223,0.75,0.75,0.018017223104834557,0.46408531069755554
2026-08-15_22-26-44,/home/as22cq/Projects/Policy-RL-Peg_insertion/force_peg_rl/logs/rl_games/Forge/2026-08-15_22-26-44/nn/Forge.pth,1,nominal,1002,False,timeout,149,7.152477741241455,0.09078668057918549,0.5329580903053284,0.14698973298072815,0.0,0.06269611418247223,0.01906578242778778,0.019242651760578156,0.75,0.75,0.022035354748368263,0.34101155400276184
2026-08-15_22-26-44,/home/as22cq/Projects/Policy-RL-Peg_insertion/force_peg_rl/logs/rl_games/Forge/2026-08-15_22-26-44/nn/Forge.pth,1,nominal,1002,False,timeout,149,-18.362154006958008,0.08258680999279022,12.860259056091309,1.1929810047149658,0.10000000894069672,0.09481457620859146,1.7513829469680786,0.015795283019542694,0.75,0.75,0.020367883145809174,0.34260889887809753
2026-08-15_22-26-44,/home/as22cq/Projects/Policy-RL-Peg_insertion/force_peg_rl/logs/rl_games/Forge/2026-08-15_22-26-44/nn/Forge.pth,1,nominal,1002,False,timeout,149,-8.233153343200684,0.021880611777305603,0.40633124113082886,0.0960257351398468,0.0,0.06454326212406158,2.10317063331604,0.019948218017816544,0.75,0.75,0.016364311799407005,-0.2797790467739105
2026-08-15_22-26-44,/home/as22cq/Projects/Policy-RL-Peg_insertion/force_peg_rl/logs/rl_games/Forge/2026-08-15_22-26-44/nn/Forge.pth,1,nominal,1002,False,timeout,149,-86.94205474853516,0.03895799443125725,12.55669116973877,4.676712512969971,0.22500000894069672,0.0183134563267231,-0.7467203140258789,0.01647849753499031,0.75,0.75,0.012738442979753017,0.524593710899353
2026-08-15_22-26-44,/home/as22cq/Projects/Policy-RL-Peg_insertion/force_peg_rl/logs/rl_games/Forge/2026-08-15_22-26-44/nn/Forge.pth,1,nominal,1002,False,timeout,149,-1.7543795108795166,0.0818338394165039,1.419579029083252,0.07678910344839096,0.0,0.06611507385969162,0.7588017582893372,0.022872261703014374,0.75,0.75,0.0053299725987017155,0.7188141345977783
