run_id,checkpoint,training_seed,evaluation_suite,episode_seed,success,termination_reason,episode_steps,episode_return,final_insertion_depth,max_contact_force,mean_contact_force,force_above_threshold_duration,lateral_error_final,orientation_error_final,peg_mass,peg_friction,socket_friction,initial_xy_offset,initial_orientation_error
2026-08-09_01-56-34,/home/as22cq/Projects/Policy-RL-Peg_insertion/force_peg_rl/logs/rl_games/Forge/2026-08-09_01-56-34/nn/Forge.pth,42,nominal,1000,False,timeout,149,36.54099655151367,0.08512602746486664,16.0368595123291,12.557514190673828,1.1416667699813843,0.0632665604352951,3.0867867469787598,0.023561738431453705,0.75,0.75,0.01671551913022995,0.7032023668289185
2026-08-09_01-56-34,/home/as22cq/Projects/Policy-RL-Peg_insertion/force_peg_rl/logs/rl_games/Forge/2026-08-09_01-56-34/nn/Forge.pth,42,nominal,1000,False,timeout,149,234.6212158203125,0.0066171325743198395,32.6662483215332,17.52752685546875,1.1666667461395264,0.0007195929065346718,1.3348803520202637,0.017124135047197342,0.75,0.75,0.008148709312081337,0.36910954117774963
2026-08-09_01-56-34,/home/as22cq/Projects/Policy-RL-Peg_insertion/force_peg_rl/logs/rl_games/Forge/2026-08-09_01-56-34/nn/Forge.pth,42,nominal,1000,False,timeout,149,216.92828369140625,0.010653048753738403,38.22446060180664,18.737319946289062,1.1666667461395264,0.0005404309486038983,1.7722340822219849,0.014178655110299587,0.75,0.75,0.023647740483283997,0.1123204231262207
2026-08-09_01-56-34,/home/as22cq/Projects/Policy-RL-Peg_insertion/force_peg_rl/logs/rl_games/Forge/2026-08-09_01-56-34/nn/Forge.pth,42,nominal,1000,False,timeout,149,198.806640625,0.018253717571496964,25.683849334716797,12.296529769897461,1.100000023841858,0.0007688570185564458,1.681484580039978,0.014822219498455524,0.75,0.75,0.014952776953577995,-0.2009725421667099
2026-08-09_01-56-34,/home/as22cq/Projects/Policy-RL-Peg_insertion/force_peg_rl/logs/rl_games/Forge/2026-08-09_01-56-34/nn/Forge.pth,42,nominal,1000,False,timeout,149,36.199729919433594,0.09049003571271896,30.88075065612793,14.883572578430176,1.0666667222976685,0.07297254353761673,3.093449115753174,0.015191162936389446,0.75,0.75,0.018248779699206352,0.5954028964042664
2026-08-09_01-56-34,/home/as22cq/Projects/Policy-RL-Peg_insertion/force_peg_rl/logs/rl_games/Forge/2026-08-09_01-56-34/nn/Forge.pth,42,nominal,1000,False,timeout,149,204.1212921142578,0.01056656427681446,18.278226852416992,13.19973373413086,1.1416667699813843,0.0004445764352567494,1.1913378238677979,0.02277202531695366,0.75,0.75,0.018479695543646812,-0.7605499029159546
2026-08-09_01-56-34,/home/as22cq/Projects/Policy-RL-Peg_insertion/force_peg_rl/logs/rl_games/Forge/2026-08-09_01-56-34/nn/Forge.pth,42,nominal,1000,False,timeout,149,238.01084899902344,0.002382420003414154,23.9763126373291,15.930949211120605,1.1083333492279053,0.0007849104586057365,1.330520749092102,0.01734333485364914,0.75,0.75,0.013883262872695923,-0.4561724364757538
2026-08-09_01-56-34,/home/as22cq/Projects/Policy-RL-Peg_insertion/force_peg_rl/logs/rl_games/Forge/2026-08-09_01-56-34/nn/Forge.pth,42,nominal,1000,False,timeout,149,201.44810485839844,0.01916643977165222,21.375802993774414,10.245084762573242,1.158333420753479,0.0018498421413823962,0.7035767436027527,0.015605839900672436,0.75,0.75,0.021147767081856728,-0.5716313123703003
2026-08-09_01-56-34,/home/as22cq/Projects/Policy-RL-Peg_insertion/force_peg_rl/logs/rl_games/Forge/2026-08-09_01-56-34/nn/Forge.pth,42,nominal,1000,False,timeout,149,53.401302337646484,0.0813303142786026,38.8795166015625,12.577482223510742,0.98333340883255,0.02726888284087181,0.4028388559818268,0.01608586497604847,0.75,0.75,0.02124195732176304,0.4941501319408417
2026-08-09_01-56-34,/home/as22cq/Projects/Policy-RL-Peg_insertion/force_peg_rl/logs/rl_games/Forge/2026-08-09_01-56-34/nn/Forge.pth,42,nominal,1000,False,timeout,149,61.410213470458984,0.023868486285209656,18.73799705505371,15.073773384094238,1.133333444595337,0.0007150691235437989,0.9236779808998108,0.01495019905269146,0.75,0.75,0.019088279455900192,-0.26723089814186096
2026-08-09_01-56-34,/home/as22cq/Projects/Policy-RL-Peg_insertion/force_peg_rl/logs/rl_games/Forge/2026-08-09_01-56-34/nn/Forge.pth,42,nominal,1000,False,timeout,149,34.30357360839844,-0.04300396144390106,26.664934158325195,13.931832313537598,1.0833333730697632,0.02969185821712017,1.896865963935852,0.018377695232629776,0.75,0.75,0.014740400947630405,0.10799532383680344
2026-08-09_01-56-34,/home/as22cq/Projects/Policy-RL-Peg_insertion/force_peg_rl/logs/rl_games/Forge/2026-08-09_01-56-34/nn/Forge.pth,42,nominal,1000,True,success,149,398.4000549316406,0.00011729821562767029,15.243118286132812,12.017739295959473,1.1083333492279053,0.0005332840955816209,1.0223788022994995,0.022335082292556763,0.75,0.75,0.017694538459181786,0.3291117548942566
2026-08-09_01-56-34,/home/as22cq/Projects/Policy-RL-Peg_insertion/force_peg_rl/logs/rl_games/Forge/2026-08-09_01-56-34/nn/Forge.pth,42,nominal,1000,False,timeout,149,30.283790588378906,-0.019302502274513245,15.87849235534668,9.640645027160645,0.9916667342185974,0.05014437809586525,0.19754165410995483,0.020029595121741295,0.75,0.75,0.015316269360482693,-0.7804366946220398
2026-08-09_01-56-34,/home/as22cq/Projects/Policy-RL-Peg_insertion/force_peg_rl/logs/rl_games/Forge/2026-08-09_01-56-34/nn/Forge.pth,42,nominal,1000,False,timeout,149,248.16403198242188,0.0044019948691129684,26.663841247558594,15.558504104614258,1.1750000715255737,0.0005959367845207453,1.3139251470565796,0.021023107692599297,0.75,0.75,0.009634340181946754,-0.2115703970193863
2026-08-09_01-56-34,/home/as22cq/Projects/Policy-RL-Peg_insertion/force_peg_rl/logs/rl_games/Forge/2026-08-09_01-56-34/nn/Forge.pth,42,nominal,1000,True,success,149,254.21542358398438,0.00012248754501342773,23.066972732543945,12.125434875488281,1.1750000715255737,0.0005578637938015163,1.3177050352096558,0.022172287106513977,0.75,0.75,0.012548491358757019,-0.137803852558136
2026-08-09_01-56-34,/home/as22cq/Projects/Policy-RL-Peg_insertion/force_peg_rl/logs/rl_games/Forge/2026-08-09_01-56-34/nn/Forge.pth,42,nominal,1000,False,timeout,149,56.964561462402344,0.037045568227767944,29.800390243530273,16.875377655029297,1.1750000715255737,0.007845254614949226,0.5732582211494446,0.01987394317984581,0.75,0.75,0.022480687126517296,-0.10681559145450592
2026-08-09_01-56-34,/home/as22cq/Projects/Policy-RL-Peg_insertion/force_peg_rl/logs/rl_games/Forge/2026-08-09_01-56-34/nn/Forge.pth,42,nominal,1000,False,timeout,149,34.894615173339844,0.07242783904075623,12.739020347595215,10.042768478393555,1.1666667461395264,0.06297790259122849,3.0744993686676025,0.016976987943053246,0.75,0.75,0.017675256356596947,0.7056381702423096
2026-08-09_01-56-34,/home/as22cq/Projects/Policy-RL-Peg_insertion/force_peg_rl/logs/rl_games/Forge/2026-08-09_01-56-34/nn/Forge.pth,42,nominal,1000,True,success,149,332.04547119140625,9.570270776748657e-05,17.868213653564453,9.829848289489746,0.9666666984558105,0.000643723295070231,1.1896934509277344,0.023760249838232994,0.75,0.75,0.020208759233355522,0.34764203429222107
2026-08-09_01-56-34,/home/as22cq/Projects/Policy-RL-Peg_insertion/force_peg_rl/logs/rl_games/Forge/2026-08-09_01-56-34/nn/Forge.pth,42,nominal,1000,False,timeout,149,241.50180053710938,0.0064170099794864655,25.618818283081055,16.11945343017578,1.183333396911621,0.0008306241361424327,1.3925822973251343,0.016569796949625015,0.75,0.75,0.015312105417251587,0.7492011189460754
2026-08-09_01-56-34,/home/as22cq/Projects/Policy-RL-Peg_insertion/force_peg_rl/logs/rl_games/Forge/2026-08-09_01-56-34/nn/Forge.pth,42,nominal,1000,False,timeout,149,253.59422302246094,0.0028400719165802,32.794578552246094,16.75291633605957,1.1750000715255737,0.0006142911734059453,1.4383879899978638,0.015117974020540714,0.75,0.75,0.02137409895658493,0.21661613881587982
2026-08-09_01-56-34,/home/as22cq/Projects/Policy-RL-Peg_insertion/force_peg_rl/logs/rl_games/Forge/2026-08-09_01-56-34/nn/Forge.pth,42,nominal,1000,False,timeout,149,223.79373168945312,0.005202669650316238,25.933422088623047,11.641258239746094,1.1416667699813843,0.0006821210263296962,1.3281482458114624,0.014010193757712841,0.75,0.75,0.015321405604481697,-0.5128018260002136
2026-08-09_01-56-34,/home/as22cq/Projects/Policy-RL-Peg_insertion/force_peg_rl/logs/rl_games/Forge/2026-08-09_01-56-34/nn/Forge.pth,42,nominal,1000,True,success,149,256.1040344238281,0.00026882439851760864,32.86512756347656,14.922196388244629,1.0916666984558105,0.0008522967691533267,0.7748690843582153,0.02174752950668335,0.75,0.75,0.02025887742638588,-0.6327519416809082
2026-08-09_01-56-34,/home/as22cq/Projects/Policy-RL-Peg_insertion/force_peg_rl/logs/rl_games/Forge/2026-08-09_01-56-34/nn/Forge.pth,42,nominal,1000,False,timeout,149,224.66246032714844,0.013388033956289291,31.652860641479492,13.077354431152344,1.1750000715255737,0.0007029401604086161,1.2739578485488892,0.017311863601207733,0.75,0.75,0.007682320196181536,-0.4939928650856018
2026-08-09_01-56-34,/home/as22cq/Projects/Policy-RL-Peg_insertion/force_peg_rl/logs/rl_games/Forge/2026-08-09_01-56-34/nn/Forge.pth,42,nominal,1000,False,timeout,149,94.73180389404297,0.02859547734260559,39.244483947753906,16.208271026611328,1.133333444595337,0.007711922284215689,0.8383585810661316,0.020803755149245262,0.75,0.75,0.018430469557642937,0.4884280562400818
2026-08-09_01-56-34,/home/as22cq/Projects/Policy-RL-Peg_insertion/force_peg_rl/logs/rl_games/Forge/2026-08-09_01-56-34/nn/Forge.pth,42,nominal,1000,False,timeout,149,35.18516159057617,0.03025081753730774,35.55907440185547,12.754164695739746,1.1500000953674316,0.07604183256626129,1.3399981260299683,0.015124655328691006,0.75,0.75,0.01683112047612667,0.37920117378234863
2026-08-09_01-56-34,/home/as22cq/Projects/Policy-RL-Peg_insertion/force_peg_rl/logs/rl_games/Forge/2026-08-09_01-56-34/nn/Forge.pth,42,nominal,1000,False,timeout,149,231.90606689453125,0.010178651660680771,27.773109436035156,13.42850112915039,1.1500000953674316,0.0008485848666168749,1.258805274963379,0.01879996247589588,0.75,0.75,0.00936125684529543,0.27571365237236023
2026-08-09_01-56-34,/home/as22cq/Projects/Policy-RL-Peg_insertion/force_peg_rl/logs/rl_games/Forge/2026-08-09_01-56-34/nn/Forge.pth,42,nominal,1000,False,timeout,149,67.2849349975586,0.004189439117908478,20.95209503173828,14.587274551391602,1.1666667461395264,0.01677137427031994,1.2478488683700562,0.015738019719719887,0.75,0.75,0.013880397193133831,0.12686221301555634
2026-08-09_01-56-34,/home/as22cq/Projects/Policy-RL-Peg_insertion/force_peg_rl/logs/rl_games/Forge/2026-08-09_01-56-34/nn/Forge.pth,42,nominal,1000,False,timeout,149,35.324920654296875,-0.030672121793031693,27.871004104614258,12.96647834777832,1.183333396911621,0.033256303519010544,1.967309832572937,0.019555186852812767,0.75,0.75,0.008305797353386879,0.0697137787938118
2026-08-09_01-56-34,/home/as22cq/Projects/Policy-RL-Peg_insertion/force_peg_rl/logs/rl_games/Forge/2026-08-09_01-56-34/nn/Forge.pth,42,nominal,1000,False,timeout,149,217.7240753173828,0.009870927780866623,31.188812255859375,17.562299728393555,1.1750000715255737,0.0006895249825902283,1.0352073907852173,0.02124733291566372,0.75,0.75,0.007223862688988447,-0.6261898875236511
2026-08-09_01-56-34,/home/as22cq/Projects/Policy-RL-Peg_insertion/force_peg_rl/logs/rl_games/Forge/2026-08-09_01-56-34/nn/Forge.pth,42,nominal,1000,False,timeout,149,77.94741821289062,0.028686150908470154,17.661529541015625,12.004669189453125,1.1500000953674316,0.004489428363740444,0.9464153051376343,0.01970910094678402,0.75,0.75,0.007939568720757961,-0.4622341990470886
2026-08-09_01-56-34,/home/as22cq/Projects/Policy-RL-Peg_insertion/force_peg_rl/logs/rl_games/Forge/2026-08-09_01-56-34/nn/Forge.pth,42,nominal,1000,False,timeout,149,34.93579864501953,-0.019653234630823135,23.47710609436035,11.199126243591309,0.8166667222976685,0.030272528529167175,1.4152717590332031,0.02351207286119461,0.75,0.75,0.01979965902864933,0.24725523591041565
2026-08-09_01-56-34,/home/as22cq/Projects/Policy-RL-Peg_insertion/force_peg_rl/logs/rl_games/Forge/2026-08-09_01-56-34/nn/Forge.pth,42,nominal,1000,False,timeout,149,33.8565788269043,0.05877712368965149,16.943439483642578,12.176400184631348,1.158333420753479,0.06282609701156616,2.5549888610839844,0.01648496463894844,0.75,0.75,0.017878403887152672,0.7256836891174316
2026-08-09_01-56-34,/home/as22cq/Projects/Policy-RL-Peg_insertion/force_peg_rl/logs/rl_games/Forge/2026-08-09_01-56-34/nn/Forge.pth,42,nominal,1000,False,timeout,149,51.05058288574219,0.051388368010520935,18.471261978149414,12.532705307006836,1.2000000476837158,0.04850989952683449,2.254868745803833,0.01584630087018013,0.75,0.75,0.011824360117316246,-0.6743318438529968
2026-08-09_01-56-34,/home/as22cq/Projects/Policy-RL-Peg_insertion/force_peg_rl/logs/rl_games/Forge/2026-08-09_01-56-34/nn/Forge.pth,42,nominal,1000,True,success,149,297.23583984375,7.431954145431519e-05,15.442000389099121,8.17215347290039,0.6500000357627869,0.00045865142601542175,0.6751875281333923,0.022326525300741196,0.75,0.75,0.018539348617196083,0.5196216702461243
2026-08-09_01-56-34,/home/as22cq/Projects/Policy-RL-Peg_insertion/force_peg_rl/logs/rl_games/Forge/2026-08-09_01-56-34/nn/Forge.pth,42,nominal,1000,False,timeout,149,48.52289962768555,0.031917087733745575,20.243762969970703,12.816225051879883,1.133333444595337,0.06920033693313599,2.352497100830078,0.023398861289024353,0.75,0.75,0.017740091308951378,0.14715668559074402
2026-08-09_01-56-34,/home/as22cq/Projects/Policy-RL-Peg_insertion/force_peg_rl/logs/rl_games/Forge/2026-08-09_01-56-34/nn/Forge.pth,42,nominal,1000,False,timeout,149,227.44692993164062,0.0042177848517894745,28.10215950012207,13.390424728393555,1.1500000953674316,0.0005861666868440807,1.229227900505066,0.02174619771540165,0.75,0.75,0.021507401019334793,0.24911685287952423
2026-08-09_01-56-34,/home/as22cq/Projects/Policy-RL-Peg_insertion/force_peg_rl/logs/rl_games/Forge/2026-08-09_01-56-34/nn/Forge.pth,42,nominal,1000,True,success,149,376.31365966796875,3.4693628549575806e-05,14.105304718017578,9.873207092285156,1.0916666984558105,0.0003272856120020151,0.8725836277008057,0.01563699170947075,0.75,0.75,0.0176797304302454,0.26284798979759216
2026-08-09_01-56-34,/home/as22cq/Projects/Policy-RL-Peg_insertion/force_peg_rl/logs/rl_games/Forge/2026-08-09_01-56-34/nn/Forge.pth,42,nominal,1000,False,timeout,149,35.43602752685547,0.09765151143074036,13.83781623840332,7.332566261291504,0.7583333849906921,0.056261081248521805,3.042370557785034,0.01573294587433338,0.75,0.75,0.02198193036019802,0.6111094951629639
2026-08-09_01-56-34,/home/as22cq/Projects/Policy-RL-Peg_insertion/force_peg_rl/logs/rl_games/Forge/2026-08-09_01-56-34/nn/Forge.pth,42,nominal,1000,True,success,149,412.7987976074219,0.0001423656940460205,16.16032600402832,10.301919937133789,0.9583333730697632,0.0006014875252731144,1.4686766862869263,0.014003502205014229,0.75,0.75,0.012955267913639545,-0.5995081067085266
2026-08-09_01-56-34,/home/as22cq/Projects/Policy-RL-Peg_insertion/force_peg_rl/logs/rl_games/Forge/2026-08-09_01-56-34/nn/Forge.pth,42,nominal,1000,True,success,149,389.9893493652344,0.000122949481010437,12.957940101623535,9.925985336303711,1.125,0.0004448264662642032,0.5952416062355042,0.02039811573922634,0.75,0.75,0.005036104936152697,0.553692102432251
2026-08-09_01-56-34,/home/as22cq/Projects/Policy-RL-Peg_insertion/force_peg_rl/logs/rl_games/Forge/2026-08-09_01-56-34/nn/Forge.pth,42,nominal,1000,False,timeout,149,36.54212951660156,-0.03945939242839813,35.76194381713867,15.221624374389648,1.1416667699813843,0.025661388412117958,1.442039132118225,0.020300574600696564,0.75,0.75,0.00431095901876688,-0.09634539484977722
2026-08-09_01-56-34,/home/as22cq/Projects/Policy-RL-Peg_insertion/force_peg_rl/logs/rl_games/Forge/2026-08-09_01-56-34/nn/Forge.pth,42,nominal,1000,False,timeout,149,228.28640747070312,0.005980789661407471,32.97541046142578,19.77738380432129,1.1416667699813843,0.000890046008862555,1.2622982263565063,0.016163671389222145,0.75,0.75,0.00822652317583561,0.26826703548431396
2026-08-09_01-56-34,/home/as22cq/Projects/Policy-RL-Peg_insertion/force_peg_rl/logs/rl_games/Forge/2026-08-09_01-56-34/nn/Forge.pth,42,nominal,1000,False,timeout,149,28.45051383972168,0.0566430389881134,18.654356002807617,10.355535507202148,0.8833333849906921,0.05564700812101364,0.3209967613220215,0.017122630029916763,0.75,0.75,0.018836958333849907,-0.18231983482837677
2026-08-09_01-56-34,/home/as22cq/Projects/Policy-RL-Peg_insertion/force_peg_rl/logs/rl_games/Forge/2026-08-09_01-56-34/nn/Forge.pth,42,nominal,1000,False,timeout,149,221.0819549560547,0.004685547202825546,22.6661376953125,12.011568069458008,1.1500000953674316,0.0005587453488260508,1.204346776008606,0.014354829676449299,0.75,0.75,0.017511136829853058,-0.36224284768104553
2026-08-09_01-56-34,/home/as22cq/Projects/Policy-RL-Peg_insertion/force_peg_rl/logs/rl_games/Forge/2026-08-09_01-56-34/nn/Forge.pth,42,nominal,1000,False,timeout,149,81.70574188232422,0.07121293246746063,16.414478302001953,11.143651962280273,1.008333444595337,0.0534525103867054,0.3874891698360443,0.01863621547818184,0.75,0.75,0.006828145124018192,-0.2768303155899048
2026-08-09_01-56-34,/home/as22cq/Projects/Policy-RL-Peg_insertion/force_peg_rl/logs/rl_games/Forge/2026-08-09_01-56-34/nn/Forge.pth,42,nominal,1000,False,timeout,149,127.96475982666016,0.0542956106364727,19.761747360229492,15.254728317260742,1.1666667461395264,0.04892916604876518,0.6804999709129333,0.018752261996269226,0.75,0.75,0.016032904386520386,-0.5150390267372131
2026-08-09_01-56-34,/home/as22cq/Projects/Policy-RL-Peg_insertion/force_peg_rl/logs/rl_games/Forge/2026-08-09_01-56-34/nn/Forge.pth,42,nominal,1000,False,timeout,149,196.43666076660156,0.014378421008586884,18.55289649963379,10.50192928314209,0.9583333730697632,0.0006418972625397146,1.339245080947876,0.015378267504274845,0.75,0.75,0.00031635010964237154,-0.4822777211666107
2026-08-09_01-56-34,/home/as22cq/Projects/Policy-RL-Peg_insertion/force_peg_rl/logs/rl_games/Forge/2026-08-09_01-56-34/nn/Forge.pth,42,nominal,1000,False,timeout,149,33.468772888183594,0.03239733353257179,23.520992279052734,13.333903312683105,1.1166666746139526,0.02116323634982109,0.5628437399864197,0.014141926541924477,0.75,0.75,0.006866457872092724,-0.336221307516098
2026-08-09_01-56-34,/home/as22cq/Projects/Policy-RL-Peg_insertion/force_peg_rl/logs/rl_games/Forge/2026-08-09_01-56-34/nn/Forge.pth,42,nominal,1000,False,timeout,149,30.805438995361328,0.13846799731254578,16.989501953125,7.021064281463623,0.7916666865348816,0.09111323207616806,-2.8185107707977295,0.018745511770248413,0.75,0.75,0.024047987535595894,0.6444141268730164
2026-08-09_01-56-34,/home/as22cq/Projects/Policy-RL-Peg_insertion/force_peg_rl/logs/rl_games/Forge/2026-08-09_01-56-34/nn/Forge.pth,42,nominal,1000,False,timeout,149,32.76632308959961,-0.01737922802567482,42.68944549560547,14.440876960754395,0.8666667342185974,0.03141103312373161,1.8473968505859375,0.0173479113727808,0.75,0.75,0.009062601253390312,-0.15511783957481384
2026-08-09_01-56-34,/home/as22cq/Projects/Policy-RL-Peg_insertion/force_peg_rl/logs/rl_games/Forge/2026-08-09_01-56-34/nn/Forge.pth,42,nominal,1000,False,timeout,149,216.50526428222656,0.011093415319919586,25.248830795288086,13.969019889831543,1.0666667222976685,0.0006597069441340864,1.259324550628662,0.01403332781046629,0.75,0.75,0.005143217276781797,-0.5621067881584167
2026-08-09_01-56-34,/home/as22cq/Projects/Policy-RL-Peg_insertion/force_peg_rl/logs/rl_games/Forge/2026-08-09_01-56-34/nn/Forge.pth,42,nominal,1000,False,timeout,149,208.77346801757812,0.006410613656044006,34.0518798828125,19.026090621948242,1.158333420753479,0.0006781075499020517,1.3227487802505493,0.018756166100502014,0.75,0.75,0.010409687645733356,0.5376743078231812
2026-08-09_01-56-34,/home/as22cq/Projects/Policy-RL-Peg_insertion/force_peg_rl/logs/rl_games/Forge/2026-08-09_01-56-34/nn/Forge.pth,42,nominal,1000,False,timeout,149,35.80202102661133,-0.025079943239688873,28.130096435546875,16.464921951293945,1.133333444595337,0.030600611120462418,1.571901798248291,0.02340727485716343,0.75,0.75,0.01523620169609785,-0.31428906321525574
2026-08-09_01-56-34,/home/as22cq/Projects/Policy-RL-Peg_insertion/force_peg_rl/logs/rl_games/Forge/2026-08-09_01-56-34/nn/Forge.pth,42,nominal,1000,False,timeout,149,88.76191711425781,0.1390790343284607,27.097381591796875,8.919269561767578,0.8833333849906921,0.06646052747964859,0.6163070797920227,0.022075120359659195,0.75,0.75,0.018452828750014305,-0.513257622718811
2026-08-09_01-56-34,/home/as22cq/Projects/Policy-RL-Peg_insertion/force_peg_rl/logs/rl_games/Forge/2026-08-09_01-56-34/nn/Forge.pth,42,nominal,1000,True,success,149,379.7571105957031,0.00014729425311088562,13.044242858886719,9.228558540344238,0.5416666865348816,0.0005420824745669961,0.8916386961936951,0.015387878753244877,0.75,0.75,0.0012650977587327361,0.562414288520813
2026-08-09_01-56-34,/home/as22cq/Projects/Policy-RL-Peg_insertion/force_peg_rl/logs/rl_games/Forge/2026-08-09_01-56-34/nn/Forge.pth,42,nominal,1000,False,timeout,149,37.55446243286133,0.030250534415245056,14.96965503692627,7.225736618041992,0.6333333849906921,0.0732114166021347,-2.9226067066192627,0.022252220660448074,0.75,0.75,0.016547856852412224,0.2977694571018219
2026-08-09_01-56-34,/home/as22cq/Projects/Policy-RL-Peg_insertion/force_peg_rl/logs/rl_games/Forge/2026-08-09_01-56-34/nn/Forge.pth,42,nominal,1000,False,timeout,149,226.79052734375,0.002859611064195633,21.456083297729492,13.334770202636719,1.125,0.0007517110789194703,1.3765069246292114,0.016298748552799225,0.75,0.75,0.010977409780025482,-0.5985468029975891
2026-08-09_01-56-34,/home/as22cq/Projects/Policy-RL-Peg_insertion/force_peg_rl/logs/rl_games/Forge/2026-08-09_01-56-34/nn/Forge.pth,42,nominal,1000,False,timeout,149,238.2608642578125,0.005440026521682739,31.849672317504883,16.531108856201172,1.183333396911621,0.0007160381064750254,1.3793227672576904,0.015881797298789024,0.75,0.75,0.001004559569992125,-0.3111740052700043
2026-08-09_01-56-34,/home/as22cq/Projects/Policy-RL-Peg_insertion/force_peg_rl/logs/rl_games/Forge/2026-08-09_01-56-34/nn/Forge.pth,42,nominal,1000,False,timeout,149,73.5285873413086,0.03076973184943199,22.23155975341797,16.688196182250977,1.2000000476837158,0.02001345530152321,1.9195301532745361,0.020506881177425385,0.75,0.75,0.0052452669478952885,0.23343375325202942
2026-08-09_01-56-34,/home/as22cq/Projects/Policy-RL-Peg_insertion/force_peg_rl/logs/rl_games/Forge/2026-08-09_01-56-34/nn/Forge.pth,42,nominal,1000,False,timeout,149,34.621822357177734,0.026898503303527832,26.496417999267578,15.147143363952637,1.1166666746139526,0.0045902319252491,0.869715690612793,0.02275972068309784,0.75,0.75,0.023412443697452545,-0.6498783230781555
2026-08-09_01-56-34,/home/as22cq/Projects/Policy-RL-Peg_insertion/force_peg_rl/logs/rl_games/Forge/2026-08-09_01-56-34/nn/Forge.pth,42,nominal,1000,False,timeout,149,29.095237731933594,0.05127120018005371,16.87502098083496,10.376811027526855,1.1083333492279053,0.0064855837263166904,0.3486939072608948,0.01545441523194313,0.75,0.75,0.019387586042284966,-0.5489272475242615
2026-08-09_01-56-34,/home/as22cq/Projects/Policy-RL-Peg_insertion/force_peg_rl/logs/rl_games/Forge/2026-08-09_01-56-34/nn/Forge.pth,42,nominal,1000,False,timeout,149,237.97645568847656,0.008269891142845154,18.84393882751465,13.176734924316406,1.1166666746139526,0.0009625292150303721,1.4280978441238403,0.015694985166192055,0.75,0.75,0.016368405893445015,0.5531549453735352
2026-08-09_01-56-34,/home/as22cq/Projects/Policy-RL-Peg_insertion/force_peg_rl/logs/rl_games/Forge/2026-08-09_01-56-34/nn/Forge.pth,42,nominal,1000,False,timeout,149,44.898311614990234,0.0296064093708992,17.405580520629883,12.072343826293945,1.1166666746139526,0.011942371726036072,1.4975968599319458,0.016468822956085205,0.75,0.75,0.016171017661690712,0.044991713017225266
2026-08-09_01-56-34,/home/as22cq/Projects/Policy-RL-Peg_insertion/force_peg_rl/logs/rl_games/Forge/2026-08-09_01-56-34/nn/Forge.pth,42,nominal,1000,False,timeout,149,34.81956481933594,0.09740588068962097,20.600311279296875,12.756732940673828,1.1083333492279053,0.04312584176659584,3.0704402923583984,0.019007405266165733,0.75,0.75,0.016064055263996124,0.47414377331733704
2026-08-09_01-56-34,/home/as22cq/Projects/Policy-RL-Peg_insertion/force_peg_rl/logs/rl_games/Forge/2026-08-09_01-56-34/nn/Forge.pth,42,nominal,1000,False,timeout,149,29.538297653198242,-0.02494116500020027,31.807815551757812,16.3005313873291,0.9583333730697632,0.03084656409919262,2.0894863605499268,0.018118543550372124,0.75,0.75,0.01802942156791687,0.7498461008071899
2026-08-09_01-56-34,/home/as22cq/Projects/Policy-RL-Peg_insertion/force_peg_rl/logs/rl_games/Forge/2026-08-09_01-56-34/nn/Forge.pth,42,nominal,1000,False,timeout,149,73.95458984375,0.0786246508359909,21.39067840576172,14.324174880981445,1.100000023841858,0.06812699139118195,0.4720665216445923,0.01966632716357708,0.75,0.75,0.007557578384876251,-0.09815933555364609
2026-08-09_01-56-34,/home/as22cq/Projects/Policy-RL-Peg_insertion/force_peg_rl/logs/rl_games/Forge/2026-08-09_01-56-34/nn/Forge.pth,42,nominal,1000,False,timeout,149,32.7529296875,0.0303179994225502,18.174697875976562,12.721328735351562,1.1166666746139526,0.026305604726076126,0.8479185700416565,0.023308061063289642,0.75,0.75,0.012412076815962791,-0.5530489087104797
2026-08-09_01-56-34,/home/as22cq/Projects/Policy-RL-Peg_insertion/force_peg_rl/logs/rl_games/Forge/2026-08-09_01-56-34/nn/Forge.pth,42,nominal,1000,False,timeout,149,34.923099517822266,0.03258958086371422,18.18998146057129,10.892180442810059,1.1916667222976685,0.01366462279111147,2.713697910308838,0.0215561892837286,0.75,0.75,0.01169957872480154,0.7156596779823303
2026-08-09_01-56-34,/home/as22cq/Projects/Policy-RL-Peg_insertion/force_peg_rl/logs/rl_games/Forge/2026-08-09_01-56-34/nn/Forge.pth,42,nominal,1000,False,timeout,149,25.542381286621094,-0.029089704155921936,23.90826416015625,11.338217735290527,0.8250000476837158,0.047387536615133286,0.6349961757659912,0.020947342738509178,0.75,0.75,0.014580048620700836,-0.5432584285736084
2026-08-09_01-56-34,/home/as22cq/Projects/Policy-RL-Peg_insertion/force_peg_rl/logs/rl_games/Forge/2026-08-09_01-56-34/nn/Forge.pth,42,nominal,1000,False,timeout,149,42.04258346557617,0.15862296521663666,14.462760925292969,5.873069763183594,0.18333333730697632,0.030755583196878433,0.6566296815872192,0.01947927102446556,0.75,0.75,0.020112982019782066,-0.3255522549152374
2026-08-09_01-56-34,/home/as22cq/Projects/Policy-RL-Peg_insertion/force_peg_rl/logs/rl_games/Forge/2026-08-09_01-56-34/nn/Forge.pth,42,nominal,1000,False,timeout,149,31.51414680480957,-0.010570742189884186,21.35003662109375,8.737370491027832,0.6166666746139526,0.03644276037812233,0.7590779066085815,0.023776449263095856,0.75,0.75,0.008903895504772663,-0.46175509691238403
2026-08-09_01-56-34,/home/as22cq/Projects/Policy-RL-Peg_insertion/force_peg_rl/logs/rl_games/Forge/2026-08-09_01-56-34/nn/Forge.pth,42,nominal,1000,False,timeout,149,33.27217483520508,0.001562550663948059,14.34350299835205,8.348259925842285,0.5833333730697632,0.03232593834400177,1.3322840929031372,0.020117316395044327,0.75,0.75,0.010707366280257702,-0.48739689588546753
2026-08-09_01-56-34,/home/as22cq/Projects/Policy-RL-Peg_insertion/force_peg_rl/logs/rl_games/Forge/2026-08-09_01-56-34/nn/Forge.pth,42,nominal,1000,False,timeout,149,31.169904708862305,-0.021981768310070038,13.517709732055664,5.320448398590088,0.09166666865348816,0.021285386756062508,1.196221947669983,0.020863723009824753,0.75,0.75,0.021311189979314804,0.07904361933469772
2026-08-09_01-56-34,/home/as22cq/Projects/Policy-RL-Peg_insertion/force_peg_rl/logs/rl_games/Forge/2026-08-09_01-56-34/nn/Forge.pth,42,nominal,1000,False,timeout,149,51.26716232299805,0.039012085646390915,26.496414184570312,11.060110092163086,0.9083333611488342,0.06456567347049713,0.823371946811676,0.018675675615668297,0.75,0.75,0.013937028124928474,-0.2979695796966553
2026-08-09_01-56-34,/home/as22cq/Projects/Policy-RL-Peg_insertion/force_peg_rl/logs/rl_games/Forge/2026-08-09_01-56-34/nn/Forge.pth,42,nominal,1000,False,timeout,149,29.89539909362793,-0.023120306432247162,30.160131454467773,16.09816551208496,1.058333396911621,0.04024646803736687,1.037039875984192,0.01725655607879162,0.75,0.75,0.020735424011945724,-0.5086582899093628
2026-08-09_01-56-34,/home/as22cq/Projects/Policy-RL-Peg_insertion/force_peg_rl/logs/rl_games/Forge/2026-08-09_01-56-34/nn/Forge.pth,42,nominal,1000,False,timeout,149,32.56113052368164,0.027878537774086,31.769357681274414,20.621204376220703,1.1416667699813843,0.012052745558321476,1.4203852415084839,0.017080988734960556,0.75,0.75,0.02362671308219433,-0.36425384879112244
2026-08-09_01-56-34,/home/as22cq/Projects/Policy-RL-Peg_insertion/force_peg_rl/logs/rl_games/Forge/2026-08-09_01-56-34/nn/Forge.pth,42,nominal,1000,False,timeout,149,34.30799865722656,0.03440659120678902,16.65073585510254,10.079293251037598,0.8916667103767395,0.020761406049132347,1.7962924242019653,0.01959938555955887,0.75,0.75,0.008725802414119244,-0.20728302001953125
2026-08-09_01-56-34,/home/as22cq/Projects/Policy-RL-Peg_insertion/force_peg_rl/logs/rl_games/Forge/2026-08-09_01-56-34/nn/Forge.pth,42,nominal,1000,False,timeout,149,28.19678497314453,0.0007673874497413635,29.12103843688965,6.991019248962402,0.5916666984558105,0.056480009108781815,0.5981490015983582,0.01676381379365921,0.75,0.75,0.02318117953836918,-0.26434141397476196
2026-08-09_01-56-34,/home/as22cq/Projects/Policy-RL-Peg_insertion/force_peg_rl/logs/rl_games/Forge/2026-08-09_01-56-34/nn/Forge.pth,42,nominal,1000,False,timeout,149,54.255252838134766,0.029275767505168915,21.70721435546875,11.759779930114746,1.133333444595337,0.016049234196543694,0.7896947860717773,0.018617698922753334,0.75,0.75,0.010049527511000633,-0.43480250239372253
2026-08-09_01-56-34,/home/as22cq/Projects/Policy-RL-Peg_insertion/force_peg_rl/logs/rl_games/Forge/2026-08-09_01-56-34/nn/Forge.pth,42,nominal,1000,False,timeout,149,29.79193115234375,0.07583670318126678,16.245941162109375,6.442630767822266,0.7083333730697632,0.0902496725320816,2.96036696434021,0.023897871375083923,0.75,0.75,0.018173715099692345,0.13729806244373322
2026-08-09_01-56-34,/home/as22cq/Projects/Policy-RL-Peg_insertion/force_peg_rl/logs/rl_games/Forge/2026-08-09_01-56-34/nn/Forge.pth,42,nominal,1000,False,timeout,149,24.113269805908203,-0.022687476128339767,20.054828643798828,8.245583534240723,0.5,0.0545974001288414,0.43430185317993164,0.021812450140714645,0.75,0.75,0.005449702497571707,-0.4867987334728241
2026-08-09_01-56-34,/home/as22cq/Projects/Policy-RL-Peg_insertion/force_peg_rl/logs/rl_games/Forge/2026-08-09_01-56-34/nn/Forge.pth,42,nominal,1000,False,timeout,149,101.49578094482422,0.048781316727399826,16.1782169342041,10.602089881896973,0.9666666984558105,0.04126346483826637,2.4986090660095215,0.02134937047958374,0.75,0.75,0.020930200815200806,0.7350996732711792
2026-08-09_01-56-34,/home/as22cq/Projects/Policy-RL-Peg_insertion/force_peg_rl/logs/rl_games/Forge/2026-08-09_01-56-34/nn/Forge.pth,42,nominal,1000,True,success,149,386.6361389160156,0.00016192719340324402,14.610623359680176,11.668268203735352,1.033333420753479,0.0005526631721295416,0.7060767412185669,0.021089788526296616,0.75,0.75,0.012755047529935837,-0.14591597020626068
2026-08-09_01-56-34,/home/as22cq/Projects/Policy-RL-Peg_insertion/force_peg_rl/logs/rl_games/Forge/2026-08-09_01-56-34/nn/Forge.pth,42,nominal,1000,False,timeout,149,232.8446807861328,0.00907088816165924,33.12765121459961,21.79706573486328,1.183333396911621,0.0006403996958397329,1.1268489360809326,0.018257219344377518,0.75,0.75,0.01698097214102745,-0.5630594491958618
2026-08-09_01-56-34,/home/as22cq/Projects/Policy-RL-Peg_insertion/force_peg_rl/logs/rl_games/Forge/2026-08-09_01-56-34/nn/Forge.pth,42,nominal,1000,False,timeout,149,34.46095275878906,0.018059175461530685,23.45691680908203,10.968673706054688,0.9333333969116211,0.0377768874168396,1.4371044635772705,0.02389443665742874,0.75,0.75,0.008508238010108471,-0.09283413738012314
2026-08-09_01-56-34,/home/as22cq/Projects/Policy-RL-Peg_insertion/force_peg_rl/logs/rl_games/Forge/2026-08-09_01-56-34/nn/Forge.pth,42,nominal,1000,False,timeout,149,34.584896087646484,-0.02091796323657036,22.756261825561523,12.639595031738281,1.0416667461395264,0.03746163100004196,2.049778938293457,0.01434275507926941,0.75,0.75,0.018330039456486702,-0.004009596072137356
2026-08-09_01-56-34,/home/as22cq/Projects/Policy-RL-Peg_insertion/force_peg_rl/logs/rl_games/Forge/2026-08-09_01-56-34/nn/Forge.pth,42,nominal,1000,False,timeout,149,33.270755767822266,-0.036178696900606155,18.481687545776367,10.275872230529785,1.058333396911621,0.047670383006334305,1.928022027015686,0.01877862587571144,0.75,0.75,0.02176535129547119,0.15468282997608185
2026-08-09_01-56-34,/home/as22cq/Projects/Policy-RL-Peg_insertion/force_peg_rl/logs/rl_games/Forge/2026-08-09_01-56-34/nn/Forge.pth,42,nominal,1000,False,timeout,149,31.095256805419922,0.04898475855588913,17.46245574951172,10.704774856567383,1.0,0.08339059352874756,-3.0505006313323975,0.021160157397389412,0.75,0.75,0.02139127627015114,0.6004807949066162
2026-08-09_01-56-34,/home/as22cq/Projects/Policy-RL-Peg_insertion/force_peg_rl/logs/rl_games/Forge/2026-08-09_01-56-34/nn/Forge.pth,42,nominal,1000,False,timeout,149,28.768321990966797,-0.03385522961616516,12.50209903717041,7.233884334564209,0.9583333730697632,0.0291190966963768,3.0485644340515137,0.023499952629208565,0.75,0.75,0.01928936131298542,0.7430297136306763
2026-08-09_01-56-34,/home/as22cq/Projects/Policy-RL-Peg_insertion/force_peg_rl/logs/rl_games/Forge/2026-08-09_01-56-34/nn/Forge.pth,42,nominal,1000,False,timeout,149,51.62407302856445,0.02897672727704048,22.43410873413086,14.254745483398438,1.1916667222976685,0.006096309516578913,0.924750030040741,0.02208162099123001,0.75,0.75,0.017008619382977486,-0.35491257905960083
2026-08-09_01-56-34,/home/as22cq/Projects/Policy-RL-Peg_insertion/force_peg_rl/logs/rl_games/Forge/2026-08-09_01-56-34/nn/Forge.pth,42,nominal,1000,False,timeout,149,24.300212860107422,0.018045462667942047,24.630279541015625,16.885162353515625,1.008333444595337,0.05604624003171921,0.39111465215682983,0.019956247881054878,0.75,0.75,0.01755394972860813,0.13986514508724213
2026-08-09_01-56-34,/home/as22cq/Projects/Policy-RL-Peg_insertion/force_peg_rl/logs/rl_games/Forge/2026-08-09_01-56-34/nn/Forge.pth,42,nominal,1000,False,timeout,149,33.85906219482422,0.0849197581410408,15.642388343811035,6.26753044128418,0.3333333432674408,0.03968328610062599,2.8984928131103516,0.016296397894620895,0.75,0.75,0.018527429550886154,0.7244347929954529
2026-08-09_01-56-34,/home/as22cq/Projects/Policy-RL-Peg_insertion/force_peg_rl/logs/rl_games/Forge/2026-08-09_01-56-34/nn/Forge.pth,42,nominal,1000,False,timeout,149,182.87474060058594,0.016803395003080368,34.70448303222656,21.84517478942871,1.158333420753479,0.0007625537691637874,1.1596111059188843,0.016626736149191856,0.75,0.75,0.01710171066224575,0.7117137908935547
2026-08-09_01-56-34,/home/as22cq/Projects/Policy-RL-Peg_insertion/force_peg_rl/logs/rl_games/Forge/2026-08-09_01-56-34/nn/Forge.pth,42,nominal,1000,False,timeout,149,29.746265411376953,0.10056590288877487,17.22732162475586,10.868138313293457,1.0500000715255737,0.033105410635471344,2.73443865776062,0.020225219428539276,0.75,0.75,0.016017749905586243,0.0034809454809874296
2026-08-09_01-56-34,/home/as22cq/Projects/Policy-RL-Peg_insertion/force_peg_rl/logs/rl_games/Forge/2026-08-09_01-56-34/nn/Forge.pth,42,nominal,1000,False,timeout,149,27.689558029174805,-0.03255652263760567,28.29256248474121,13.264753341674805,0.9166666865348816,0.04295456036925316,0.9968162178993225,0.015488960780203342,0.75,0.75,0.02502834051847458,-0.7038906216621399
2026-08-09_01-56-34,/home/as22cq/Projects/Policy-RL-Peg_insertion/force_peg_rl/logs/rl_games/Forge/2026-08-09_01-56-34/nn/Forge.pth,42,nominal,1000,False,timeout,149,29.22122573852539,0.02266785129904747,20.98373031616211,13.081047058105469,1.033333420753479,0.025407787412405014,0.5156736373901367,0.022106576710939407,0.75,0.75,0.00516841746866703,-0.4852777123451233
2026-08-09_01-56-34,/home/as22cq/Projects/Policy-RL-Peg_insertion/force_peg_rl/logs/rl_games/Forge/2026-08-09_01-56-34/nn/Forge.pth,42,nominal,1000,False,timeout,149,32.03007125854492,0.009152345359325409,33.5914421081543,15.483179092407227,1.0416667461395264,0.01765529438853264,2.7949323654174805,0.017006417736411095,0.75,0.75,0.013639906421303749,0.48150819540023804
2026-08-09_01-56-34,/home/as22cq/Projects/Policy-RL-Peg_insertion/force_peg_rl/logs/rl_games/Forge/2026-08-09_01-56-34/nn/Forge.pth,42,nominal,1000,False,timeout,149,219.1324920654297,0.014126263558864594,39.498538970947266,19.04885482788086,1.183333396911621,0.0008337750332430005,1.3505239486694336,0.01710451766848564,0.75,0.75,0.013467268086969852,-0.3489978611469269
2026-08-09_01-56-34,/home/as22cq/Projects/Policy-RL-Peg_insertion/force_peg_rl/logs/rl_games/Forge/2026-08-09_01-56-34/nn/Forge.pth,42,nominal,1000,False,timeout,149,34.485836029052734,0.0444183386862278,28.154661178588867,12.049942016601562,1.183333396911621,0.019093895331025124,2.7477893829345703,0.015928983688354492,0.75,0.75,0.02180388756096363,0.42929592728614807
2026-08-09_01-56-34,/home/as22cq/Projects/Policy-RL-Peg_insertion/force_peg_rl/logs/rl_games/Forge/2026-08-09_01-56-34/nn/Forge.pth,42,nominal,1000,False,timeout,149,30.93311882019043,-0.030112087726593018,18.5811767578125,8.755331039428711,0.5333333611488342,0.07992495596408844,1.6305042505264282,0.021516626700758934,0.75,0.75,0.02926960401237011,-0.5342552065849304
2026-08-09_01-56-34,/home/as22cq/Projects/Policy-RL-Peg_insertion/force_peg_rl/logs/rl_games/Forge/2026-08-09_01-56-34/nn/Forge.pth,42,nominal,1000,False,timeout,149,121.10285186767578,0.0735858827829361,23.78435516357422,12.402445793151855,1.2083333730697632,0.07145333290100098,0.28858140110969543,0.023288067430257797,0.75,0.75,0.017657635733485222,-0.610683798789978
2026-08-09_01-56-34,/home/as22cq/Projects/Policy-RL-Peg_insertion/force_peg_rl/logs/rl_games/Forge/2026-08-09_01-56-34/nn/Forge.pth,42,nominal,1000,False,timeout,149,29.9069881439209,0.03888263553380966,19.639841079711914,12.27662181854248,1.1416667699813843,0.04276276007294655,0.8332383632659912,0.02208520472049713,0.75,0.75,0.0059074643068015575,-0.22996221482753754
2026-08-09_01-56-34,/home/as22cq/Projects/Policy-RL-Peg_insertion/force_peg_rl/logs/rl_games/Forge/2026-08-09_01-56-34/nn/Forge.pth,42,nominal,1000,False,timeout,149,30.957277297973633,-0.01446881890296936,24.151174545288086,14.985017776489258,1.0833333730697632,0.0424567349255085,0.44193342328071594,0.020177297294139862,0.75,0.75,0.01687154546380043,-0.5151067972183228
2026-08-09_01-56-34,/home/as22cq/Projects/Policy-RL-Peg_insertion/force_peg_rl/logs/rl_games/Forge/2026-08-09_01-56-34/nn/Forge.pth,42,nominal,1000,True,success,149,34.93231201171875,0.03536152094602585,16.90605354309082,6.288544178009033,0.7000000476837158,0.06131744012236595,3.090884208679199,0.021927693858742714,0.75,0.75,0.012710227631032467,0.1696503609418869
2026-08-09_01-56-34,/home/as22cq/Projects/Policy-RL-Peg_insertion/force_peg_rl/logs/rl_games/Forge/2026-08-09_01-56-34/nn/Forge.pth,42,nominal,1000,False,timeout,149,31.607463836669922,0.010349847376346588,16.982585906982422,3.963602066040039,0.3083333373069763,0.09510596841573715,2.212527275085449,0.018010679632425308,0.75,0.75,0.017392847687005997,-0.19666120409965515
2026-08-09_01-56-34,/home/as22cq/Projects/Policy-RL-Peg_insertion/force_peg_rl/logs/rl_games/Forge/2026-08-09_01-56-34/nn/Forge.pth,42,nominal,1000,False,timeout,149,38.858741760253906,0.001104496419429779,25.519851684570312,8.796791076660156,0.42500001192092896,0.07262726128101349,1.0564885139465332,0.02326672337949276,0.75,0.75,0.001741071231663227,0.7786034941673279
2026-08-09_01-56-34,/home/as22cq/Projects/Policy-RL-Peg_insertion/force_peg_rl/logs/rl_games/Forge/2026-08-09_01-56-34/nn/Forge.pth,42,nominal,1000,False,timeout,149,25.915184020996094,-0.01868657022714615,39.66458511352539,18.04566764831543,0.98333340883255,0.0628756508231163,0.6189677119255066,0.015167709439992905,0.75,0.75,0.020970584824681282,-0.36637839674949646
2026-08-09_01-56-34,/home/as22cq/Projects/Policy-RL-Peg_insertion/force_peg_rl/logs/rl_games/Forge/2026-08-09_01-56-34/nn/Forge.pth,42,nominal,1000,False,timeout,149,36.455955505371094,0.0713680237531662,16.172578811645508,10.758530616760254,0.9083333611488342,0.05202634260058403,3.1314315795898438,0.018633289262652397,0.75,0.75,0.01637198030948639,0.6513102650642395
2026-08-09_01-56-34,/home/as22cq/Projects/Policy-RL-Peg_insertion/force_peg_rl/logs/rl_games/Forge/2026-08-09_01-56-34/nn/Forge.pth,42,nominal,1000,False,timeout,149,28.38099479675293,0.12504476308822632,19.490520477294922,14.886116981506348,1.100000023841858,0.0663561224937439,2.938316583633423,0.015388816595077515,0.75,0.75,0.003921461757272482,0.7233932614326477
2026-08-09_01-56-34,/home/as22cq/Projects/Policy-RL-Peg_insertion/force_peg_rl/logs/rl_games/Forge/2026-08-09_01-56-34/nn/Forge.pth,42,nominal,1000,False,timeout,149,33.27180862426758,0.016011036932468414,38.20721435546875,11.964451789855957,0.9000000357627869,0.04249013960361481,2.939074993133545,0.02274537831544876,0.75,0.75,0.009313339367508888,-0.08680328726768494
2026-08-09_01-56-34,/home/as22cq/Projects/Policy-RL-Peg_insertion/force_peg_rl/logs/rl_games/Forge/2026-08-09_01-56-34/nn/Forge.pth,42,nominal,1000,False,timeout,149,32.758628845214844,0.03179078549146652,31.057849884033203,20.268903732299805,1.0916666984558105,0.01818886771798134,0.7007983326911926,0.015710577368736267,0.75,0.75,0.019425595179200172,-0.4838445484638214
2026-08-09_01-56-34,/home/as22cq/Projects/Policy-RL-Peg_insertion/force_peg_rl/logs/rl_games/Forge/2026-08-09_01-56-34/nn/Forge.pth,42,nominal,1000,False,timeout,149,28.440113067626953,-0.0026845447719097137,19.224916458129883,10.75341510772705,0.6833333969116211,0.03648455813527107,2.2557690143585205,0.02032092958688736,0.75,0.75,0.014182153157889843,0.6797966957092285
2026-08-09_01-56-34,/home/as22cq/Projects/Policy-RL-Peg_insertion/force_peg_rl/logs/rl_games/Forge/2026-08-09_01-56-34/nn/Forge.pth,42,nominal,1000,False,timeout,149,28.929737091064453,0.10308338701725006,18.350444793701172,5.351720809936523,0.5250000357627869,0.07653399556875229,3.0547006130218506,0.014849083498120308,0.75,0.75,0.018205173313617706,0.5930506587028503
2026-08-09_01-56-34,/home/as22cq/Projects/Policy-RL-Peg_insertion/force_peg_rl/logs/rl_games/Forge/2026-08-09_01-56-34/nn/Forge.pth,42,nominal,1000,False,timeout,149,35.48776626586914,0.012006420642137527,29.90093994140625,10.53844928741455,1.0916666984558105,0.02168465033173561,2.1440114974975586,0.023617209866642952,0.75,0.75,0.01874152570962906,-0.013633453287184238
2026-08-09_01-56-34,/home/as22cq/Projects/Policy-RL-Peg_insertion/force_peg_rl/logs/rl_games/Forge/2026-08-09_01-56-34/nn/Forge.pth,42,nominal,1000,False,timeout,149,176.60433959960938,0.028958871960639954,26.5590763092041,12.771797180175781,0.9166666865348816,0.0013367286883294582,1.5574480295181274,0.02065153233706951,0.75,0.75,0.003248911816626787,-0.5557721853256226
2026-08-09_01-56-34,/home/as22cq/Projects/Policy-RL-Peg_insertion/force_peg_rl/logs/rl_games/Forge/2026-08-09_01-56-34/nn/Forge.pth,42,nominal,1000,False,timeout,149,34.67539596557617,0.039414092898368835,20.232219696044922,10.066978454589844,0.9333333969116211,0.04880627244710922,3.05688738822937,0.014482613652944565,0.75,0.75,0.01868272013962269,0.7397307753562927
2026-08-09_01-56-34,/home/as22cq/Projects/Policy-RL-Peg_insertion/force_peg_rl/logs/rl_games/Forge/2026-08-09_01-56-34/nn/Forge.pth,42,nominal,1000,False,timeout,149,25.797536849975586,0.03144616633653641,18.193378448486328,11.994461059570312,1.2000000476837158,0.025341760367155075,0.4312744438648224,0.021722277626395226,0.75,0.75,0.01722043566405773,0.167257159948349
2026-08-09_01-56-34,/home/as22cq/Projects/Policy-RL-Peg_insertion/force_peg_rl/logs/rl_games/Forge/2026-08-09_01-56-34/nn/Forge.pth,42,nominal,1000,False,timeout,149,33.763954162597656,0.04203876852989197,34.788352966308594,6.174759864807129,0.38333335518836975,0.031232526525855064,3.051835298538208,0.020640037953853607,0.75,0.75,0.018936237320303917,0.622723400592804
2026-08-09_01-56-34,/home/as22cq/Projects/Policy-RL-Peg_insertion/force_peg_rl/logs/rl_games/Forge/2026-08-09_01-56-34/nn/Forge.pth,42,nominal,1000,False,timeout,149,226.22100830078125,0.011324141174554825,24.920299530029297,15.432292938232422,1.158333420753479,0.0007035481394268572,1.6735873222351074,0.022477203980088234,0.75,0.75,0.01925382763147354,-0.3056117296218872
2026-08-09_01-56-34,/home/as22cq/Projects/Policy-RL-Peg_insertion/force_peg_rl/logs/rl_games/Forge/2026-08-09_01-56-34/nn/Forge.pth,42,nominal,1000,False,timeout,149,30.832969665527344,0.01912730187177658,29.448205947875977,14.69251537322998,1.100000023841858,0.03889273852109909,2.303743600845337,0.021109554916620255,0.75,0.75,0.007974867708981037,-0.7287020683288574
2026-08-09_01-56-34,/home/as22cq/Projects/Policy-RL-Peg_insertion/force_peg_rl/logs/rl_games/Forge/2026-08-09_01-56-34/nn/Forge.pth,42,nominal,1000,False,timeout,149,32.80046844482422,0.03677109256386757,29.930683135986328,10.77032470703125,0.8666667342185974,0.02016739547252655,2.7700581550598145,0.019211361184716225,0.75,0.75,0.01427096500992775,-0.4781971275806427
2026-08-09_01-56-34,/home/as22cq/Projects/Policy-RL-Peg_insertion/force_peg_rl/logs/rl_games/Forge/2026-08-09_01-56-34/nn/Forge.pth,42,nominal,1000,False,timeout,149,37.72655487060547,-0.01122809387743473,10.435039520263672,6.082972526550293,0.6916667222976685,0.02393958903849125,1.8025107383728027,0.021362097933888435,0.75,0.75,0.021569402888417244,0.3381204903125763
2026-08-09_01-56-34,/home/as22cq/Projects/Policy-RL-Peg_insertion/force_peg_rl/logs/rl_games/Forge/2026-08-09_01-56-34/nn/Forge.pth,42,nominal,1000,False,timeout,149,24.324771881103516,-0.012418866157531738,19.423812866210938,11.267263412475586,0.8916667103767395,0.05653807520866394,0.5052999258041382,0.015144276432693005,0.75,0.75,0.014680529944598675,-0.5940676927566528
2026-08-09_01-56-34,/home/as22cq/Projects/Policy-RL-Peg_insertion/force_peg_rl/logs/rl_games/Forge/2026-08-09_01-56-34/nn/Forge.pth,42,nominal,1000,False,timeout,149,28.37973403930664,0.026128746569156647,14.692855834960938,9.91839599609375,0.6416667103767395,0.04981815814971924,0.9498865604400635,0.01819933019578457,0.75,0.75,0.016953997313976288,-0.6358877420425415
2026-08-09_01-56-34,/home/as22cq/Projects/Policy-RL-Peg_insertion/force_peg_rl/logs/rl_games/Forge/2026-08-09_01-56-34/nn/Forge.pth,42,nominal,1000,False,timeout,149,34.550193786621094,-0.00932510755956173,14.505803108215332,10.98361587524414,1.1083333492279053,0.038338448852300644,1.8183590173721313,0.01859634928405285,0.75,0.75,0.014810780063271523,0.5278699398040771
2026-08-09_01-56-34,/home/as22cq/Projects/Policy-RL-Peg_insertion/force_peg_rl/logs/rl_games/Forge/2026-08-09_01-56-34/nn/Forge.pth,42,nominal,1000,False,timeout,149,38.482765197753906,-0.008287206292152405,26.533100128173828,10.137986183166504,0.8500000238418579,0.02685142681002617,2.3742241859436035,0.022616706788539886,0.75,0.75,0.023331528529524803,-0.09209977090358734
2026-08-09_01-56-34,/home/as22cq/Projects/Policy-RL-Peg_insertion/force_peg_rl/logs/rl_games/Forge/2026-08-09_01-56-34/nn/Forge.pth,42,nominal,1000,False,timeout,149,31.088022232055664,0.005689695477485657,20.119068145751953,10.515336990356445,0.7833333611488342,0.03514933958649635,1.8205841779708862,0.01667643152177334,0.75,0.75,0.008398529142141342,0.22906965017318726
2026-08-09_01-56-34,/home/as22cq/Projects/Policy-RL-Peg_insertion/force_peg_rl/logs/rl_games/Forge/2026-08-09_01-56-34/nn/Forge.pth,42,nominal,1000,False,timeout,149,27.721715927124023,-0.013763915747404099,38.55738067626953,14.509175300598145,1.0916666984558105,0.04651220887899399,1.0933154821395874,0.020499691367149353,0.75,0.75,0.0212562158703804,-0.5556243062019348
2026-08-09_01-56-34,/home/as22cq/Projects/Policy-RL-Peg_insertion/force_peg_rl/logs/rl_games/Forge/2026-08-09_01-56-34/nn/Forge.pth,42,nominal,1000,False,timeout,149,28.33815574645996,0.01549701951444149,17.156770706176758,12.526941299438477,1.100000023841858,0.04319664463400841,0.8992277979850769,0.015302445739507675,0.75,0.75,0.0177607461810112,-0.1236727386713028
2026-08-09_01-56-34,/home/as22cq/Projects/Policy-RL-Peg_insertion/force_peg_rl/logs/rl_games/Forge/2026-08-09_01-56-34/nn/Forge.pth,42,nominal,1000,False,timeout,149,26.26968765258789,0.01641029864549637,27.782360076904297,12.823060989379883,1.125,0.026118222624063492,1.7256696224212646,0.017816666513681412,0.75,0.75,0.0242341086268425,0.5805005431175232
2026-08-09_01-56-34,/home/as22cq/Projects/Policy-RL-Peg_insertion/force_peg_rl/logs/rl_games/Forge/2026-08-09_01-56-34/nn/Forge.pth,42,nominal,1000,False,timeout,149,36.965538024902344,0.019079476594924927,24.96481704711914,13.00649642944336,1.1750000715255737,0.019950512796640396,1.3614473342895508,0.02044020965695381,0.75,0.75,0.00980942789465189,-0.3797054588794708
2026-08-09_01-56-34,/home/as22cq/Projects/Policy-RL-Peg_insertion/force_peg_rl/logs/rl_games/Forge/2026-08-09_01-56-34/nn/Forge.pth,42,nominal,1000,False,timeout,149,32.48625564575195,0.07164394855499268,15.408897399902344,9.925942420959473,1.1666667461395264,0.03351574018597603,2.781982660293579,0.020616140216588974,0.75,0.75,0.011491778306663036,0.2706261873245239
2026-08-09_01-56-34,/home/as22cq/Projects/Policy-RL-Peg_insertion/force_peg_rl/logs/rl_games/Forge/2026-08-09_01-56-34/nn/Forge.pth,42,nominal,1000,False,timeout,149,34.277923583984375,0.004842504858970642,24.222673416137695,9.140436172485352,0.7833333611488342,0.03884551674127579,1.244350790977478,0.01883445493876934,0.75,0.75,0.01786666177213192,0.03476588800549507
2026-08-09_01-56-34,/home/as22cq/Projects/Policy-RL-Peg_insertion/force_peg_rl/logs/rl_games/Forge/2026-08-09_01-56-34/nn/Forge.pth,42,nominal,1000,False,timeout,149,28.2071590423584,0.07058010995388031,16.095476150512695,8.776753425598145,0.6250000596046448,0.05966341868042946,0.7265850305557251,0.015616628341376781,0.75,0.75,0.019473176449537277,-0.489355206489563
2026-08-09_01-56-34,/home/as22cq/Projects/Policy-RL-Peg_insertion/force_peg_rl/logs/rl_games/Forge/2026-08-09_01-56-34/nn/Forge.pth,42,nominal,1000,False,timeout,149,30.902807235717773,0.02808631956577301,18.145771026611328,13.071349143981934,1.125,0.053204383701086044,0.9727268218994141,0.018137915059924126,0.75,0.75,0.01773584820330143,-0.3590361177921295
2026-08-09_01-56-34,/home/as22cq/Projects/Policy-RL-Peg_insertion/force_peg_rl/logs/rl_games/Forge/2026-08-09_01-56-34/nn/Forge.pth,42,nominal,1000,False,timeout,149,34.01188659667969,-0.0020641013979911804,16.61128807067871,7.331954002380371,0.6833333969116211,0.05374053493142128,1.345765233039856,0.016296008601784706,0.75,0.75,0.00981671642512083,0.0072858016937971115
2026-08-09_01-56-34,/home/as22cq/Projects/Policy-RL-Peg_insertion/force_peg_rl/logs/rl_games/Forge/2026-08-09_01-56-34/nn/Forge.pth,42,nominal,1000,False,timeout,149,28.29264259338379,0.008738581091165543,30.874385833740234,11.898528099060059,0.8250000476837158,0.019386472180485725,1.371370792388916,0.021955592557787895,0.75,0.75,0.016554847359657288,0.16270841658115387
2026-08-09_01-56-34,/home/as22cq/Projects/Policy-RL-Peg_insertion/force_peg_rl/logs/rl_games/Forge/2026-08-09_01-56-34/nn/Forge.pth,42,nominal,1000,False,timeout,149,36.337158203125,-0.022653911262750626,32.54365158081055,11.890734672546387,0.7583333849906921,0.028186723589897156,2.0021865367889404,0.017398741096258163,0.75,0.75,0.018239866942167282,0.24430878460407257
2026-08-09_01-56-34,/home/as22cq/Projects/Policy-RL-Peg_insertion/force_peg_rl/logs/rl_games/Forge/2026-08-09_01-56-34/nn/Forge.pth,42,nominal,1000,False,force_limit,149,24.15104866027832,0.05684222653508186,79.21601867675781,8.568443298339844,0.45000001788139343,0.022442245855927467,1.5182796716690063,0.021526005119085312,0.75,0.75,0.027910269796848297,0.2353343665599823
2026-08-09_01-56-34,/home/as22cq/Projects/Policy-RL-Peg_insertion/force_peg_rl/logs/rl_games/Forge/2026-08-09_01-56-34/nn/Forge.pth,42,nominal,1000,False,timeout,149,27.612871170043945,0.0243518128991127,15.582862854003906,10.570718765258789,1.100000023841858,0.07210107892751694,0.6965529918670654,0.02153584733605385,0.75,0.75,0.012768102809786797,-0.694214403629303
2026-08-09_01-56-34,/home/as22cq/Projects/Policy-RL-Peg_insertion/force_peg_rl/logs/rl_games/Forge/2026-08-09_01-56-34/nn/Forge.pth,42,nominal,1000,False,timeout,149,27.684232711791992,0.08336874842643738,17.67738151550293,6.659214019775391,0.5833333730697632,0.07952466607093811,0.8889655470848083,0.020107990130782127,0.75,0.75,0.012012415565550327,-0.019184185191988945
2026-08-09_01-56-34,/home/as22cq/Projects/Policy-RL-Peg_insertion/force_peg_rl/logs/rl_games/Forge/2026-08-09_01-56-34/nn/Forge.pth,42,nominal,1000,False,timeout,149,28.665517807006836,0.002643037587404251,16.558242797851562,7.430882930755615,0.38333335518836975,0.07940275222063065,1.1897996664047241,0.016518810763955116,0.75,0.75,0.01345665194094181,0.7783546447753906
2026-08-09_01-56-34,/home/as22cq/Projects/Policy-RL-Peg_insertion/force_peg_rl/logs/rl_games/Forge/2026-08-09_01-56-34/nn/Forge.pth,42,nominal,1000,False,timeout,149,28.284534454345703,-0.03300386667251587,20.77940559387207,12.689151763916016,1.058333396911621,0.053105611354112625,0.7160199880599976,0.014285440556704998,0.75,0.75,0.013705601915717125,-0.0644080862402916
2026-08-09_01-56-34,/home/as22cq/Projects/Policy-RL-Peg_insertion/force_peg_rl/logs/rl_games/Forge/2026-08-09_01-56-34/nn/Forge.pth,42,nominal,1000,False,timeout,149,25.048507690429688,0.001973360776901245,25.63460922241211,10.029096603393555,0.7333333492279053,0.05054740607738495,0.6071208119392395,0.018195345997810364,0.75,0.75,0.003924273420125246,-0.42383623123168945
2026-08-09_01-56-34,/home/as22cq/Projects/Policy-RL-Peg_insertion/force_peg_rl/logs/rl_games/Forge/2026-08-09_01-56-34/nn/Forge.pth,42,nominal,1000,False,timeout,149,25.037555694580078,-0.0008487030863761902,33.38273239135742,16.780588150024414,1.1166666746139526,0.16057132184505463,1.484968900680542,0.016275029629468918,0.75,0.75,0.019192099571228027,-0.19189885258674622
2026-08-09_01-56-34,/home/as22cq/Projects/Policy-RL-Peg_insertion/force_peg_rl/logs/rl_games/Forge/2026-08-09_01-56-34/nn/Forge.pth,42,nominal,1000,False,timeout,149,34.52827453613281,-0.013159669935703278,15.160759925842285,7.82304573059082,0.8083333969116211,0.022251605987548828,2.440167188644409,0.020610002800822258,0.75,0.75,0.019328998401761055,0.42787811160087585
2026-08-09_01-56-34,/home/as22cq/Projects/Policy-RL-Peg_insertion/force_peg_rl/logs/rl_games/Forge/2026-08-09_01-56-34/nn/Forge.pth,42,nominal,1000,False,timeout,149,32.054691314697266,0.029520906507968903,19.392019271850586,13.637223243713379,1.1083333492279053,0.007904437370598316,1.0252853631973267,0.014068891294300556,0.75,0.75,0.003883833298459649,-0.20936408638954163
2026-08-09_01-56-34,/home/as22cq/Projects/Policy-RL-Peg_insertion/force_peg_rl/logs/rl_games/Forge/2026-08-09_01-56-34/nn/Forge.pth,42,nominal,1000,False,timeout,149,163.96775817871094,0.07035231590270996,19.809844970703125,7.539830207824707,0.3500000238418579,0.07646195590496063,0.5785524249076843,0.01923026330769062,0.75,0.75,0.019818510860204697,0.6229040026664734
2026-08-09_01-56-34,/home/as22cq/Projects/Policy-RL-Peg_insertion/force_peg_rl/logs/rl_games/Forge/2026-08-09_01-56-34/nn/Forge.pth,42,nominal,1000,False,force_limit,149,30.323204040527344,0.01564980298280716,51.61311721801758,10.54755687713623,0.9916667342185974,0.036916982382535934,2.09444260597229,0.01865246519446373,0.75,0.75,0.00997968576848507,-0.0895037055015564
2026-08-09_01-56-34,/home/as22cq/Projects/Policy-RL-Peg_insertion/force_peg_rl/logs/rl_games/Forge/2026-08-09_01-56-34/nn/Forge.pth,42,nominal,1000,False,timeout,149,35.858924865722656,0.0003605019301176071,14.72191047668457,9.061602592468262,0.8916667103767395,0.032348886132240295,1.922995686531067,0.014611597172915936,0.75,0.75,0.012011678889393806,0.06948459893465042
2026-08-09_01-56-34,/home/as22cq/Projects/Policy-RL-Peg_insertion/force_peg_rl/logs/rl_games/Forge/2026-08-09_01-56-34/nn/Forge.pth,42,nominal,1000,False,timeout,149,32.72541427612305,-0.01955551654100418,16.5960750579834,11.343771934509277,1.1416667699813843,0.024896156042814255,0.9510222673416138,0.02036285027861595,0.75,0.75,0.013305995613336563,-0.225971981883049
2026-08-09_01-56-34,/home/as22cq/Projects/Policy-RL-Peg_insertion/force_peg_rl/logs/rl_games/Forge/2026-08-09_01-56-34/nn/Forge.pth,42,nominal,1000,False,timeout,149,35.41060256958008,-0.02537885494530201,15.315317153930664,8.683136940002441,0.8000000715255737,0.017576761543750763,2.63985538482666,0.023796245455741882,0.75,0.75,0.012964023277163506,0.7164013385772705
2026-08-09_01-56-34,/home/as22cq/Projects/Policy-RL-Peg_insertion/force_peg_rl/logs/rl_games/Forge/2026-08-09_01-56-34/nn/Forge.pth,42,nominal,1000,False,timeout,149,32.06583786010742,-0.027216728776693344,18.126705169677734,10.537797927856445,0.98333340883255,0.029864637181162834,1.5319627523422241,0.01916254125535488,0.75,0.75,0.016366122290492058,0.5800651907920837
2026-08-09_01-56-34,/home/as22cq/Projects/Policy-RL-Peg_insertion/force_peg_rl/logs/rl_games/Forge/2026-08-09_01-56-34/nn/Forge.pth,42,nominal,1000,False,timeout,149,26.507722854614258,0.027877354994416237,15.98636245727539,10.633245468139648,0.8916667103767395,0.04599149152636528,2.6466064453125,0.022074416279792786,0.75,0.75,0.007580036763101816,0.682048499584198
2026-08-09_01-56-34,/home/as22cq/Projects/Policy-RL-Peg_insertion/force_peg_rl/logs/rl_games/Forge/2026-08-09_01-56-34/nn/Forge.pth,42,nominal,1000,False,timeout,149,30.04669189453125,0.015485506504774094,26.290447235107422,14.041862487792969,1.0,0.07368157058954239,0.939932644367218,0.01404297724366188,0.75,0.75,0.01664602942764759,-0.041900698095560074
2026-08-09_01-56-34,/home/as22cq/Projects/Policy-RL-Peg_insertion/force_peg_rl/logs/rl_games/Forge/2026-08-09_01-56-34/nn/Forge.pth,42,nominal,1000,False,timeout,149,38.10248565673828,0.0017241612076759338,22.269987106323242,10.978511810302734,1.0750000476837158,0.016661006957292557,2.0249342918395996,0.023470990359783173,0.75,0.75,0.0054255262948572636,0.4116021990776062
2026-08-09_01-56-34,/home/as22cq/Projects/Policy-RL-Peg_insertion/force_peg_rl/logs/rl_games/Forge/2026-08-09_01-56-34/nn/Forge.pth,42,nominal,1000,False,timeout,149,207.33587646484375,0.0089027788490057,30.710224151611328,15.120438575744629,1.1500000953674316,0.0009220903739333153,1.3374634981155396,0.021821875125169754,0.75,0.75,0.02030687965452671,-0.16185137629508972
2026-08-09_01-56-34,/home/as22cq/Projects/Policy-RL-Peg_insertion/force_peg_rl/logs/rl_games/Forge/2026-08-09_01-56-34/nn/Forge.pth,42,nominal,1000,False,timeout,149,27.78156852722168,0.03409207612276077,18.37979507446289,8.48609733581543,0.9416667222976685,0.05720105022192001,0.57688969373703,0.02154189720749855,0.75,0.75,0.019165348261594772,-0.45010051131248474
2026-08-09_01-56-34,/home/as22cq/Projects/Policy-RL-Peg_insertion/force_peg_rl/logs/rl_games/Forge/2026-08-09_01-56-34/nn/Forge.pth,42,nominal,1000,False,timeout,149,29.257953643798828,0.1101929247379303,12.787210464477539,5.862354278564453,0.32500001788139343,0.07798653095960617,3.021794557571411,0.02268923446536064,0.75,0.75,0.014607585035264492,0.7358390688896179
2026-08-09_01-56-34,/home/as22cq/Projects/Policy-RL-Peg_insertion/force_peg_rl/logs/rl_games/Forge/2026-08-09_01-56-34/nn/Forge.pth,42,nominal,1000,False,timeout,149,26.088468551635742,-0.02435261756181717,28.285730361938477,9.968302726745605,0.8166667222976685,0.07160360366106033,1.143713116645813,0.01819918304681778,0.75,0.75,0.02385641820728779,-0.3538558781147003
2026-08-09_01-56-34,/home/as22cq/Projects/Policy-RL-Peg_insertion/force_peg_rl/logs/rl_games/Forge/2026-08-09_01-56-34/nn/Forge.pth,42,nominal,1000,False,timeout,149,26.62482452392578,-0.01700587198138237,29.8137264251709,15.149386405944824,1.0250000953674316,0.03855309262871742,0.9238288998603821,0.02384127676486969,0.75,0.75,0.024223847314715385,-0.29439887404441833
2026-08-09_01-56-34,/home/as22cq/Projects/Policy-RL-Peg_insertion/force_peg_rl/logs/rl_games/Forge/2026-08-09_01-56-34/nn/Forge.pth,42,nominal,1000,True,success,149,255.39268493652344,0.0001811981201171875,23.181516647338867,10.168298721313477,1.0250000953674316,0.0009130840189754963,0.8998944759368896,0.019521426409482956,0.75,0.75,0.018769212067127228,0.46091803908348083
2026-08-09_01-56-34,/home/as22cq/Projects/Policy-RL-Peg_insertion/force_peg_rl/logs/rl_games/Forge/2026-08-09_01-56-34/nn/Forge.pth,42,nominal,1000,False,timeout,149,32.48735809326172,-0.040505241602659225,33.8120231628418,12.462053298950195,0.8333333730697632,0.026820030063390732,2.0183963775634766,0.017901703715324402,0.75,0.75,0.027143552899360657,-0.6785184144973755
2026-08-09_01-56-34,/home/as22cq/Projects/Policy-RL-Peg_insertion/force_peg_rl/logs/rl_games/Forge/2026-08-09_01-56-34/nn/Forge.pth,42,nominal,1000,False,timeout,149,28.374624252319336,-0.028079017996788025,38.6650390625,16.220430374145508,1.0833333730697632,0.06688519567251205,0.5941334366798401,0.01844656653702259,0.75,0.75,0.011389503255486488,-0.7289931178092957
2026-08-09_01-56-34,/home/as22cq/Projects/Policy-RL-Peg_insertion/force_peg_rl/logs/rl_games/Forge/2026-08-09_01-56-34/nn/Forge.pth,42,nominal,1000,False,timeout,149,35.65037155151367,0.02159806713461876,17.101531982421875,9.695112228393555,0.8833333849906921,0.02892289124429226,0.9893820285797119,0.01502446923404932,0.75,0.75,0.0017566080205142498,0.08035995811223984
2026-08-09_01-56-34,/home/as22cq/Projects/Policy-RL-Peg_insertion/force_peg_rl/logs/rl_games/Forge/2026-08-09_01-56-34/nn/Forge.pth,42,nominal,1000,False,timeout,149,24.86377716064453,-0.01080746203660965,14.357088088989258,8.947219848632812,0.8916667103767395,0.05057283118367195,0.4577614963054657,0.02272612228989601,0.75,0.75,0.02078428864479065,-0.405960351228714
2026-08-09_01-56-34,/home/as22cq/Projects/Policy-RL-Peg_insertion/force_peg_rl/logs/rl_games/Forge/2026-08-09_01-56-34/nn/Forge.pth,42,nominal,1000,False,timeout,149,30.897817611694336,0.03358450531959534,21.92522621154785,11.676071166992188,1.0,0.018204422667622566,2.8044004440307617,0.017671700567007065,0.75,0.75,0.017524374648928642,0.5174781084060669
2026-08-09_01-56-34,/home/as22cq/Projects/Policy-RL-Peg_insertion/force_peg_rl/logs/rl_games/Forge/2026-08-09_01-56-34/nn/Forge.pth,42,nominal,1001,True,success,149,319.5210266113281,0.0001572025939822197,15.12651538848877,10.909966468811035,0.8583333492279053,0.0005820494261570275,0.86445152759552,0.014582974836230278,0.75,0.75,0.010110991075634956,-0.07034808397293091
2026-08-09_01-56-34,/home/as22cq/Projects/Policy-RL-Peg_insertion/force_peg_rl/logs/rl_games/Forge/2026-08-09_01-56-34/nn/Forge.pth,42,nominal,1001,False,timeout,149,224.968017578125,0.010617265477776527,36.76272964477539,19.42510414123535,1.1666667461395264,0.0006257535424083471,1.649631142616272,0.02033928595483303,0.75,0.75,0.022193633019924164,-0.4973938465118408
2026-08-09_01-56-34,/home/as22cq/Projects/Policy-RL-Peg_insertion/force_peg_rl/logs/rl_games/Forge/2026-08-09_01-56-34/nn/Forge.pth,42,nominal,1001,False,timeout,149,35.928932189941406,-0.041917867958545685,24.24323081970215,12.543272972106934,0.9083333611488342,0.030283235013484955,2.3560945987701416,0.019945984706282616,0.75,0.75,0.01767636276781559,-0.5415600538253784
2026-08-09_01-56-34,/home/as22cq/Projects/Policy-RL-Peg_insertion/force_peg_rl/logs/rl_games/Forge/2026-08-09_01-56-34/nn/Forge.pth,42,nominal,1001,False,timeout,149,219.46493530273438,0.012469276785850525,20.423341751098633,11.83138370513916,1.125,0.0007009566761553288,1.3556429147720337,0.02142946794629097,0.75,0.75,0.00800418108701706,-0.14980211853981018
2026-08-09_01-56-34,/home/as22cq/Projects/Policy-RL-Peg_insertion/force_peg_rl/logs/rl_games/Forge/2026-08-09_01-56-34/nn/Forge.pth,42,nominal,1001,False,timeout,149,50.21553039550781,0.04193083941936493,12.149500846862793,5.778910160064697,0.23333334922790527,0.10034399479627609,3.0127692222595215,0.023519529029726982,0.75,0.75,0.01866862364113331,0.7537457346916199
2026-08-09_01-56-34,/home/as22cq/Projects/Policy-RL-Peg_insertion/force_peg_rl/logs/rl_games/Forge/2026-08-09_01-56-34/nn/Forge.pth,42,nominal,1001,True,success,149,369.7807312011719,0.0001319143921136856,15.685999870300293,11.404630661010742,1.0416667461395264,0.0003901321324519813,0.886868953704834,0.022065134719014168,0.75,0.75,0.002766946330666542,0.6146127581596375
2026-08-09_01-56-34,/home/as22cq/Projects/Policy-RL-Peg_insertion/force_peg_rl/logs/rl_games/Forge/2026-08-09_01-56-34/nn/Forge.pth,42,nominal,1001,False,timeout,149,208.19183349609375,0.016624800860881805,21.16238021850586,11.907344818115234,1.1666667461395264,0.0009830354247242212,1.5774054527282715,0.016289368271827698,0.75,0.75,0.011815238744020462,0.593267023563385
2026-08-09_01-56-34,/home/as22cq/Projects/Policy-RL-Peg_insertion/force_peg_rl/logs/rl_games/Forge/2026-08-09_01-56-34/nn/Forge.pth,42,nominal,1001,False,timeout,149,72.67559814453125,0.026792675256729126,19.168621063232422,10.391148567199707,1.1083333492279053,0.02416221983730793,0.8007971048355103,0.02117471769452095,0.75,0.75,0.021404411643743515,-0.29661664366722107
2026-08-09_01-56-34,/home/as22cq/Projects/Policy-RL-Peg_insertion/force_peg_rl/logs/rl_games/Forge/2026-08-09_01-56-34/nn/Forge.pth,42,nominal,1001,False,timeout,149,199.63949584960938,0.0016003921627998352,28.85890007019043,11.767032623291016,0.9416667222976685,0.0005140494904480875,0.8652223944664001,0.020500419661402702,0.75,0.75,0.007271798327565193,0.1795370876789093
2026-08-09_01-56-34,/home/as22cq/Projects/Policy-RL-Peg_insertion/force_peg_rl/logs/rl_games/Forge/2026-08-09_01-56-34/nn/Forge.pth,42,nominal,1001,False,timeout,149,222.17202758789062,0.0010613780468702316,20.690185546875,12.649943351745605,1.125,0.0005844467668794096,1.3012133836746216,0.014920365996658802,0.75,0.75,0.0033706058748066425,0.05625622719526291
2026-08-09_01-56-34,/home/as22cq/Projects/Policy-RL-Peg_insertion/force_peg_rl/logs/rl_games/Forge/2026-08-09_01-56-34/nn/Forge.pth,42,nominal,1001,False,timeout,149,200.5209503173828,0.009980186820030212,27.819730758666992,15.169615745544434,1.183333396911621,0.0005844897241331637,0.7706549167633057,0.023447120562195778,0.75,0.75,0.008436107076704502,-0.5396464467048645
2026-08-09_01-56-34,/home/as22cq/Projects/Policy-RL-Peg_insertion/force_peg_rl/logs/rl_games/Forge/2026-08-09_01-56-34/nn/Forge.pth,42,nominal,1001,False,timeout,149,224.2723388671875,0.004504375159740448,25.88566017150879,15.574772834777832,1.1666667461395264,0.0007901157950982451,1.3309253454208374,0.021928714588284492,0.75,0.75,0.020921682938933372,-0.24840134382247925
2026-08-09_01-56-34,/home/as22cq/Projects/Policy-RL-Peg_insertion/force_peg_rl/logs/rl_games/Forge/2026-08-09_01-56-34/nn/Forge.pth,42,nominal,1001,False,timeout,149,31.334436416625977,0.014445342123508453,18.06956672668457,14.230770111083984,1.133333444595337,0.06100408360362053,1.6769365072250366,0.021051546558737755,0.75,0.75,0.021711206063628197,-0.6493220925331116
2026-08-09_01-56-34,/home/as22cq/Projects/Policy-RL-Peg_insertion/force_peg_rl/logs/rl_games/Forge/2026-08-09_01-56-34/nn/Forge.pth,42,nominal,1001,False,timeout,149,37.236297607421875,0.05005040392279625,15.472235679626465,8.778353691101074,0.7000000476837158,0.08182184398174286,3.022881269454956,0.023087522014975548,0.75,0.75,0.015144135802984238,-0.5551906824111938
2026-08-09_01-56-34,/home/as22cq/Projects/Policy-RL-Peg_insertion/force_peg_rl/logs/rl_games/Forge/2026-08-09_01-56-34/nn/Forge.pth,42,nominal,1001,False,timeout,149,33.77204895019531,-0.03501300513744354,26.956207275390625,15.047276496887207,1.0416667461395264,0.048931416124105453,1.9776231050491333,0.01856512390077114,0.75,0.75,0.0171226654201746,0.29567739367485046
2026-08-09_01-56-34,/home/as22cq/Projects/Policy-RL-Peg_insertion/force_peg_rl/logs/rl_games/Forge/2026-08-09_01-56-34/nn/Forge.pth,42,nominal,1001,False,timeout,149,48.2258186340332,0.027831021696329117,16.381071090698242,7.997196674346924,0.25833335518836975,0.017822042107582092,2.0103023052215576,0.023324768990278244,0.75,0.75,0.020652227103710175,0.4007342457771301
2026-08-09_01-56-34,/home/as22cq/Projects/Policy-RL-Peg_insertion/force_peg_rl/logs/rl_games/Forge/2026-08-09_01-56-34/nn/Forge.pth,42,nominal,1001,False,timeout,149,42.72954177856445,-0.02731570228934288,21.034759521484375,7.967370510101318,0.4833333492279053,0.019351240247488022,1.833808183670044,0.016495054587721825,0.75,0.75,0.018144112080335617,-0.46352580189704895
2026-08-09_01-56-34,/home/as22cq/Projects/Policy-RL-Peg_insertion/force_peg_rl/logs/rl_games/Forge/2026-08-09_01-56-34/nn/Forge.pth,42,nominal,1001,False,timeout,149,27.41341209411621,0.07082940638065338,27.57318115234375,9.95504379272461,0.7083333730697632,0.016991375014185905,0.3961022198200226,0.019658973440527916,0.75,0.75,0.019881224259734154,-0.43698203563690186
2026-08-09_01-56-34,/home/as22cq/Projects/Policy-RL-Peg_insertion/force_peg_rl/logs/rl_games/Forge/2026-08-09_01-56-34/nn/Forge.pth,42,nominal,1001,True,success,149,364.6853332519531,4.565343260765076e-05,16.29092788696289,12.369864463806152,1.0416667461395264,0.00021249891142360866,0.7875369787216187,0.023034047335386276,0.75,0.75,0.021829308941960335,0.07910413295030594
2026-08-09_01-56-34,/home/as22cq/Projects/Policy-RL-Peg_insertion/force_peg_rl/logs/rl_games/Forge/2026-08-09_01-56-34/nn/Forge.pth,42,nominal,1001,False,timeout,149,184.4180450439453,0.054010991007089615,20.890783309936523,14.462701797485352,1.0916666984558105,0.009396910667419434,2.737137794494629,0.018841315060853958,0.75,0.75,0.01778019405901432,0.35664674639701843
2026-08-09_01-56-34,/home/as22cq/Projects/Policy-RL-Peg_insertion/force_peg_rl/logs/rl_games/Forge/2026-08-09_01-56-34/nn/Forge.pth,42,nominal,1001,False,timeout,149,149.72195434570312,0.07999324053525925,20.81621551513672,11.313984870910645,0.9250000715255737,0.2638434171676636,0.3616216480731964,0.019187122583389282,0.75,0.75,0.007226718124002218,-0.4442608654499054
2026-08-09_01-56-34,/home/as22cq/Projects/Policy-RL-Peg_insertion/force_peg_rl/logs/rl_games/Forge/2026-08-09_01-56-34/nn/Forge.pth,42,nominal,1001,False,timeout,149,32.39167404174805,0.05086826905608177,23.855710983276367,7.361952304840088,0.4833333492279053,0.05342185124754906,0.9931115508079529,0.020070508122444153,0.75,0.75,0.011614397168159485,-0.3421226143836975
2026-08-09_01-56-34,/home/as22cq/Projects/Policy-RL-Peg_insertion/force_peg_rl/logs/rl_games/Forge/2026-08-09_01-56-34/nn/Forge.pth,42,nominal,1001,False,timeout,149,124.52568817138672,0.027491722255945206,24.262556076049805,17.1830997467041,1.1666667461395264,0.0038248717319220304,0.7994376420974731,0.019575979560613632,0.75,0.75,0.01174683403223753,-0.6820406317710876
2026-08-09_01-56-34,/home/as22cq/Projects/Policy-RL-Peg_insertion/force_peg_rl/logs/rl_games/Forge/2026-08-09_01-56-34/nn/Forge.pth,42,nominal,1001,False,timeout,149,230.94320678710938,0.00690663605928421,32.41569137573242,18.528772354125977,1.1666667461395264,0.00012437043187674135,1.345051884651184,0.017884882166981697,0.75,0.75,0.021071406081318855,-0.5599067211151123
2026-08-09_01-56-34,/home/as22cq/Projects/Policy-RL-Peg_insertion/force_peg_rl/logs/rl_games/Forge/2026-08-09_01-56-34/nn/Forge.pth,42,nominal,1001,False,timeout,149,54.96976852416992,0.07092840224504471,20.023069381713867,12.839996337890625,1.1666667461395264,0.07696717977523804,2.731414794921875,0.01758422702550888,0.75,0.75,0.019610924646258354,-0.2691989243030548
2026-08-09_01-56-34,/home/as22cq/Projects/Policy-RL-Peg_insertion/force_peg_rl/logs/rl_games/Forge/2026-08-09_01-56-34/nn/Forge.pth,42,nominal,1001,False,timeout,149,25.324504852294922,0.20574791729450226,15.673702239990234,6.1446027755737305,0.8083333969116211,0.03282185271382332,0.37700313329696655,0.017869669944047928,0.75,0.75,0.012875811196863651,-0.618934690952301
2026-08-09_01-56-34,/home/as22cq/Projects/Policy-RL-Peg_insertion/force_peg_rl/logs/rl_games/Forge/2026-08-09_01-56-34/nn/Forge.pth,42,nominal,1001,False,timeout,149,38.40388107299805,0.0045254528522491455,16.460956573486328,6.609807014465332,0.491666704416275,0.05700591951608658,3.0446689128875732,0.01962859369814396,0.75,0.75,0.011299483478069305,-0.2725750207901001
2026-08-09_01-56-34,/home/as22cq/Projects/Policy-RL-Peg_insertion/force_peg_rl/logs/rl_games/Forge/2026-08-09_01-56-34/nn/Forge.pth,42,nominal,1001,False,timeout,149,81.00067138671875,0.0684540718793869,19.377290725708008,9.329505920410156,0.9000000357627869,0.07439061254262924,1.1595478057861328,0.016826501116156578,0.75,0.75,0.018575113266706467,-0.09378418326377869
2026-08-09_01-56-34,/home/as22cq/Projects/Policy-RL-Peg_insertion/force_peg_rl/logs/rl_games/Forge/2026-08-09_01-56-34/nn/Forge.pth,42,nominal,1001,False,timeout,149,30.04301643371582,0.07121115177869797,17.314472198486328,12.179673194885254,1.1416667699813843,0.054809536784887314,0.43426114320755005,0.020204121246933937,0.75,0.75,0.01512822974473238,-0.7818158864974976
2026-08-09_01-56-34,/home/as22cq/Projects/Policy-RL-Peg_insertion/force_peg_rl/logs/rl_games/Forge/2026-08-09_01-56-34/nn/Forge.pth,42,nominal,1001,False,timeout,149,88.01692199707031,0.03794572502374649,20.43397331237793,15.867607116699219,1.2083333730697632,0.007531278301030397,0.5491782426834106,0.019322259351611137,0.75,0.75,0.005391777493059635,-0.45521241426467896
2026-08-09_01-56-34,/home/as22cq/Projects/Policy-RL-Peg_insertion/force_peg_rl/logs/rl_games/Forge/2026-08-09_01-56-34/nn/Forge.pth,42,nominal,1001,False,timeout,149,231.312744140625,0.009151190519332886,30.35555076599121,16.29145050048828,1.183333396911621,0.0009878388373181224,1.258169174194336,0.015515419654548168,0.75,0.75,0.008893955498933792,-0.3283514976501465
2026-08-09_01-56-34,/home/as22cq/Projects/Policy-RL-Peg_insertion/force_peg_rl/logs/rl_games/Forge/2026-08-09_01-56-34/nn/Forge.pth,42,nominal,1001,False,timeout,149,45.70229721069336,0.02694780007004738,16.36960220336914,6.639403820037842,0.46666669845581055,0.0008214523550122976,1.9544456005096436,0.016003001481294632,0.75,0.75,0.018350675702095032,0.7685384750366211
2026-08-09_01-56-34,/home/as22cq/Projects/Policy-RL-Peg_insertion/force_peg_rl/logs/rl_games/Forge/2026-08-09_01-56-34/nn/Forge.pth,42,nominal,1001,False,timeout,149,142.2532501220703,0.02944955974817276,28.538660049438477,11.634598731994629,1.0916666984558105,0.03874931111931801,1.0658499002456665,0.023824989795684814,0.75,0.75,0.020526640117168427,-0.7491322755813599
2026-08-09_01-56-34,/home/as22cq/Projects/Policy-RL-Peg_insertion/force_peg_rl/logs/rl_games/Forge/2026-08-09_01-56-34/nn/Forge.pth,42,nominal,1001,False,timeout,149,255.96714782714844,0.006940111517906189,24.42125701904297,14.088935852050781,1.0500000715255737,0.0007844131905585527,1.6595499515533447,0.021529115736484528,0.75,0.75,0.021493110805749893,-0.12146566063165665
2026-08-09_01-56-34,/home/as22cq/Projects/Policy-RL-Peg_insertion/force_peg_rl/logs/rl_games/Forge/2026-08-09_01-56-34/nn/Forge.pth,42,nominal,1001,False,timeout,149,239.48316955566406,0.008138418197631836,30.0166015625,13.272454261779785,0.8583333492279053,0.0007517549092881382,1.3438254594802856,0.017748845741152763,0.75,0.75,0.021931102499365807,0.38618290424346924
2026-08-09_01-56-34,/home/as22cq/Projects/Policy-RL-Peg_insertion/force_peg_rl/logs/rl_games/Forge/2026-08-09_01-56-34/nn/Forge.pth,42,nominal,1001,False,timeout,149,73.79788208007812,0.023105639964342117,26.12544059753418,13.694623947143555,1.125,0.030993517488241196,1.9014708995819092,0.019194230437278748,0.75,0.75,0.019683752208948135,-0.13773249089717865
2026-08-09_01-56-34,/home/as22cq/Projects/Policy-RL-Peg_insertion/force_peg_rl/logs/rl_games/Forge/2026-08-09_01-56-34/nn/Forge.pth,42,nominal,1001,False,timeout,149,30.083080291748047,0.06391531229019165,22.78610610961914,11.45767879486084,1.0500000715255737,0.055936798453330994,0.3219796121120453,0.015837624669075012,0.75,0.75,0.023288791999220848,-0.5399261116981506
2026-08-09_01-56-34,/home/as22cq/Projects/Policy-RL-Peg_insertion/force_peg_rl/logs/rl_games/Forge/2026-08-09_01-56-34/nn/Forge.pth,42,nominal,1001,False,timeout,149,33.541221618652344,-0.03420058637857437,19.624204635620117,7.111345291137695,0.491666704416275,0.05378620699048042,1.5355304479599,0.021928710862994194,0.75,0.75,0.025848420336842537,-0.18032708764076233
2026-08-09_01-56-34,/home/as22cq/Projects/Policy-RL-Peg_insertion/force_peg_rl/logs/rl_games/Forge/2026-08-09_01-56-34/nn/Forge.pth,42,nominal,1001,False,timeout,149,38.09156799316406,-0.02924446016550064,19.87943458557129,9.484273910522461,0.9333333969116211,0.018910586833953857,2.431584596633911,0.01904228888452053,0.75,0.75,0.025460759177803993,0.33164212107658386
2026-08-09_01-56-34,/home/as22cq/Projects/Policy-RL-Peg_insertion/force_peg_rl/logs/rl_games/Forge/2026-08-09_01-56-34/nn/Forge.pth,42,nominal,1001,True,success,149,229.50735473632812,2.0246952772140503e-05,29.823410034179688,17.343360900878906,1.158333420753479,0.000540379376616329,1.1035947799682617,0.01983124576508999,0.75,0.75,0.02251729741692543,-0.2691696584224701
2026-08-09_01-56-34,/home/as22cq/Projects/Policy-RL-Peg_insertion/force_peg_rl/logs/rl_games/Forge/2026-08-09_01-56-34/nn/Forge.pth,42,nominal,1001,False,timeout,149,32.15143966674805,0.07832568883895874,29.179229736328125,5.468235969543457,0.2083333432674408,0.06689710170030594,2.8431808948516846,0.02237432450056076,0.75,0.75,0.02148120291531086,-0.39416682720184326
2026-08-09_01-56-34,/home/as22cq/Projects/Policy-RL-Peg_insertion/force_peg_rl/logs/rl_games/Forge/2026-08-09_01-56-34/nn/Forge.pth,42,nominal,1001,False,timeout,149,34.351627349853516,0.013957771472632885,26.322179794311523,11.941949844360352,1.0416667461395264,0.02778003178536892,1.8397997617721558,0.020307006314396858,0.75,0.75,0.025398768484592438,0.14865505695343018
2026-08-09_01-56-34,/home/as22cq/Projects/Policy-RL-Peg_insertion/force_peg_rl/logs/rl_games/Forge/2026-08-09_01-56-34/nn/Forge.pth,42,nominal,1001,False,timeout,149,38.772071838378906,0.012600426562130451,23.132766723632812,11.181587219238281,1.1416667699813843,0.01902538165450096,0.8324973583221436,0.018703695386648178,0.75,0.75,0.009076794609427452,-0.7004092335700989
2026-08-09_01-56-34,/home/as22cq/Projects/Policy-RL-Peg_insertion/force_peg_rl/logs/rl_games/Forge/2026-08-09_01-56-34/nn/Forge.pth,42,nominal,1001,False,timeout,149,31.17085075378418,0.0320119708776474,17.767154693603516,11.19309139251709,1.1416667699813843,0.01785745471715927,0.6456552743911743,0.02388438582420349,0.75,0.75,0.022991864010691643,-0.5532423257827759
2026-08-09_01-56-34,/home/as22cq/Projects/Policy-RL-Peg_insertion/force_peg_rl/logs/rl_games/Forge/2026-08-09_01-56-34/nn/Forge.pth,42,nominal,1001,False,timeout,149,54.28614807128906,0.03371897339820862,24.544719696044922,11.217385292053223,1.0666667222976685,0.007889349944889545,1.397059440612793,0.023065969347953796,0.75,0.75,0.018991924822330475,0.20743392407894135
2026-08-09_01-56-34,/home/as22cq/Projects/Policy-RL-Peg_insertion/force_peg_rl/logs/rl_games/Forge/2026-08-09_01-56-34/nn/Forge.pth,42,nominal,1001,True,success,149,226.5624237060547,4.174746572971344e-05,21.257556915283203,11.682522773742676,1.1416667699813843,0.00035537168150767684,1.2398593425750732,0.022870369255542755,0.75,0.75,0.017809879034757614,0.6315240263938904
2026-08-09_01-56-34,/home/as22cq/Projects/Policy-RL-Peg_insertion/force_peg_rl/logs/rl_games/Forge/2026-08-09_01-56-34/nn/Forge.pth,42,nominal,1001,False,timeout,149,52.670719146728516,0.013960829004645348,15.674886703491211,8.296393394470215,0.7583333849906921,0.0254818182438612,1.5826247930526733,0.022785302251577377,0.75,0.75,0.00510643282905221,0.09131362289190292
2026-08-09_01-56-34,/home/as22cq/Projects/Policy-RL-Peg_insertion/force_peg_rl/logs/rl_games/Forge/2026-08-09_01-56-34/nn/Forge.pth,42,nominal,1001,False,timeout,149,223.35496520996094,0.006951598450541496,24.103321075439453,14.729978561401367,1.133333444595337,0.0005259248428046703,1.3279422521591187,0.023870799690485,0.75,0.75,0.015833258628845215,0.3663131892681122
2026-08-09_01-56-34,/home/as22cq/Projects/Policy-RL-Peg_insertion/force_peg_rl/logs/rl_games/Forge/2026-08-09_01-56-34/nn/Forge.pth,42,nominal,1001,False,timeout,149,219.6524658203125,0.014240525662899017,19.278675079345703,10.77452278137207,1.1416667699813843,0.0006577942403964698,1.3299927711486816,0.014620817266404629,0.75,0.75,0.010411480441689491,-0.14587116241455078
2026-08-09_01-56-34,/home/as22cq/Projects/Policy-RL-Peg_insertion/force_peg_rl/logs/rl_games/Forge/2026-08-09_01-56-34/nn/Forge.pth,42,nominal,1001,False,timeout,149,33.23432922363281,0.028114601969718933,24.124839782714844,17.2669620513916,1.183333396911621,0.011375956237316132,1.1522743701934814,0.02186746895313263,0.75,0.75,0.012933487072587013,-0.44119328260421753
2026-08-09_01-56-34,/home/as22cq/Projects/Policy-RL-Peg_insertion/force_peg_rl/logs/rl_games/Forge/2026-08-09_01-56-34/nn/Forge.pth,42,nominal,1001,False,timeout,149,36.39103698730469,-0.000420987606048584,23.44043731689453,10.670646667480469,0.9250000715255737,0.08211261034011841,2.954366683959961,0.016157617792487144,0.75,0.75,0.023202423006296158,-0.3652269244194031
2026-08-09_01-56-34,/home/as22cq/Projects/Policy-RL-Peg_insertion/force_peg_rl/logs/rl_games/Forge/2026-08-09_01-56-34/nn/Forge.pth,42,nominal,1001,False,timeout,149,207.5851593017578,0.009410109370946884,24.637832641601562,13.871593475341797,1.1750000715255737,0.000569997588172555,1.3044921159744263,0.021059606224298477,0.75,0.75,0.01897650584578514,0.38433027267456055
2026-08-09_01-56-34,/home/as22cq/Projects/Policy-RL-Peg_insertion/force_peg_rl/logs/rl_games/Forge/2026-08-09_01-56-34/nn/Forge.pth,42,nominal,1001,False,timeout,149,214.15350341796875,0.011271625757217407,29.281543731689453,16.392913818359375,1.125,0.0007499619387090206,1.5276061296463013,0.020258717238903046,0.75,0.75,0.008386467583477497,0.2316727638244629
2026-08-09_01-56-34,/home/as22cq/Projects/Policy-RL-Peg_insertion/force_peg_rl/logs/rl_games/Forge/2026-08-09_01-56-34/nn/Forge.pth,42,nominal,1001,False,timeout,149,32.4161376953125,-0.014455996453762054,28.328458786010742,11.366435050964355,0.9083333611488342,0.05533290654420853,2.3461227416992188,0.018845554441213608,0.75,0.75,0.015989072620868683,0.055705513805150986
2026-08-09_01-56-34,/home/as22cq/Projects/Policy-RL-Peg_insertion/force_peg_rl/logs/rl_games/Forge/2026-08-09_01-56-34/nn/Forge.pth,42,nominal,1001,False,timeout,149,36.37418746948242,0.04692826047539711,18.247547149658203,13.271201133728027,1.1750000715255737,0.026061592623591423,2.756110429763794,0.018838200718164444,0.75,0.75,0.01841791719198227,-0.03332448750734329
2026-08-09_01-56-34,/home/as22cq/Projects/Policy-RL-Peg_insertion/force_peg_rl/logs/rl_games/Forge/2026-08-09_01-56-34/nn/Forge.pth,42,nominal,1001,True,success,149,244.077880859375,0.0001240074634552002,23.839855194091797,15.752459526062012,1.2000000476837158,0.0007386101642623544,1.2828004360198975,0.017856061458587646,0.75,0.75,0.011731645092368126,0.13897450268268585
2026-08-09_01-56-34,/home/as22cq/Projects/Policy-RL-Peg_insertion/force_peg_rl/logs/rl_games/Forge/2026-08-09_01-56-34/nn/Forge.pth,42,nominal,1001,False,timeout,149,204.61488342285156,0.014735937118530273,22.982769012451172,15.660806655883789,1.100000023841858,0.000717777234967798,1.585376501083374,0.01571701653301716,0.75,0.75,0.01608235202729702,-0.16532404720783234
2026-08-09_01-56-34,/home/as22cq/Projects/Policy-RL-Peg_insertion/force_peg_rl/logs/rl_games/Forge/2026-08-09_01-56-34/nn/Forge.pth,42,nominal,1001,False,timeout,149,48.61109161376953,0.006312057375907898,35.5660285949707,14.287456512451172,1.125,0.03719907999038696,2.756528615951538,0.01593594066798687,0.75,0.75,0.013790109194815159,-0.305357426404953
2026-08-09_01-56-34,/home/as22cq/Projects/Policy-RL-Peg_insertion/force_peg_rl/logs/rl_games/Forge/2026-08-09_01-56-34/nn/Forge.pth,42,nominal,1001,True,success,149,182.86083984375,4.627648741006851e-05,16.17032241821289,11.889437675476074,1.033333420753479,0.0004231618077028543,0.784466564655304,0.020774684846401215,0.75,0.75,0.017013665288686752,0.23199039697647095
2026-08-09_01-56-34,/home/as22cq/Projects/Policy-RL-Peg_insertion/force_peg_rl/logs/rl_games/Forge/2026-08-09_01-56-34/nn/Forge.pth,42,nominal,1001,False,timeout,149,29.52753448486328,0.09300202131271362,11.513385772705078,2.843334436416626,0.05000000447034836,0.08402888476848602,0.9083616733551025,0.01568693108856678,0.75,0.75,0.010746468789875507,0.1386077105998993
2026-08-09_01-56-34,/home/as22cq/Projects/Policy-RL-Peg_insertion/force_peg_rl/logs/rl_games/Forge/2026-08-09_01-56-34/nn/Forge.pth,42,nominal,1001,False,timeout,149,33.44061279296875,0.032439298927783966,16.515445709228516,12.240653038024902,1.1416667699813843,0.036997172981500626,2.464388370513916,0.018006887286901474,0.75,0.75,0.006974481511861086,0.6974660754203796
2026-08-09_01-56-34,/home/as22cq/Projects/Policy-RL-Peg_insertion/force_peg_rl/logs/rl_games/Forge/2026-08-09_01-56-34/nn/Forge.pth,42,nominal,1001,False,timeout,149,234.75990295410156,0.0028221290558576584,33.102943420410156,19.28654670715332,1.158333420753479,0.0005808935966342688,1.4282920360565186,0.018772847950458527,0.75,0.75,0.013196922838687897,-0.19503475725650787
2026-08-09_01-56-34,/home/as22cq/Projects/Policy-RL-Peg_insertion/force_peg_rl/logs/rl_games/Forge/2026-08-09_01-56-34/nn/Forge.pth,42,nominal,1001,True,success,149,225.53660583496094,0.00010745972394943237,24.183727264404297,12.935235023498535,1.0833333730697632,0.0005452965851873159,1.2412513494491577,0.017154736444354057,0.75,0.75,0.02121230587363243,0.5288159251213074
2026-08-09_01-56-34,/home/as22cq/Projects/Policy-RL-Peg_insertion/force_peg_rl/logs/rl_games/Forge/2026-08-09_01-56-34/nn/Forge.pth,42,nominal,1001,True,success,149,369.2013854980469,9.534694254398346e-05,15.658792495727539,9.082490921020508,1.1166666746139526,0.00025558649213053286,0.9413573145866394,0.017057888209819794,0.75,0.75,0.01905035600066185,0.2469227910041809
2026-08-09_01-56-34,/home/as22cq/Projects/Policy-RL-Peg_insertion/force_peg_rl/logs/rl_games/Forge/2026-08-09_01-56-34/nn/Forge.pth,42,nominal,1001,False,timeout,149,36.88163375854492,0.07417063415050507,12.843962669372559,6.762325763702393,0.30000001192092896,0.05946633219718933,0.5198113918304443,0.02164911851286888,0.75,0.75,0.01484785694628954,0.4333549439907074
2026-08-09_01-56-34,/home/as22cq/Projects/Policy-RL-Peg_insertion/force_peg_rl/logs/rl_games/Forge/2026-08-09_01-56-34/nn/Forge.pth,42,nominal,1001,False,timeout,149,122.53517150878906,0.053973790258169174,19.310924530029297,10.942512512207031,0.8500000238418579,0.07318414747714996,2.9847488403320312,0.019485317170619965,0.75,0.75,0.015334457159042358,0.15942102670669556
2026-08-09_01-56-34,/home/as22cq/Projects/Policy-RL-Peg_insertion/force_peg_rl/logs/rl_games/Forge/2026-08-09_01-56-34/nn/Forge.pth,42,nominal,1001,False,timeout,149,26.252460479736328,0.11904212087392807,22.39473533630371,12.548135757446289,0.7750000357627869,0.11624102294445038,3.1328704357147217,0.01732698082923889,0.75,0.75,0.005018469877541065,0.7659934163093567
2026-08-09_01-56-34,/home/as22cq/Projects/Policy-RL-Peg_insertion/force_peg_rl/logs/rl_games/Forge/2026-08-09_01-56-34/nn/Forge.pth,42,nominal,1001,False,force_limit,149,217.3458709716797,0.014858730137348175,54.30022430419922,15.032092094421387,1.133333444595337,0.0007401943439617753,1.2317876815795898,0.017195260152220726,0.75,0.75,0.009747069329023361,-0.3258456885814667
2026-08-09_01-56-34,/home/as22cq/Projects/Policy-RL-Peg_insertion/force_peg_rl/logs/rl_games/Forge/2026-08-09_01-56-34/nn/Forge.pth,42,nominal,1001,False,timeout,149,24.69994354248047,0.03255656734108925,20.865299224853516,14.459790229797363,1.008333444595337,0.031953830271959305,1.020187497138977,0.019713807851076126,0.75,0.75,0.002150452695786953,0.25809046626091003
2026-08-09_01-56-34,/home/as22cq/Projects/Policy-RL-Peg_insertion/force_peg_rl/logs/rl_games/Forge/2026-08-09_01-56-34/nn/Forge.pth,42,nominal,1001,False,timeout,149,223.69068908691406,0.006918255239725113,32.75275421142578,17.908903121948242,1.158333420753479,0.000563943583983928,1.3780936002731323,0.016470789909362793,0.75,0.75,0.02108541689813137,0.6555227041244507
2026-08-09_01-56-34,/home/as22cq/Projects/Policy-RL-Peg_insertion/force_peg_rl/logs/rl_games/Forge/2026-08-09_01-56-34/nn/Forge.pth,42,nominal,1001,False,timeout,149,42.27942657470703,0.09426544606685638,38.74886703491211,16.239181518554688,1.1916667222976685,0.019888337701559067,0.4352572560310364,0.02107066474854946,0.75,0.75,0.021301236003637314,-0.6772103905677795
2026-08-09_01-56-34,/home/as22cq/Projects/Policy-RL-Peg_insertion/force_peg_rl/logs/rl_games/Forge/2026-08-09_01-56-34/nn/Forge.pth,42,nominal,1001,False,timeout,149,30.346973419189453,0.04335582256317139,20.775325775146484,16.482555389404297,1.1750000715255737,0.022445663809776306,0.29233282804489136,0.019642818719148636,0.75,0.75,0.02282714657485485,-0.6422103643417358
2026-08-09_01-56-34,/home/as22cq/Projects/Policy-RL-Peg_insertion/force_peg_rl/logs/rl_games/Forge/2026-08-09_01-56-34/nn/Forge.pth,42,nominal,1001,False,timeout,149,104.5904769897461,-0.0020313896238803864,22.722475051879883,11.195072174072266,0.98333340883255,0.07785190641880035,0.9649267196655273,0.016166212037205696,0.75,0.75,0.014402458444237709,0.1898675113916397
2026-08-09_01-56-34,/home/as22cq/Projects/Policy-RL-Peg_insertion/force_peg_rl/logs/rl_games/Forge/2026-08-09_01-56-34/nn/Forge.pth,42,nominal,1001,False,timeout,149,29.921266555786133,0.04489479586482048,20.711389541625977,13.021794319152832,1.1750000715255737,0.0456685796380043,0.9152458906173706,0.02291574329137802,0.75,0.75,0.016527259722352028,-0.6966042518615723
2026-08-09_01-56-34,/home/as22cq/Projects/Policy-RL-Peg_insertion/force_peg_rl/logs/rl_games/Forge/2026-08-09_01-56-34/nn/Forge.pth,42,nominal,1001,False,timeout,149,66.99483489990234,0.04053809493780136,21.35434341430664,13.629535675048828,1.1416667699813843,0.005522787105292082,0.41630786657333374,0.015569858253002167,0.75,0.75,0.022438734769821167,-0.7281140089035034
2026-08-09_01-56-34,/home/as22cq/Projects/Policy-RL-Peg_insertion/force_peg_rl/logs/rl_games/Forge/2026-08-09_01-56-34/nn/Forge.pth,42,nominal,1001,False,timeout,149,99.87786102294922,-0.038821544498205185,25.7606201171875,8.172079086303711,0.8583333492279053,0.18572789430618286,0.6000337600708008,0.016166362911462784,0.75,0.75,0.019842974841594696,0.295145720243454
2026-08-09_01-56-34,/home/as22cq/Projects/Policy-RL-Peg_insertion/force_peg_rl/logs/rl_games/Forge/2026-08-09_01-56-34/nn/Forge.pth,42,nominal,1001,False,force_limit,149,27.48053550720215,0.04096979275345802,50.31509780883789,10.244314193725586,1.033333420753479,0.058989837765693665,0.6126387715339661,0.023370862007141113,0.75,0.75,0.002932425821200013,-0.711712121963501
2026-08-09_01-56-34,/home/as22cq/Projects/Policy-RL-Peg_insertion/force_peg_rl/logs/rl_games/Forge/2026-08-09_01-56-34/nn/Forge.pth,42,nominal,1001,False,timeout,149,28.336135864257812,0.01577339507639408,14.560425758361816,10.144307136535645,0.8916667103767395,0.0413668267428875,0.6976796388626099,0.015642669051885605,0.75,0.75,0.02164832130074501,-0.22570373117923737
2026-08-09_01-56-34,/home/as22cq/Projects/Policy-RL-Peg_insertion/force_peg_rl/logs/rl_games/Forge/2026-08-09_01-56-34/nn/Forge.pth,42,nominal,1001,False,timeout,149,29.268598556518555,0.00382436066865921,28.552350997924805,15.467631340026855,1.1916667222976685,0.015591434203088284,0.6823552250862122,0.018210183829069138,0.75,0.75,0.015350107103586197,0.31937673687934875
2026-08-09_01-56-34,/home/as22cq/Projects/Policy-RL-Peg_insertion/force_peg_rl/logs/rl_games/Forge/2026-08-09_01-56-34/nn/Forge.pth,42,nominal,1001,False,timeout,149,35.230323791503906,-0.01974073052406311,25.22466468811035,11.17778205871582,0.8583333492279053,0.03148214519023895,2.4800925254821777,0.016150567680597305,0.75,0.75,0.019974714145064354,0.13439245522022247
2026-08-09_01-56-34,/home/as22cq/Projects/Policy-RL-Peg_insertion/force_peg_rl/logs/rl_games/Forge/2026-08-09_01-56-34/nn/Forge.pth,42,nominal,1001,False,timeout,149,25.204912185668945,0.05601206049323082,33.59666061401367,14.369622230529785,1.1916667222976685,0.13860903680324554,3.134554386138916,0.021775322034955025,0.75,0.75,0.009201427921652794,0.4407072365283966
2026-08-09_01-56-34,/home/as22cq/Projects/Policy-RL-Peg_insertion/force_peg_rl/logs/rl_games/Forge/2026-08-09_01-56-34/nn/Forge.pth,42,nominal,1001,False,timeout,149,27.79490852355957,0.0028900131583213806,19.9271240234375,15.177755355834961,1.1416667699813843,0.05775565281510353,1.0885326862335205,0.02289941906929016,0.75,0.75,0.01390113029628992,-0.7715246081352234
2026-08-09_01-56-34,/home/as22cq/Projects/Policy-RL-Peg_insertion/force_peg_rl/logs/rl_games/Forge/2026-08-09_01-56-34/nn/Forge.pth,42,nominal,1001,False,timeout,149,197.26783752441406,0.019494056701660156,22.431245803833008,12.287693977355957,1.1500000953674316,0.0014340850757434964,1.6975538730621338,0.019238904118537903,0.75,0.75,0.01882363297045231,0.18654686212539673
2026-08-09_01-56-34,/home/as22cq/Projects/Policy-RL-Peg_insertion/force_peg_rl/logs/rl_games/Forge/2026-08-09_01-56-34/nn/Forge.pth,42,nominal,1001,False,timeout,149,36.5106315612793,0.04191212356090546,14.246542930603027,5.942506313323975,0.10833334177732468,0.02036360464990139,2.501246690750122,0.018931817263364792,0.75,0.75,0.01968681439757347,-0.23151953518390656
2026-08-09_01-56-34,/home/as22cq/Projects/Policy-RL-Peg_insertion/force_peg_rl/logs/rl_games/Forge/2026-08-09_01-56-34/nn/Forge.pth,42,nominal,1001,False,timeout,149,25.302005767822266,0.07297135889530182,26.927907943725586,15.407472610473633,1.183333396911621,0.0409369021654129,2.5386574268341064,0.02240586280822754,0.75,0.75,0.012530215084552765,0.13043104112148285
2026-08-09_01-56-34,/home/as22cq/Projects/Policy-RL-Peg_insertion/force_peg_rl/logs/rl_games/Forge/2026-08-09_01-56-34/nn/Forge.pth,42,nominal,1001,False,timeout,149,30.250545501708984,-0.024140164256095886,23.02419662475586,7.3779377937316895,0.7083333730697632,0.03527459129691124,1.4675384759902954,0.02098115161061287,0.75,0.75,0.01623188517987728,-0.19918975234031677
2026-08-09_01-56-34,/home/as22cq/Projects/Policy-RL-Peg_insertion/force_peg_rl/logs/rl_games/Forge/2026-08-09_01-56-34/nn/Forge.pth,42,nominal,1001,False,timeout,149,31.602008819580078,-0.027550268918275833,37.543190002441406,14.718255043029785,1.0916666984558105,0.04554285109043121,1.7898167371749878,0.022938724607229233,0.75,0.75,0.009694133885204792,-0.0808091089129448
2026-08-09_01-56-34,/home/as22cq/Projects/Policy-RL-Peg_insertion/force_peg_rl/logs/rl_games/Forge/2026-08-09_01-56-34/nn/Forge.pth,42,nominal,1001,False,force_limit,149,201.7728271484375,0.01934913545846939,51.08338928222656,20.055206298828125,1.1500000953674316,0.0011886738939210773,1.8401530981063843,0.016873560845851898,0.75,0.75,0.015161111019551754,-0.5265071392059326
2026-08-09_01-56-34,/home/as22cq/Projects/Policy-RL-Peg_insertion/force_peg_rl/logs/rl_games/Forge/2026-08-09_01-56-34/nn/Forge.pth,42,nominal,1001,False,timeout,149,34.87630844116211,-0.006581664085388184,15.885957717895508,8.00355052947998,0.8083333969116211,0.031661730259656906,1.7827308177947998,0.0156350526958704,0.75,0.75,0.01933639869093895,0.31334957480430603
2026-08-09_01-56-34,/home/as22cq/Projects/Policy-RL-Peg_insertion/force_peg_rl/logs/rl_games/Forge/2026-08-09_01-56-34/nn/Forge.pth,42,nominal,1001,False,timeout,149,27.68425178527832,0.019493475556373596,24.013147354125977,10.858888626098633,1.058333396911621,0.03924359753727913,2.0303947925567627,0.020158756524324417,0.75,0.75,0.013035551644861698,0.5365958213806152
2026-08-09_01-56-34,/home/as22cq/Projects/Policy-RL-Peg_insertion/force_peg_rl/logs/rl_games/Forge/2026-08-09_01-56-34/nn/Forge.pth,42,nominal,1001,False,timeout,149,31.270206451416016,-0.02257540449500084,34.952362060546875,12.075540542602539,0.8083333969116211,0.026272498071193695,2.099388837814331,0.019965898245573044,0.75,0.75,0.00671359384432435,-0.4505034387111664
2026-08-09_01-56-34,/home/as22cq/Projects/Policy-RL-Peg_insertion/force_peg_rl/logs/rl_games/Forge/2026-08-09_01-56-34/nn/Forge.pth,42,nominal,1001,False,timeout,149,30.431625366210938,0.013199321925640106,26.983068466186523,8.811747550964355,0.6500000357627869,0.022270822897553444,2.721041440963745,0.02355351112782955,0.75,0.75,0.027021802961826324,0.15036511421203613
2026-08-09_01-56-34,/home/as22cq/Projects/Policy-RL-Peg_insertion/force_peg_rl/logs/rl_games/Forge/2026-08-09_01-56-34/nn/Forge.pth,42,nominal,1001,False,timeout,149,35.60428237915039,-0.002678370103240013,20.548925399780273,13.656342506408691,1.1500000953674316,0.02578500472009182,1.5654743909835815,0.0174166988581419,0.75,0.75,0.015642458572983742,-0.5607950687408447
2026-08-09_01-56-34,/home/as22cq/Projects/Policy-RL-Peg_insertion/force_peg_rl/logs/rl_games/Forge/2026-08-09_01-56-34/nn/Forge.pth,42,nominal,1001,False,timeout,149,27.791057586669922,-0.030336424708366394,42.3221435546875,15.691100120544434,0.8500000238418579,0.04541419818997383,1.0635000467300415,0.01682325080037117,0.75,0.75,0.013652815483510494,0.028686435893177986
2026-08-09_01-56-34,/home/as22cq/Projects/Policy-RL-Peg_insertion/force_peg_rl/logs/rl_games/Forge/2026-08-09_01-56-34/nn/Forge.pth,42,nominal,1001,False,timeout,149,85.07029724121094,0.022946950048208237,21.658615112304688,16.120784759521484,1.2083333730697632,0.0021077413111925125,1.0762519836425781,0.01520598866045475,0.75,0.75,0.012353871949017048,0.11279333382844925
2026-08-09_01-56-34,/home/as22cq/Projects/Policy-RL-Peg_insertion/force_peg_rl/logs/rl_games/Forge/2026-08-09_01-56-34/nn/Forge.pth,42,nominal,1001,False,timeout,149,37.60505676269531,-0.015766985714435577,24.27480125427246,9.733353614807129,0.8416666984558105,0.021760622039437294,1.7271130084991455,0.022262301295995712,0.75,0.75,0.012130232527852058,0.15834899246692657
2026-08-09_01-56-34,/home/as22cq/Projects/Policy-RL-Peg_insertion/force_peg_rl/logs/rl_games/Forge/2026-08-09_01-56-34/nn/Forge.pth,42,nominal,1001,False,timeout,149,24.30882453918457,0.1970594972372055,31.60680389404297,5.652012825012207,0.6833333969116211,0.058447401970624924,0.7645536661148071,0.014059549197554588,0.75,0.75,0.014119738712906837,-0.4990970492362976
2026-08-09_01-56-34,/home/as22cq/Projects/Policy-RL-Peg_insertion/force_peg_rl/logs/rl_games/Forge/2026-08-09_01-56-34/nn/Forge.pth,42,nominal,1001,False,timeout,149,33.839622497558594,-0.01395910233259201,40.84944152832031,11.708352088928223,1.133333444595337,0.03214309364557266,0.7951297760009766,0.021552711725234985,0.75,0.75,0.020876480266451836,-0.5127936601638794
2026-08-09_01-56-34,/home/as22cq/Projects/Policy-RL-Peg_insertion/force_peg_rl/logs/rl_games/Forge/2026-08-09_01-56-34/nn/Forge.pth,42,nominal,1001,False,timeout,149,35.01074981689453,-0.020462851971387863,21.326812744140625,8.374645233154297,0.9250000715255737,0.02528596669435501,1.7934799194335938,0.020665738731622696,0.75,0.75,0.016821373254060745,0.06334131956100464
2026-08-09_01-56-34,/home/as22cq/Projects/Policy-RL-Peg_insertion/force_peg_rl/logs/rl_games/Forge/2026-08-09_01-56-34/nn/Forge.pth,42,nominal,1001,False,timeout,149,26.873903274536133,0.02788902260363102,20.509008407592773,14.710657119750977,1.183333396911621,0.013427545316517353,1.218280553817749,0.021153850480914116,0.75,0.75,0.00891163945198059,0.2165878862142563
2026-08-09_01-56-34,/home/as22cq/Projects/Policy-RL-Peg_insertion/force_peg_rl/logs/rl_games/Forge/2026-08-09_01-56-34/nn/Forge.pth,42,nominal,1001,False,timeout,149,31.211217880249023,0.03511748090386391,16.97675895690918,8.394747734069824,0.9666666984558105,0.05071105435490608,1.3073434829711914,0.021385658532381058,0.75,0.75,0.008229159750044346,-0.28635331988334656
2026-08-09_01-56-34,/home/as22cq/Projects/Policy-RL-Peg_insertion/force_peg_rl/logs/rl_games/Forge/2026-08-09_01-56-34/nn/Forge.pth,42,nominal,1001,False,timeout,149,28.417484283447266,0.020717106759548187,23.457473754882812,15.478707313537598,1.158333420753479,0.020003341138362885,0.6927065849304199,0.016053400933742523,0.75,0.75,0.01621880568563938,0.11821167916059494
2026-08-09_01-56-34,/home/as22cq/Projects/Policy-RL-Peg_insertion/force_peg_rl/logs/rl_games/Forge/2026-08-09_01-56-34/nn/Forge.pth,42,nominal,1001,False,timeout,149,31.23600196838379,-0.023795172572135925,36.24482727050781,9.179657936096191,0.8416666984558105,0.019881436601281166,1.7777485847473145,0.020496314391493797,0.75,0.75,0.0072102658450603485,-0.7670652866363525
2026-08-09_01-56-34,/home/as22cq/Projects/Policy-RL-Peg_insertion/force_peg_rl/logs/rl_games/Forge/2026-08-09_01-56-34/nn/Forge.pth,42,nominal,1001,True,success,149,383.4154968261719,0.00019773095846176147,20.812471389770508,16.630407333374023,1.1666667461395264,0.0007980819791555405,1.2710212469100952,0.020682819187641144,0.75,0.75,0.009847824461758137,-0.3959408104419708
2026-08-09_01-56-34,/home/as22cq/Projects/Policy-RL-Peg_insertion/force_peg_rl/logs/rl_games/Forge/2026-08-09_01-56-34/nn/Forge.pth,42,nominal,1001,False,timeout,149,23.765422821044922,0.059978775680065155,17.269412994384766,9.559442520141602,1.033333420753479,0.08723604679107666,1.738128662109375,0.023266304284334183,0.75,0.75,0.023187637329101562,0.4895193874835968
2026-08-09_01-56-34,/home/as22cq/Projects/Policy-RL-Peg_insertion/force_peg_rl/logs/rl_games/Forge/2026-08-09_01-56-34/nn/Forge.pth,42,nominal,1001,False,timeout,149,31.359724044799805,-0.012297824025154114,40.41072463989258,15.79690933227539,0.9250000715255737,0.0455903559923172,1.9279958009719849,0.018296927213668823,0.75,0.75,0.0075696674175560474,0.4345397353172302
2026-08-09_01-56-34,/home/as22cq/Projects/Policy-RL-Peg_insertion/force_peg_rl/logs/rl_games/Forge/2026-08-09_01-56-34/nn/Forge.pth,42,nominal,1001,False,timeout,149,32.720733642578125,0.062109749764204025,17.110515594482422,10.07220458984375,1.008333444595337,0.08307922631502151,3.1395316123962402,0.022931180894374847,0.75,0.75,0.0144522525370121,0.41410335898399353
2026-08-09_01-56-34,/home/as22cq/Projects/Policy-RL-Peg_insertion/force_peg_rl/logs/rl_games/Forge/2026-08-09_01-56-34/nn/Forge.pth,42,nominal,1001,False,timeout,149,28.011690139770508,-0.015607461333274841,24.527679443359375,12.999672889709473,1.1166666746139526,0.05143928900361061,2.6420891284942627,0.018306290730834007,0.75,0.75,0.011412709951400757,0.376802921295166
2026-08-09_01-56-34,/home/as22cq/Projects/Policy-RL-Peg_insertion/force_peg_rl/logs/rl_games/Forge/2026-08-09_01-56-34/nn/Forge.pth,42,nominal,1001,False,timeout,149,34.0444221496582,0.01954534836113453,18.57262420654297,11.951191902160645,1.1416667699813843,0.02574937231838703,1.5348275899887085,0.016289347782731056,0.75,0.75,0.020338712260127068,-0.6465989351272583
2026-08-09_01-56-34,/home/as22cq/Projects/Policy-RL-Peg_insertion/force_peg_rl/logs/rl_games/Forge/2026-08-09_01-56-34/nn/Forge.pth,42,nominal,1001,False,timeout,149,26.719879150390625,0.19629362225532532,40.23713684082031,6.699338912963867,0.4833333492279053,0.05688195675611496,0.3062950670719147,0.02268315851688385,0.75,0.75,0.0179225355386734,-0.476485013961792
2026-08-09_01-56-34,/home/as22cq/Projects/Policy-RL-Peg_insertion/force_peg_rl/logs/rl_games/Forge/2026-08-09_01-56-34/nn/Forge.pth,42,nominal,1001,False,timeout,149,32.321876525878906,0.05617392063140869,27.104345321655273,5.622426509857178,0.22500000894069672,0.032861895859241486,3.0307300090789795,0.016915027052164078,0.75,0.75,0.02115846611559391,0.36377328634262085
2026-08-09_01-56-34,/home/as22cq/Projects/Policy-RL-Peg_insertion/force_peg_rl/logs/rl_games/Forge/2026-08-09_01-56-34/nn/Forge.pth,42,nominal,1001,True,success,149,204.49928283691406,6.436184048652649e-05,15.38351821899414,9.193241119384766,1.008333444595337,8.457645162707195e-05,0.6039894223213196,0.018898047506809235,0.75,0.75,0.012265103869140148,-0.3618459701538086
2026-08-09_01-56-34,/home/as22cq/Projects/Policy-RL-Peg_insertion/force_peg_rl/logs/rl_games/Forge/2026-08-09_01-56-34/nn/Forge.pth,42,nominal,1001,False,timeout,149,27.520160675048828,-0.005191095173358917,18.85652732849121,12.338186264038086,1.1416667699813843,0.03174582123756409,0.397594153881073,0.017300201579928398,0.75,0.75,0.021430961787700653,-0.6492890119552612
2026-08-09_01-56-34,/home/as22cq/Projects/Policy-RL-Peg_insertion/force_peg_rl/logs/rl_games/Forge/2026-08-09_01-56-34/nn/Forge.pth,42,nominal,1001,False,timeout,149,36.1522331237793,0.04917934909462929,16.78418731689453,11.213420867919922,1.1750000715255737,0.04747488722205162,2.736767530441284,0.017231246456503868,0.75,0.75,0.013714263215661049,0.15870985388755798
2026-08-09_01-56-34,/home/as22cq/Projects/Policy-RL-Peg_insertion/force_peg_rl/logs/rl_games/Forge/2026-08-09_01-56-34/nn/Forge.pth,42,nominal,1001,False,timeout,149,28.247941970825195,-0.013319835066795349,44.36935043334961,14.731310844421387,0.9500000476837158,0.06397169083356857,1.7952945232391357,0.014061514288187027,0.75,0.75,0.008627437055110931,0.485250860452652
2026-08-09_01-56-34,/home/as22cq/Projects/Policy-RL-Peg_insertion/force_peg_rl/logs/rl_games/Forge/2026-08-09_01-56-34/nn/Forge.pth,42,nominal,1001,False,timeout,149,36.76751708984375,0.09263136982917786,16.162202835083008,10.667616844177246,1.1500000953674316,0.056378304958343506,3.1001064777374268,0.018452759832143784,0.75,0.75,0.017599990591406822,0.7177645564079285
2026-08-09_01-56-34,/home/as22cq/Projects/Policy-RL-Peg_insertion/force_peg_rl/logs/rl_games/Forge/2026-08-09_01-56-34/nn/Forge.pth,42,nominal,1001,False,timeout,149,53.23346710205078,0.06673048436641693,17.489612579345703,8.264901161193848,0.675000011920929,0.06273027509450912,2.927166223526001,0.019890470430254936,0.75,0.75,0.018946925178170204,0.7266778945922852
2026-08-09_01-56-34,/home/as22cq/Projects/Policy-RL-Peg_insertion/force_peg_rl/logs/rl_games/Forge/2026-08-09_01-56-34/nn/Forge.pth,42,nominal,1001,False,timeout,149,30.770849227905273,-0.03280466049909592,42.025901794433594,12.568490028381348,1.033333420753479,0.05351250618696213,1.2046594619750977,0.018977031111717224,0.75,0.75,0.017995428293943405,-0.21558690071105957
2026-08-09_01-56-34,/home/as22cq/Projects/Policy-RL-Peg_insertion/force_peg_rl/logs/rl_games/Forge/2026-08-09_01-56-34/nn/Forge.pth,42,nominal,1001,False,timeout,149,26.047595977783203,0.023284727707505226,23.14923858642578,15.298873901367188,1.158333420753479,0.03436562418937683,1.6190757751464844,0.01557972189038992,0.75,0.75,0.012333977967500687,0.3208732604980469
2026-08-09_01-56-34,/home/as22cq/Projects/Policy-RL-Peg_insertion/force_peg_rl/logs/rl_games/Forge/2026-08-09_01-56-34/nn/Forge.pth,42,nominal,1001,False,timeout,149,31.76519775390625,-0.014970704913139343,21.043689727783203,7.4001545906066895,0.6000000238418579,0.05275387689471245,1.012986660003662,0.017802242189645767,0.75,0.75,0.021507157012820244,-0.464180588722229
2026-08-09_01-56-34,/home/as22cq/Projects/Policy-RL-Peg_insertion/force_peg_rl/logs/rl_games/Forge/2026-08-09_01-56-34/nn/Forge.pth,42,nominal,1001,False,timeout,149,38.6727409362793,0.029036689549684525,19.6849422454834,10.970744132995605,1.2000000476837158,0.021934818476438522,0.7819321155548096,0.017767682671546936,0.75,0.75,0.0027543501928448677,-0.31682145595550537
2026-08-09_01-56-34,/home/as22cq/Projects/Policy-RL-Peg_insertion/force_peg_rl/logs/rl_games/Forge/2026-08-09_01-56-34/nn/Forge.pth,42,nominal,1001,False,timeout,149,29.10416603088379,-0.011979742906987667,25.052000045776367,11.369192123413086,1.1666667461395264,0.050119321793317795,1.7759419679641724,0.015009330585598946,0.75,0.75,0.012256965972483158,0.399362176656723
2026-08-09_01-56-34,/home/as22cq/Projects/Policy-RL-Peg_insertion/force_peg_rl/logs/rl_games/Forge/2026-08-09_01-56-34/nn/Forge.pth,42,nominal,1001,False,timeout,149,42.0738639831543,0.03559070825576782,32.191856384277344,19.475080490112305,1.2000000476837158,0.02984773740172386,1.4065523147583008,0.02253558859229088,0.75,0.75,0.018683847039937973,0.2690579295158386
2026-08-09_01-56-34,/home/as22cq/Projects/Policy-RL-Peg_insertion/force_peg_rl/logs/rl_games/Forge/2026-08-09_01-56-34/nn/Forge.pth,42,nominal,1001,False,timeout,149,32.368316650390625,-0.009661773219704628,18.876766204833984,11.191569328308105,1.0,0.02719593606889248,1.0703610181808472,0.016178205609321594,0.75,0.75,0.01242130808532238,-0.5786872506141663
2026-08-09_01-56-34,/home/as22cq/Projects/Policy-RL-Peg_insertion/force_peg_rl/logs/rl_games/Forge/2026-08-09_01-56-34/nn/Forge.pth,42,nominal,1001,False,timeout,149,31.155927658081055,-0.001285739243030548,18.4880313873291,11.91584587097168,0.9750000238418579,0.0464245043694973,1.4470281600952148,0.021530838683247566,0.75,0.75,0.015110381878912449,0.05560506880283356
2026-08-09_01-56-34,/home/as22cq/Projects/Policy-RL-Peg_insertion/force_peg_rl/logs/rl_games/Forge/2026-08-09_01-56-34/nn/Forge.pth,42,nominal,1001,False,timeout,149,190.7177276611328,0.0206436887383461,24.03721809387207,14.048136711120605,1.158333420753479,0.0008753223810344934,0.548788845539093,0.014759902842342854,0.75,0.75,0.01829526387155056,-0.7175599336624146
2026-08-09_01-56-34,/home/as22cq/Projects/Policy-RL-Peg_insertion/force_peg_rl/logs/rl_games/Forge/2026-08-09_01-56-34/nn/Forge.pth,42,nominal,1001,False,timeout,149,31.91666603088379,0.02848827838897705,25.08758544921875,14.097859382629395,1.1500000953674316,0.03521803393959999,0.35515791177749634,0.023537378758192062,0.75,0.75,0.02001100219786167,-0.00426830817013979
2026-08-09_01-56-34,/home/as22cq/Projects/Policy-RL-Peg_insertion/force_peg_rl/logs/rl_games/Forge/2026-08-09_01-56-34/nn/Forge.pth,42,nominal,1001,False,timeout,149,34.20126724243164,-0.019819065928459167,38.994258880615234,14.880037307739258,0.6583333611488342,0.03701714426279068,1.191472053527832,0.021453145891427994,0.75,0.75,0.005087940488010645,-0.41542989015579224
2026-08-09_01-56-34,/home/as22cq/Projects/Policy-RL-Peg_insertion/force_peg_rl/logs/rl_games/Forge/2026-08-09_01-56-34/nn/Forge.pth,42,nominal,1001,False,timeout,149,34.848602294921875,-0.022652897983789444,30.7945556640625,11.893536567687988,1.1166666746139526,0.030961085110902786,2.1870265007019043,0.023269906640052795,0.75,0.75,0.018342526629567146,0.7181453704833984
2026-08-09_01-56-34,/home/as22cq/Projects/Policy-RL-Peg_insertion/force_peg_rl/logs/rl_games/Forge/2026-08-09_01-56-34/nn/Forge.pth,42,nominal,1001,False,timeout,149,32.719844818115234,-0.025133224204182625,12.59328556060791,5.762135028839111,0.5416666865348816,0.02615702897310257,1.2222226858139038,0.02015027217566967,0.75,0.75,0.009213525801897049,0.2632787823677063
2026-08-09_01-56-34,/home/as22cq/Projects/Policy-RL-Peg_insertion/force_peg_rl/logs/rl_games/Forge/2026-08-09_01-56-34/nn/Forge.pth,42,nominal,1001,False,timeout,149,23.974123001098633,0.0002483949065208435,43.139095306396484,15.86792278289795,0.8500000238418579,0.09267836809158325,0.4883868098258972,0.01780351623892784,0.75,0.75,0.019182290881872177,-0.29874444007873535
2026-08-09_01-56-34,/home/as22cq/Projects/Policy-RL-Peg_insertion/force_peg_rl/logs/rl_games/Forge/2026-08-09_01-56-34/nn/Forge.pth,42,nominal,1001,True,success,149,293.74383544921875,0.0004974976181983948,26.44019889831543,14.66328239440918,1.1166666746139526,0.0008162813610397279,1.3265953063964844,0.016263706609606743,0.75,0.75,0.013175632804632187,0.35033491253852844
2026-08-09_01-56-34,/home/as22cq/Projects/Policy-RL-Peg_insertion/force_peg_rl/logs/rl_games/Forge/2026-08-09_01-56-34/nn/Forge.pth,42,nominal,1001,False,timeout,149,30.596189498901367,0.013167999684810638,20.863445281982422,10.283163070678711,1.1666667461395264,0.04860105365514755,1.7278317213058472,0.016402853652834892,0.75,0.75,0.013304097577929497,0.19915515184402466
2026-08-09_01-56-34,/home/as22cq/Projects/Policy-RL-Peg_insertion/force_peg_rl/logs/rl_games/Forge/2026-08-09_01-56-34/nn/Forge.pth,42,nominal,1001,False,timeout,149,36.06991195678711,0.06795067340135574,22.83493423461914,15.779881477355957,1.225000023841858,0.044899702072143555,3.084766387939453,0.02295359969139099,0.75,0.75,0.013419264927506447,0.39455029368400574
2026-08-09_01-56-34,/home/as22cq/Projects/Policy-RL-Peg_insertion/force_peg_rl/logs/rl_games/Forge/2026-08-09_01-56-34/nn/Forge.pth,42,nominal,1001,False,timeout,149,27.86669921875,0.017582684755325317,16.0726375579834,9.146950721740723,0.8833333849906921,0.05070478096604347,0.5544245839118958,0.01770959608256817,0.75,0.75,0.014691845513880253,-0.5404009222984314
2026-08-09_01-56-34,/home/as22cq/Projects/Policy-RL-Peg_insertion/force_peg_rl/logs/rl_games/Forge/2026-08-09_01-56-34/nn/Forge.pth,42,nominal,1001,False,timeout,149,27.94611930847168,0.005788620561361313,26.06709861755371,12.651257514953613,1.1416667699813843,0.06960429251194,1.024904489517212,0.016356922686100006,0.75,0.75,0.017856009304523468,-0.33245620131492615
2026-08-09_01-56-34,/home/as22cq/Projects/Policy-RL-Peg_insertion/force_peg_rl/logs/rl_games/Forge/2026-08-09_01-56-34/nn/Forge.pth,42,nominal,1001,False,timeout,149,33.21565628051758,-0.021721020340919495,28.095224380493164,12.188304901123047,0.9250000715255737,0.0230884850025177,1.8338004350662231,0.02057572640478611,0.75,0.75,0.015976805239915848,-0.3307815492153168
2026-08-09_01-56-34,/home/as22cq/Projects/Policy-RL-Peg_insertion/force_peg_rl/logs/rl_games/Forge/2026-08-09_01-56-34/nn/Forge.pth,42,nominal,1001,False,timeout,149,29.788166046142578,-0.01077675074338913,22.08306121826172,11.330257415771484,0.8000000715255737,0.05257991701364517,0.4852847158908844,0.01646830514073372,0.75,0.75,0.021247239783406258,-0.2188536822795868
2026-08-09_01-56-34,/home/as22cq/Projects/Policy-RL-Peg_insertion/force_peg_rl/logs/rl_games/Forge/2026-08-09_01-56-34/nn/Forge.pth,42,nominal,1001,False,timeout,149,32.70691680908203,0.07065460085868835,18.184432983398438,11.731639862060547,1.0666667222976685,0.02690972574055195,2.4358434677124023,0.016161106526851654,0.75,0.75,0.01631709188222885,0.30144909024238586
2026-08-09_01-56-34,/home/as22cq/Projects/Policy-RL-Peg_insertion/force_peg_rl/logs/rl_games/Forge/2026-08-09_01-56-34/nn/Forge.pth,42,nominal,1001,False,timeout,149,26.926021575927734,0.02348700910806656,27.756675720214844,9.570268630981445,1.1166666746139526,0.01677473448216915,1.2109133005142212,0.01702846586704254,0.75,0.75,0.014140252023935318,-0.15462133288383484
2026-08-09_01-56-34,/home/as22cq/Projects/Policy-RL-Peg_insertion/force_peg_rl/logs/rl_games/Forge/2026-08-09_01-56-34/nn/Forge.pth,42,nominal,1001,False,timeout,149,31.153165817260742,0.012377176433801651,19.29949188232422,12.10628604888916,1.0833333730697632,0.027175426483154297,2.5578575134277344,0.014587434940040112,0.75,0.75,0.020949913188815117,0.40289273858070374
2026-08-09_01-56-34,/home/as22cq/Projects/Policy-RL-Peg_insertion/force_peg_rl/logs/rl_games/Forge/2026-08-09_01-56-34/nn/Forge.pth,42,nominal,1001,False,timeout,149,28.703235626220703,-0.03054637834429741,25.85838508605957,11.903435707092285,1.033333420753479,0.04742857441306114,0.5464015007019043,0.018362728878855705,0.75,0.75,0.01223105750977993,-0.4435054361820221
2026-08-09_01-56-34,/home/as22cq/Projects/Policy-RL-Peg_insertion/force_peg_rl/logs/rl_games/Forge/2026-08-09_01-56-34/nn/Forge.pth,42,nominal,1001,False,timeout,149,26.47109603881836,-0.013752247206866741,36.88260269165039,12.245677947998047,1.1500000953674316,0.10636047273874283,1.5005768537521362,0.01855064183473587,0.75,0.75,0.01869184523820877,-0.6091059446334839
2026-08-09_01-56-34,/home/as22cq/Projects/Policy-RL-Peg_insertion/force_peg_rl/logs/rl_games/Forge/2026-08-09_01-56-34/nn/Forge.pth,42,nominal,1001,False,timeout,149,37.48073196411133,-0.018407713621854782,20.194807052612305,12.948456764221191,1.0750000476837158,0.010034147650003433,1.85117769241333,0.018471993505954742,0.75,0.75,0.016589105129241943,-0.029500886797904968
2026-08-09_01-56-34,/home/as22cq/Projects/Policy-RL-Peg_insertion/force_peg_rl/logs/rl_games/Forge/2026-08-09_01-56-34/nn/Forge.pth,42,nominal,1001,False,force_limit,149,26.961923599243164,0.13080312311649323,66.24342346191406,5.463205337524414,0.3583333492279053,0.052027877420186996,0.7216803431510925,0.02168460376560688,0.75,0.75,0.019233984872698784,-0.3934597969055176
2026-08-09_01-56-34,/home/as22cq/Projects/Policy-RL-Peg_insertion/force_peg_rl/logs/rl_games/Forge/2026-08-09_01-56-34/nn/Forge.pth,42,nominal,1001,False,timeout,149,35.553462982177734,0.0018774280324578285,23.818866729736328,15.328475952148438,1.0833333730697632,0.034493133425712585,2.0726521015167236,0.01885201781988144,0.75,0.75,0.019675159826874733,0.6522115468978882
2026-08-09_01-56-34,/home/as22cq/Projects/Policy-RL-Peg_insertion/force_peg_rl/logs/rl_games/Forge/2026-08-09_01-56-34/nn/Forge.pth,42,nominal,1001,True,success,149,365.0952453613281,0.00012981891632080078,17.4642333984375,13.586503982543945,1.0666667222976685,0.0005835024057887495,0.8856955766677856,0.017903078347444534,0.75,0.75,0.01722608506679535,0.5483886003494263
2026-08-09_01-56-34,/home/as22cq/Projects/Policy-RL-Peg_insertion/force_peg_rl/logs/rl_games/Forge/2026-08-09_01-56-34/nn/Forge.pth,42,nominal,1001,False,timeout,149,29.294818878173828,-0.016187891364097595,18.603046417236328,14.042159080505371,1.1083333492279053,0.0383952334523201,1.3727800846099854,0.01591614820063114,0.75,0.75,0.014896406792104244,0.42344486713409424
2026-08-09_01-56-34,/home/as22cq/Projects/Policy-RL-Peg_insertion/force_peg_rl/logs/rl_games/Forge/2026-08-09_01-56-34/nn/Forge.pth,42,nominal,1001,False,timeout,149,30.229764938354492,0.04816213995218277,23.256397247314453,8.262251853942871,0.3500000238418579,0.07528625428676605,2.1076109409332275,0.02119617350399494,0.75,0.75,0.024552397429943085,0.7525647282600403
2026-08-09_01-56-34,/home/as22cq/Projects/Policy-RL-Peg_insertion/force_peg_rl/logs/rl_games/Forge/2026-08-09_01-56-34/nn/Forge.pth,42,nominal,1001,False,timeout,149,28.645605087280273,0.08140665292739868,13.17816162109375,6.8425469398498535,0.15833334624767303,0.059799179434776306,0.3389643728733063,0.022429121658205986,0.75,0.75,0.018510691821575165,-0.4727274775505066
2026-08-09_01-56-34,/home/as22cq/Projects/Policy-RL-Peg_insertion/force_peg_rl/logs/rl_games/Forge/2026-08-09_01-56-34/nn/Forge.pth,42,nominal,1001,False,timeout,149,39.1011848449707,0.005106357857584953,26.3313045501709,15.543319702148438,1.1916667222976685,0.018269818276166916,1.9283696413040161,0.01488218829035759,0.75,0.75,0.01386965997517109,0.4944983422756195
2026-08-09_01-56-34,/home/as22cq/Projects/Policy-RL-Peg_insertion/force_peg_rl/logs/rl_games/Forge/2026-08-09_01-56-34/nn/Forge.pth,42,nominal,1001,False,timeout,149,57.11343002319336,0.01903500407934189,21.731130599975586,12.6078519821167,1.125,0.139055997133255,2.470426321029663,0.017609914764761925,0.75,0.75,0.020818792283535004,0.1502843201160431
2026-08-09_01-56-34,/home/as22cq/Projects/Policy-RL-Peg_insertion/force_peg_rl/logs/rl_games/Forge/2026-08-09_01-56-34/nn/Forge.pth,42,nominal,1001,False,timeout,149,34.8366584777832,0.012144971638917923,21.758983612060547,8.51189136505127,0.3083333373069763,0.053524501621723175,1.2319589853286743,0.014196322299540043,0.75,0.75,0.018837006762623787,-0.6462771892547607
2026-08-09_01-56-34,/home/as22cq/Projects/Policy-RL-Peg_insertion/force_peg_rl/logs/rl_games/Forge/2026-08-09_01-56-34/nn/Forge.pth,42,nominal,1001,False,timeout,149,27.8759822845459,-0.034008778631687164,11.765301704406738,7.396846294403076,0.8750000596046448,0.05728946626186371,1.296791672706604,0.01995878294110298,0.75,0.75,0.021841170266270638,0.6344282031059265
2026-08-09_01-56-34,/home/as22cq/Projects/Policy-RL-Peg_insertion/force_peg_rl/logs/rl_games/Forge/2026-08-09_01-56-34/nn/Forge.pth,42,nominal,1001,False,timeout,149,40.3316650390625,0.06869173049926758,30.856565475463867,19.578493118286133,1.158333420753479,0.0681598111987114,2.9542510509490967,0.02250853180885315,0.75,0.75,0.018767455592751503,0.6043733358383179
2026-08-09_01-56-34,/home/as22cq/Projects/Policy-RL-Peg_insertion/force_peg_rl/logs/rl_games/Forge/2026-08-09_01-56-34/nn/Forge.pth,42,nominal,1001,False,timeout,149,30.18589210510254,0.09358905255794525,15.739869117736816,10.992252349853516,0.9916667342185974,0.057680629193782806,3.1283254623413086,0.018876703456044197,0.75,0.75,0.019832029938697815,0.632672131061554
2026-08-09_01-56-34,/home/as22cq/Projects/Policy-RL-Peg_insertion/force_peg_rl/logs/rl_games/Forge/2026-08-09_01-56-34/nn/Forge.pth,42,nominal,1001,False,timeout,149,18.124996185302734,-0.01880764588713646,34.485595703125,13.96303939819336,0.98333340883255,0.9117518067359924,1.0585601329803467,0.018970340490341187,0.75,0.75,0.019398557022213936,-0.38063299655914307
2026-08-09_01-56-34,/home/as22cq/Projects/Policy-RL-Peg_insertion/force_peg_rl/logs/rl_games/Forge/2026-08-09_01-56-34/nn/Forge.pth,42,nominal,1001,False,timeout,149,28.430952072143555,0.0058146268129348755,20.71636962890625,12.53626823425293,1.1916667222976685,0.059076834470033646,2.089806318283081,0.014674588106572628,0.75,0.75,0.016571562737226486,-0.01652820035815239
2026-08-09_01-56-34,/home/as22cq/Projects/Policy-RL-Peg_insertion/force_peg_rl/logs/rl_games/Forge/2026-08-09_01-56-34/nn/Forge.pth,42,nominal,1001,False,timeout,149,33.8221435546875,0.022586017847061157,25.52648162841797,4.287795543670654,0.3333333432674408,0.08043080568313599,3.058147430419922,0.021122463047504425,0.75,0.75,0.007517548743635416,0.4541884958744049
2026-08-09_01-56-34,/home/as22cq/Projects/Policy-RL-Peg_insertion/force_peg_rl/logs/rl_games/Forge/2026-08-09_01-56-34/nn/Forge.pth,42,nominal,1001,False,timeout,149,27.359352111816406,-0.01278550922870636,23.221376419067383,14.053197860717773,0.9666666984558105,0.06487517803907394,0.8477146625518799,0.020548122003674507,0.75,0.75,0.022836808115243912,-0.5218984484672546
2026-08-09_01-56-34,/home/as22cq/Projects/Policy-RL-Peg_insertion/force_peg_rl/logs/rl_games/Forge/2026-08-09_01-56-34/nn/Forge.pth,42,nominal,1001,False,timeout,149,28.28859519958496,-0.02380109578371048,21.817861557006836,9.939165115356445,1.0166667699813843,0.0358022041618824,1.318689227104187,0.0146819818764925,0.75,0.75,0.009932360611855984,-0.3420926630496979
2026-08-09_01-56-34,/home/as22cq/Projects/Policy-RL-Peg_insertion/force_peg_rl/logs/rl_games/Forge/2026-08-09_01-56-34/nn/Forge.pth,42,nominal,1001,False,timeout,149,27.639812469482422,0.11732612550258636,14.722183227539062,9.248416900634766,0.5750000476837158,0.02872641384601593,2.8393118381500244,0.016416696831583977,0.75,0.75,0.015543580055236816,0.12891027331352234
2026-08-09_01-56-34,/home/as22cq/Projects/Policy-RL-Peg_insertion/force_peg_rl/logs/rl_games/Forge/2026-08-09_01-56-34/nn/Forge.pth,42,nominal,1001,False,force_limit,149,30.995285034179688,0.006704140454530716,51.15781021118164,14.36767578125,1.0833333730697632,0.04338860884308815,0.4168308675289154,0.02037438005208969,0.75,0.75,0.019716428592801094,-0.7546032667160034
2026-08-09_01-56-34,/home/as22cq/Projects/Policy-RL-Peg_insertion/force_peg_rl/logs/rl_games/Forge/2026-08-09_01-56-34/nn/Forge.pth,42,nominal,1001,False,timeout,149,26.579391479492188,0.01603754237294197,18.80044937133789,8.958047866821289,0.5583333373069763,0.037625133991241455,1.647326946258545,0.02104412019252777,0.75,0.75,0.02434394508600235,0.4898701012134552
2026-08-09_01-56-34,/home/as22cq/Projects/Policy-RL-Peg_insertion/force_peg_rl/logs/rl_games/Forge/2026-08-09_01-56-34/nn/Forge.pth,42,nominal,1001,False,timeout,149,27.542129516601562,0.018702834844589233,19.52652359008789,13.806715965270996,1.125,0.029637375846505165,1.8760268688201904,0.021495122462511063,0.75,0.75,0.008821305818855762,0.3837381899356842
2026-08-09_01-56-34,/home/as22cq/Projects/Policy-RL-Peg_insertion/force_peg_rl/logs/rl_games/Forge/2026-08-09_01-56-34/nn/Forge.pth,42,nominal,1001,False,timeout,149,25.51746940612793,0.05087915062904358,25.378747940063477,15.539644241333008,1.158333420753479,0.04056080803275108,2.287538766860962,0.0181379783898592,0.75,0.75,0.0077208103612065315,-0.0785929337143898
2026-08-09_01-56-34,/home/as22cq/Projects/Policy-RL-Peg_insertion/force_peg_rl/logs/rl_games/Forge/2026-08-09_01-56-34/nn/Forge.pth,42,nominal,1001,False,timeout,149,23.936906814575195,-0.020458251237869263,31.217533111572266,14.724495887756348,1.1500000953674316,0.031763847917318344,0.1346743255853653,0.016820821911096573,0.75,0.75,0.020627807825803757,-0.6109328866004944
2026-08-09_01-56-34,/home/as22cq/Projects/Policy-RL-Peg_insertion/force_peg_rl/logs/rl_games/Forge/2026-08-09_01-56-34/nn/Forge.pth,42,nominal,1002,False,timeout,149,34.85170364379883,-0.015611566603183746,13.251132011413574,5.338891506195068,0.7916666865348816,0.02784174680709839,2.444202423095703,0.019413884729146957,0.75,0.75,0.01789960265159607,0.45074665546417236
2026-08-09_01-56-34,/home/as22cq/Projects/Policy-RL-Peg_insertion/force_peg_rl/logs/rl_games/Forge/2026-08-09_01-56-34/nn/Forge.pth,42,nominal,1002,False,timeout,149,31.961002349853516,-0.0032702498137950897,14.405405044555664,6.667421340942383,0.6166666746139526,0.053453270345926285,0.834855854511261,0.01712241768836975,0.75,0.75,0.00903177447617054,-0.6292104721069336
2026-08-09_01-56-34,/home/as22cq/Projects/Policy-RL-Peg_insertion/force_peg_rl/logs/rl_games/Forge/2026-08-09_01-56-34/nn/Forge.pth,42,nominal,1002,False,timeout,149,34.122650146484375,-0.02151772379875183,24.997159957885742,13.916536331176758,1.058333396911621,0.03604758530855179,1.913067102432251,0.01554050762206316,0.75,0.75,0.013464132323861122,-0.32392194867134094
2026-08-09_01-56-34,/home/as22cq/Projects/Policy-RL-Peg_insertion/force_peg_rl/logs/rl_games/Forge/2026-08-09_01-56-34/nn/Forge.pth,42,nominal,1002,False,timeout,149,32.74897384643555,0.02226497232913971,17.05518341064453,11.759954452514648,1.1083333492279053,0.024644646793603897,1.749168038368225,0.018758801743388176,0.75,0.75,0.020801255479454994,0.5808753371238708
2026-08-09_01-56-34,/home/as22cq/Projects/Policy-RL-Peg_insertion/force_peg_rl/logs/rl_games/Forge/2026-08-09_01-56-34/nn/Forge.pth,42,nominal,1002,False,timeout,149,143.50135803222656,0.02445627748966217,17.151893615722656,8.778024673461914,0.8333333730697632,0.24737295508384705,1.0160640478134155,0.014345498755574226,0.75,0.75,0.021153444424271584,0.22044812142848969
2026-08-09_01-56-34,/home/as22cq/Projects/Policy-RL-Peg_insertion/force_peg_rl/logs/rl_games/Forge/2026-08-09_01-56-34/nn/Forge.pth,42,nominal,1002,False,timeout,149,236.30589294433594,0.00417790561914444,28.089359283447266,18.24339485168457,1.0916666984558105,0.0007217702222988009,1.482163429260254,0.015388447791337967,0.75,0.75,0.01370332483202219,-0.33679747581481934
2026-08-09_01-56-34,/home/as22cq/Projects/Policy-RL-Peg_insertion/force_peg_rl/logs/rl_games/Forge/2026-08-09_01-56-34/nn/Forge.pth,42,nominal,1002,False,timeout,149,83.64246368408203,0.04850335419178009,24.827796936035156,11.320480346679688,0.9916667342185974,0.00711256917566061,0.5225433707237244,0.020567502826452255,0.75,0.75,0.018199071288108826,-0.2882532477378845
2026-08-09_01-56-34,/home/as22cq/Projects/Policy-RL-Peg_insertion/force_peg_rl/logs/rl_games/Forge/2026-08-09_01-56-34/nn/Forge.pth,42,nominal,1002,False,timeout,149,234.9532012939453,0.007893580943346024,22.3874454498291,15.967844009399414,1.1666667461395264,0.0008849230362102389,1.4005184173583984,0.018307818099856377,0.75,0.75,0.010578595101833344,-0.5181620717048645
2026-08-09_01-56-34,/home/as22cq/Projects/Policy-RL-Peg_insertion/force_peg_rl/logs/rl_games/Forge/2026-08-09_01-56-34/nn/Forge.pth,42,nominal,1002,False,timeout,149,60.53911590576172,0.10235118865966797,23.635831832885742,18.921659469604492,1.183333396911621,0.10845281183719635,2.6735661029815674,0.02321643754839897,0.75,0.75,0.005322881042957306,0.06376909464597702
2026-08-09_01-56-34,/home/as22cq/Projects/Policy-RL-Peg_insertion/force_peg_rl/logs/rl_games/Forge/2026-08-09_01-56-34/nn/Forge.pth,42,nominal,1002,False,timeout,149,27.272762298583984,0.06394466012716293,22.664648056030273,7.675516605377197,0.6666666865348816,0.05582369863986969,0.34761273860931396,0.014807280153036118,0.75,0.75,0.0191887766122818,-0.3304016888141632
2026-08-09_01-56-34,/home/as22cq/Projects/Policy-RL-Peg_insertion/force_peg_rl/logs/rl_games/Forge/2026-08-09_01-56-34/nn/Forge.pth,42,nominal,1002,False,force_limit,149,58.36130142211914,-0.07593919336795807,294.97845458984375,13.208041191101074,0.9916667342185974,0.19902285933494568,0.2353239804506302,0.02122945338487625,0.75,0.75,0.0049608671106398106,-0.6119070649147034
2026-08-09_01-56-34,/home/as22cq/Projects/Policy-RL-Peg_insertion/force_peg_rl/logs/rl_games/Forge/2026-08-09_01-56-34/nn/Forge.pth,42,nominal,1002,False,timeout,149,228.8254852294922,0.009517040103673935,23.291404724121094,14.644868850708008,1.1666667461395264,0.0007174207712523639,1.3868111371994019,0.015919752418994904,0.75,0.75,0.013480856083333492,0.15796928107738495
2026-08-09_01-56-34,/home/as22cq/Projects/Policy-RL-Peg_insertion/force_peg_rl/logs/rl_games/Forge/2026-08-09_01-56-34/nn/Forge.pth,42,nominal,1002,False,timeout,149,241.59103393554688,0.006937645375728607,16.664216995239258,11.616202354431152,0.9416667222976685,0.0006772010237909853,1.6255711317062378,0.02155010960996151,0.75,0.75,0.010217918083071709,0.07179664820432663
2026-08-09_01-56-34,/home/as22cq/Projects/Policy-RL-Peg_insertion/force_peg_rl/logs/rl_games/Forge/2026-08-09_01-56-34/nn/Forge.pth,42,nominal,1002,True,success,149,311.60516357421875,0.00012182444334030151,16.156768798828125,12.224485397338867,1.183333396911621,0.0005483115091919899,0.6083223223686218,0.015309987589716911,0.75,0.75,0.01897512748837471,0.4430526793003082
2026-08-09_01-56-34,/home/as22cq/Projects/Policy-RL-Peg_insertion/force_peg_rl/logs/rl_games/Forge/2026-08-09_01-56-34/nn/Forge.pth,42,nominal,1002,False,timeout,149,214.01438903808594,0.014987446367740631,28.56730842590332,16.147924423217773,1.1916667222976685,0.0008818669593892992,1.776490569114685,0.017588315531611443,0.75,0.75,0.011249029077589512,-0.15198840200901031
2026-08-09_01-56-34,/home/as22cq/Projects/Policy-RL-Peg_insertion/force_peg_rl/logs/rl_games/Forge/2026-08-09_01-56-34/nn/Forge.pth,42,nominal,1002,False,timeout,149,217.14503479003906,0.009541928768157959,29.01722526550293,16.49976348876953,1.2000000476837158,0.001015913556329906,1.1608365774154663,0.017348863184452057,0.75,0.75,0.001999589381739497,0.7696378231048584
2026-08-09_01-56-34,/home/as22cq/Projects/Policy-RL-Peg_insertion/force_peg_rl/logs/rl_games/Forge/2026-08-09_01-56-34/nn/Forge.pth,42,nominal,1002,False,timeout,149,204.78179931640625,0.015540976077318192,18.828771591186523,13.321268081665039,1.0750000476837158,0.0007400981849059463,1.6591911315917969,0.01678197830915451,0.75,0.75,0.018876828253269196,-0.28883111476898193
2026-08-09_01-56-34,/home/as22cq/Projects/Policy-RL-Peg_insertion/force_peg_rl/logs/rl_games/Forge/2026-08-09_01-56-34/nn/Forge.pth,42,nominal,1002,False,timeout,149,74.75293731689453,0.11916755139827728,15.687906265258789,7.460471153259277,0.6583333611488342,0.1397276222705841,2.9527642726898193,0.020639784634113312,0.75,0.75,0.017401155084371567,0.698418378829956
2026-08-09_01-56-34,/home/as22cq/Projects/Policy-RL-Peg_insertion/force_peg_rl/logs/rl_games/Forge/2026-08-09_01-56-34/nn/Forge.pth,42,nominal,1002,False,timeout,149,37.01170349121094,-0.030042968690395355,20.443275451660156,8.815235137939453,0.8500000238418579,0.011739627458155155,2.5479917526245117,0.02195141091942787,0.75,0.75,0.0175413116812706,0.5204441547393799
2026-08-09_01-56-34,/home/as22cq/Projects/Policy-RL-Peg_insertion/force_peg_rl/logs/rl_games/Forge/2026-08-09_01-56-34/nn/Forge.pth,42,nominal,1002,True,success,149,257.419677734375,0.000383550301194191,26.532684326171875,10.159099578857422,0.7000000476837158,0.0005298559553921223,0.5207759141921997,0.021944817155599594,0.75,0.75,0.02279234118759632,0.2631632387638092
2026-08-09_01-56-34,/home/as22cq/Projects/Policy-RL-Peg_insertion/force_peg_rl/logs/rl_games/Forge/2026-08-09_01-56-34/nn/Forge.pth,42,nominal,1002,False,timeout,149,46.04951858520508,-0.008004609495401382,24.834089279174805,11.594182014465332,1.125,0.05129629001021385,1.8895375728607178,0.01506362110376358,0.75,0.75,0.021574553102254868,0.7122719883918762
2026-08-09_01-56-34,/home/as22cq/Projects/Policy-RL-Peg_insertion/force_peg_rl/logs/rl_games/Forge/2026-08-09_01-56-34/nn/Forge.pth,42,nominal,1002,True,success,149,260.20098876953125,0.0007697045803070068,32.384151458740234,18.66290855407715,1.1500000953674316,0.0006341954576782882,1.2901915311813354,0.021246735006570816,0.75,0.75,0.013246471993625164,0.34015482664108276
2026-08-09_01-56-34,/home/as22cq/Projects/Policy-RL-Peg_insertion/force_peg_rl/logs/rl_games/Forge/2026-08-09_01-56-34/nn/Forge.pth,42,nominal,1002,False,timeout,149,225.1680908203125,0.011602304875850677,22.508243560791016,15.845183372497559,1.1500000953674316,0.00081338343443349,1.5263906717300415,0.02387821674346924,0.75,0.75,0.006745174527168274,0.5512175559997559
2026-08-09_01-56-34,/home/as22cq/Projects/Policy-RL-Peg_insertion/force_peg_rl/logs/rl_games/Forge/2026-08-09_01-56-34/nn/Forge.pth,42,nominal,1002,False,timeout,149,76.13256072998047,0.005915500223636627,17.317834854125977,9.218544006347656,0.6916667222976685,0.0360545739531517,1.5695890188217163,0.018176956102252007,0.75,0.75,0.012507934123277664,0.07099486142396927
2026-08-09_01-56-34,/home/as22cq/Projects/Policy-RL-Peg_insertion/force_peg_rl/logs/rl_games/Forge/2026-08-09_01-56-34/nn/Forge.pth,42,nominal,1002,False,timeout,149,250.20436096191406,0.004097826778888702,22.634321212768555,14.504508018493652,1.183333396911621,0.0007086347322911024,1.1611063480377197,0.023027971386909485,0.75,0.75,0.01797373779118061,-0.4308236539363861
2026-08-09_01-56-34,/home/as22cq/Projects/Policy-RL-Peg_insertion/force_peg_rl/logs/rl_games/Forge/2026-08-09_01-56-34/nn/Forge.pth,42,nominal,1002,False,timeout,149,102.10028076171875,0.04937787353992462,25.14113998413086,10.753291130065918,0.9083333611488342,0.0890803262591362,3.131772041320801,0.02109156735241413,0.75,0.75,0.009917382150888443,-0.3720260262489319
2026-08-09_01-56-34,/home/as22cq/Projects/Policy-RL-Peg_insertion/force_peg_rl/logs/rl_games/Forge/2026-08-09_01-56-34/nn/Forge.pth,42,nominal,1002,False,timeout,149,204.476806640625,0.017406418919563293,20.85540008544922,13.732308387756348,1.133333444595337,0.0011897748336195946,1.8613747358322144,0.019174015149474144,0.75,0.75,0.017250249162316322,0.518789529800415
2026-08-09_01-56-34,/home/as22cq/Projects/Policy-RL-Peg_insertion/force_peg_rl/logs/rl_games/Forge/2026-08-09_01-56-34/nn/Forge.pth,42,nominal,1002,False,timeout,149,34.164127349853516,0.03509692847728729,28.62384605407715,9.693004608154297,0.9666666984558105,0.03149574249982834,2.750591278076172,0.019366687163710594,0.75,0.75,0.011414960958063602,0.21932949125766754
2026-08-09_01-56-34,/home/as22cq/Projects/Policy-RL-Peg_insertion/force_peg_rl/logs/rl_games/Forge/2026-08-09_01-56-34/nn/Forge.pth,42,nominal,1002,False,timeout,149,76.54319763183594,0.05797983333468437,19.765625,10.854019165039062,0.8166667222976685,0.08553799241781235,0.8644189834594727,0.016690043732523918,0.75,0.75,0.02096317522227764,-0.5644876956939697
2026-08-09_01-56-34,/home/as22cq/Projects/Policy-RL-Peg_insertion/force_peg_rl/logs/rl_games/Forge/2026-08-09_01-56-34/nn/Forge.pth,42,nominal,1002,False,timeout,149,237.21522521972656,0.0037389062345027924,21.726619720458984,14.374324798583984,1.008333444595337,0.0007313741371035576,1.3911268711090088,0.021030575037002563,0.75,0.75,0.01157835591584444,0.2417273372411728
2026-08-09_01-56-34,/home/as22cq/Projects/Policy-RL-Peg_insertion/force_peg_rl/logs/rl_games/Forge/2026-08-09_01-56-34/nn/Forge.pth,42,nominal,1002,False,timeout,149,31.142736434936523,0.06309150904417038,21.83907127380371,12.67560863494873,0.98333340883255,0.04875193536281586,3.0757853984832764,0.014745257794857025,0.75,0.75,0.024253567680716515,0.7098237872123718
2026-08-09_01-56-34,/home/as22cq/Projects/Policy-RL-Peg_insertion/force_peg_rl/logs/rl_games/Forge/2026-08-09_01-56-34/nn/Forge.pth,42,nominal,1002,False,timeout,149,26.18360137939453,0.07254639267921448,20.4656982421875,14.181184768676758,1.1666667461395264,0.049195513129234314,0.6557950377464294,0.017925405874848366,0.75,0.75,0.020939335227012634,-0.5799182653427124
2026-08-09_01-56-34,/home/as22cq/Projects/Policy-RL-Peg_insertion/force_peg_rl/logs/rl_games/Forge/2026-08-09_01-56-34/nn/Forge.pth,42,nominal,1002,True,success,149,349.683837890625,9.940564632415771e-05,18.563152313232422,12.799261093139648,1.0833333730697632,0.000369417539332062,0.5574169158935547,0.023400066420435905,0.75,0.75,0.01801287941634655,-0.2945553660392761
2026-08-09_01-56-34,/home/as22cq/Projects/Policy-RL-Peg_insertion/force_peg_rl/logs/rl_games/Forge/2026-08-09_01-56-34/nn/Forge.pth,42,nominal,1002,False,timeout,149,30.79345703125,-0.0157034769654274,23.413671493530273,8.404287338256836,0.40833336114883423,0.057381220161914825,1.8790911436080933,0.016221296042203903,0.75,0.75,0.013299291953444481,0.49062493443489075
2026-08-09_01-56-34,/home/as22cq/Projects/Policy-RL-Peg_insertion/force_peg_rl/logs/rl_games/Forge/2026-08-09_01-56-34/nn/Forge.pth,42,nominal,1002,False,timeout,149,42.630760192871094,0.034224383533000946,14.777767181396484,11.389730453491211,1.1166666746139526,0.0745481625199318,-3.088754653930664,0.019461337476968765,0.75,0.75,0.009287179447710514,0.7294746041297913
2026-08-09_01-56-34,/home/as22cq/Projects/Policy-RL-Peg_insertion/force_peg_rl/logs/rl_games/Forge/2026-08-09_01-56-34/nn/Forge.pth,42,nominal,1002,False,timeout,149,32.739864349365234,0.033304136246442795,22.10443878173828,9.973773002624512,1.0250000953674316,0.047521863132715225,1.0356005430221558,0.016258444637060165,0.75,0.75,0.009436296299099922,-0.49849066138267517
2026-08-09_01-56-34,/home/as22cq/Projects/Policy-RL-Peg_insertion/force_peg_rl/logs/rl_games/Forge/2026-08-09_01-56-34/nn/Forge.pth,42,nominal,1002,False,timeout,149,218.58583068847656,0.011431537568569183,25.761259078979492,16.686866760253906,1.1083333492279053,0.0005864128470420837,1.8532930612564087,0.018716946244239807,0.75,0.75,0.018816489726305008,0.10864932835102081
2026-08-09_01-56-34,/home/as22cq/Projects/Policy-RL-Peg_insertion/force_peg_rl/logs/rl_games/Forge/2026-08-09_01-56-34/nn/Forge.pth,42,nominal,1002,False,timeout,149,30.24167251586914,0.022425491362810135,21.94594383239746,14.041374206542969,1.1916667222976685,0.07209943979978561,1.3634028434753418,0.01746673509478569,0.75,0.75,0.023673661053180695,-0.16187995672225952
2026-08-09_01-56-34,/home/as22cq/Projects/Policy-RL-Peg_insertion/force_peg_rl/logs/rl_games/Forge/2026-08-09_01-56-34/nn/Forge.pth,42,nominal,1002,False,timeout,149,69.28520965576172,0.024259380996227264,21.518146514892578,14.205794334411621,1.2166666984558105,0.0017246623756363988,1.568444848060608,0.01440645195543766,0.75,0.75,0.012244898825883865,-0.5447081327438354
2026-08-09_01-56-34,/home/as22cq/Projects/Policy-RL-Peg_insertion/force_peg_rl/logs/rl_games/Forge/2026-08-09_01-56-34/nn/Forge.pth,42,nominal,1002,False,timeout,149,222.56211853027344,0.01289968192577362,20.100749969482422,14.933194160461426,1.1416667699813843,0.000818474858533591,1.5709834098815918,0.021889936178922653,0.75,0.75,0.02116028591990471,-0.7573469877243042
2026-08-09_01-56-34,/home/as22cq/Projects/Policy-RL-Peg_insertion/force_peg_rl/logs/rl_games/Forge/2026-08-09_01-56-34/nn/Forge.pth,42,nominal,1002,False,timeout,149,208.57354736328125,0.016573762521147728,31.134647369384766,21.916086196899414,1.1750000715255737,0.001123783877119422,1.8255465030670166,0.016589166596531868,0.75,0.75,0.010192293673753738,-0.14078155159950256
2026-08-09_01-56-34,/home/as22cq/Projects/Policy-RL-Peg_insertion/force_peg_rl/logs/rl_games/Forge/2026-08-09_01-56-34/nn/Forge.pth,42,nominal,1002,False,timeout,149,29.791397094726562,0.03373216092586517,21.29597282409668,12.6349515914917,1.1416667699813843,0.05445767939090729,0.2525348365306854,0.018467051908373833,0.75,0.75,0.006955091841518879,-0.23734819889068604
2026-08-09_01-56-34,/home/as22cq/Projects/Policy-RL-Peg_insertion/force_peg_rl/logs/rl_games/Forge/2026-08-09_01-56-34/nn/Forge.pth,42,nominal,1002,False,timeout,149,69.36019134521484,0.05253693461418152,21.280590057373047,9.680285453796387,1.1500000953674316,0.05093654245138168,2.486534595489502,0.020759839564561844,0.75,0.75,0.014341910369694233,-0.05237210914492607
2026-08-09_01-56-34,/home/as22cq/Projects/Policy-RL-Peg_insertion/force_peg_rl/logs/rl_games/Forge/2026-08-09_01-56-34/nn/Forge.pth,42,nominal,1002,False,timeout,149,36.74387741088867,0.03141678497195244,23.532453536987305,8.898336410522461,0.6166666746139526,0.07194014638662338,1.2456024885177612,0.01720079593360424,0.75,0.75,0.009458223357796669,-0.17536109685897827
2026-08-09_01-56-34,/home/as22cq/Projects/Policy-RL-Peg_insertion/force_peg_rl/logs/rl_games/Forge/2026-08-09_01-56-34/nn/Forge.pth,42,nominal,1002,False,timeout,149,32.61055374145508,0.0414118766784668,34.08209228515625,9.101282119750977,0.4166666865348816,0.040970899164676666,2.4596004486083984,0.021759364753961563,0.75,0.75,0.00609875563532114,0.7530428171157837
2026-08-09_01-56-34,/home/as22cq/Projects/Policy-RL-Peg_insertion/force_peg_rl/logs/rl_games/Forge/2026-08-09_01-56-34/nn/Forge.pth,42,nominal,1002,False,timeout,149,28.757970809936523,0.04802005738019943,30.062692642211914,9.301795959472656,0.6500000357627869,0.05980982258915901,0.861920177936554,0.0233331099152565,0.75,0.75,0.007744076196104288,0.17208805680274963
2026-08-09_01-56-34,/home/as22cq/Projects/Policy-RL-Peg_insertion/force_peg_rl/logs/rl_games/Forge/2026-08-09_01-56-34/nn/Forge.pth,42,nominal,1002,False,timeout,149,214.34475708007812,0.009947068989276886,30.348777770996094,15.662127494812012,1.158333420753479,0.0007128217839635909,1.7849338054656982,0.021477200090885162,0.75,0.75,0.012040233239531517,0.2449764758348465
2026-08-09_01-56-34,/home/as22cq/Projects/Policy-RL-Peg_insertion/force_peg_rl/logs/rl_games/Forge/2026-08-09_01-56-34/nn/Forge.pth,42,nominal,1002,False,timeout,149,40.59182357788086,0.024001024663448334,15.159075736999512,10.342852592468262,1.1416667699813843,0.025602910667657852,3.08347749710083,0.023808356374502182,0.75,0.75,0.017729900777339935,0.6457738876342773
2026-08-09_01-56-34,/home/as22cq/Projects/Policy-RL-Peg_insertion/force_peg_rl/logs/rl_games/Forge/2026-08-09_01-56-34/nn/Forge.pth,42,nominal,1002,False,timeout,149,195.9100799560547,0.0186125710606575,38.77891159057617,25.52237319946289,1.1500000953674316,0.0010703097796067595,1.751233458518982,0.01721891015768051,0.75,0.75,0.014140610583126545,0.13803786039352417
2026-08-09_01-56-34,/home/as22cq/Projects/Policy-RL-Peg_insertion/force_peg_rl/logs/rl_games/Forge/2026-08-09_01-56-34/nn/Forge.pth,42,nominal,1002,False,timeout,149,32.206146240234375,0.025325432419776917,20.630035400390625,9.984918594360352,1.1416667699813843,0.0442475751042366,1.9135504961013794,0.018824348226189613,0.75,0.75,0.02334660291671753,0.06929180771112442
2026-08-09_01-56-34,/home/as22cq/Projects/Policy-RL-Peg_insertion/force_peg_rl/logs/rl_games/Forge/2026-08-09_01-56-34/nn/Forge.pth,42,nominal,1002,False,timeout,149,65.90672302246094,0.03987669199705124,34.1165885925293,15.10859203338623,1.183333396911621,0.009897204115986824,0.48589009046554565,0.021324120461940765,0.75,0.75,0.023754483088850975,-0.6461846232414246
2026-08-09_01-56-34,/home/as22cq/Projects/Policy-RL-Peg_insertion/force_peg_rl/logs/rl_games/Forge/2026-08-09_01-56-34/nn/Forge.pth,42,nominal,1002,False,timeout,149,36.920284271240234,0.03151325881481171,19.437238693237305,13.419158935546875,1.100000023841858,0.00681546563282609,1.651758074760437,0.01423654519021511,0.75,0.75,0.018009386956691742,0.523815393447876
2026-08-09_01-56-34,/home/as22cq/Projects/Policy-RL-Peg_insertion/force_peg_rl/logs/rl_games/Forge/2026-08-09_01-56-34/nn/Forge.pth,42,nominal,1002,True,success,149,291.3777770996094,0.0008956566452980042,45.66010284423828,17.900739669799805,1.0250000953674316,0.000995200709439814,1.239235520362854,0.022238317877054214,0.75,0.75,0.015628768131136894,-0.3721763789653778
2026-08-09_01-56-34,/home/as22cq/Projects/Policy-RL-Peg_insertion/force_peg_rl/logs/rl_games/Forge/2026-08-09_01-56-34/nn/Forge.pth,42,nominal,1002,False,timeout,149,203.12918090820312,0.012157823890447617,31.793115615844727,15.661967277526855,1.125,0.0006744941929355264,0.9181542992591858,0.023817339912056923,0.75,0.75,0.012229286134243011,-0.33388614654541016
2026-08-09_01-56-34,/home/as22cq/Projects/Policy-RL-Peg_insertion/force_peg_rl/logs/rl_games/Forge/2026-08-09_01-56-34/nn/Forge.pth,42,nominal,1002,False,timeout,149,203.17514038085938,0.018958959728479385,23.030818939208984,17.567506790161133,1.1750000715255737,0.0018907304620370269,1.8296235799789429,0.015604325570166111,0.75,0.75,0.013054702430963516,0.442440390586853
2026-08-09_01-56-34,/home/as22cq/Projects/Policy-RL-Peg_insertion/force_peg_rl/logs/rl_games/Forge/2026-08-09_01-56-34/nn/Forge.pth,42,nominal,1002,False,timeout,149,216.30511474609375,0.014836501330137253,20.47631072998047,12.882645606994629,0.9583333730697632,0.0007206348818726838,0.9234551787376404,0.01654166355729103,0.75,0.75,0.007180836051702499,-0.6129394173622131
2026-08-09_01-56-34,/home/as22cq/Projects/Policy-RL-Peg_insertion/force_peg_rl/logs/rl_games/Forge/2026-08-09_01-56-34/nn/Forge.pth,42,nominal,1002,False,timeout,149,81.21895599365234,0.09836745262145996,16.923147201538086,7.536277770996094,0.7833333611488342,0.07197297364473343,0.35463130474090576,0.015367625281214714,0.75,0.75,0.009681761264801025,-0.702483057975769
2026-08-09_01-56-34,/home/as22cq/Projects/Policy-RL-Peg_insertion/force_peg_rl/logs/rl_games/Forge/2026-08-09_01-56-34/nn/Forge.pth,42,nominal,1002,True,success,149,396.60931396484375,0.00015625078231096268,19.089235305786133,12.30853271484375,1.100000023841858,0.0005850619054399431,1.5602412223815918,0.016587311401963234,0.75,0.75,0.004191722720861435,-0.3138895034790039
2026-08-09_01-56-34,/home/as22cq/Projects/Policy-RL-Peg_insertion/force_peg_rl/logs/rl_games/Forge/2026-08-09_01-56-34/nn/Forge.pth,42,nominal,1002,False,timeout,149,39.26495361328125,0.027785617858171463,23.761510848999023,15.596635818481445,1.2166666984558105,0.002761860378086567,2.4855830669403076,0.02069450542330742,0.75,0.75,0.007109863217920065,-0.7241960763931274
2026-08-09_01-56-34,/home/as22cq/Projects/Policy-RL-Peg_insertion/force_peg_rl/logs/rl_games/Forge/2026-08-09_01-56-34/nn/Forge.pth,42,nominal,1002,False,timeout,149,27.710601806640625,0.10767896473407745,14.021284103393555,7.4675679206848145,0.4750000238418579,0.025520429015159607,0.15349265933036804,0.014911415986716747,0.75,0.75,0.017646677792072296,-0.08787451684474945
2026-08-09_01-56-34,/home/as22cq/Projects/Policy-RL-Peg_insertion/force_peg_rl/logs/rl_games/Forge/2026-08-09_01-56-34/nn/Forge.pth,42,nominal,1002,False,timeout,149,129.4253692626953,-0.08816876262426376,18.75301170349121,9.53172492980957,0.9750000238418579,0.1055215448141098,1.050803542137146,0.023175688460469246,0.75,0.75,0.01900392398238182,-0.21887314319610596
2026-08-09_01-56-34,/home/as22cq/Projects/Policy-RL-Peg_insertion/force_peg_rl/logs/rl_games/Forge/2026-08-09_01-56-34/nn/Forge.pth,42,nominal,1002,False,timeout,149,214.22592163085938,0.008833780884742737,23.787729263305664,8.871774673461914,0.6000000238418579,0.0005472417105920613,0.4723149538040161,0.020305711776018143,0.75,0.75,0.017524760216474533,0.28504395484924316
2026-08-09_01-56-34,/home/as22cq/Projects/Policy-RL-Peg_insertion/force_peg_rl/logs/rl_games/Forge/2026-08-09_01-56-34/nn/Forge.pth,42,nominal,1002,False,timeout,149,31.776010513305664,-0.010716423392295837,27.384546279907227,12.139970779418945,1.125,0.040299803018569946,1.504615068435669,0.022102581337094307,0.75,0.75,0.021724561229348183,-0.1555425226688385
2026-08-09_01-56-34,/home/as22cq/Projects/Policy-RL-Peg_insertion/force_peg_rl/logs/rl_games/Forge/2026-08-09_01-56-34/nn/Forge.pth,42,nominal,1002,False,timeout,149,31.075239181518555,0.029018528759479523,31.518800735473633,13.97400951385498,1.158333420753479,0.011048877611756325,0.9774857759475708,0.020468013361096382,0.75,0.75,0.013485435396432877,-0.6150318384170532
2026-08-09_01-56-34,/home/as22cq/Projects/Policy-RL-Peg_insertion/force_peg_rl/logs/rl_games/Forge/2026-08-09_01-56-34/nn/Forge.pth,42,nominal,1002,False,timeout,149,32.186336517333984,0.001157667487859726,19.034605026245117,12.521090507507324,0.9500000476837158,0.032182056456804276,1.0972095727920532,0.02053002640604973,0.75,0.75,0.016058651730418205,0.19814160466194153
2026-08-09_01-56-34,/home/as22cq/Projects/Policy-RL-Peg_insertion/force_peg_rl/logs/rl_games/Forge/2026-08-09_01-56-34/nn/Forge.pth,42,nominal,1002,False,timeout,149,29.081722259521484,0.03814231604337692,21.60251235961914,11.61496353149414,0.9916667342185974,0.06435876339673996,0.7393572926521301,0.023736361414194107,0.75,0.75,0.019898032769560814,-0.0350927971303463
2026-08-09_01-56-34,/home/as22cq/Projects/Policy-RL-Peg_insertion/force_peg_rl/logs/rl_games/Forge/2026-08-09_01-56-34/nn/Forge.pth,42,nominal,1002,False,timeout,149,32.21692657470703,0.03631678223609924,20.90760040283203,12.53780460357666,1.0666667222976685,0.021276257932186127,3.1154119968414307,0.014548050239682198,0.75,0.75,0.02143809013068676,0.5012869238853455
2026-08-09_01-56-34,/home/as22cq/Projects/Policy-RL-Peg_insertion/force_peg_rl/logs/rl_games/Forge/2026-08-09_01-56-34/nn/Forge.pth,42,nominal,1002,False,timeout,149,29.100879669189453,0.03365326672792435,11.042129516601562,7.424955368041992,0.45000001788139343,0.02801051177084446,1.4306758642196655,0.01885204203426838,0.75,0.75,0.020396744832396507,0.27641141414642334
2026-08-09_01-56-34,/home/as22cq/Projects/Policy-RL-Peg_insertion/force_peg_rl/logs/rl_games/Forge/2026-08-09_01-56-34/nn/Forge.pth,42,nominal,1002,False,timeout,149,28.7891902923584,0.10413835942745209,14.191246032714844,6.620591640472412,0.4333333671092987,0.06297726184129715,3.069688558578491,0.021734148263931274,0.75,0.75,0.017300695180892944,0.6408067345619202
2026-08-09_01-56-34,/home/as22cq/Projects/Policy-RL-Peg_insertion/force_peg_rl/logs/rl_games/Forge/2026-08-09_01-56-34/nn/Forge.pth,42,nominal,1002,False,timeout,149,29.729297637939453,0.0623929463326931,28.957195281982422,11.491646766662598,1.1416667699813843,0.0693257674574852,0.6282942295074463,0.018596237525343895,0.75,0.75,0.015298552811145782,-0.7737395763397217
2026-08-09_01-56-34,/home/as22cq/Projects/Policy-RL-Peg_insertion/force_peg_rl/logs/rl_games/Forge/2026-08-09_01-56-34/nn/Forge.pth,42,nominal,1002,False,timeout,149,34.638092041015625,-0.018681785091757774,31.039173126220703,15.90101146697998,0.9500000476837158,0.03461066260933876,1.8219887018203735,0.01577061414718628,0.75,0.75,0.011489741504192352,0.16696347296237946
2026-08-09_01-56-34,/home/as22cq/Projects/Policy-RL-Peg_insertion/force_peg_rl/logs/rl_games/Forge/2026-08-09_01-56-34/nn/Forge.pth,42,nominal,1002,False,timeout,149,36.10763168334961,0.0947999656200409,18.492019653320312,9.260843276977539,0.9666666984558105,0.04958833009004593,3.1123762130737305,0.018703607842326164,0.75,0.75,0.021246062591671944,0.5655451416969299
2026-08-09_01-56-34,/home/as22cq/Projects/Policy-RL-Peg_insertion/force_peg_rl/logs/rl_games/Forge/2026-08-09_01-56-34/nn/Forge.pth,42,nominal,1002,False,timeout,149,32.62556838989258,0.04046335071325302,14.633105278015137,9.684617042541504,0.9500000476837158,0.014011318795382977,3.090235710144043,0.019381504505872726,0.75,0.75,0.0044946433044970036,0.5515233278274536
2026-08-09_01-56-34,/home/as22cq/Projects/Policy-RL-Peg_insertion/force_peg_rl/logs/rl_games/Forge/2026-08-09_01-56-34/nn/Forge.pth,42,nominal,1002,False,timeout,149,29.354345321655273,0.03962936997413635,15.282732009887695,10.662583351135254,1.1083333492279053,0.08764392882585526,2.875560998916626,0.021511338651180267,0.75,0.75,0.0011889978777617216,0.7508190274238586
2026-08-09_01-56-34,/home/as22cq/Projects/Policy-RL-Peg_insertion/force_peg_rl/logs/rl_games/Forge/2026-08-09_01-56-34/nn/Forge.pth,42,nominal,1002,False,timeout,149,25.95268440246582,0.060267094522714615,20.621896743774414,10.663414001464844,1.0750000476837158,0.021164080128073692,2.210308313369751,0.019358016550540924,0.75,0.75,0.015158694237470627,0.2870752513408661
2026-08-09_01-56-34,/home/as22cq/Projects/Policy-RL-Peg_insertion/force_peg_rl/logs/rl_games/Forge/2026-08-09_01-56-34/nn/Forge.pth,42,nominal,1002,False,timeout,149,40.15054702758789,0.06491732597351074,14.888998031616211,8.028755187988281,0.9083333611488342,0.03800986334681511,2.8858275413513184,0.022733323276042938,0.75,0.75,0.022289497777819633,0.44051793217658997
2026-08-09_01-56-34,/home/as22cq/Projects/Policy-RL-Peg_insertion/force_peg_rl/logs/rl_games/Forge/2026-08-09_01-56-34/nn/Forge.pth,42,nominal,1002,False,timeout,149,109.61783599853516,0.12771345674991608,17.293794631958008,10.241971969604492,1.0666667222976685,0.05737731233239174,3.1267833709716797,0.01642218418419361,0.75,0.75,0.009232597425580025,0.7070070505142212
2026-08-09_01-56-34,/home/as22cq/Projects/Policy-RL-Peg_insertion/force_peg_rl/logs/rl_games/Forge/2026-08-09_01-56-34/nn/Forge.pth,42,nominal,1002,False,timeout,149,35.171783447265625,-0.039770398288965225,25.8592586517334,13.01594352722168,1.125,0.016789905726909637,2.4177751541137695,0.015317823737859726,0.75,0.75,0.014742102473974228,-0.3844355344772339
2026-08-09_01-56-34,/home/as22cq/Projects/Policy-RL-Peg_insertion/force_peg_rl/logs/rl_games/Forge/2026-08-09_01-56-34/nn/Forge.pth,42,nominal,1002,False,timeout,149,205.41851806640625,0.014434617012739182,28.457284927368164,12.482429504394531,0.9333333969116211,0.0010183720150962472,1.3530110120773315,0.016590312123298645,0.75,0.75,0.02550971880555153,-0.5185555219650269
2026-08-09_01-56-34,/home/as22cq/Projects/Policy-RL-Peg_insertion/force_peg_rl/logs/rl_games/Forge/2026-08-09_01-56-34/nn/Forge.pth,42,nominal,1002,False,timeout,149,203.79296875,0.01986836828291416,31.567365646362305,12.951488494873047,1.1916667222976685,0.0007974104373715818,0.6763486862182617,0.015047406777739525,0.75,0.75,0.01568080298602581,0.6058513522148132
2026-08-09_01-56-34,/home/as22cq/Projects/Policy-RL-Peg_insertion/force_peg_rl/logs/rl_games/Forge/2026-08-09_01-56-34/nn/Forge.pth,42,nominal,1002,False,timeout,149,31.157669067382812,0.042008280754089355,15.962860107421875,8.653457641601562,0.8000000715255737,0.06345032900571823,0.7679712772369385,0.014026084914803505,0.75,0.75,0.012493644841015339,-0.2704593241214752
2026-08-09_01-56-34,/home/as22cq/Projects/Policy-RL-Peg_insertion/force_peg_rl/logs/rl_games/Forge/2026-08-09_01-56-34/nn/Forge.pth,42,nominal,1002,False,timeout,149,29.065717697143555,-0.0022844932973384857,15.367409706115723,6.09267520904541,0.30000001192092896,0.05437271669507027,1.064911127090454,0.020672863349318504,0.75,0.75,0.01109415851533413,-0.182298481464386
2026-08-09_01-56-34,/home/as22cq/Projects/Policy-RL-Peg_insertion/force_peg_rl/logs/rl_games/Forge/2026-08-09_01-56-34/nn/Forge.pth,42,nominal,1002,False,timeout,149,28.643152236938477,-0.027187198400497437,27.185810089111328,10.824522018432617,0.8083333969116211,0.039153967052698135,1.3347734212875366,0.020923325791954994,0.75,0.75,0.02172861434519291,-0.12418424338102341
2026-08-09_01-56-34,/home/as22cq/Projects/Policy-RL-Peg_insertion/force_peg_rl/logs/rl_games/Forge/2026-08-09_01-56-34/nn/Forge.pth,42,nominal,1002,False,timeout,149,34.01292037963867,0.03288029879331589,18.675390243530273,7.945704936981201,0.7583333849906921,0.04790752753615379,3.0758821964263916,0.01654907315969467,0.75,0.75,0.009351993910968304,0.3263722062110901
2026-08-09_01-56-34,/home/as22cq/Projects/Policy-RL-Peg_insertion/force_peg_rl/logs/rl_games/Forge/2026-08-09_01-56-34/nn/Forge.pth,42,nominal,1002,False,timeout,149,25.209508895874023,0.0006090551614761353,23.745637893676758,14.483859062194824,1.0250000953674316,0.0490989051759243,0.3287576735019684,0.023344505578279495,0.75,0.75,0.02266090176999569,-0.20683889091014862
2026-08-09_01-56-34,/home/as22cq/Projects/Policy-RL-Peg_insertion/force_peg_rl/logs/rl_games/Forge/2026-08-09_01-56-34/nn/Forge.pth,42,nominal,1002,False,timeout,149,208.81240844726562,0.017805051058530807,40.08758544921875,20.2128849029541,1.1666667461395264,0.0005737873143516481,1.4692128896713257,0.019707199186086655,0.75,0.75,0.01050792820751667,0.621483325958252
2026-08-09_01-56-34,/home/as22cq/Projects/Policy-RL-Peg_insertion/force_peg_rl/logs/rl_games/Forge/2026-08-09_01-56-34/nn/Forge.pth,42,nominal,1002,False,timeout,149,56.39497375488281,0.061072591692209244,20.54247283935547,8.200976371765137,1.0,0.07019244134426117,3.0895743370056152,0.019654061645269394,0.75,0.75,0.016545040532946587,0.710380494594574
2026-08-09_01-56-34,/home/as22cq/Projects/Policy-RL-Peg_insertion/force_peg_rl/logs/rl_games/Forge/2026-08-09_01-56-34/nn/Forge.pth,42,nominal,1002,False,timeout,149,33.206790924072266,0.041860297322273254,21.2728214263916,8.268043518066406,0.5,0.034766051918268204,3.0293097496032715,0.021721793338656425,0.75,0.75,0.015264233574271202,0.21833260357379913
2026-08-09_01-56-34,/home/as22cq/Projects/Policy-RL-Peg_insertion/force_peg_rl/logs/rl_games/Forge/2026-08-09_01-56-34/nn/Forge.pth,42,nominal,1002,False,timeout,149,30.012493133544922,0.10169804096221924,25.769725799560547,10.586603164672852,0.7416667342185974,0.07850699126720428,3.090291738510132,0.018091605976223946,0.75,0.75,0.01784517429769039,0.7442202568054199
2026-08-09_01-56-34,/home/as22cq/Projects/Policy-RL-Peg_insertion/force_peg_rl/logs/rl_games/Forge/2026-08-09_01-56-34/nn/Forge.pth,42,nominal,1002,False,timeout,149,30.221694946289062,-0.023459691554307938,25.72861099243164,12.269315719604492,0.98333340883255,0.03139815852046013,1.6546268463134766,0.01590709574520588,0.75,0.75,0.009809640236198902,-0.3752845823764801
2026-08-09_01-56-34,/home/as22cq/Projects/Policy-RL-Peg_insertion/force_peg_rl/logs/rl_games/Forge/2026-08-09_01-56-34/nn/Forge.pth,42,nominal,1002,False,timeout,149,33.161014556884766,0.018725689500570297,20.592378616333008,12.926116943359375,1.183333396911621,0.03262397274374962,1.4074628353118896,0.019022222608327866,0.75,0.75,0.021388383582234383,-0.6673644185066223
2026-08-09_01-56-34,/home/as22cq/Projects/Policy-RL-Peg_insertion/force_peg_rl/logs/rl_games/Forge/2026-08-09_01-56-34/nn/Forge.pth,42,nominal,1002,False,timeout,149,31.02213478088379,-0.03211124241352081,29.792768478393555,10.946803092956543,1.0,0.028617490082979202,1.4620295763015747,0.01803026907145977,0.75,0.75,0.012830269522964954,0.23435941338539124
2026-08-09_01-56-34,/home/as22cq/Projects/Policy-RL-Peg_insertion/force_peg_rl/logs/rl_games/Forge/2026-08-09_01-56-34/nn/Forge.pth,42,nominal,1002,False,timeout,149,40.5080680847168,-0.016446737572550774,23.56524085998535,16.695886611938477,1.0666667222976685,0.02419119141995907,1.7473678588867188,0.016793452203273773,0.75,0.75,0.007269416470080614,0.7183584570884705
2026-08-09_01-56-34,/home/as22cq/Projects/Policy-RL-Peg_insertion/force_peg_rl/logs/rl_games/Forge/2026-08-09_01-56-34/nn/Forge.pth,42,nominal,1002,False,timeout,149,211.94151306152344,0.016824062913656235,25.02617073059082,10.596392631530762,0.7333333492279053,0.0010931268334388733,0.3406916558742523,0.02392515353858471,0.75,0.75,0.01636715605854988,0.6574069261550903
2026-08-09_01-56-34,/home/as22cq/Projects/Policy-RL-Peg_insertion/force_peg_rl/logs/rl_games/Forge/2026-08-09_01-56-34/nn/Forge.pth,42,nominal,1002,False,timeout,149,30.46360969543457,-0.021762778982520103,16.65414047241211,10.635764122009277,0.9250000715255737,0.028223922476172447,0.7167330980300903,0.015425212681293488,0.75,0.75,0.010845507495105267,-0.17294622957706451
2026-08-09_01-56-34,/home/as22cq/Projects/Policy-RL-Peg_insertion/force_peg_rl/logs/rl_games/Forge/2026-08-09_01-56-34/nn/Forge.pth,42,nominal,1002,False,timeout,149,27.03898048400879,0.009369619190692902,20.76117706298828,13.940174102783203,1.2000000476837158,0.0468289852142334,2.424760580062866,0.022415950894355774,0.75,0.75,0.0048272497951984406,0.5737558603286743
2026-08-09_01-56-34,/home/as22cq/Projects/Policy-RL-Peg_insertion/force_peg_rl/logs/rl_games/Forge/2026-08-09_01-56-34/nn/Forge.pth,42,nominal,1002,True,success,149,262.9015808105469,0.0006162505596876144,38.96469497680664,16.88466453552246,1.0416667461395264,0.0007188254385255277,1.0960443019866943,0.019533030688762665,0.75,0.75,0.006909668445587158,-0.18373343348503113
2026-08-09_01-56-34,/home/as22cq/Projects/Policy-RL-Peg_insertion/force_peg_rl/logs/rl_games/Forge/2026-08-09_01-56-34/nn/Forge.pth,42,nominal,1002,False,timeout,149,32.01076889038086,0.018334683030843735,16.87206268310547,12.640238761901855,1.0833333730697632,0.028122631832957268,0.7205902934074402,0.0217991191893816,0.75,0.75,0.01416313648223877,-0.5923187136650085
2026-08-09_01-56-34,/home/as22cq/Projects/Policy-RL-Peg_insertion/force_peg_rl/logs/rl_games/Forge/2026-08-09_01-56-34/nn/Forge.pth,42,nominal,1002,False,timeout,149,28.494604110717773,-0.008425802923738956,28.229862213134766,14.38393497467041,1.0750000476837158,0.03020326793193817,2.068450450897217,0.01697712019085884,0.75,0.75,0.009546847082674503,0.31992393732070923
2026-08-09_01-56-34,/home/as22cq/Projects/Policy-RL-Peg_insertion/force_peg_rl/logs/rl_games/Forge/2026-08-09_01-56-34/nn/Forge.pth,42,nominal,1002,False,timeout,149,27.943225860595703,-0.01948559284210205,24.960378646850586,13.276351928710938,0.9166666865348816,0.03179582953453064,0.6877889037132263,0.019805314019322395,0.75,0.75,0.006348778493702412,-0.3202236592769623
2026-08-09_01-56-34,/home/as22cq/Projects/Policy-RL-Peg_insertion/force_peg_rl/logs/rl_games/Forge/2026-08-09_01-56-34/nn/Forge.pth,42,nominal,1002,False,timeout,149,34.9413948059082,0.0006773611530661583,19.851966857910156,14.16114616394043,1.1666667461395264,0.04412994161248207,1.693108081817627,0.021873950958251953,0.75,0.75,0.022342020645737648,-0.4531630277633667
2026-08-09_01-56-34,/home/as22cq/Projects/Policy-RL-Peg_insertion/force_peg_rl/logs/rl_games/Forge/2026-08-09_01-56-34/nn/Forge.pth,42,nominal,1002,False,timeout,149,33.06342697143555,-0.02102973684668541,38.66716384887695,19.490785598754883,0.9250000715255737,0.03231276199221611,1.9682044982910156,0.01411090325564146,0.75,0.75,0.02148091420531273,0.3342389762401581
2026-08-09_01-56-34,/home/as22cq/Projects/Policy-RL-Peg_insertion/force_peg_rl/logs/rl_games/Forge/2026-08-09_01-56-34/nn/Forge.pth,42,nominal,1002,False,force_limit,149,35.99544143676758,0.004796415567398071,71.20574188232422,15.508072853088379,1.1750000715255737,0.020340118557214737,1.3526500463485718,0.01805630885064602,0.75,0.75,0.0029500052332878113,-0.7209979891777039
2026-08-09_01-56-34,/home/as22cq/Projects/Policy-RL-Peg_insertion/force_peg_rl/logs/rl_games/Forge/2026-08-09_01-56-34/nn/Forge.pth,42,nominal,1002,False,timeout,149,56.26693344116211,0.022178057581186295,11.953978538513184,6.16606330871582,0.10000000894069672,0.04605233669281006,1.0107749700546265,0.01963941752910614,0.75,0.75,0.016916904598474503,-0.45636430382728577
2026-08-09_01-56-34,/home/as22cq/Projects/Policy-RL-Peg_insertion/force_peg_rl/logs/rl_games/Forge/2026-08-09_01-56-34/nn/Forge.pth,42,nominal,1002,False,timeout,149,34.301971435546875,-0.027681171894073486,17.216943740844727,7.324706077575684,0.6833333969116211,0.03463740274310112,1.9503331184387207,0.015725543722510338,0.75,0.75,0.013111275620758533,0.5106745362281799
2026-08-09_01-56-34,/home/as22cq/Projects/Policy-RL-Peg_insertion/force_peg_rl/logs/rl_games/Forge/2026-08-09_01-56-34/nn/Forge.pth,42,nominal,1002,False,timeout,149,27.156665802001953,-0.038665443658828735,38.589500427246094,20.27086067199707,1.058333396911621,0.04200238734483719,0.9021835327148438,0.016262071207165718,0.75,0.75,0.018508827313780785,-0.4194827973842621
2026-08-09_01-56-34,/home/as22cq/Projects/Policy-RL-Peg_insertion/force_peg_rl/logs/rl_games/Forge/2026-08-09_01-56-34/nn/Forge.pth,42,nominal,1002,False,timeout,149,231.47531127929688,0.007799465209245682,20.341066360473633,10.626654624938965,0.9916667342185974,0.0006775915389880538,1.8308156728744507,0.019523851573467255,0.75,0.75,0.02659216709434986,0.6881676912307739
2026-08-09_01-56-34,/home/as22cq/Projects/Policy-RL-Peg_insertion/force_peg_rl/logs/rl_games/Forge/2026-08-09_01-56-34/nn/Forge.pth,42,nominal,1002,False,timeout,149,38.73136520385742,0.07098320126533508,17.852203369140625,12.622142791748047,0.8833333849906921,0.10957880318164825,3.0525474548339844,0.023978736251592636,0.75,0.75,0.010294116102159023,0.4520481824874878
2026-08-09_01-56-34,/home/as22cq/Projects/Policy-RL-Peg_insertion/force_peg_rl/logs/rl_games/Forge/2026-08-09_01-56-34/nn/Forge.pth,42,nominal,1002,False,timeout,149,25.252214431762695,0.008232556283473969,16.171180725097656,10.492228507995605,1.0666667222976685,0.031928740441799164,0.9428775310516357,0.01972881145775318,0.75,0.75,0.01685616746544838,-0.04973386600613594
2026-08-09_01-56-34,/home/as22cq/Projects/Policy-RL-Peg_insertion/force_peg_rl/logs/rl_games/Forge/2026-08-09_01-56-34/nn/Forge.pth,42,nominal,1002,False,timeout,149,29.914045333862305,-0.03707156330347061,21.636444091796875,7.395766735076904,0.8333333730697632,0.0522066131234169,1.5851951837539673,0.02226528339087963,0.75,0.75,0.018473954871296883,0.11260611563920975
2026-08-09_01-56-34,/home/as22cq/Projects/Policy-RL-Peg_insertion/force_peg_rl/logs/rl_games/Forge/2026-08-09_01-56-34/nn/Forge.pth,42,nominal,1002,False,timeout,149,39.706417083740234,0.01372123695909977,16.12650489807129,11.821322441101074,1.0916666984558105,0.02203676663339138,1.5389348268508911,0.020357154309749603,0.75,0.75,0.017040489241480827,0.5075076222419739
2026-08-09_01-56-34,/home/as22cq/Projects/Policy-RL-Peg_insertion/force_peg_rl/logs/rl_games/Forge/2026-08-09_01-56-34/nn/Forge.pth,42,nominal,1002,False,timeout,149,31.83322525024414,-0.01104927621781826,14.37368392944336,6.341830253601074,0.5250000357627869,0.027274979278445244,1.3545355796813965,0.023756520822644234,0.75,0.75,0.020336158573627472,-0.575778603553772
2026-08-09_01-56-34,/home/as22cq/Projects/Policy-RL-Peg_insertion/force_peg_rl/logs/rl_games/Forge/2026-08-09_01-56-34/nn/Forge.pth,42,nominal,1002,False,timeout,149,29.280473709106445,-0.00549674779176712,20.9528865814209,10.842374801635742,1.1083333492279053,0.03997800871729851,0.8034862279891968,0.02381220832467079,0.75,0.75,0.0032188454642891884,-0.05061739683151245
2026-08-09_01-56-34,/home/as22cq/Projects/Policy-RL-Peg_insertion/force_peg_rl/logs/rl_games/Forge/2026-08-09_01-56-34/nn/Forge.pth,42,nominal,1002,False,timeout,149,32.76206970214844,0.009469650685787201,22.13117027282715,6.300424098968506,0.5,0.07583640515804291,2.9290771484375,0.015532228164374828,0.75,0.75,0.019695384427905083,0.449902206659317
2026-08-09_01-56-34,/home/as22cq/Projects/Policy-RL-Peg_insertion/force_peg_rl/logs/rl_games/Forge/2026-08-09_01-56-34/nn/Forge.pth,42,nominal,1002,False,timeout,149,25.47854232788086,0.05418287217617035,26.709625244140625,17.1314697265625,1.0416667461395264,0.04321179538965225,0.2936478853225708,0.022354457527399063,0.75,0.75,0.005603870376944542,0.07000891119241714
2026-08-09_01-56-34,/home/as22cq/Projects/Policy-RL-Peg_insertion/force_peg_rl/logs/rl_games/Forge/2026-08-09_01-56-34/nn/Forge.pth,42,nominal,1002,False,timeout,149,26.597869873046875,-0.009010493755340576,34.996437072753906,16.7373104095459,0.9916667342185974,0.05136358365416527,0.6293434500694275,0.016362875699996948,0.75,0.75,0.010596600361168385,-0.09549438208341599
2026-08-09_01-56-34,/home/as22cq/Projects/Policy-RL-Peg_insertion/force_peg_rl/logs/rl_games/Forge/2026-08-09_01-56-34/nn/Forge.pth,42,nominal,1002,False,timeout,149,30.558866500854492,0.009228110313415527,22.380571365356445,10.579909324645996,0.8500000238418579,0.07048804312944412,0.8349447250366211,0.018567224964499474,0.75,0.75,0.01895197667181492,0.3644522428512573
2026-08-09_01-56-34,/home/as22cq/Projects/Policy-RL-Peg_insertion/force_peg_rl/logs/rl_games/Forge/2026-08-09_01-56-34/nn/Forge.pth,42,nominal,1002,False,timeout,149,221.34857177734375,0.006982410326600075,27.801286697387695,14.728607177734375,1.158333420753479,0.000716516631655395,1.637978196144104,0.01460939645767212,0.75,0.75,0.022799989208579063,0.5209661722183228
2026-08-09_01-56-34,/home/as22cq/Projects/Policy-RL-Peg_insertion/force_peg_rl/logs/rl_games/Forge/2026-08-09_01-56-34/nn/Forge.pth,42,nominal,1002,False,force_limit,149,42.981353759765625,-0.009410232305526733,101.71996307373047,12.687843322753906,0.9333333969116211,0.02631354331970215,2.540444850921631,0.01592688448727131,0.75,0.75,0.017749905586242676,0.579164445400238
2026-08-09_01-56-34,/home/as22cq/Projects/Policy-RL-Peg_insertion/force_peg_rl/logs/rl_games/Forge/2026-08-09_01-56-34/nn/Forge.pth,42,nominal,1002,False,timeout,149,63.243896484375,0.0011781677603721619,18.49828338623047,11.059022903442383,1.158333420753479,0.05137301981449127,2.568829298019409,0.015028892084956169,0.75,0.75,0.017709312960505486,-0.08008729666471481
2026-08-09_01-56-34,/home/as22cq/Projects/Policy-RL-Peg_insertion/force_peg_rl/logs/rl_games/Forge/2026-08-09_01-56-34/nn/Forge.pth,42,nominal,1002,False,timeout,149,34.455318450927734,-0.01899474486708641,27.549341201782227,9.39320182800293,0.8333333730697632,0.03154075890779495,2.149029493331909,0.021021177992224693,0.75,0.75,0.004467600490897894,0.20197007060050964
2026-08-09_01-56-34,/home/as22cq/Projects/Policy-RL-Peg_insertion/force_peg_rl/logs/rl_games/Forge/2026-08-09_01-56-34/nn/Forge.pth,42,nominal,1002,False,timeout,149,36.420372009277344,0.018288783729076385,13.691433906555176,9.029809951782227,1.0666667222976685,0.02430047281086445,2.095548152923584,0.022016379982233047,0.75,0.75,0.018406836315989494,0.17480923235416412
2026-08-09_01-56-34,/home/as22cq/Projects/Policy-RL-Peg_insertion/force_peg_rl/logs/rl_games/Forge/2026-08-09_01-56-34/nn/Forge.pth,42,nominal,1002,False,timeout,149,29.48923110961914,-0.02137502282857895,27.007856369018555,12.986723899841309,1.0416667461395264,0.03822975605726242,1.0903775691986084,0.015933562070131302,0.75,0.75,0.024951457977294922,-0.07270640879869461
2026-08-09_01-56-34,/home/as22cq/Projects/Policy-RL-Peg_insertion/force_peg_rl/logs/rl_games/Forge/2026-08-09_01-56-34/nn/Forge.pth,42,nominal,1002,False,timeout,149,33.25257873535156,-0.013395518064498901,33.85614013671875,13.062822341918945,0.9500000476837158,0.022424573078751564,2.5861032009124756,0.023076172918081284,0.75,0.75,0.02335609868168831,0.06091705709695816
2026-08-09_01-56-34,/home/as22cq/Projects/Policy-RL-Peg_insertion/force_peg_rl/logs/rl_games/Forge/2026-08-09_01-56-34/nn/Forge.pth,42,nominal,1002,False,force_limit,149,27.456972122192383,0.045718468725681305,52.01618957519531,17.470787048339844,1.1666667461395264,0.0429048128426075,0.6084869503974915,0.01642117276787758,0.75,0.75,0.015851473435759544,-0.5388689041137695
2026-08-09_01-56-34,/home/as22cq/Projects/Policy-RL-Peg_insertion/force_peg_rl/logs/rl_games/Forge/2026-08-09_01-56-34/nn/Forge.pth,42,nominal,1002,False,timeout,149,27.75574493408203,-0.03795652836561203,13.28250789642334,6.647295951843262,0.8583333492279053,0.04169498383998871,2.38504695892334,0.016180263832211494,0.75,0.75,0.009678642265498638,0.5390855073928833
2026-08-09_01-56-34,/home/as22cq/Projects/Policy-RL-Peg_insertion/force_peg_rl/logs/rl_games/Forge/2026-08-09_01-56-34/nn/Forge.pth,42,nominal,1002,False,timeout,149,24.894731521606445,0.016740858554840088,19.784896850585938,6.942290306091309,0.25,0.06896980851888657,2.327873945236206,0.020893197506666183,0.75,0.75,0.0029747106600552797,0.12710297107696533
2026-08-09_01-56-34,/home/as22cq/Projects/Policy-RL-Peg_insertion/force_peg_rl/logs/rl_games/Forge/2026-08-09_01-56-34/nn/Forge.pth,42,nominal,1002,False,timeout,149,29.76665687561035,0.030009016394615173,15.539952278137207,10.79311752319336,0.8583333492279053,0.04675675183534622,1.3380731344223022,0.014635894447565079,0.75,0.75,0.011362913995981216,-0.0016678259707987309
2026-08-09_01-56-34,/home/as22cq/Projects/Policy-RL-Peg_insertion/force_peg_rl/logs/rl_games/Forge/2026-08-09_01-56-34/nn/Forge.pth,42,nominal,1002,False,timeout,149,33.143524169921875,-0.01980753429234028,25.527387619018555,8.108330726623535,0.7333333492279053,0.029440464451909065,1.5823886394500732,0.01674528792500496,0.75,0.75,0.018491854891180992,0.5650649070739746
2026-08-09_01-56-34,/home/as22cq/Projects/Policy-RL-Peg_insertion/force_peg_rl/logs/rl_games/Forge/2026-08-09_01-56-34/nn/Forge.pth,42,nominal,1002,False,timeout,149,29.276927947998047,-0.020404458045959473,18.400100708007812,12.847914695739746,1.1166666746139526,0.02528698742389679,0.7058592438697815,0.018671730533242226,0.75,0.75,0.0020025954581797123,-0.46526697278022766
2026-08-09_01-56-34,/home/as22cq/Projects/Policy-RL-Peg_insertion/force_peg_rl/logs/rl_games/Forge/2026-08-09_01-56-34/nn/Forge.pth,42,nominal,1002,False,timeout,149,25.850130081176758,0.07645842432975769,18.87959098815918,7.730799674987793,0.7250000238418579,0.0553046353161335,0.4962261915206909,0.01972299814224243,0.75,0.75,0.020995372906327248,-0.2710346579551697
2026-08-09_01-56-34,/home/as22cq/Projects/Policy-RL-Peg_insertion/force_peg_rl/logs/rl_games/Forge/2026-08-09_01-56-34/nn/Forge.pth,42,nominal,1002,False,timeout,149,32.0494384765625,0.010393708944320679,28.289602279663086,10.954168319702148,0.9750000238418579,0.024361174553632736,2.462759256362915,0.018812652677297592,0.75,0.75,0.016727140173316002,-0.2101122885942459
2026-08-09_01-56-34,/home/as22cq/Projects/Policy-RL-Peg_insertion/force_peg_rl/logs/rl_games/Forge/2026-08-09_01-56-34/nn/Forge.pth,42,nominal,1002,False,timeout,149,29.23392677307129,0.0331922322511673,13.827154159545898,6.9160566329956055,0.7250000238418579,0.039448413997888565,2.288813352584839,0.014468837529420853,0.75,0.75,0.017557278275489807,0.13569100201129913
2026-08-09_01-56-34,/home/as22cq/Projects/Policy-RL-Peg_insertion/force_peg_rl/logs/rl_games/Forge/2026-08-09_01-56-34/nn/Forge.pth,42,nominal,1002,False,timeout,149,37.29026412963867,-0.03104041889309883,22.017606735229492,8.92114543914795,0.7416667342185974,0.0796835720539093,1.9652562141418457,0.016042886301875114,0.75,0.75,0.010237060487270355,0.16949419677257538
2026-08-09_01-56-34,/home/as22cq/Projects/Policy-RL-Peg_insertion/force_peg_rl/logs/rl_games/Forge/2026-08-09_01-56-34/nn/Forge.pth,42,nominal,1002,False,timeout,149,28.228654861450195,0.015075579285621643,15.093207359313965,9.663448333740234,0.9083333611488342,0.07875152677297592,2.9087603092193604,0.017942892387509346,0.75,0.75,0.010930529795587063,0.33859768509864807
2026-08-09_01-56-34,/home/as22cq/Projects/Policy-RL-Peg_insertion/force_peg_rl/logs/rl_games/Forge/2026-08-09_01-56-34/nn/Forge.pth,42,nominal,1002,False,timeout,149,28.466285705566406,0.0652904361486435,19.147628784179688,8.425470352172852,0.7583333849906921,0.025570685043931007,2.357248306274414,0.021644577383995056,0.75,0.75,0.018884098157286644,-0.5090925693511963
2026-08-09_01-56-34,/home/as22cq/Projects/Policy-RL-Peg_insertion/force_peg_rl/logs/rl_games/Forge/2026-08-09_01-56-34/nn/Forge.pth,42,nominal,1002,False,timeout,149,26.92439842224121,0.008652187883853912,21.640039443969727,11.304903030395508,0.9666666984558105,0.037083949893713,1.7660268545150757,0.01763828843832016,0.75,0.75,0.017109686508774757,0.7830051779747009
2026-08-09_01-56-34,/home/as22cq/Projects/Policy-RL-Peg_insertion/force_peg_rl/logs/rl_games/Forge/2026-08-09_01-56-34/nn/Forge.pth,42,nominal,1002,False,timeout,149,32.41404724121094,0.006319299340248108,34.15459442138672,9.932379722595215,1.0,0.03811737895011902,0.9594597816467285,0.019849169999361038,0.75,0.75,0.00843892339617014,-0.3602277934551239
2026-08-09_01-56-34,/home/as22cq/Projects/Policy-RL-Peg_insertion/force_peg_rl/logs/rl_games/Forge/2026-08-09_01-56-34/nn/Forge.pth,42,nominal,1002,False,timeout,149,29.881607055664062,0.0035447850823402405,19.100948333740234,10.787704467773438,0.7666667103767395,0.04178883880376816,1.4384350776672363,0.014026327058672905,0.75,0.75,0.018167346715927124,0.02429848350584507
2026-08-09_01-56-34,/home/as22cq/Projects/Policy-RL-Peg_insertion/force_peg_rl/logs/rl_games/Forge/2026-08-09_01-56-34/nn/Forge.pth,42,nominal,1002,False,timeout,149,35.812931060791016,-0.01874096691608429,47.648990631103516,13.639220237731934,1.1416667699813843,0.017417550086975098,1.803151249885559,0.021752428263425827,0.75,0.75,0.0048210895620286465,-0.455463171005249
2026-08-09_01-56-34,/home/as22cq/Projects/Policy-RL-Peg_insertion/force_peg_rl/logs/rl_games/Forge/2026-08-09_01-56-34/nn/Forge.pth,42,nominal,1002,False,timeout,149,29.561328887939453,0.041912369430065155,14.801945686340332,8.79824447631836,0.7916666865348816,0.055958133190870285,2.2244927883148193,0.02350851520895958,0.75,0.75,0.01819613203406334,-0.005416392348706722
2026-08-09_01-56-34,/home/as22cq/Projects/Policy-RL-Peg_insertion/force_peg_rl/logs/rl_games/Forge/2026-08-09_01-56-34/nn/Forge.pth,42,nominal,1002,False,timeout,149,28.808801651000977,-0.02738828957080841,18.71844482421875,13.524909973144531,1.0666667222976685,0.0485275499522686,0.5464693307876587,0.02101442776620388,0.75,0.75,0.009414990432560444,-0.6090927720069885
2026-08-09_01-56-34,/home/as22cq/Projects/Policy-RL-Peg_insertion/force_peg_rl/logs/rl_games/Forge/2026-08-09_01-56-34/nn/Forge.pth,42,nominal,1002,False,timeout,149,34.110198974609375,-0.02636219561100006,26.408828735351562,10.377874374389648,1.0250000953674316,0.015897858887910843,1.0683397054672241,0.015875333920121193,0.75,0.75,0.011569038964807987,-0.7177769541740417
2026-08-09_01-56-34,/home/as22cq/Projects/Policy-RL-Peg_insertion/force_peg_rl/logs/rl_games/Forge/2026-08-09_01-56-34/nn/Forge.pth,42,nominal,1002,False,timeout,149,49.20047378540039,0.11935321986675262,17.014768600463867,10.360482215881348,1.008333444595337,0.08194237947463989,-2.9596402645111084,0.015258326195180416,0.75,0.75,0.018379611894488335,0.7811346054077148
2026-08-09_01-56-34,/home/as22cq/Projects/Policy-RL-Peg_insertion/force_peg_rl/logs/rl_games/Forge/2026-08-09_01-56-34/nn/Forge.pth,42,nominal,1002,False,timeout,149,25.228195190429688,0.09386645257472992,13.11889934539795,7.7284040451049805,1.0,0.12401562929153442,3.1103715896606445,0.02088913694024086,0.75,0.75,0.022543538361787796,0.610447883605957
2026-08-09_01-56-34,/home/as22cq/Projects/Policy-RL-Peg_insertion/force_peg_rl/logs/rl_games/Forge/2026-08-09_01-56-34/nn/Forge.pth,42,nominal,1002,False,timeout,149,25.979812622070312,0.035515397787094116,23.43978500366211,12.545069694519043,1.058333396911621,0.0705682709813118,0.36888620257377625,0.018048662692308426,0.75,0.75,0.017558418214321136,-0.6706448793411255
2026-08-09_01-56-34,/home/as22cq/Projects/Policy-RL-Peg_insertion/force_peg_rl/logs/rl_games/Forge/2026-08-09_01-56-34/nn/Forge.pth,42,nominal,1002,False,timeout,149,31.61702537536621,0.0370381623506546,17.575389862060547,11.357376098632812,1.0416667461395264,0.014593430794775486,2.3372325897216797,0.01943502202630043,0.75,0.75,0.01972445659339428,0.34388330578804016
2026-08-09_01-56-34,/home/as22cq/Projects/Policy-RL-Peg_insertion/force_peg_rl/logs/rl_games/Forge/2026-08-09_01-56-34/nn/Forge.pth,42,nominal,1002,False,timeout,149,27.819198608398438,-0.028989993035793304,11.55941390991211,6.004568576812744,0.9166666865348816,0.04302939400076866,1.7773568630218506,0.022645199671387672,0.75,0.75,0.023847145959734917,0.5307522416114807
2026-08-09_01-56-34,/home/as22cq/Projects/Policy-RL-Peg_insertion/force_peg_rl/logs/rl_games/Forge/2026-08-09_01-56-34/nn/Forge.pth,42,nominal,1002,False,force_limit,149,24.345134735107422,0.10541417449712753,99.854736328125,12.969654083251953,0.9583333730697632,0.05366639420390129,0.5107228755950928,0.018944377079606056,0.75,0.75,0.006309390068054199,-0.7669963836669922
2026-08-09_01-56-34,/home/as22cq/Projects/Policy-RL-Peg_insertion/force_peg_rl/logs/rl_games/Forge/2026-08-09_01-56-34/nn/Forge.pth,42,nominal,1002,False,timeout,149,34.72337341308594,-0.019940588623285294,27.907520294189453,14.106600761413574,1.125,0.012721181847155094,1.8835883140563965,0.018863949924707413,0.75,0.75,0.01144767738878727,-0.6433558464050293
2026-08-09_01-56-34,/home/as22cq/Projects/Policy-RL-Peg_insertion/force_peg_rl/logs/rl_games/Forge/2026-08-09_01-56-34/nn/Forge.pth,42,nominal,1002,False,timeout,149,31.06930923461914,0.026843156665563583,17.608482360839844,9.239917755126953,0.9583333730697632,0.03767150267958641,2.4695322513580322,0.01667553372681141,0.75,0.75,0.02061265893280506,-0.4601648151874542
2026-08-09_01-56-34,/home/as22cq/Projects/Policy-RL-Peg_insertion/force_peg_rl/logs/rl_games/Forge/2026-08-09_01-56-34/nn/Forge.pth,42,nominal,1002,False,timeout,149,29.68927764892578,0.04714624583721161,12.747056007385254,7.767607688903809,1.058333396911621,0.044344667345285416,2.6860127449035645,0.016353605315089226,0.75,0.75,0.006426599342375994,0.5460515022277832
2026-08-09_01-56-34,/home/as22cq/Projects/Policy-RL-Peg_insertion/force_peg_rl/logs/rl_games/Forge/2026-08-09_01-56-34/nn/Forge.pth,42,nominal,1002,False,timeout,149,23.916994094848633,0.04468821361660957,22.262418746948242,9.55053424835205,0.9583333730697632,0.0816643089056015,1.2962031364440918,0.0231495201587677,0.75,0.75,0.018361076712608337,-0.6144851446151733
2026-08-09_01-56-34,/home/as22cq/Projects/Policy-RL-Peg_insertion/force_peg_rl/logs/rl_games/Forge/2026-08-09_01-56-34/nn/Forge.pth,42,nominal,1002,False,timeout,149,28.154857635498047,0.04950631037354469,28.797067642211914,14.593751907348633,1.133333444595337,0.03704454377293587,1.9658524990081787,0.017960816621780396,0.75,0.75,0.024453148245811462,-0.4762102961540222
2026-08-09_01-56-34,/home/as22cq/Projects/Policy-RL-Peg_insertion/force_peg_rl/logs/rl_games/Forge/2026-08-09_01-56-34/nn/Forge.pth,42,nominal,1002,False,timeout,149,30.17856788635254,0.0032872892916202545,17.079851150512695,11.82479476928711,1.0666667222976685,0.03263191133737564,1.6638884544372559,0.019579095765948296,0.75,0.75,0.020004894584417343,0.5039832592010498
2026-08-09_01-56-34,/home/as22cq/Projects/Policy-RL-Peg_insertion/force_peg_rl/logs/rl_games/Forge/2026-08-09_01-56-34/nn/Forge.pth,42,nominal,1002,False,timeout,149,28.580018997192383,0.07815669476985931,12.84385871887207,6.597655773162842,0.7250000238418579,0.06626436859369278,0.5200531482696533,0.015213627368211746,0.75,0.75,0.019050033763051033,-0.4809843897819519
2026-08-09_01-56-34,/home/as22cq/Projects/Policy-RL-Peg_insertion/force_peg_rl/logs/rl_games/Forge/2026-08-09_01-56-34/nn/Forge.pth,42,nominal,1002,False,timeout,149,35.5779914855957,0.07160329073667526,10.936368942260742,6.548944473266602,0.2083333432674408,0.06741953641176224,3.0321083068847656,0.02348879724740982,0.75,0.75,0.009959964081645012,0.6031556725502014
2026-08-09_01-56-34,/home/as22cq/Projects/Policy-RL-Peg_insertion/force_peg_rl/logs/rl_games/Forge/2026-08-09_01-56-34/nn/Forge.pth,42,nominal,1002,False,timeout,149,32.47725296020508,-0.018559258431196213,26.044357299804688,13.962112426757812,1.0833333730697632,0.019706187769770622,2.2165157794952393,0.018472418189048767,0.75,0.75,0.021738998591899872,0.2531190812587738
2026-08-09_01-56-34,/home/as22cq/Projects/Policy-RL-Peg_insertion/force_peg_rl/logs/rl_games/Forge/2026-08-09_01-56-34/nn/Forge.pth,42,nominal,1002,False,timeout,149,35.263206481933594,-0.002371314913034439,19.8952693939209,8.343254089355469,0.9416667222976685,0.024211470037698746,2.0243191719055176,0.01925172284245491,0.75,0.75,0.00961276050657034,0.052236493676900864
2026-08-09_01-56-34,/home/as22cq/Projects/Policy-RL-Peg_insertion/force_peg_rl/logs/rl_games/Forge/2026-08-09_01-56-34/nn/Forge.pth,42,nominal,1002,False,timeout,149,30.551151275634766,-0.030321195721626282,29.187782287597656,11.989957809448242,0.7250000238418579,0.038614243268966675,0.8039497137069702,0.019380442798137665,0.75,0.75,0.016822820529341698,0.6261430382728577
2026-08-09_01-56-34,/home/as22cq/Projects/Policy-RL-Peg_insertion/force_peg_rl/logs/rl_games/Forge/2026-08-09_01-56-34/nn/Forge.pth,42,nominal,1002,False,timeout,149,31.60011863708496,0.02583179622888565,37.85251998901367,14.168519020080566,1.1083333492279053,0.040895748883485794,2.900568962097168,0.016794543713331223,0.75,0.75,0.018017223104834557,0.46408531069755554
2026-08-09_01-56-34,/home/as22cq/Projects/Policy-RL-Peg_insertion/force_peg_rl/logs/rl_games/Forge/2026-08-09_01-56-34/nn/Forge.pth,42,nominal,1002,False,timeout,149,26.621517181396484,0.030953899025917053,28.771907806396484,14.923996925354004,1.0916666984558105,0.017586130648851395,0.8075225949287415,0.019242651760578156,0.75,0.75,0.022035354748368263,0.34101155400276184
2026-08-09_01-56-34,/home/as22cq/Projects/Policy-RL-Peg_insertion/force_peg_rl/logs/rl_games/Forge/2026-08-09_01-56-34/nn/Forge.pth,42,nominal,1002,False,timeout,149,32.39309310913086,0.03424853831529617,12.923056602478027,5.613401412963867,0.4583333432674408,0.08071338385343552,2.9176247119903564,0.015795283019542694,0.75,0.75,0.020367883145809174,0.34260889887809753
2026-08-09_01-56-34,/home/as22cq/Projects/Policy-RL-Peg_insertion/force_peg_rl/logs/rl_games/Forge/2026-08-09_01-56-34/nn/Forge.pth,42,nominal,1002,False,timeout,149,33.38605880737305,-0.008678734302520752,20.97758674621582,9.445405006408691,1.1666667461395264,0.024434877559542656,2.4057719707489014,0.019948218017816544,0.75,0.75,0.016364311799407005,-0.2797790467739105
2026-08-09_01-56-34,/home/as22cq/Projects/Policy-RL-Peg_insertion/force_peg_rl/logs/rl_games/Forge/2026-08-09_01-56-34/nn/Forge.pth,42,nominal,1002,False,timeout,149,29.508272171020508,-0.0036531835794448853,12.482975006103516,6.616260051727295,0.4333333671092987,0.060106340795755386,2.9537341594696045,0.01647849753499031,0.75,0.75,0.012738442979753017,0.524593710899353
2026-08-09_01-56-34,/home/as22cq/Projects/Policy-RL-Peg_insertion/force_peg_rl/logs/rl_games/Forge/2026-08-09_01-56-34/nn/Forge.pth,42,nominal,1002,False,timeout,149,24.903209686279297,0.0531538762152195,22.17231559753418,15.738554954528809,1.2000000476837158,0.09928661584854126,2.329360246658325,0.022872261703014374,0.75,0.75,0.0053299725987017155,0.7188141345977783
