run_id,checkpoint,training_seed,evaluation_suite,episode_seed,success,termination_reason,episode_steps,episode_return,final_insertion_depth,max_contact_force,mean_contact_force,force_above_threshold_duration,lateral_error_final,orientation_error_final,peg_mass,peg_friction,socket_friction,initial_xy_offset,initial_orientation_error
2026-08-17_10-55-26,/home/as22cq/Projects/Policy-RL-Peg_insertion/force_peg_rl/logs/rl_games/Forge/2026-08-17_10-55-26/nn/Forge.pth,1,nominal,1000,False,timeout,149,57.157859802246094,0.03437522053718567,7.24928092956543,3.2183010578155518,0.07500000298023224,0.017410119995474815,0.9371586441993713,0.023561738431453705,0.75,0.75,0.01671551913022995,0.7032023668289185
2026-08-17_10-55-26,/home/as22cq/Projects/Policy-RL-Peg_insertion/force_peg_rl/logs/rl_games/Forge/2026-08-17_10-55-26/nn/Forge.pth,1,nominal,1000,True,success,149,306.7600402832031,0.0015261061489582062,12.254526138305664,3.5853323936462402,0.0416666679084301,0.0007587376749143004,1.6915600299835205,0.017124135047197342,0.75,0.75,0.008148709312081337,0.36910954117774963
2026-08-17_10-55-26,/home/as22cq/Projects/Policy-RL-Peg_insertion/force_peg_rl/logs/rl_games/Forge/2026-08-17_10-55-26/nn/Forge.pth,1,nominal,1000,False,timeout,149,52.35664367675781,0.07964664697647095,10.796245574951172,1.712792158126831,0.0416666679084301,0.07835950702428818,0.7659105062484741,0.014178655110299587,0.75,0.75,0.023647740483283997,0.1123204231262207
2026-08-17_10-55-26,/home/as22cq/Projects/Policy-RL-Peg_insertion/force_peg_rl/logs/rl_games/Forge/2026-08-17_10-55-26/nn/Forge.pth,1,nominal,1000,False,timeout,149,107.3943862915039,0.0204487182199955,16.81015396118164,9.319808006286621,0.6666666865348816,0.0010408700909465551,1.7465418577194214,0.014822219498455524,0.75,0.75,0.014952776953577995,-0.2009725421667099
2026-08-17_10-55-26,/home/as22cq/Projects/Policy-RL-Peg_insertion/force_peg_rl/logs/rl_games/Forge/2026-08-17_10-55-26/nn/Forge.pth,1,nominal,1000,False,timeout,149,31.858043670654297,0.07119397073984146,10.494709014892578,1.1774675846099854,0.02500000223517418,0.058908551931381226,0.7927814722061157,0.015191162936389446,0.75,0.75,0.018248779699206352,0.5954028964042664
2026-08-17_10-55-26,/home/as22cq/Projects/Policy-RL-Peg_insertion/force_peg_rl/logs/rl_games/Forge/2026-08-17_10-55-26/nn/Forge.pth,1,nominal,1000,False,timeout,149,58.18300247192383,0.08132106810808182,15.329889297485352,7.068339824676514,0.7083333730697632,0.03885100409388542,0.7501529455184937,0.02277202531695366,0.75,0.75,0.018479695543646812,-0.7605499029159546
2026-08-17_10-55-26,/home/as22cq/Projects/Policy-RL-Peg_insertion/force_peg_rl/logs/rl_games/Forge/2026-08-17_10-55-26/nn/Forge.pth,1,nominal,1000,False,timeout,149,39.3625602722168,0.009858906269073486,9.994244575500488,2.3605403900146484,0.0416666679084301,0.05231938138604164,1.5335214138031006,0.01734333485364914,0.75,0.75,0.013883262872695923,-0.4561724364757538
2026-08-17_10-55-26,/home/as22cq/Projects/Policy-RL-Peg_insertion/force_peg_rl/logs/rl_games/Forge/2026-08-17_10-55-26/nn/Forge.pth,1,nominal,1000,False,timeout,149,106.5448989868164,0.06785143166780472,13.726090431213379,3.375760793685913,0.25833335518836975,0.017031587660312653,0.5443732738494873,0.015605839900672436,0.75,0.75,0.021147767081856728,-0.5716313123703003
2026-08-17_10-55-26,/home/as22cq/Projects/Policy-RL-Peg_insertion/force_peg_rl/logs/rl_games/Forge/2026-08-17_10-55-26/nn/Forge.pth,1,nominal,1000,False,timeout,149,26.954059600830078,0.20272928476333618,0.35843947529792786,0.0970270112156868,0.0,0.07235148549079895,0.1839073896408081,0.01608586497604847,0.75,0.75,0.02124195732176304,0.4941501319408417
2026-08-17_10-55-26,/home/as22cq/Projects/Policy-RL-Peg_insertion/force_peg_rl/logs/rl_games/Forge/2026-08-17_10-55-26/nn/Forge.pth,1,nominal,1000,False,timeout,149,38.50243377685547,0.020460382103919983,12.129920959472656,4.0066399574279785,0.21666668355464935,0.03140222281217575,1.3613399267196655,0.01495019905269146,0.75,0.75,0.019088279455900192,-0.26723089814186096
2026-08-17_10-55-26,/home/as22cq/Projects/Policy-RL-Peg_insertion/force_peg_rl/logs/rl_games/Forge/2026-08-17_10-55-26/nn/Forge.pth,1,nominal,1000,False,timeout,149,35.9943962097168,0.04317176342010498,8.78486442565918,1.4226551055908203,0.008333333767950535,0.07559613883495331,2.1124651432037354,0.018377695232629776,0.75,0.75,0.014740400947630405,0.10799532383680344
2026-08-17_10-55-26,/home/as22cq/Projects/Policy-RL-Peg_insertion/force_peg_rl/logs/rl_games/Forge/2026-08-17_10-55-26/nn/Forge.pth,1,nominal,1000,True,success,149,370.08404541015625,0.00028155744075775146,12.699566841125488,3.1489791870117188,0.05833333730697632,0.0007784839253872633,1.4186664819717407,0.022335082292556763,0.75,0.75,0.017694538459181786,0.3291117548942566
2026-08-17_10-55-26,/home/as22cq/Projects/Policy-RL-Peg_insertion/force_peg_rl/logs/rl_games/Forge/2026-08-17_10-55-26/nn/Forge.pth,1,nominal,1000,False,timeout,149,28.726316452026367,0.10737733542919159,6.555950164794922,0.35147690773010254,0.008333333767950535,0.050986118614673615,0.15602874755859375,0.020029595121741295,0.75,0.75,0.015316269360482693,-0.7804366946220398
2026-08-17_10-55-26,/home/as22cq/Projects/Policy-RL-Peg_insertion/force_peg_rl/logs/rl_games/Forge/2026-08-17_10-55-26/nn/Forge.pth,1,nominal,1000,True,success,149,337.3460693359375,0.0017414465546607971,14.99747085571289,3.2429823875427246,0.10833334177732468,0.0008020354434847832,1.2155306339263916,0.021023107692599297,0.75,0.75,0.009634340181946754,-0.2115703970193863
2026-08-17_10-55-26,/home/as22cq/Projects/Policy-RL-Peg_insertion/force_peg_rl/logs/rl_games/Forge/2026-08-17_10-55-26/nn/Forge.pth,1,nominal,1000,False,timeout,149,31.329565048217773,0.06147611141204834,6.263020038604736,0.9375985264778137,0.02500000223517418,0.05039294436573982,1.14297616481781,0.022172287106513977,0.75,0.75,0.012548491358757019,-0.137803852558136
2026-08-17_10-55-26,/home/as22cq/Projects/Policy-RL-Peg_insertion/force_peg_rl/logs/rl_games/Forge/2026-08-17_10-55-26/nn/Forge.pth,1,nominal,1000,False,timeout,149,54.13063430786133,0.15102584660053253,12.251455307006836,1.677937626838684,0.02500000223517418,0.06732385605573654,0.41501516103744507,0.01987394317984581,0.75,0.75,0.022480687126517296,-0.10681559145450592
2026-08-17_10-55-26,/home/as22cq/Projects/Policy-RL-Peg_insertion/force_peg_rl/logs/rl_games/Forge/2026-08-17_10-55-26/nn/Forge.pth,1,nominal,1000,False,timeout,149,37.45937728881836,0.06565716862678528,15.279459953308105,1.484675407409668,0.06666667014360428,0.05831543356180191,1.1107929944992065,0.016976987943053246,0.75,0.75,0.017675256356596947,0.7056381702423096
2026-08-17_10-55-26,/home/as22cq/Projects/Policy-RL-Peg_insertion/force_peg_rl/logs/rl_games/Forge/2026-08-17_10-55-26/nn/Forge.pth,1,nominal,1000,True,success,149,309.3869934082031,0.00015220791101455688,11.057580947875977,3.2677676677703857,0.09166666865348816,0.0005410186131484807,0.9741430282592773,0.023760249838232994,0.75,0.75,0.020208759233355522,0.34764203429222107
2026-08-17_10-55-26,/home/as22cq/Projects/Policy-RL-Peg_insertion/force_peg_rl/logs/rl_games/Forge/2026-08-17_10-55-26/nn/Forge.pth,1,nominal,1000,False,timeout,149,26.19866180419922,0.030086252838373184,15.269132614135742,3.246638059616089,0.1666666716337204,0.07407485693693161,2.1113462448120117,0.016569796949625015,0.75,0.75,0.015312105417251587,0.7492011189460754
2026-08-17_10-55-26,/home/as22cq/Projects/Policy-RL-Peg_insertion/force_peg_rl/logs/rl_games/Forge/2026-08-17_10-55-26/nn/Forge.pth,1,nominal,1000,False,timeout,149,31.273950576782227,0.0754299983382225,12.263530731201172,1.3740289211273193,0.008333333767950535,0.05042223259806633,0.7681745290756226,0.015117974020540714,0.75,0.75,0.02137409895658493,0.21661613881587982
2026-08-17_10-55-26,/home/as22cq/Projects/Policy-RL-Peg_insertion/force_peg_rl/logs/rl_games/Forge/2026-08-17_10-55-26/nn/Forge.pth,1,nominal,1000,False,timeout,149,30.117511749267578,0.08273791521787643,10.744545936584473,1.444014549255371,0.05000000447034836,0.046194110065698624,0.6674606204032898,0.014010193757712841,0.75,0.75,0.015321405604481697,-0.5128018260002136
2026-08-17_10-55-26,/home/as22cq/Projects/Policy-RL-Peg_insertion/force_peg_rl/logs/rl_games/Forge/2026-08-17_10-55-26/nn/Forge.pth,1,nominal,1000,False,timeout,149,29.499101638793945,0.08943194150924683,11.113707542419434,0.9468950033187866,0.01666666753590107,0.0693901777267456,0.6054943799972534,0.02174752950668335,0.75,0.75,0.02025887742638588,-0.6327519416809082
2026-08-17_10-55-26,/home/as22cq/Projects/Policy-RL-Peg_insertion/force_peg_rl/logs/rl_games/Forge/2026-08-17_10-55-26/nn/Forge.pth,1,nominal,1000,False,timeout,149,28.793787002563477,0.1824842393398285,10.955791473388672,1.6549268960952759,0.0416666679084301,0.03975220024585724,0.35264503955841064,0.017311863601207733,0.75,0.75,0.007682320196181536,-0.4939928650856018
2026-08-17_10-55-26,/home/as22cq/Projects/Policy-RL-Peg_insertion/force_peg_rl/logs/rl_games/Forge/2026-08-17_10-55-26/nn/Forge.pth,1,nominal,1000,False,timeout,149,62.20712661743164,0.06709519028663635,6.610637187957764,0.9916343688964844,0.008333333767950535,0.05249445140361786,0.8365116119384766,0.020803755149245262,0.75,0.75,0.018430469557642937,0.4884280562400818
2026-08-17_10-55-26,/home/as22cq/Projects/Policy-RL-Peg_insertion/force_peg_rl/logs/rl_games/Forge/2026-08-17_10-55-26/nn/Forge.pth,1,nominal,1000,True,success,149,281.46600341796875,0.0010569393634796143,13.443544387817383,4.914857387542725,0.4750000238418579,0.0007200803374871612,2.059175491333008,0.015124655328691006,0.75,0.75,0.01683112047612667,0.37920117378234863
2026-08-17_10-55-26,/home/as22cq/Projects/Policy-RL-Peg_insertion/force_peg_rl/logs/rl_games/Forge/2026-08-17_10-55-26/nn/Forge.pth,1,nominal,1000,True,success,149,373.60546875,0.00010106712579727173,15.425882339477539,4.8771514892578125,0.15000000596046448,0.0005617940914817154,1.5278382301330566,0.01879996247589588,0.75,0.75,0.00936125684529543,0.27571365237236023
2026-08-17_10-55-26,/home/as22cq/Projects/Policy-RL-Peg_insertion/force_peg_rl/logs/rl_games/Forge/2026-08-17_10-55-26/nn/Forge.pth,1,nominal,1000,False,timeout,149,31.280105590820312,0.06119471788406372,13.9512939453125,1.5514283180236816,0.0416666679084301,0.05427706614136696,0.7330387830734253,0.015738019719719887,0.75,0.75,0.013880397193133831,0.12686221301555634
2026-08-17_10-55-26,/home/as22cq/Projects/Policy-RL-Peg_insertion/force_peg_rl/logs/rl_games/Forge/2026-08-17_10-55-26/nn/Forge.pth,1,nominal,1000,False,timeout,149,174.2587432861328,0.008809968829154968,13.400008201599121,6.102101802825928,0.6083333492279053,0.0006151800625957549,1.4383227825164795,0.019555186852812767,0.75,0.75,0.008305797353386879,0.0697137787938118
2026-08-17_10-55-26,/home/as22cq/Projects/Policy-RL-Peg_insertion/force_peg_rl/logs/rl_games/Forge/2026-08-17_10-55-26/nn/Forge.pth,1,nominal,1000,False,timeout,149,27.951475143432617,0.09418992698192596,14.634259223937988,0.9219595789909363,0.01666666753590107,0.028124583885073662,0.36741015315055847,0.02124733291566372,0.75,0.75,0.007223862688988447,-0.6261898875236511
2026-08-17_10-55-26,/home/as22cq/Projects/Policy-RL-Peg_insertion/force_peg_rl/logs/rl_games/Forge/2026-08-17_10-55-26/nn/Forge.pth,1,nominal,1000,False,timeout,149,148.336669921875,0.022447355091571808,18.47844886779785,7.839660167694092,0.5416666865348816,0.0016700641717761755,0.979474663734436,0.01970910094678402,0.75,0.75,0.007939568720757961,-0.4622341990470886
2026-08-17_10-55-26,/home/as22cq/Projects/Policy-RL-Peg_insertion/force_peg_rl/logs/rl_games/Forge/2026-08-17_10-55-26/nn/Forge.pth,1,nominal,1000,False,timeout,149,55.61453628540039,0.0671129822731018,8.235186576843262,1.7328611612319946,0.0,0.03261448070406914,0.7531265616416931,0.02351207286119461,0.75,0.75,0.01979965902864933,0.24725523591041565
2026-08-17_10-55-26,/home/as22cq/Projects/Policy-RL-Peg_insertion/force_peg_rl/logs/rl_games/Forge/2026-08-17_10-55-26/nn/Forge.pth,1,nominal,1000,False,timeout,149,205.49586486816406,0.01655050367116928,10.928936004638672,4.71710205078125,0.14166668057441711,0.001502200961112976,1.3287688493728638,0.01648496463894844,0.75,0.75,0.017878403887152672,0.7256836891174316
2026-08-17_10-55-26,/home/as22cq/Projects/Policy-RL-Peg_insertion/force_peg_rl/logs/rl_games/Forge/2026-08-17_10-55-26/nn/Forge.pth,1,nominal,1000,False,timeout,149,25.73844337463379,0.08198433369398117,23.81937026977539,3.1230437755584717,0.10833334177732468,0.051162686198949814,0.7671944499015808,0.01584630087018013,0.75,0.75,0.011824360117316246,-0.6743318438529968
2026-08-17_10-55-26,/home/as22cq/Projects/Policy-RL-Peg_insertion/force_peg_rl/logs/rl_games/Forge/2026-08-17_10-55-26/nn/Forge.pth,1,nominal,1000,True,success,149,378.7196960449219,0.000387679785490036,9.294106483459473,4.226391792297363,0.0416666679084301,0.0006492439424619079,1.5842406749725342,0.022326525300741196,0.75,0.75,0.018539348617196083,0.5196216702461243
2026-08-17_10-55-26,/home/as22cq/Projects/Policy-RL-Peg_insertion/force_peg_rl/logs/rl_games/Forge/2026-08-17_10-55-26/nn/Forge.pth,1,nominal,1000,False,timeout,149,34.59864044189453,0.015489274635910988,14.595830917358398,1.5029321908950806,0.02500000223517418,0.06983638554811478,2.107764959335327,0.023398861289024353,0.75,0.75,0.017740091308951378,0.14715668559074402
2026-08-17_10-55-26,/home/as22cq/Projects/Policy-RL-Peg_insertion/force_peg_rl/logs/rl_games/Forge/2026-08-17_10-55-26/nn/Forge.pth,1,nominal,1000,True,success,149,188.69456481933594,0.00016105547547340393,19.232397079467773,9.479472160339355,0.6416667103767395,0.0006766633596271276,1.617364764213562,0.02174619771540165,0.75,0.75,0.021507401019334793,0.24911685287952423
2026-08-17_10-55-26,/home/as22cq/Projects/Policy-RL-Peg_insertion/force_peg_rl/logs/rl_games/Forge/2026-08-17_10-55-26/nn/Forge.pth,1,nominal,1000,True,success,149,287.2529602050781,0.00013405829668045044,37.374820709228516,5.926847457885742,0.28333336114883423,0.0005309037514962256,1.4658925533294678,0.01563699170947075,0.75,0.75,0.0176797304302454,0.26284798979759216
2026-08-17_10-55-26,/home/as22cq/Projects/Policy-RL-Peg_insertion/force_peg_rl/logs/rl_games/Forge/2026-08-17_10-55-26/nn/Forge.pth,1,nominal,1000,False,timeout,149,35.105140686035156,0.039890218526124954,4.541627883911133,0.6543450951576233,0.0,0.0646885558962822,2.0749258995056152,0.01573294587433338,0.75,0.75,0.02198193036019802,0.6111094951629639
2026-08-17_10-55-26,/home/as22cq/Projects/Policy-RL-Peg_insertion/force_peg_rl/logs/rl_games/Forge/2026-08-17_10-55-26/nn/Forge.pth,1,nominal,1000,False,timeout,149,173.6685791015625,0.015066716820001602,20.29576301574707,7.60418176651001,0.491666704416275,0.00072095962241292,1.5280957221984863,0.014003502205014229,0.75,0.75,0.012955267913639545,-0.5995081067085266
2026-08-17_10-55-26,/home/as22cq/Projects/Policy-RL-Peg_insertion/force_peg_rl/logs/rl_games/Forge/2026-08-17_10-55-26/nn/Forge.pth,1,nominal,1000,True,success,149,317.3824768066406,0.001737639307975769,25.49274444580078,4.441163539886475,0.2750000059604645,0.0007463288493454456,1.1272594928741455,0.02039811573922634,0.75,0.75,0.005036104936152697,0.553692102432251
2026-08-17_10-55-26,/home/as22cq/Projects/Policy-RL-Peg_insertion/force_peg_rl/logs/rl_games/Forge/2026-08-17_10-55-26/nn/Forge.pth,1,nominal,1000,True,success,149,394.113525390625,0.00036879628896713257,15.680583000183105,3.5903878211975098,0.07500000298023224,0.000915828684810549,1.1925349235534668,0.020300574600696564,0.75,0.75,0.00431095901876688,-0.09634539484977722
2026-08-17_10-55-26,/home/as22cq/Projects/Policy-RL-Peg_insertion/force_peg_rl/logs/rl_games/Forge/2026-08-17_10-55-26/nn/Forge.pth,1,nominal,1000,True,success,149,386.3269958496094,0.0004093647003173828,8.97768497467041,3.824481248855591,0.008333333767950535,0.0006974385469220579,1.2927722930908203,0.016163671389222145,0.75,0.75,0.00822652317583561,0.26826703548431396
2026-08-17_10-55-26,/home/as22cq/Projects/Policy-RL-Peg_insertion/force_peg_rl/logs/rl_games/Forge/2026-08-17_10-55-26/nn/Forge.pth,1,nominal,1000,False,timeout,149,51.750160217285156,0.1358111947774887,11.728002548217773,1.8343220949172974,0.07500000298023224,0.0519542321562767,0.35681086778640747,0.017122630029916763,0.75,0.75,0.018836958333849907,-0.18231983482837677
2026-08-17_10-55-26,/home/as22cq/Projects/Policy-RL-Peg_insertion/force_peg_rl/logs/rl_games/Forge/2026-08-17_10-55-26/nn/Forge.pth,1,nominal,1000,False,timeout,149,29.778135299682617,0.07769455015659332,13.593750953674316,0.938642680644989,0.008333333767950535,0.046480853110551834,0.6716143488883972,0.014354829676449299,0.75,0.75,0.017511136829853058,-0.36224284768104553
2026-08-17_10-55-26,/home/as22cq/Projects/Policy-RL-Peg_insertion/force_peg_rl/logs/rl_games/Forge/2026-08-17_10-55-26/nn/Forge.pth,1,nominal,1000,False,timeout,149,28.152313232421875,0.16042184829711914,14.637165069580078,1.2587741613388062,0.008333333767950535,0.06638625264167786,0.27707868814468384,0.01863621547818184,0.75,0.75,0.006828145124018192,-0.2768303155899048
2026-08-17_10-55-26,/home/as22cq/Projects/Policy-RL-Peg_insertion/force_peg_rl/logs/rl_games/Forge/2026-08-17_10-55-26/nn/Forge.pth,1,nominal,1000,False,timeout,149,27.35507583618164,0.07318936288356781,13.027271270751953,1.0225579738616943,0.09166666865348816,0.037833958864212036,0.6585264801979065,0.018752261996269226,0.75,0.75,0.016032904386520386,-0.5150390267372131
2026-08-17_10-55-26,/home/as22cq/Projects/Policy-RL-Peg_insertion/force_peg_rl/logs/rl_games/Forge/2026-08-17_10-55-26/nn/Forge.pth,1,nominal,1000,False,timeout,149,142.8314971923828,0.010989092290401459,12.452407836914062,3.860304832458496,0.0416666679084301,0.032834023237228394,1.5024793148040771,0.015378267504274845,0.75,0.75,0.00031635010964237154,-0.4822777211666107
2026-08-17_10-55-26,/home/as22cq/Projects/Policy-RL-Peg_insertion/force_peg_rl/logs/rl_games/Forge/2026-08-17_10-55-26/nn/Forge.pth,1,nominal,1000,True,success,149,341.3318176269531,0.0006256364285945892,9.340291976928711,3.3671481609344482,0.0416666679084301,0.0007161786197684705,1.153576374053955,0.014141926541924477,0.75,0.75,0.006866457872092724,-0.336221307516098
2026-08-17_10-55-26,/home/as22cq/Projects/Policy-RL-Peg_insertion/force_peg_rl/logs/rl_games/Forge/2026-08-17_10-55-26/nn/Forge.pth,1,nominal,1000,False,timeout,149,30.821914672851562,0.07844220846891403,8.120467185974121,1.1214057207107544,0.05000000447034836,0.0552678219974041,0.7913445830345154,0.018745511770248413,0.75,0.75,0.024047987535595894,0.6444141268730164
2026-08-17_10-55-26,/home/as22cq/Projects/Policy-RL-Peg_insertion/force_peg_rl/logs/rl_games/Forge/2026-08-17_10-55-26/nn/Forge.pth,1,nominal,1000,False,timeout,149,30.445371627807617,0.13036680221557617,6.425467014312744,0.8568263053894043,0.0,0.029788929969072342,0.5000666975975037,0.0173479113727808,0.75,0.75,0.009062601253390312,-0.15511783957481384
2026-08-17_10-55-26,/home/as22cq/Projects/Policy-RL-Peg_insertion/force_peg_rl/logs/rl_games/Forge/2026-08-17_10-55-26/nn/Forge.pth,1,nominal,1000,False,timeout,149,30.763959884643555,0.08565142750740051,11.913389205932617,1.2660752534866333,0.008333333767950535,0.029448596760630608,0.7076213955879211,0.01403332781046629,0.75,0.75,0.005143217276781797,-0.5621067881584167
2026-08-17_10-55-26,/home/as22cq/Projects/Policy-RL-Peg_insertion/force_peg_rl/logs/rl_games/Forge/2026-08-17_10-55-26/nn/Forge.pth,1,nominal,1000,False,timeout,149,66.34782409667969,0.06805463135242462,12.4046630859375,3.219006299972534,0.15833334624767303,0.05422532558441162,0.6984846591949463,0.018756166100502014,0.75,0.75,0.010409687645733356,0.5376743078231812
2026-08-17_10-55-26,/home/as22cq/Projects/Policy-RL-Peg_insertion/force_peg_rl/logs/rl_games/Forge/2026-08-17_10-55-26/nn/Forge.pth,1,nominal,1000,False,timeout,149,41.339378356933594,0.021706687286496162,12.069340705871582,2.6429333686828613,0.008333333767950535,0.08195500820875168,2.2279419898986816,0.02340727485716343,0.75,0.75,0.01523620169609785,-0.31428906321525574
2026-08-17_10-55-26,/home/as22cq/Projects/Policy-RL-Peg_insertion/force_peg_rl/logs/rl_games/Forge/2026-08-17_10-55-26/nn/Forge.pth,1,nominal,1000,False,timeout,149,29.96573257446289,0.2253904640674591,7.220809459686279,1.835295557975769,0.0,0.07559516280889511,0.3455520272254944,0.022075120359659195,0.75,0.75,0.018452828750014305,-0.513257622718811
2026-08-17_10-55-26,/home/as22cq/Projects/Policy-RL-Peg_insertion/force_peg_rl/logs/rl_games/Forge/2026-08-17_10-55-26/nn/Forge.pth,1,nominal,1000,True,success,149,285.719970703125,0.00019376538693904877,11.62039566040039,4.5788254737854,0.22500000894069672,0.0007384397322311997,1.0530890226364136,0.015387878753244877,0.75,0.75,0.0012650977587327361,0.562414288520813
2026-08-17_10-55-26,/home/as22cq/Projects/Policy-RL-Peg_insertion/force_peg_rl/logs/rl_games/Forge/2026-08-17_10-55-26/nn/Forge.pth,1,nominal,1000,False,timeout,149,58.81397247314453,0.017585955560207367,18.18286895751953,10.637927055358887,1.008333444595337,0.0006059429724700749,1.335459589958191,0.022252220660448074,0.75,0.75,0.016547856852412224,0.2977694571018219
2026-08-17_10-55-26,/home/as22cq/Projects/Policy-RL-Peg_insertion/force_peg_rl/logs/rl_games/Forge/2026-08-17_10-55-26/nn/Forge.pth,1,nominal,1000,False,timeout,149,32.925045013427734,0.05988777056336403,10.737458229064941,1.901713490486145,0.09166666865348816,0.05349896848201752,0.8161013722419739,0.016298748552799225,0.75,0.75,0.010977409780025482,-0.5985468029975891
2026-08-17_10-55-26,/home/as22cq/Projects/Policy-RL-Peg_insertion/force_peg_rl/logs/rl_games/Forge/2026-08-17_10-55-26/nn/Forge.pth,1,nominal,1000,False,timeout,149,28.348325729370117,0.09755676984786987,9.068448066711426,0.876724123954773,0.05000000447034836,0.0275669377297163,0.5464996695518494,0.015881797298789024,0.75,0.75,0.001004559569992125,-0.3111740052700043
2026-08-17_10-55-26,/home/as22cq/Projects/Policy-RL-Peg_insertion/force_peg_rl/logs/rl_games/Forge/2026-08-17_10-55-26/nn/Forge.pth,1,nominal,1000,True,success,149,371.23095703125,0.0001622326672077179,9.326644897460938,4.054841041564941,0.2750000059604645,0.0006751972250640392,1.4042531251907349,0.020506881177425385,0.75,0.75,0.0052452669478952885,0.23343375325202942
2026-08-17_10-55-26,/home/as22cq/Projects/Policy-RL-Peg_insertion/force_peg_rl/logs/rl_games/Forge/2026-08-17_10-55-26/nn/Forge.pth,1,nominal,1000,True,success,149,168.42630004882812,0.00017261505126953125,16.348352432250977,10.224809646606445,0.7583333849906921,0.0007381264003925025,0.7344443202018738,0.02275972068309784,0.75,0.75,0.023412443697452545,-0.6498783230781555
2026-08-17_10-55-26,/home/as22cq/Projects/Policy-RL-Peg_insertion/force_peg_rl/logs/rl_games/Forge/2026-08-17_10-55-26/nn/Forge.pth,1,nominal,1000,False,timeout,149,28.782363891601562,0.1102844625711441,5.566900253295898,0.4482726454734802,0.008333333767950535,0.019181741401553154,0.43983301520347595,0.01545441523194313,0.75,0.75,0.019387586042284966,-0.5489272475242615
2026-08-17_10-55-26,/home/as22cq/Projects/Policy-RL-Peg_insertion/force_peg_rl/logs/rl_games/Forge/2026-08-17_10-55-26/nn/Forge.pth,1,nominal,1000,True,success,149,299.8059997558594,0.0020114611834287643,14.136176109313965,3.0710761547088623,0.01666666753590107,0.000777863955590874,1.2347943782806396,0.015694985166192055,0.75,0.75,0.016368405893445015,0.5531549453735352
2026-08-17_10-55-26,/home/as22cq/Projects/Policy-RL-Peg_insertion/force_peg_rl/logs/rl_games/Forge/2026-08-17_10-55-26/nn/Forge.pth,1,nominal,1000,False,timeout,149,171.39389038085938,0.015307541936635971,14.103280067443848,5.7055182456970215,0.4583333432674408,0.0007714861421845853,1.4716317653656006,0.016468822956085205,0.75,0.75,0.016171017661690712,0.044991713017225266
2026-08-17_10-55-26,/home/as22cq/Projects/Policy-RL-Peg_insertion/force_peg_rl/logs/rl_games/Forge/2026-08-17_10-55-26/nn/Forge.pth,1,nominal,1000,False,timeout,149,31.318864822387695,0.061870042234659195,7.189906597137451,0.9132297039031982,0.01666666753590107,0.05917051061987877,1.5648876428604126,0.019007405266165733,0.75,0.75,0.016064055263996124,0.47414377331733704
2026-08-17_10-55-26,/home/as22cq/Projects/Policy-RL-Peg_insertion/force_peg_rl/logs/rl_games/Forge/2026-08-17_10-55-26/nn/Forge.pth,1,nominal,1000,False,timeout,149,157.7576904296875,0.009172242134809494,24.240863800048828,9.875176429748535,0.7083333730697632,0.0006859033601358533,1.295771837234497,0.018118543550372124,0.75,0.75,0.01802942156791687,0.7498461008071899
2026-08-17_10-55-26,/home/as22cq/Projects/Policy-RL-Peg_insertion/force_peg_rl/logs/rl_games/Forge/2026-08-17_10-55-26/nn/Forge.pth,1,nominal,1000,False,timeout,149,28.63025665283203,0.10423379391431808,2.895493507385254,0.19557049870491028,0.0,0.010032730177044868,0.3812156617641449,0.01966632716357708,0.75,0.75,0.007557578384876251,-0.09815933555364609
2026-08-17_10-55-26,/home/as22cq/Projects/Policy-RL-Peg_insertion/force_peg_rl/logs/rl_games/Forge/2026-08-17_10-55-26/nn/Forge.pth,1,nominal,1000,False,timeout,149,28.604530334472656,0.07318376749753952,0.18181216716766357,0.03826349228620529,0.0,0.06415489315986633,0.9696347117424011,0.023308061063289642,0.75,0.75,0.012412076815962791,-0.5530489087104797
2026-08-17_10-55-26,/home/as22cq/Projects/Policy-RL-Peg_insertion/force_peg_rl/logs/rl_games/Forge/2026-08-17_10-55-26/nn/Forge.pth,1,nominal,1000,False,timeout,149,51.06170654296875,0.08052738010883331,6.9162468910217285,1.7527492046356201,0.0,0.0483250617980957,0.7039801478385925,0.0215561892837286,0.75,0.75,0.01169957872480154,0.7156596779823303
2026-08-17_10-55-26,/home/as22cq/Projects/Policy-RL-Peg_insertion/force_peg_rl/logs/rl_games/Forge/2026-08-17_10-55-26/nn/Forge.pth,1,nominal,1000,False,timeout,149,26.594348907470703,0.09332174062728882,6.707305431365967,0.249782532453537,0.0,0.04788777604699135,0.4647181034088135,0.020947342738509178,0.75,0.75,0.014580048620700836,-0.5432584285736084
2026-08-17_10-55-26,/home/as22cq/Projects/Policy-RL-Peg_insertion/force_peg_rl/logs/rl_games/Forge/2026-08-17_10-55-26/nn/Forge.pth,1,nominal,1000,False,timeout,149,23.66510009765625,0.22883807122707367,0.588533878326416,0.09726789593696594,0.0,0.07735375314950943,0.21076910197734833,0.01947927102446556,0.75,0.75,0.020112982019782066,-0.3255522549152374
2026-08-17_10-55-26,/home/as22cq/Projects/Policy-RL-Peg_insertion/force_peg_rl/logs/rl_games/Forge/2026-08-17_10-55-26/nn/Forge.pth,1,nominal,1000,False,timeout,149,27.729442596435547,0.14106866717338562,5.184820175170898,0.1426967829465866,0.0,0.037826959043741226,0.4930182695388794,0.023776449263095856,0.75,0.75,0.008903895504772663,-0.46175509691238403
2026-08-17_10-55-26,/home/as22cq/Projects/Policy-RL-Peg_insertion/force_peg_rl/logs/rl_games/Forge/2026-08-17_10-55-26/nn/Forge.pth,1,nominal,1000,False,timeout,149,29.023298263549805,0.0664154589176178,7.283062934875488,0.2848231792449951,0.0,0.029839344322681427,0.9778478741645813,0.020117316395044327,0.75,0.75,0.010707366280257702,-0.48739689588546753
2026-08-17_10-55-26,/home/as22cq/Projects/Policy-RL-Peg_insertion/force_peg_rl/logs/rl_games/Forge/2026-08-17_10-55-26/nn/Forge.pth,1,nominal,1000,False,timeout,149,26.513765335083008,0.08793900907039642,0.4000069797039032,0.1075323224067688,0.0,0.029211098328232765,0.7252950668334961,0.020863723009824753,0.75,0.75,0.021311189979314804,0.07904361933469772
2026-08-17_10-55-26,/home/as22cq/Projects/Policy-RL-Peg_insertion/force_peg_rl/logs/rl_games/Forge/2026-08-17_10-55-26/nn/Forge.pth,1,nominal,1000,False,timeout,149,26.319894790649414,0.2041572779417038,4.408868312835693,0.2937147319316864,0.0,0.07850516587495804,0.2545323967933655,0.018675675615668297,0.75,0.75,0.013937028124928474,-0.2979695796966553
2026-08-17_10-55-26,/home/as22cq/Projects/Policy-RL-Peg_insertion/force_peg_rl/logs/rl_games/Forge/2026-08-17_10-55-26/nn/Forge.pth,1,nominal,1000,False,timeout,149,27.024831771850586,0.16392937302589417,4.721578121185303,0.11728575080633163,0.0,0.06153963878750801,0.295150488615036,0.01725655607879162,0.75,0.75,0.020735424011945724,-0.5086582899093628
2026-08-17_10-55-26,/home/as22cq/Projects/Policy-RL-Peg_insertion/force_peg_rl/logs/rl_games/Forge/2026-08-17_10-55-26/nn/Forge.pth,1,nominal,1000,False,timeout,149,-14.040365219116211,0.12494314461946487,20.55788803100586,4.219677448272705,0.25833335518836975,0.02989770844578743,0.2786423861980438,0.017080988734960556,0.75,0.75,0.02362671308219433,-0.36425384879112244
2026-08-17_10-55-26,/home/as22cq/Projects/Policy-RL-Peg_insertion/force_peg_rl/logs/rl_games/Forge/2026-08-17_10-55-26/nn/Forge.pth,1,nominal,1000,False,timeout,149,27.342849731445312,0.0784762054681778,0.5509265065193176,0.10781535506248474,0.0,0.06366533786058426,0.898444652557373,0.01959938555955887,0.75,0.75,0.008725802414119244,-0.20728302001953125
2026-08-17_10-55-26,/home/as22cq/Projects/Policy-RL-Peg_insertion/force_peg_rl/logs/rl_games/Forge/2026-08-17_10-55-26/nn/Forge.pth,1,nominal,1000,False,timeout,149,28.56271743774414,0.1254802793264389,4.868378162384033,0.5367549061775208,0.0,0.02911919169127941,0.4562264382839203,0.01676381379365921,0.75,0.75,0.02318117953836918,-0.26434141397476196
2026-08-17_10-55-26,/home/as22cq/Projects/Policy-RL-Peg_insertion/force_peg_rl/logs/rl_games/Forge/2026-08-17_10-55-26/nn/Forge.pth,1,nominal,1000,False,timeout,149,28.85397720336914,0.0759311094880104,7.038898468017578,0.20575621724128723,0.008333333767950535,0.06298596411943436,0.8985281586647034,0.018617698922753334,0.75,0.75,0.010049527511000633,-0.43480250239372253
2026-08-17_10-55-26,/home/as22cq/Projects/Policy-RL-Peg_insertion/force_peg_rl/logs/rl_games/Forge/2026-08-17_10-55-26/nn/Forge.pth,1,nominal,1000,False,timeout,149,26.390995025634766,0.10080941021442413,0.3209964632987976,0.0583161860704422,0.0,0.01825847290456295,0.7172803282737732,0.023897871375083923,0.75,0.75,0.018173715099692345,0.13729806244373322
2026-08-17_10-55-26,/home/as22cq/Projects/Policy-RL-Peg_insertion/force_peg_rl/logs/rl_games/Forge/2026-08-17_10-55-26/nn/Forge.pth,1,nominal,1000,False,timeout,149,26.180124282836914,0.10042937099933624,6.640744209289551,0.2859770357608795,0.0,0.029581313952803612,0.3429473340511322,0.021812450140714645,0.75,0.75,0.005449702497571707,-0.4867987334728241
2026-08-17_10-55-26,/home/as22cq/Projects/Policy-RL-Peg_insertion/force_peg_rl/logs/rl_games/Forge/2026-08-17_10-55-26/nn/Forge.pth,1,nominal,1000,False,timeout,149,58.315147399902344,0.043209608644247055,8.964329719543457,2.3108158111572266,0.0,0.08033575862646103,1.4636874198913574,0.02134937047958374,0.75,0.75,0.020930200815200806,0.7350996732711792
2026-08-17_10-55-26,/home/as22cq/Projects/Policy-RL-Peg_insertion/force_peg_rl/logs/rl_games/Forge/2026-08-17_10-55-26/nn/Forge.pth,1,nominal,1000,False,timeout,149,28.827613830566406,0.0569324716925621,1.3928340673446655,0.08518601953983307,0.0,0.07318826764822006,1.8841135501861572,0.021089788526296616,0.75,0.75,0.012755047529935837,-0.14591597020626068
2026-08-17_10-55-26,/home/as22cq/Projects/Policy-RL-Peg_insertion/force_peg_rl/logs/rl_games/Forge/2026-08-17_10-55-26/nn/Forge.pth,1,nominal,1000,False,timeout,149,24.864431381225586,0.1882925182580948,0.3035682737827301,0.07474938780069351,0.0,0.06016356498003006,0.23561492562294006,0.018257219344377518,0.75,0.75,0.01698097214102745,-0.5630594491958618
2026-08-17_10-55-26,/home/as22cq/Projects/Policy-RL-Peg_insertion/force_peg_rl/logs/rl_games/Forge/2026-08-17_10-55-26/nn/Forge.pth,1,nominal,1000,False,timeout,149,25.551694869995117,0.10457567870616913,1.6871490478515625,0.14073841273784637,0.0,0.044914741069078445,0.7237141132354736,0.02389443665742874,0.75,0.75,0.008508238010108471,-0.09283413738012314
2026-08-17_10-55-26,/home/as22cq/Projects/Policy-RL-Peg_insertion/force_peg_rl/logs/rl_games/Forge/2026-08-17_10-55-26/nn/Forge.pth,1,nominal,1000,False,timeout,149,28.92380714416504,0.07390698790550232,2.136199712753296,0.11174646019935608,0.0,0.06459931284189224,1.0125069618225098,0.01434275507926941,0.75,0.75,0.018330039456486702,-0.004009596072137356
2026-08-17_10-55-26,/home/as22cq/Projects/Policy-RL-Peg_insertion/force_peg_rl/logs/rl_games/Forge/2026-08-17_10-55-26/nn/Forge.pth,1,nominal,1000,False,timeout,149,28.22323989868164,0.07245877385139465,0.5789391994476318,0.07417255640029907,0.0,0.09754219651222229,1.9715166091918945,0.01877862587571144,0.75,0.75,0.02176535129547119,0.15468282997608185
2026-08-17_10-55-26,/home/as22cq/Projects/Policy-RL-Peg_insertion/force_peg_rl/logs/rl_games/Forge/2026-08-17_10-55-26/nn/Forge.pth,1,nominal,1000,False,timeout,149,34.70335006713867,0.06407318264245987,5.79111385345459,0.8057201504707336,0.008333333767950535,0.05482156574726105,0.9584388732910156,0.021160157397389412,0.75,0.75,0.02139127627015114,0.6004807949066162
2026-08-17_10-55-26,/home/as22cq/Projects/Policy-RL-Peg_insertion/force_peg_rl/logs/rl_games/Forge/2026-08-17_10-55-26/nn/Forge.pth,1,nominal,1000,False,timeout,149,8.947193145751953,0.07575378566980362,12.073077201843262,3.0216028690338135,0.3583333492279053,0.08270955085754395,1.1821460723876953,0.023499952629208565,0.75,0.75,0.01928936131298542,0.7430297136306763
2026-08-17_10-55-26,/home/as22cq/Projects/Policy-RL-Peg_insertion/force_peg_rl/logs/rl_games/Forge/2026-08-17_10-55-26/nn/Forge.pth,1,nominal,1000,False,timeout,149,25.09402847290039,0.069999560713768,9.421162605285645,1.4041478633880615,0.15833334624767303,0.07417415082454681,1.1940792798995972,0.02208162099123001,0.75,0.75,0.017008619382977486,-0.35491257905960083
2026-08-17_10-55-26,/home/as22cq/Projects/Policy-RL-Peg_insertion/force_peg_rl/logs/rl_games/Forge/2026-08-17_10-55-26/nn/Forge.pth,1,nominal,1000,False,timeout,149,24.874788284301758,0.07305695861577988,0.2940840721130371,0.050810035318136215,0.0,0.0240106750279665,0.5659932494163513,0.019956247881054878,0.75,0.75,0.01755394972860813,0.13986514508724213
2026-08-17_10-55-26,/home/as22cq/Projects/Policy-RL-Peg_insertion/force_peg_rl/logs/rl_games/Forge/2026-08-17_10-55-26/nn/Forge.pth,1,nominal,1000,False,timeout,149,30.029041290283203,0.09095396101474762,7.220400810241699,0.9367199540138245,0.0,0.05243367701768875,0.6379183530807495,0.016296397894620895,0.75,0.75,0.018527429550886154,0.7244347929954529
2026-08-17_10-55-26,/home/as22cq/Projects/Policy-RL-Peg_insertion/force_peg_rl/logs/rl_games/Forge/2026-08-17_10-55-26/nn/Forge.pth,1,nominal,1000,False,timeout,149,38.32493591308594,0.0589885376393795,5.240977764129639,0.4832046926021576,0.0,0.08919389545917511,1.6005827188491821,0.016626736149191856,0.75,0.75,0.01710171066224575,0.7117137908935547
2026-08-17_10-55-26,/home/as22cq/Projects/Policy-RL-Peg_insertion/force_peg_rl/logs/rl_games/Forge/2026-08-17_10-55-26/nn/Forge.pth,1,nominal,1000,False,timeout,149,25.342905044555664,0.07395024597644806,1.2324986457824707,0.1087377518415451,0.0,0.06439310312271118,1.171759009361267,0.020225219428539276,0.75,0.75,0.016017749905586243,0.0034809454809874296
2026-08-17_10-55-26,/home/as22cq/Projects/Policy-RL-Peg_insertion/force_peg_rl/logs/rl_games/Forge/2026-08-17_10-55-26/nn/Forge.pth,1,nominal,1000,False,timeout,149,27.65138053894043,0.07530137896537781,7.820117473602295,0.19632786512374878,0.008333333767950535,0.051670387387275696,0.5821768045425415,0.015488960780203342,0.75,0.75,0.02502834051847458,-0.7038906216621399
2026-08-17_10-55-26,/home/as22cq/Projects/Policy-RL-Peg_insertion/force_peg_rl/logs/rl_games/Forge/2026-08-17_10-55-26/nn/Forge.pth,1,nominal,1000,False,timeout,149,27.197269439697266,0.12864038348197937,8.735573768615723,1.0484423637390137,0.07500000298023224,0.04118478298187256,0.31855642795562744,0.022106576710939407,0.75,0.75,0.00516841746866703,-0.4852777123451233
2026-08-17_10-55-26,/home/as22cq/Projects/Policy-RL-Peg_insertion/force_peg_rl/logs/rl_games/Forge/2026-08-17_10-55-26/nn/Forge.pth,1,nominal,1000,False,timeout,149,28.393535614013672,0.08319246023893356,0.3300890624523163,0.0933842882514,0.0,0.07849879562854767,0.44447895884513855,0.017006417736411095,0.75,0.75,0.013639906421303749,0.48150819540023804
2026-08-17_10-55-26,/home/as22cq/Projects/Policy-RL-Peg_insertion/force_peg_rl/logs/rl_games/Forge/2026-08-17_10-55-26/nn/Forge.pth,1,nominal,1000,False,timeout,149,23.979841232299805,0.06141938269138336,9.346202850341797,1.559117317199707,0.17500001192092896,0.04122808575630188,0.8826025724411011,0.01710451766848564,0.75,0.75,0.013467268086969852,-0.3489978611469269
2026-08-17_10-55-26,/home/as22cq/Projects/Policy-RL-Peg_insertion/force_peg_rl/logs/rl_games/Forge/2026-08-17_10-55-26/nn/Forge.pth,1,nominal,1000,False,timeout,149,26.335113525390625,0.0703510195016861,0.29981034994125366,0.09642963856458664,0.0,0.07100836932659149,0.8273141384124756,0.015928983688354492,0.75,0.75,0.02180388756096363,0.42929592728614807
2026-08-17_10-55-26,/home/as22cq/Projects/Policy-RL-Peg_insertion/force_peg_rl/logs/rl_games/Forge/2026-08-17_10-55-26/nn/Forge.pth,1,nominal,1000,False,timeout,149,30.04636573791504,0.08025766909122467,10.984164237976074,1.6813337802886963,0.07500000298023224,0.01775878109037876,0.706873893737793,0.021516626700758934,0.75,0.75,0.02926960401237011,-0.5342552065849304
2026-08-17_10-55-26,/home/as22cq/Projects/Policy-RL-Peg_insertion/force_peg_rl/logs/rl_games/Forge/2026-08-17_10-55-26/nn/Forge.pth,1,nominal,1000,False,timeout,149,19.671138763427734,0.12415318191051483,8.497912406921387,1.2566006183624268,0.13333334028720856,0.0688706561923027,0.0030661975033581257,0.023288067430257797,0.75,0.75,0.017657635733485222,-0.610683798789978
2026-08-17_10-55-26,/home/as22cq/Projects/Policy-RL-Peg_insertion/force_peg_rl/logs/rl_games/Forge/2026-08-17_10-55-26/nn/Forge.pth,1,nominal,1000,False,timeout,149,27.996259689331055,0.06456912308931351,7.5098557472229,0.16475678980350494,0.0,0.02753264084458351,0.5574163198471069,0.02208520472049713,0.75,0.75,0.0059074643068015575,-0.22996221482753754
2026-08-17_10-55-26,/home/as22cq/Projects/Policy-RL-Peg_insertion/force_peg_rl/logs/rl_games/Forge/2026-08-17_10-55-26/nn/Forge.pth,1,nominal,1000,False,timeout,149,22.171131134033203,0.08001931011676788,11.466660499572754,1.8679643869400024,0.2083333432674408,0.016081765294075012,0.34988176822662354,0.020177297294139862,0.75,0.75,0.01687154546380043,-0.5151067972183228
2026-08-17_10-55-26,/home/as22cq/Projects/Policy-RL-Peg_insertion/force_peg_rl/logs/rl_games/Forge/2026-08-17_10-55-26/nn/Forge.pth,1,nominal,1000,False,timeout,149,31.247894287109375,0.0852714329957962,3.9170970916748047,0.3988373279571533,0.0,0.03452041372656822,0.7968014478683472,0.021927693858742714,0.75,0.75,0.012710227631032467,0.1696503609418869
2026-08-17_10-55-26,/home/as22cq/Projects/Policy-RL-Peg_insertion/force_peg_rl/logs/rl_games/Forge/2026-08-17_10-55-26/nn/Forge.pth,1,nominal,1000,False,timeout,149,46.88982391357422,0.033202894032001495,3.8768255710601807,0.38157424330711365,0.0,0.07160688191652298,2.235668182373047,0.018010679632425308,0.75,0.75,0.017392847687005997,-0.19666120409965515
2026-08-17_10-55-26,/home/as22cq/Projects/Policy-RL-Peg_insertion/force_peg_rl/logs/rl_games/Forge/2026-08-17_10-55-26/nn/Forge.pth,1,nominal,1000,False,timeout,149,26.791969299316406,0.020898111164569855,17.33477210998535,6.2818803787231445,0.30000001192092896,0.04219304770231247,0.6621934771537781,0.02326672337949276,0.75,0.75,0.001741071231663227,0.7786034941673279
2026-08-17_10-55-26,/home/as22cq/Projects/Policy-RL-Peg_insertion/force_peg_rl/logs/rl_games/Forge/2026-08-17_10-55-26/nn/Forge.pth,1,nominal,1000,False,timeout,149,28.189910888671875,0.12877577543258667,4.391668796539307,0.24474629759788513,0.0,0.03321699798107147,0.3797188699245453,0.015167709439992905,0.75,0.75,0.020970584824681282,-0.36637839674949646
2026-08-17_10-55-26,/home/as22cq/Projects/Policy-RL-Peg_insertion/force_peg_rl/logs/rl_games/Forge/2026-08-17_10-55-26/nn/Forge.pth,1,nominal,1000,False,timeout,149,26.475055694580078,0.0677584558725357,0.3237239122390747,0.09141174703836441,0.0,0.07616817206144333,2.186767339706421,0.018633289262652397,0.75,0.75,0.01637198030948639,0.6513102650642395
2026-08-17_10-55-26,/home/as22cq/Projects/Policy-RL-Peg_insertion/force_peg_rl/logs/rl_games/Forge/2026-08-17_10-55-26/nn/Forge.pth,1,nominal,1000,False,timeout,149,29.16374397277832,0.06902512162923813,0.717013955116272,0.097850002348423,0.0,0.0800485834479332,1.8155157566070557,0.015388816595077515,0.75,0.75,0.003921461757272482,0.7233932614326477
2026-08-17_10-55-26,/home/as22cq/Projects/Policy-RL-Peg_insertion/force_peg_rl/logs/rl_games/Forge/2026-08-17_10-55-26/nn/Forge.pth,1,nominal,1000,False,timeout,149,28.393341064453125,0.11271049082279205,1.3766900300979614,0.13291390240192413,0.0,0.03061443567276001,0.4115241765975952,0.02274537831544876,0.75,0.75,0.009313339367508888,-0.08680328726768494
2026-08-17_10-55-26,/home/as22cq/Projects/Policy-RL-Peg_insertion/force_peg_rl/logs/rl_games/Forge/2026-08-17_10-55-26/nn/Forge.pth,1,nominal,1000,False,timeout,149,28.196882247924805,0.15006792545318604,4.213188171386719,0.1252441555261612,0.0,0.05094047635793686,0.3384382724761963,0.015710577368736267,0.75,0.75,0.019425595179200172,-0.4838445484638214
2026-08-17_10-55-26,/home/as22cq/Projects/Policy-RL-Peg_insertion/force_peg_rl/logs/rl_games/Forge/2026-08-17_10-55-26/nn/Forge.pth,1,nominal,1000,False,timeout,149,33.41743087768555,0.018578127026557922,10.577705383300781,0.74448561668396,0.008333333767950535,0.052542559802532196,1.9930933713912964,0.02032092958688736,0.75,0.75,0.014182153157889843,0.6797966957092285
2026-08-17_10-55-26,/home/as22cq/Projects/Policy-RL-Peg_insertion/force_peg_rl/logs/rl_games/Forge/2026-08-17_10-55-26/nn/Forge.pth,1,nominal,1000,False,timeout,149,28.284626007080078,0.07033755630254745,0.3807736933231354,0.09734202921390533,0.0,0.05253174901008606,0.7593073844909668,0.014849083498120308,0.75,0.75,0.018205173313617706,0.5930506587028503
2026-08-17_10-55-26,/home/as22cq/Projects/Policy-RL-Peg_insertion/force_peg_rl/logs/rl_games/Forge/2026-08-17_10-55-26/nn/Forge.pth,1,nominal,1000,False,timeout,149,28.470020294189453,0.05468593165278435,0.13024550676345825,0.021508825942873955,0.0,0.06868866086006165,2.1644816398620605,0.023617209866642952,0.75,0.75,0.01874152570962906,-0.013633453287184238
2026-08-17_10-55-26,/home/as22cq/Projects/Policy-RL-Peg_insertion/force_peg_rl/logs/rl_games/Forge/2026-08-17_10-55-26/nn/Forge.pth,1,nominal,1000,False,timeout,149,26.99263572692871,0.07218336313962936,0.37427523732185364,0.059562183916568756,0.0,0.06902920454740524,2.0819830894470215,0.02065153233706951,0.75,0.75,0.003248911816626787,-0.5557721853256226
2026-08-17_10-55-26,/home/as22cq/Projects/Policy-RL-Peg_insertion/force_peg_rl/logs/rl_games/Forge/2026-08-17_10-55-26/nn/Forge.pth,1,nominal,1000,False,timeout,149,35.015018463134766,0.045519307255744934,7.491824626922607,0.7507311701774597,0.01666666753590107,0.03802908957004547,0.9917895197868347,0.014482613652944565,0.75,0.75,0.01868272013962269,0.7397307753562927
2026-08-17_10-55-26,/home/as22cq/Projects/Policy-RL-Peg_insertion/force_peg_rl/logs/rl_games/Forge/2026-08-17_10-55-26/nn/Forge.pth,1,nominal,1000,False,timeout,149,27.30830192565918,0.18244072794914246,3.4929397106170654,0.16213758289813995,0.0,0.05853826925158501,0.22913521528244019,0.021722277626395226,0.75,0.75,0.01722043566405773,0.167257159948349
2026-08-17_10-55-26,/home/as22cq/Projects/Policy-RL-Peg_insertion/force_peg_rl/logs/rl_games/Forge/2026-08-17_10-55-26/nn/Forge.pth,1,nominal,1000,False,timeout,149,32.79348373413086,0.098761647939682,5.237503528594971,0.3934105932712555,0.0,0.012220916338264942,0.3647688925266266,0.020640037953853607,0.75,0.75,0.018936237320303917,0.622723400592804
2026-08-17_10-55-26,/home/as22cq/Projects/Policy-RL-Peg_insertion/force_peg_rl/logs/rl_games/Forge/2026-08-17_10-55-26/nn/Forge.pth,1,nominal,1000,False,timeout,149,29.209856033325195,0.08122727274894714,7.862092971801758,0.4545906186103821,0.0,0.04639555141329765,0.990229606628418,0.022477203980088234,0.75,0.75,0.01925382763147354,-0.3056117296218872
2026-08-17_10-55-26,/home/as22cq/Projects/Policy-RL-Peg_insertion/force_peg_rl/logs/rl_games/Forge/2026-08-17_10-55-26/nn/Forge.pth,1,nominal,1000,False,timeout,149,29.826480865478516,0.09069771319627762,8.499786376953125,0.7921352386474609,0.008333333767950535,0.033606331795454025,0.5157904624938965,0.021109554916620255,0.75,0.75,0.007974867708981037,-0.7287020683288574
2026-08-17_10-55-26,/home/as22cq/Projects/Policy-RL-Peg_insertion/force_peg_rl/logs/rl_games/Forge/2026-08-17_10-55-26/nn/Forge.pth,1,nominal,1000,False,timeout,149,26.055469512939453,0.10484036803245544,0.502846360206604,0.10917581617832184,0.0,0.02612708881497383,0.39412742853164673,0.019211361184716225,0.75,0.75,0.01427096500992775,-0.4781971275806427
2026-08-17_10-55-26,/home/as22cq/Projects/Policy-RL-Peg_insertion/force_peg_rl/logs/rl_games/Forge/2026-08-17_10-55-26/nn/Forge.pth,1,nominal,1000,False,timeout,149,24.707178115844727,0.065155528485775,0.21013908088207245,0.04360901191830635,0.0,0.07418359071016312,2.200899839401245,0.021362097933888435,0.75,0.75,0.021569402888417244,0.3381204903125763
2026-08-17_10-55-26,/home/as22cq/Projects/Policy-RL-Peg_insertion/force_peg_rl/logs/rl_games/Forge/2026-08-17_10-55-26/nn/Forge.pth,1,nominal,1000,False,timeout,149,28.447263717651367,0.09096163511276245,8.655293464660645,1.8534140586853027,0.1666666716337204,0.033484071493148804,0.5293295383453369,0.015144276432693005,0.75,0.75,0.014680529944598675,-0.5940676927566528
2026-08-17_10-55-26,/home/as22cq/Projects/Policy-RL-Peg_insertion/force_peg_rl/logs/rl_games/Forge/2026-08-17_10-55-26/nn/Forge.pth,1,nominal,1000,False,timeout,149,34.33501434326172,0.07376202940940857,9.911768913269043,1.700180172920227,0.008333333767950535,0.06516483426094055,1.1295421123504639,0.01819933019578457,0.75,0.75,0.016953997313976288,-0.6358877420425415
2026-08-17_10-55-26,/home/as22cq/Projects/Policy-RL-Peg_insertion/force_peg_rl/logs/rl_games/Forge/2026-08-17_10-55-26/nn/Forge.pth,1,nominal,1000,False,timeout,149,26.03754234313965,0.06459477543830872,0.49025973677635193,0.057649873197078705,0.0,0.0731029361486435,2.258629560470581,0.01859634928405285,0.75,0.75,0.014810780063271523,0.5278699398040771
2026-08-17_10-55-26,/home/as22cq/Projects/Policy-RL-Peg_insertion/force_peg_rl/logs/rl_games/Forge/2026-08-17_10-55-26/nn/Forge.pth,1,nominal,1000,False,timeout,149,32.42633056640625,0.07379592955112457,10.915983200073242,2.5268120765686035,0.02500000223517418,0.048951566219329834,0.686917781829834,0.022616706788539886,0.75,0.75,0.023331528529524803,-0.09209977090358734
2026-08-17_10-55-26,/home/as22cq/Projects/Policy-RL-Peg_insertion/force_peg_rl/logs/rl_games/Forge/2026-08-17_10-55-26/nn/Forge.pth,1,nominal,1000,False,timeout,149,21.744260787963867,0.06847503781318665,14.080780982971191,3.5837881565093994,0.2666666805744171,0.026426149532198906,0.9022349715232849,0.01667643152177334,0.75,0.75,0.008398529142141342,0.22906965017318726
2026-08-17_10-55-26,/home/as22cq/Projects/Policy-RL-Peg_insertion/force_peg_rl/logs/rl_games/Forge/2026-08-17_10-55-26/nn/Forge.pth,1,nominal,1000,False,timeout,149,34.550445556640625,0.1081177294254303,8.600214004516602,0.5928531885147095,0.008333333767950535,0.04123128205537796,0.4862459599971771,0.020499691367149353,0.75,0.75,0.0212562158703804,-0.5556243062019348
2026-08-17_10-55-26,/home/as22cq/Projects/Policy-RL-Peg_insertion/force_peg_rl/logs/rl_games/Forge/2026-08-17_10-55-26/nn/Forge.pth,1,nominal,1000,False,timeout,149,20.150800704956055,0.07549938559532166,9.288374900817871,1.9391745328903198,0.2666666805744171,0.06581416726112366,0.8754699230194092,0.015302445739507675,0.75,0.75,0.0177607461810112,-0.1236727386713028
2026-08-17_10-55-26,/home/as22cq/Projects/Policy-RL-Peg_insertion/force_peg_rl/logs/rl_games/Forge/2026-08-17_10-55-26/nn/Forge.pth,1,nominal,1000,False,timeout,149,25.127588272094727,0.06684098392724991,1.0005098581314087,0.12073665112257004,0.0,0.09730018675327301,1.8464598655700684,0.017816666513681412,0.75,0.75,0.0242341086268425,0.5805005431175232
2026-08-17_10-55-26,/home/as22cq/Projects/Policy-RL-Peg_insertion/force_peg_rl/logs/rl_games/Forge/2026-08-17_10-55-26/nn/Forge.pth,1,nominal,1000,False,timeout,149,26.02968978881836,0.07266111671924591,2.1095452308654785,0.14228670299053192,0.0,0.05554312840104103,0.9700256586074829,0.02044020965695381,0.75,0.75,0.00980942789465189,-0.3797054588794708
2026-08-17_10-55-26,/home/as22cq/Projects/Policy-RL-Peg_insertion/force_peg_rl/logs/rl_games/Forge/2026-08-17_10-55-26/nn/Forge.pth,1,nominal,1000,False,timeout,149,31.97775650024414,0.06760865449905396,0.3063681423664093,0.06151372939348221,0.0,0.09624923765659332,1.804530382156372,0.020616140216588974,0.75,0.75,0.011491778306663036,0.2706261873245239
2026-08-17_10-55-26,/home/as22cq/Projects/Policy-RL-Peg_insertion/force_peg_rl/logs/rl_games/Forge/2026-08-17_10-55-26/nn/Forge.pth,1,nominal,1000,False,timeout,149,26.84697723388672,0.0669567734003067,0.4077572822570801,0.046312615275382996,0.0,0.06436826288700104,1.4118366241455078,0.01883445493876934,0.75,0.75,0.01786666177213192,0.03476588800549507
2026-08-17_10-55-26,/home/as22cq/Projects/Policy-RL-Peg_insertion/force_peg_rl/logs/rl_games/Forge/2026-08-17_10-55-26/nn/Forge.pth,1,nominal,1000,False,timeout,149,25.312538146972656,0.08343565464019775,0.3162323236465454,0.08469796925783157,0.0,0.03577323257923126,0.6130072474479675,0.015616628341376781,0.75,0.75,0.019473176449537277,-0.489355206489563
2026-08-17_10-55-26,/home/as22cq/Projects/Policy-RL-Peg_insertion/force_peg_rl/logs/rl_games/Forge/2026-08-17_10-55-26/nn/Forge.pth,1,nominal,1000,False,timeout,149,27.06000518798828,0.04580402374267578,0.14976263046264648,0.023151131346821785,0.0,0.07736796885728836,1.1688287258148193,0.018137915059924126,0.75,0.75,0.01773584820330143,-0.3590361177921295
2026-08-17_10-55-26,/home/as22cq/Projects/Policy-RL-Peg_insertion/force_peg_rl/logs/rl_games/Forge/2026-08-17_10-55-26/nn/Forge.pth,1,nominal,1000,False,timeout,149,28.871673583984375,0.04706132411956787,0.3351048529148102,0.07841645926237106,0.0,0.0565030463039875,0.9031939506530762,0.016296008601784706,0.75,0.75,0.00981671642512083,0.0072858016937971115
2026-08-17_10-55-26,/home/as22cq/Projects/Policy-RL-Peg_insertion/force_peg_rl/logs/rl_games/Forge/2026-08-17_10-55-26/nn/Forge.pth,1,nominal,1000,False,timeout,149,30.14533805847168,0.07463136315345764,1.1056350469589233,0.1173301562666893,0.0,0.044531576335430145,0.5408741235733032,0.021955592557787895,0.75,0.75,0.016554847359657288,0.16270841658115387
2026-08-17_10-55-26,/home/as22cq/Projects/Policy-RL-Peg_insertion/force_peg_rl/logs/rl_games/Forge/2026-08-17_10-55-26/nn/Forge.pth,1,nominal,1000,False,timeout,149,33.75059509277344,0.02105819806456566,0.29756230115890503,0.052393555641174316,0.0,0.07718846946954727,2.0151758193969727,0.017398741096258163,0.75,0.75,0.018239866942167282,0.24430878460407257
2026-08-17_10-55-26,/home/as22cq/Projects/Policy-RL-Peg_insertion/force_peg_rl/logs/rl_games/Forge/2026-08-17_10-55-26/nn/Forge.pth,1,nominal,1000,False,timeout,149,24.648500442504883,0.07542447745800018,0.4685961902141571,0.07797061651945114,0.0,0.08585561066865921,0.6908414959907532,0.021526005119085312,0.75,0.75,0.027910269796848297,0.2353343665599823
2026-08-17_10-55-26,/home/as22cq/Projects/Policy-RL-Peg_insertion/force_peg_rl/logs/rl_games/Forge/2026-08-17_10-55-26/nn/Forge.pth,1,nominal,1000,False,timeout,149,24.441816329956055,0.12610089778900146,0.8826257586479187,0.05654928833246231,0.0,0.05017319694161415,0.3790126442909241,0.02153584733605385,0.75,0.75,0.012768102809786797,-0.694214403629303
2026-08-17_10-55-26,/home/as22cq/Projects/Policy-RL-Peg_insertion/force_peg_rl/logs/rl_games/Forge/2026-08-17_10-55-26/nn/Forge.pth,1,nominal,1000,False,timeout,149,24.60054588317871,0.16137006878852844,0.4616193473339081,0.06952547281980515,0.0,0.055570658296346664,0.5012319087982178,0.020107990130782127,0.75,0.75,0.012012415565550327,-0.019184185191988945
2026-08-17_10-55-26,/home/as22cq/Projects/Policy-RL-Peg_insertion/force_peg_rl/logs/rl_games/Forge/2026-08-17_10-55-26/nn/Forge.pth,1,nominal,1000,False,timeout,149,23.882253646850586,0.08776041865348816,0.31122249364852905,0.053734224289655685,0.0,0.03994571790099144,0.6516148447990417,0.016518810763955116,0.75,0.75,0.01345665194094181,0.7783546447753906
2026-08-17_10-55-26,/home/as22cq/Projects/Policy-RL-Peg_insertion/force_peg_rl/logs/rl_games/Forge/2026-08-17_10-55-26/nn/Forge.pth,1,nominal,1000,False,timeout,149,26.128313064575195,0.06562981754541397,0.4671291708946228,0.10596529394388199,0.0,0.0627819299697876,0.8469584584236145,0.014285440556704998,0.75,0.75,0.013705601915717125,-0.0644080862402916
2026-08-17_10-55-26,/home/as22cq/Projects/Policy-RL-Peg_insertion/force_peg_rl/logs/rl_games/Forge/2026-08-17_10-55-26/nn/Forge.pth,1,nominal,1000,False,timeout,149,26.375614166259766,0.09901110827922821,0.489624947309494,0.060608070343732834,0.0,0.01804482750594616,0.6322048902511597,0.018195345997810364,0.75,0.75,0.003924273420125246,-0.42383623123168945
2026-08-17_10-55-26,/home/as22cq/Projects/Policy-RL-Peg_insertion/force_peg_rl/logs/rl_games/Forge/2026-08-17_10-55-26/nn/Forge.pth,1,nominal,1000,False,timeout,149,25.808692932128906,0.0805869996547699,0.5222991704940796,0.11045113950967789,0.0,0.042171236127614975,1.0223007202148438,0.016275029629468918,0.75,0.75,0.019192099571228027,-0.19189885258674622
2026-08-17_10-55-26,/home/as22cq/Projects/Policy-RL-Peg_insertion/force_peg_rl/logs/rl_games/Forge/2026-08-17_10-55-26/nn/Forge.pth,1,nominal,1000,False,timeout,149,27.060041427612305,0.05031213164329529,0.3014352321624756,0.04104612022638321,0.0,0.06875055283308029,2.1679513454437256,0.020610002800822258,0.75,0.75,0.019328998401761055,0.42787811160087585
2026-08-17_10-55-26,/home/as22cq/Projects/Policy-RL-Peg_insertion/force_peg_rl/logs/rl_games/Forge/2026-08-17_10-55-26/nn/Forge.pth,1,nominal,1000,False,timeout,149,27.17535400390625,0.075075164437294,0.42228227853775024,0.09340117871761322,0.0,0.030608361586928368,0.8232423067092896,0.014068891294300556,0.75,0.75,0.003883833298459649,-0.20936408638954163
2026-08-17_10-55-26,/home/as22cq/Projects/Policy-RL-Peg_insertion/force_peg_rl/logs/rl_games/Forge/2026-08-17_10-55-26/nn/Forge.pth,1,nominal,1000,False,timeout,149,25.133237838745117,0.14038556814193726,8.995726585388184,0.887445330619812,0.01666666753590107,0.05542595311999321,0.5513110756874084,0.01923026330769062,0.75,0.75,0.019818510860204697,0.6229040026664734
2026-08-17_10-55-26,/home/as22cq/Projects/Policy-RL-Peg_insertion/force_peg_rl/logs/rl_games/Forge/2026-08-17_10-55-26/nn/Forge.pth,1,nominal,1000,False,timeout,149,27.60832405090332,0.07508790493011475,0.9373982548713684,0.16732998192310333,0.0,0.04476042464375496,1.0073055028915405,0.01865246519446373,0.75,0.75,0.00997968576848507,-0.0895037055015564
2026-08-17_10-55-26,/home/as22cq/Projects/Policy-RL-Peg_insertion/force_peg_rl/logs/rl_games/Forge/2026-08-17_10-55-26/nn/Forge.pth,1,nominal,1000,False,timeout,149,27.974695205688477,0.06256111711263657,5.9956841468811035,0.2569648027420044,0.0,0.0785047635436058,1.092161774635315,0.014611597172915936,0.75,0.75,0.012011678889393806,0.06948459893465042
2026-08-17_10-55-26,/home/as22cq/Projects/Policy-RL-Peg_insertion/force_peg_rl/logs/rl_games/Forge/2026-08-17_10-55-26/nn/Forge.pth,1,nominal,1000,False,timeout,149,25.10210609436035,0.09008221328258514,0.3768387734889984,0.08809027075767517,0.0,0.027689099311828613,0.7441122531890869,0.02036285027861595,0.75,0.75,0.013305995613336563,-0.225971981883049
2026-08-17_10-55-26,/home/as22cq/Projects/Policy-RL-Peg_insertion/force_peg_rl/logs/rl_games/Forge/2026-08-17_10-55-26/nn/Forge.pth,1,nominal,1000,False,timeout,149,33.166343688964844,0.0410304069519043,3.455859899520874,0.22173772752285004,0.0,0.058361560106277466,1.720103144645691,0.023796245455741882,0.75,0.75,0.012964023277163506,0.7164013385772705
2026-08-17_10-55-26,/home/as22cq/Projects/Policy-RL-Peg_insertion/force_peg_rl/logs/rl_games/Forge/2026-08-17_10-55-26/nn/Forge.pth,1,nominal,1000,False,timeout,149,26.631366729736328,0.07469777762889862,0.34397730231285095,0.06393024325370789,0.0,0.08095738291740417,2.2848944664001465,0.01916254125535488,0.75,0.75,0.016366122290492058,0.5800651907920837
2026-08-17_10-55-26,/home/as22cq/Projects/Policy-RL-Peg_insertion/force_peg_rl/logs/rl_games/Forge/2026-08-17_10-55-26/nn/Forge.pth,1,nominal,1000,False,timeout,149,38.061302185058594,0.008068487048149109,7.475096702575684,1.7484526634216309,0.0,0.06836692988872528,2.0271856784820557,0.022074416279792786,0.75,0.75,0.007580036763101816,0.682048499584198
2026-08-17_10-55-26,/home/as22cq/Projects/Policy-RL-Peg_insertion/force_peg_rl/logs/rl_games/Forge/2026-08-17_10-55-26/nn/Forge.pth,1,nominal,1000,False,timeout,149,26.39078712463379,0.22653287649154663,2.606699228286743,0.1528656780719757,0.0,0.05821789428591728,0.30456188321113586,0.01404297724366188,0.75,0.75,0.01664602942764759,-0.041900698095560074
2026-08-17_10-55-26,/home/as22cq/Projects/Policy-RL-Peg_insertion/force_peg_rl/logs/rl_games/Forge/2026-08-17_10-55-26/nn/Forge.pth,1,nominal,1000,False,timeout,149,40.34650802612305,0.015995152294635773,5.440834999084473,1.2724294662475586,0.0,0.04543677717447281,1.8142656087875366,0.023470990359783173,0.75,0.75,0.0054255262948572636,0.4116021990776062
2026-08-17_10-55-26,/home/as22cq/Projects/Policy-RL-Peg_insertion/force_peg_rl/logs/rl_games/Forge/2026-08-17_10-55-26/nn/Forge.pth,1,nominal,1000,False,timeout,149,25.570178985595703,0.0580013170838356,0.47074806690216064,0.17262709140777588,0.0,0.06157294660806656,1.08669114112854,0.021821875125169754,0.75,0.75,0.02030687965452671,-0.16185137629508972
2026-08-17_10-55-26,/home/as22cq/Projects/Policy-RL-Peg_insertion/force_peg_rl/logs/rl_games/Forge/2026-08-17_10-55-26/nn/Forge.pth,1,nominal,1000,False,timeout,149,27.719131469726562,0.09077782928943634,7.737993240356445,0.3079819977283478,0.008333333767950535,0.02667490392923355,0.309542179107666,0.02154189720749855,0.75,0.75,0.019165348261594772,-0.45010051131248474
2026-08-17_10-55-26,/home/as22cq/Projects/Policy-RL-Peg_insertion/force_peg_rl/logs/rl_games/Forge/2026-08-17_10-55-26/nn/Forge.pth,1,nominal,1000,False,timeout,149,30.37581443786621,0.07239402830600739,2.0441172122955322,0.1438523530960083,0.0,0.07073412090539932,1.6543723344802856,0.02268923446536064,0.75,0.75,0.014607585035264492,0.7358390688896179
2026-08-17_10-55-26,/home/as22cq/Projects/Policy-RL-Peg_insertion/force_peg_rl/logs/rl_games/Forge/2026-08-17_10-55-26/nn/Forge.pth,1,nominal,1000,False,timeout,149,27.824983596801758,0.11145167052745819,0.6251773238182068,0.0938139259815216,0.0,0.0329512357711792,0.5178401470184326,0.01819918304681778,0.75,0.75,0.02385641820728779,-0.3538558781147003
2026-08-17_10-55-26,/home/as22cq/Projects/Policy-RL-Peg_insertion/force_peg_rl/logs/rl_games/Forge/2026-08-17_10-55-26/nn/Forge.pth,1,nominal,1000,False,timeout,149,25.870620727539062,0.05438338220119476,0.6219823956489563,0.19575676321983337,0.0,0.058193545788526535,1.0538228750228882,0.02384127676486969,0.75,0.75,0.024223847314715385,-0.29439887404441833
2026-08-17_10-55-26,/home/as22cq/Projects/Policy-RL-Peg_insertion/force_peg_rl/logs/rl_games/Forge/2026-08-17_10-55-26/nn/Forge.pth,1,nominal,1000,False,timeout,149,38.632911682128906,0.014470331370830536,9.29465103149414,4.819072723388672,0.5166667103767395,0.016550878062844276,0.872313380241394,0.019521426409482956,0.75,0.75,0.018769212067127228,0.46091803908348083
2026-08-17_10-55-26,/home/as22cq/Projects/Policy-RL-Peg_insertion/force_peg_rl/logs/rl_games/Forge/2026-08-17_10-55-26/nn/Forge.pth,1,nominal,1000,False,timeout,149,27.90752601623535,0.047205641865730286,0.45970821380615234,0.09648860991001129,0.0,0.059247277677059174,1.7185442447662354,0.017901703715324402,0.75,0.75,0.027143552899360657,-0.6785184144973755
2026-08-17_10-55-26,/home/as22cq/Projects/Policy-RL-Peg_insertion/force_peg_rl/logs/rl_games/Forge/2026-08-17_10-55-26/nn/Forge.pth,1,nominal,1000,False,timeout,149,24.92013168334961,0.07362955808639526,0.5788278579711914,0.06450307369232178,0.0,0.026868140324950218,0.6022123694419861,0.01844656653702259,0.75,0.75,0.011389503255486488,-0.7289931178092957
2026-08-17_10-55-26,/home/as22cq/Projects/Policy-RL-Peg_insertion/force_peg_rl/logs/rl_games/Forge/2026-08-17_10-55-26/nn/Forge.pth,1,nominal,1000,False,timeout,149,29.63751220703125,0.05036640539765358,0.24549147486686707,0.03643316030502319,0.0,0.031954094767570496,1.2284331321716309,0.01502446923404932,0.75,0.75,0.0017566080205142498,0.08035995811223984
2026-08-17_10-55-26,/home/as22cq/Projects/Policy-RL-Peg_insertion/force_peg_rl/logs/rl_games/Forge/2026-08-17_10-55-26/nn/Forge.pth,1,nominal,1000,False,timeout,149,26.604822158813477,0.08364714682102203,0.43177592754364014,0.05623790621757507,0.0,0.01848788931965828,0.6646630764007568,0.02272612228989601,0.75,0.75,0.02078428864479065,-0.405960351228714
2026-08-17_10-55-26,/home/as22cq/Projects/Policy-RL-Peg_insertion/force_peg_rl/logs/rl_games/Forge/2026-08-17_10-55-26/nn/Forge.pth,1,nominal,1000,False,timeout,149,25.98607063293457,0.0664200633764267,6.8707804679870605,0.09935518354177475,0.0,0.0954473465681076,2.1581809520721436,0.017671700567007065,0.75,0.75,0.017524374648928642,0.5174781084060669
2026-08-17_10-55-26,/home/as22cq/Projects/Policy-RL-Peg_insertion/force_peg_rl/logs/rl_games/Forge/2026-08-17_10-55-26/nn/Forge.pth,1,nominal,1001,True,success,149,383.5449523925781,0.0007767314091324806,12.383692741394043,3.965463161468506,0.008333333767950535,0.000805012125056237,1.2338327169418335,0.014582974836230278,0.75,0.75,0.010110991075634956,-0.07034808397293091
2026-08-17_10-55-26,/home/as22cq/Projects/Policy-RL-Peg_insertion/force_peg_rl/logs/rl_games/Forge/2026-08-17_10-55-26/nn/Forge.pth,1,nominal,1001,False,timeout,149,29.95598793029785,0.14057475328445435,13.296552658081055,1.6113049983978271,0.008333333767950535,0.03836958482861519,0.4106753468513489,0.02033928595483303,0.75,0.75,0.022193633019924164,-0.4973938465118408
2026-08-17_10-55-26,/home/as22cq/Projects/Policy-RL-Peg_insertion/force_peg_rl/logs/rl_games/Forge/2026-08-17_10-55-26/nn/Forge.pth,1,nominal,1001,True,success,149,186.76388549804688,0.000141143798828125,27.949995040893555,11.677464485168457,0.7583333849906921,0.0005976315005682409,1.5875177383422852,0.019945984706282616,0.75,0.75,0.01767636276781559,-0.5415600538253784
2026-08-17_10-55-26,/home/as22cq/Projects/Policy-RL-Peg_insertion/force_peg_rl/logs/rl_games/Forge/2026-08-17_10-55-26/nn/Forge.pth,1,nominal,1001,False,timeout,149,47.11510467529297,0.06843046844005585,8.336586952209473,0.8835420608520508,0.01666666753590107,0.08452504128217697,2.1805763244628906,0.02142946794629097,0.75,0.75,0.00800418108701706,-0.14980211853981018
2026-08-17_10-55-26,/home/as22cq/Projects/Policy-RL-Peg_insertion/force_peg_rl/logs/rl_games/Forge/2026-08-17_10-55-26/nn/Forge.pth,1,nominal,1001,False,timeout,149,33.89229202270508,0.09688116610050201,7.497656345367432,1.338014006614685,0.0,0.01409236155450344,0.46236157417297363,0.023519529029726982,0.75,0.75,0.01866862364113331,0.7537457346916199
2026-08-17_10-55-26,/home/as22cq/Projects/Policy-RL-Peg_insertion/force_peg_rl/logs/rl_games/Forge/2026-08-17_10-55-26/nn/Forge.pth,1,nominal,1001,True,success,149,359.4237365722656,0.00021857582032680511,7.504361152648926,3.215386390686035,0.0,0.0007404139032587409,1.1370320320129395,0.022065134719014168,0.75,0.75,0.002766946330666542,0.6146127581596375
2026-08-17_10-55-26,/home/as22cq/Projects/Policy-RL-Peg_insertion/force_peg_rl/logs/rl_games/Forge/2026-08-17_10-55-26/nn/Forge.pth,1,nominal,1001,False,timeout,149,65.041748046875,0.07222902029752731,12.240457534790039,5.435059547424316,0.6500000357627869,0.046646591275930405,1.4196195602416992,0.016289368271827698,0.75,0.75,0.011815238744020462,0.593267023563385
2026-08-17_10-55-26,/home/as22cq/Projects/Policy-RL-Peg_insertion/force_peg_rl/logs/rl_games/Forge/2026-08-17_10-55-26/nn/Forge.pth,1,nominal,1001,False,timeout,149,158.7327423095703,0.020921744406223297,16.504655838012695,4.608450412750244,0.46666669845581055,0.000959169992711395,0.33254238963127136,0.02117471769452095,0.75,0.75,0.021404411643743515,-0.29661664366722107
2026-08-17_10-55-26,/home/as22cq/Projects/Policy-RL-Peg_insertion/force_peg_rl/logs/rl_games/Forge/2026-08-17_10-55-26/nn/Forge.pth,1,nominal,1001,False,timeout,149,85.28739166259766,-0.018422242254018784,15.834141731262207,5.432504653930664,0.45000001788139343,0.36883753538131714,0.5275316834449768,0.020500419661402702,0.75,0.75,0.007271798327565193,0.1795370876789093
2026-08-17_10-55-26,/home/as22cq/Projects/Policy-RL-Peg_insertion/force_peg_rl/logs/rl_games/Forge/2026-08-17_10-55-26/nn/Forge.pth,1,nominal,1001,False,timeout,149,41.585289001464844,0.03748609870672226,14.44583511352539,3.330542802810669,0.25,0.06531159579753876,2.2177059650421143,0.014920365996658802,0.75,0.75,0.0033706058748066425,0.05625622719526291
2026-08-17_10-55-26,/home/as22cq/Projects/Policy-RL-Peg_insertion/force_peg_rl/logs/rl_games/Forge/2026-08-17_10-55-26/nn/Forge.pth,1,nominal,1001,False,timeout,149,26.766658782958984,0.11170300096273422,12.283181190490723,0.9435108304023743,0.0833333358168602,0.0437498576939106,0.4295390546321869,0.023447120562195778,0.75,0.75,0.008436107076704502,-0.5396464467048645
2026-08-17_10-55-26,/home/as22cq/Projects/Policy-RL-Peg_insertion/force_peg_rl/logs/rl_games/Forge/2026-08-17_10-55-26/nn/Forge.pth,1,nominal,1001,True,success,149,139.6306610107422,2.977997064590454e-05,20.7916259765625,9.369237899780273,1.033333420753479,0.0005283141508698463,1.4396840333938599,0.021928714588284492,0.75,0.75,0.020921682938933372,-0.24840134382247925
2026-08-17_10-55-26,/home/as22cq/Projects/Policy-RL-Peg_insertion/force_peg_rl/logs/rl_games/Forge/2026-08-17_10-55-26/nn/Forge.pth,1,nominal,1001,False,timeout,149,29.517940521240234,0.07716044038534164,6.007049083709717,0.3717166781425476,0.0,0.05214808136224747,0.8590098023414612,0.021051546558737755,0.75,0.75,0.021711206063628197,-0.6493220925331116
2026-08-17_10-55-26,/home/as22cq/Projects/Policy-RL-Peg_insertion/force_peg_rl/logs/rl_games/Forge/2026-08-17_10-55-26/nn/Forge.pth,1,nominal,1001,False,timeout,149,35.07727813720703,0.04357956722378731,12.522122383117676,2.1723597049713135,0.07500000298023224,0.04850201681256294,1.4581490755081177,0.023087522014975548,0.75,0.75,0.015144135802984238,-0.5551906824111938
2026-08-17_10-55-26,/home/as22cq/Projects/Policy-RL-Peg_insertion/force_peg_rl/logs/rl_games/Forge/2026-08-17_10-55-26/nn/Forge.pth,1,nominal,1001,False,timeout,149,46.87760925292969,0.021845843642950058,6.268392562866211,0.865668773651123,0.0,0.05158465728163719,1.8864184617996216,0.01856512390077114,0.75,0.75,0.0171226654201746,0.29567739367485046
2026-08-17_10-55-26,/home/as22cq/Projects/Policy-RL-Peg_insertion/force_peg_rl/logs/rl_games/Forge/2026-08-17_10-55-26/nn/Forge.pth,1,nominal,1001,True,success,149,361.17852783203125,0.0005301833152770996,14.228057861328125,5.457295894622803,0.05000000447034836,0.0007523351232521236,1.2416949272155762,0.023324768990278244,0.75,0.75,0.020652227103710175,0.4007342457771301
2026-08-17_10-55-26,/home/as22cq/Projects/Policy-RL-Peg_insertion/force_peg_rl/logs/rl_games/Forge/2026-08-17_10-55-26/nn/Forge.pth,1,nominal,1001,False,timeout,149,44.05267333984375,0.008665833622217178,8.755669593811035,3.7160189151763916,0.008333333767950535,0.05182503163814545,1.965717077255249,0.016495054587721825,0.75,0.75,0.018144112080335617,-0.46352580189704895
2026-08-17_10-55-26,/home/as22cq/Projects/Policy-RL-Peg_insertion/force_peg_rl/logs/rl_games/Forge/2026-08-17_10-55-26/nn/Forge.pth,1,nominal,1001,False,timeout,149,84.44577026367188,0.15793628990650177,13.85986614227295,4.585991859436035,0.4333333671092987,0.056791432201862335,0.25769639015197754,0.019658973440527916,0.75,0.75,0.019881224259734154,-0.43698203563690186
2026-08-17_10-55-26,/home/as22cq/Projects/Policy-RL-Peg_insertion/force_peg_rl/logs/rl_games/Forge/2026-08-17_10-55-26/nn/Forge.pth,1,nominal,1001,False,timeout,149,39.613548278808594,0.07565706968307495,12.67541790008545,1.8148328065872192,0.008333333767950535,0.05259690806269646,0.8436329960823059,0.023034047335386276,0.75,0.75,0.021829308941960335,0.07910413295030594
2026-08-17_10-55-26,/home/as22cq/Projects/Policy-RL-Peg_insertion/force_peg_rl/logs/rl_games/Forge/2026-08-17_10-55-26/nn/Forge.pth,1,nominal,1001,True,success,149,335.2596740722656,0.001037471927702427,12.01681137084961,3.7600314617156982,0.05833333730697632,0.0007894006557762623,1.160062313079834,0.018841315060853958,0.75,0.75,0.01778019405901432,0.35664674639701843
2026-08-17_10-55-26,/home/as22cq/Projects/Policy-RL-Peg_insertion/force_peg_rl/logs/rl_games/Forge/2026-08-17_10-55-26/nn/Forge.pth,1,nominal,1001,False,timeout,149,29.660520553588867,0.2196977138519287,9.268133163452148,1.6000431776046753,0.008333333767950535,0.07002415508031845,0.2662358283996582,0.019187122583389282,0.75,0.75,0.007226718124002218,-0.4442608654499054
2026-08-17_10-55-26,/home/as22cq/Projects/Policy-RL-Peg_insertion/force_peg_rl/logs/rl_games/Forge/2026-08-17_10-55-26/nn/Forge.pth,1,nominal,1001,False,timeout,149,150.53077697753906,0.008506342768669128,18.00777244567871,7.751230716705322,0.491666704416275,0.0006048865616321564,1.1842402219772339,0.020070508122444153,0.75,0.75,0.011614397168159485,-0.3421226143836975
2026-08-17_10-55-26,/home/as22cq/Projects/Policy-RL-Peg_insertion/force_peg_rl/logs/rl_games/Forge/2026-08-17_10-55-26/nn/Forge.pth,1,nominal,1001,False,timeout,149,26.925411224365234,0.09585849940776825,15.359475135803223,0.7671554088592529,0.03333333507180214,0.01614871807396412,0.5185636878013611,0.019575979560613632,0.75,0.75,0.01174683403223753,-0.6820406317710876
2026-08-17_10-55-26,/home/as22cq/Projects/Policy-RL-Peg_insertion/force_peg_rl/logs/rl_games/Forge/2026-08-17_10-55-26/nn/Forge.pth,1,nominal,1001,True,success,149,91.12332916259766,5.019083619117737e-05,24.383581161499023,10.917686462402344,1.100000023841858,0.0004752461682073772,0.8228652477264404,0.017884882166981697,0.75,0.75,0.021071406081318855,-0.5599067211151123
2026-08-17_10-55-26,/home/as22cq/Projects/Policy-RL-Peg_insertion/force_peg_rl/logs/rl_games/Forge/2026-08-17_10-55-26/nn/Forge.pth,1,nominal,1001,False,timeout,149,33.13557052612305,0.03744442015886307,13.667491912841797,1.3988635540008545,0.02500000223517418,0.05957433953881264,1.8500930070877075,0.01758422702550888,0.75,0.75,0.019610924646258354,-0.2691989243030548
2026-08-17_10-55-26,/home/as22cq/Projects/Policy-RL-Peg_insertion/force_peg_rl/logs/rl_games/Forge/2026-08-17_10-55-26/nn/Forge.pth,1,nominal,1001,False,timeout,149,25.094690322875977,0.27160194516181946,6.230969429016113,0.8428147435188293,0.02500000223517418,0.08688719570636749,0.09814386069774628,0.017869669944047928,0.75,0.75,0.012875811196863651,-0.618934690952301
2026-08-17_10-55-26,/home/as22cq/Projects/Policy-RL-Peg_insertion/force_peg_rl/logs/rl_games/Forge/2026-08-17_10-55-26/nn/Forge.pth,1,nominal,1001,False,timeout,149,32.88274002075195,0.07431773841381073,7.3461689949035645,1.2588340044021606,0.0,0.05658241733908653,0.8453967571258545,0.01962859369814396,0.75,0.75,0.011299483478069305,-0.2725750207901001
2026-08-17_10-55-26,/home/as22cq/Projects/Policy-RL-Peg_insertion/force_peg_rl/logs/rl_games/Forge/2026-08-17_10-55-26/nn/Forge.pth,1,nominal,1001,False,timeout,149,28.4611759185791,0.11587727069854736,9.1642427444458,0.8624399900436401,0.01666666753590107,0.03558934107422829,0.6030441522598267,0.016826501116156578,0.75,0.75,0.018575113266706467,-0.09378418326377869
2026-08-17_10-55-26,/home/as22cq/Projects/Policy-RL-Peg_insertion/force_peg_rl/logs/rl_games/Forge/2026-08-17_10-55-26/nn/Forge.pth,1,nominal,1001,False,timeout,149,28.68260955810547,0.1101633608341217,9.172325134277344,0.8472908139228821,0.01666666753590107,0.018695656210184097,0.3973051905632019,0.020204121246933937,0.75,0.75,0.01512822974473238,-0.7818158864974976
2026-08-17_10-55-26,/home/as22cq/Projects/Policy-RL-Peg_insertion/force_peg_rl/logs/rl_games/Forge/2026-08-17_10-55-26/nn/Forge.pth,1,nominal,1001,False,timeout,149,192.16162109375,0.015770308673381805,12.026315689086914,5.473611354827881,0.5666667222976685,0.0006389656336978078,0.9176442623138428,0.019322259351611137,0.75,0.75,0.005391777493059635,-0.45521241426467896
2026-08-17_10-55-26,/home/as22cq/Projects/Policy-RL-Peg_insertion/force_peg_rl/logs/rl_games/Forge/2026-08-17_10-55-26/nn/Forge.pth,1,nominal,1001,False,timeout,149,27.391738891601562,0.082731693983078,12.577045440673828,3.017986536026001,0.1666666716337204,0.02630576305091381,0.5865640044212341,0.015515419654548168,0.75,0.75,0.008893955498933792,-0.3283514976501465
2026-08-17_10-55-26,/home/as22cq/Projects/Policy-RL-Peg_insertion/force_peg_rl/logs/rl_games/Forge/2026-08-17_10-55-26/nn/Forge.pth,1,nominal,1001,False,timeout,149,46.65657043457031,0.08489543199539185,10.460488319396973,1.2010698318481445,0.03333333507180214,0.06561081856489182,0.6184993982315063,0.016003001481294632,0.75,0.75,0.018350675702095032,0.7685384750366211
2026-08-17_10-55-26,/home/as22cq/Projects/Policy-RL-Peg_insertion/force_peg_rl/logs/rl_games/Forge/2026-08-17_10-55-26/nn/Forge.pth,1,nominal,1001,False,timeout,149,28.652698516845703,0.10441060364246368,8.322113990783691,0.6654461622238159,0.008333333767950535,0.01144084520637989,0.6025139093399048,0.023824989795684814,0.75,0.75,0.020526640117168427,-0.7491322755813599
2026-08-17_10-55-26,/home/as22cq/Projects/Policy-RL-Peg_insertion/force_peg_rl/logs/rl_games/Forge/2026-08-17_10-55-26/nn/Forge.pth,1,nominal,1001,False,timeout,149,74.70478057861328,0.013631660491228104,19.56229019165039,10.720772743225098,0.8916667103767395,0.00031853438122197986,1.601205587387085,0.021529115736484528,0.75,0.75,0.021493110805749893,-0.12146566063165665
2026-08-17_10-55-26,/home/as22cq/Projects/Policy-RL-Peg_insertion/force_peg_rl/logs/rl_games/Forge/2026-08-17_10-55-26/nn/Forge.pth,1,nominal,1001,False,timeout,149,69.05780029296875,0.021223872900009155,10.728697776794434,4.454319477081299,0.008333333767950535,0.001432357239536941,0.7626761794090271,0.017748845741152763,0.75,0.75,0.021931102499365807,0.38618290424346924
2026-08-17_10-55-26,/home/as22cq/Projects/Policy-RL-Peg_insertion/force_peg_rl/logs/rl_games/Forge/2026-08-17_10-55-26/nn/Forge.pth,1,nominal,1001,False,timeout,149,76.33731842041016,0.09744930267333984,28.002479553222656,6.235708713531494,0.5,0.3093259632587433,0.6030374765396118,0.019194230437278748,0.75,0.75,0.019683752208948135,-0.13773249089717865
2026-08-17_10-55-26,/home/as22cq/Projects/Policy-RL-Peg_insertion/force_peg_rl/logs/rl_games/Forge/2026-08-17_10-55-26/nn/Forge.pth,1,nominal,1001,False,timeout,149,30.18954086303711,0.09351557493209839,5.234504699707031,0.5641448497772217,0.0,0.07501954585313797,0.6016556620597839,0.015837624669075012,0.75,0.75,0.023288791999220848,-0.5399261116981506
2026-08-17_10-55-26,/home/as22cq/Projects/Policy-RL-Peg_insertion/force_peg_rl/logs/rl_games/Forge/2026-08-17_10-55-26/nn/Forge.pth,1,nominal,1001,False,timeout,149,33.54558181762695,0.07110530138015747,7.515257835388184,1.4213464260101318,0.0,0.054657235741615295,0.9910461902618408,0.021928710862994194,0.75,0.75,0.025848420336842537,-0.18032708764076233
2026-08-17_10-55-26,/home/as22cq/Projects/Policy-RL-Peg_insertion/force_peg_rl/logs/rl_games/Forge/2026-08-17_10-55-26/nn/Forge.pth,1,nominal,1001,False,timeout,149,169.06900024414062,0.015004530549049377,14.612607955932617,8.391657829284668,0.6250000596046448,0.0007885615341365337,1.1935957670211792,0.01904228888452053,0.75,0.75,0.025460759177803993,0.33164212107658386
2026-08-17_10-55-26,/home/as22cq/Projects/Policy-RL-Peg_insertion/force_peg_rl/logs/rl_games/Forge/2026-08-17_10-55-26/nn/Forge.pth,1,nominal,1001,True,success,149,87.01698303222656,5.52348792552948e-05,13.672408103942871,7.861003875732422,0.9000000357627869,0.00048144906759262085,0.5781751871109009,0.01983124576508999,0.75,0.75,0.02251729741692543,-0.2691696584224701
2026-08-17_10-55-26,/home/as22cq/Projects/Policy-RL-Peg_insertion/force_peg_rl/logs/rl_games/Forge/2026-08-17_10-55-26/nn/Forge.pth,1,nominal,1001,False,timeout,149,29.281808853149414,0.07766573876142502,15.077285766601562,0.9172986745834351,0.008333333767950535,0.03484327346086502,0.9194390177726746,0.02237432450056076,0.75,0.75,0.02148120291531086,-0.39416682720184326
2026-08-17_10-55-26,/home/as22cq/Projects/Policy-RL-Peg_insertion/force_peg_rl/logs/rl_games/Forge/2026-08-17_10-55-26/nn/Forge.pth,1,nominal,1001,False,timeout,149,165.89071655273438,0.023191489279270172,15.17007064819336,7.937888145446777,0.3333333432674408,0.002217076485976577,2.088975191116333,0.020307006314396858,0.75,0.75,0.025398768484592438,0.14865505695343018
2026-08-17_10-55-26,/home/as22cq/Projects/Policy-RL-Peg_insertion/force_peg_rl/logs/rl_games/Forge/2026-08-17_10-55-26/nn/Forge.pth,1,nominal,1001,False,timeout,149,31.310733795166016,0.08204854279756546,8.953561782836914,1.1081472635269165,0.0416666679084301,0.022572778165340424,0.46033772826194763,0.018703695386648178,0.75,0.75,0.009076794609427452,-0.7004092335700989
2026-08-17_10-55-26,/home/as22cq/Projects/Policy-RL-Peg_insertion/force_peg_rl/logs/rl_games/Forge/2026-08-17_10-55-26/nn/Forge.pth,1,nominal,1001,False,timeout,149,110.30368041992188,0.02012675255537033,16.92214012145996,7.968106269836426,0.9166666865348816,0.0007775002159178257,0.8939803838729858,0.02388438582420349,0.75,0.75,0.022991864010691643,-0.5532423257827759
2026-08-17_10-55-26,/home/as22cq/Projects/Policy-RL-Peg_insertion/force_peg_rl/logs/rl_games/Forge/2026-08-17_10-55-26/nn/Forge.pth,1,nominal,1001,False,timeout,149,53.572330474853516,0.06730033457279205,6.8901567459106445,0.839447557926178,0.0,0.03659828007221222,0.719951868057251,0.023065969347953796,0.75,0.75,0.018991924822330475,0.20743392407894135
2026-08-17_10-55-26,/home/as22cq/Projects/Policy-RL-Peg_insertion/force_peg_rl/logs/rl_games/Forge/2026-08-17_10-55-26/nn/Forge.pth,1,nominal,1001,True,success,149,342.4486999511719,0.0002708379179239273,6.6500773429870605,3.1047279834747314,0.25,0.0007868114043958485,1.3491545915603638,0.022870369255542755,0.75,0.75,0.017809879034757614,0.6315240263938904
2026-08-17_10-55-26,/home/as22cq/Projects/Policy-RL-Peg_insertion/force_peg_rl/logs/rl_games/Forge/2026-08-17_10-55-26/nn/Forge.pth,1,nominal,1001,True,success,149,205.48580932617188,0.0001905597746372223,11.486903190612793,6.40349817276001,0.5583333373069763,0.000774695014115423,1.0773184299468994,0.022785302251577377,0.75,0.75,0.00510643282905221,0.09131362289190292
2026-08-17_10-55-26,/home/as22cq/Projects/Policy-RL-Peg_insertion/force_peg_rl/logs/rl_games/Forge/2026-08-17_10-55-26/nn/Forge.pth,1,nominal,1001,False,timeout,149,38.23490905761719,0.03410331904888153,9.040040016174316,1.8916302919387817,0.01666666753590107,0.07931363582611084,2.1149799823760986,0.023870799690485,0.75,0.75,0.015833258628845215,0.3663131892681122
2026-08-17_10-55-26,/home/as22cq/Projects/Policy-RL-Peg_insertion/force_peg_rl/logs/rl_games/Forge/2026-08-17_10-55-26/nn/Forge.pth,1,nominal,1001,False,timeout,149,29.258363723754883,0.08953949809074402,12.834426879882812,1.0155446529388428,0.01666666753590107,0.021600397303700447,0.7000284790992737,0.014620817266404629,0.75,0.75,0.010411480441689491,-0.14587116241455078
2026-08-17_10-55-26,/home/as22cq/Projects/Policy-RL-Peg_insertion/force_peg_rl/logs/rl_games/Forge/2026-08-17_10-55-26/nn/Forge.pth,1,nominal,1001,False,timeout,149,28.565370559692383,0.07438741624355316,8.656085968017578,0.8566861748695374,0.07500000298023224,0.05998667702078819,0.8756064176559448,0.02186746895313263,0.75,0.75,0.012933487072587013,-0.44119328260421753
2026-08-17_10-55-26,/home/as22cq/Projects/Policy-RL-Peg_insertion/force_peg_rl/logs/rl_games/Forge/2026-08-17_10-55-26/nn/Forge.pth,1,nominal,1001,False,timeout,149,31.85769271850586,0.05209411680698395,4.6805500984191895,0.39469990134239197,0.0,0.0678887665271759,1.0529444217681885,0.016157617792487144,0.75,0.75,0.023202423006296158,-0.3652269244194031
2026-08-17_10-55-26,/home/as22cq/Projects/Policy-RL-Peg_insertion/force_peg_rl/logs/rl_games/Forge/2026-08-17_10-55-26/nn/Forge.pth,1,nominal,1001,False,timeout,149,51.88261795043945,0.10407201945781708,10.887051582336426,1.53560209274292,0.05000000447034836,0.013618948869407177,0.7183448076248169,0.021059606224298477,0.75,0.75,0.01897650584578514,0.38433027267456055
2026-08-17_10-55-26,/home/as22cq/Projects/Policy-RL-Peg_insertion/force_peg_rl/logs/rl_games/Forge/2026-08-17_10-55-26/nn/Forge.pth,1,nominal,1001,False,timeout,149,31.238920211791992,0.06610040366649628,8.66698932647705,0.708551287651062,0.008333333767950535,0.06928688287734985,1.9908298254013062,0.020258717238903046,0.75,0.75,0.008386467583477497,0.2316727638244629
2026-08-17_10-55-26,/home/as22cq/Projects/Policy-RL-Peg_insertion/force_peg_rl/logs/rl_games/Forge/2026-08-17_10-55-26/nn/Forge.pth,1,nominal,1001,True,success,149,325.48480224609375,6.540864706039429e-05,11.612525939941406,5.543792724609375,0.2916666865348816,0.0006104964413680136,1.5620313882827759,0.018845554441213608,0.75,0.75,0.015989072620868683,0.055705513805150986
2026-08-17_10-55-26,/home/as22cq/Projects/Policy-RL-Peg_insertion/force_peg_rl/logs/rl_games/Forge/2026-08-17_10-55-26/nn/Forge.pth,1,nominal,1001,False,timeout,149,31.31500816345215,0.0630384236574173,8.805005073547363,1.2633506059646606,0.09166666865348816,0.06969799101352692,1.9979811906814575,0.018838200718164444,0.75,0.75,0.01841791719198227,-0.03332448750734329
2026-08-17_10-55-26,/home/as22cq/Projects/Policy-RL-Peg_insertion/force_peg_rl/logs/rl_games/Forge/2026-08-17_10-55-26/nn/Forge.pth,1,nominal,1001,False,timeout,149,77.86691284179688,0.0017645135521888733,17.773386001586914,9.719862937927246,1.0666667222976685,0.000618903199210763,1.0409544706344604,0.017856061458587646,0.75,0.75,0.011731645092368126,0.13897450268268585
2026-08-17_10-55-26,/home/as22cq/Projects/Policy-RL-Peg_insertion/force_peg_rl/logs/rl_games/Forge/2026-08-17_10-55-26/nn/Forge.pth,1,nominal,1001,False,timeout,149,145.69857788085938,0.02830222249031067,18.27833366394043,8.69540023803711,0.6666666865348816,0.007099095266312361,1.834036946296692,0.01571701653301716,0.75,0.75,0.01608235202729702,-0.16532404720783234
2026-08-17_10-55-26,/home/as22cq/Projects/Policy-RL-Peg_insertion/force_peg_rl/logs/rl_games/Forge/2026-08-17_10-55-26/nn/Forge.pth,1,nominal,1001,False,timeout,149,32.161163330078125,0.09417882561683655,8.879585266113281,1.0536655187606812,0.01666666753590107,0.02837439440190792,0.4418076276779175,0.01593594066798687,0.75,0.75,0.013790109194815159,-0.305357426404953
2026-08-17_10-55-26,/home/as22cq/Projects/Policy-RL-Peg_insertion/force_peg_rl/logs/rl_games/Forge/2026-08-17_10-55-26/nn/Forge.pth,1,nominal,1001,False,timeout,149,32.405548095703125,0.12585148215293884,8.070572853088379,2.314499855041504,0.0,0.04707787185907364,0.3086737394332886,0.020774684846401215,0.75,0.75,0.017013665288686752,0.23199039697647095
2026-08-17_10-55-26,/home/as22cq/Projects/Policy-RL-Peg_insertion/force_peg_rl/logs/rl_games/Forge/2026-08-17_10-55-26/nn/Forge.pth,1,nominal,1001,False,timeout,149,33.95912551879883,0.09224109351634979,6.670057773590088,1.2051719427108765,0.0,0.03246109560132027,0.663298487663269,0.01568693108856678,0.75,0.75,0.010746468789875507,0.1386077105998993
2026-08-17_10-55-26,/home/as22cq/Projects/Policy-RL-Peg_insertion/force_peg_rl/logs/rl_games/Forge/2026-08-17_10-55-26/nn/Forge.pth,1,nominal,1001,True,success,149,248.89036560058594,0.0008317679166793823,12.712586402893066,6.524608612060547,0.40000003576278687,0.0008004962000995874,1.1132111549377441,0.018006887286901474,0.75,0.75,0.006974481511861086,0.6974660754203796
2026-08-17_10-55-26,/home/as22cq/Projects/Policy-RL-Peg_insertion/force_peg_rl/logs/rl_games/Forge/2026-08-17_10-55-26/nn/Forge.pth,1,nominal,1001,True,success,149,231.38314819335938,0.00047374144196510315,14.209386825561523,6.008883953094482,0.6083333492279053,0.0005306486273184419,0.6680284142494202,0.018772847950458527,0.75,0.75,0.013196922838687897,-0.19503475725650787
2026-08-17_10-55-26,/home/as22cq/Projects/Policy-RL-Peg_insertion/force_peg_rl/logs/rl_games/Forge/2026-08-17_10-55-26/nn/Forge.pth,1,nominal,1001,True,success,149,354.4068298339844,0.0005935132503509521,10.181318283081055,3.994333505630493,0.10000000894069672,0.0007517024641856551,1.216416835784912,0.017154736444354057,0.75,0.75,0.02121230587363243,0.5288159251213074
2026-08-17_10-55-26,/home/as22cq/Projects/Policy-RL-Peg_insertion/force_peg_rl/logs/rl_games/Forge/2026-08-17_10-55-26/nn/Forge.pth,1,nominal,1001,True,success,149,372.2081604003906,0.0005764849483966827,13.178353309631348,3.260307788848877,0.06666667014360428,0.0006722837570123374,1.6138505935668945,0.017057888209819794,0.75,0.75,0.01905035600066185,0.2469227910041809
2026-08-17_10-55-26,/home/as22cq/Projects/Policy-RL-Peg_insertion/force_peg_rl/logs/rl_games/Forge/2026-08-17_10-55-26/nn/Forge.pth,1,nominal,1001,False,timeout,149,54.84840774536133,0.02941393107175827,8.738448143005371,5.597341060638428,0.0,0.01830388605594635,0.9582082033157349,0.02164911851286888,0.75,0.75,0.01484785694628954,0.4333549439907074
2026-08-17_10-55-26,/home/as22cq/Projects/Policy-RL-Peg_insertion/force_peg_rl/logs/rl_games/Forge/2026-08-17_10-55-26/nn/Forge.pth,1,nominal,1001,False,timeout,149,26.682235717773438,0.04484933242201805,0.3739316463470459,0.0750393345952034,0.0,0.06250522285699844,1.8491675853729248,0.019485317170619965,0.75,0.75,0.015334457159042358,0.15942102670669556
2026-08-17_10-55-26,/home/as22cq/Projects/Policy-RL-Peg_insertion/force_peg_rl/logs/rl_games/Forge/2026-08-17_10-55-26/nn/Forge.pth,1,nominal,1001,False,timeout,149,23.80070686340332,0.11559676378965378,15.70382022857666,2.0077948570251465,0.1666666716337204,0.01965964585542679,0.5152616500854492,0.01732698082923889,0.75,0.75,0.005018469877541065,0.7659934163093567
2026-08-17_10-55-26,/home/as22cq/Projects/Policy-RL-Peg_insertion/force_peg_rl/logs/rl_games/Forge/2026-08-17_10-55-26/nn/Forge.pth,1,nominal,1001,False,timeout,149,26.465822219848633,0.08704593777656555,0.439552903175354,0.09431318938732147,0.0,0.039739057421684265,0.772015392780304,0.017195260152220726,0.75,0.75,0.009747069329023361,-0.3258456885814667
2026-08-17_10-55-26,/home/as22cq/Projects/Policy-RL-Peg_insertion/force_peg_rl/logs/rl_games/Forge/2026-08-17_10-55-26/nn/Forge.pth,1,nominal,1001,False,timeout,149,27.01485824584961,0.01786109432578087,0.21686044335365295,0.04091738909482956,0.0,0.05589842051267624,1.8771306276321411,0.019713807851076126,0.75,0.75,0.002150452695786953,0.25809046626091003
2026-08-17_10-55-26,/home/as22cq/Projects/Policy-RL-Peg_insertion/force_peg_rl/logs/rl_games/Forge/2026-08-17_10-55-26/nn/Forge.pth,1,nominal,1001,False,timeout,149,117.2904281616211,0.003206174820661545,21.339990615844727,8.037638664245605,0.5166667103767395,0.0005973080405965447,1.3116012811660767,0.016470789909362793,0.75,0.75,0.02108541689813137,0.6555227041244507
2026-08-17_10-55-26,/home/as22cq/Projects/Policy-RL-Peg_insertion/force_peg_rl/logs/rl_games/Forge/2026-08-17_10-55-26/nn/Forge.pth,1,nominal,1001,False,timeout,149,24.51738166809082,0.1863621175289154,9.941221237182617,0.17642636597156525,0.008333333767950535,0.06618665158748627,0.19400542974472046,0.02107066474854946,0.75,0.75,0.021301236003637314,-0.6772103905677795
2026-08-17_10-55-26,/home/as22cq/Projects/Policy-RL-Peg_insertion/force_peg_rl/logs/rl_games/Forge/2026-08-17_10-55-26/nn/Forge.pth,1,nominal,1001,False,timeout,149,24.582582473754883,0.11361227929592133,0.9957398772239685,0.07303950935602188,0.0,0.02417413890361786,0.3763774633407593,0.019642818719148636,0.75,0.75,0.02282714657485485,-0.6422103643417358
2026-08-17_10-55-26,/home/as22cq/Projects/Policy-RL-Peg_insertion/force_peg_rl/logs/rl_games/Forge/2026-08-17_10-55-26/nn/Forge.pth,1,nominal,1001,False,timeout,149,25.277202606201172,0.10179384052753448,0.7373365163803101,0.16792786121368408,0.0,0.050641678273677826,0.5713011622428894,0.016166212037205696,0.75,0.75,0.014402458444237709,0.1898675113916397
2026-08-17_10-55-26,/home/as22cq/Projects/Policy-RL-Peg_insertion/force_peg_rl/logs/rl_games/Forge/2026-08-17_10-55-26/nn/Forge.pth,1,nominal,1001,False,timeout,149,30.725444793701172,0.07822081446647644,3.319338321685791,0.18652379512786865,0.0,0.046582188457250595,0.6985177993774414,0.02291574329137802,0.75,0.75,0.016527259722352028,-0.6966042518615723
2026-08-17_10-55-26,/home/as22cq/Projects/Policy-RL-Peg_insertion/force_peg_rl/logs/rl_games/Forge/2026-08-17_10-55-26/nn/Forge.pth,1,nominal,1001,False,timeout,149,24.3776798248291,0.14501282572746277,0.42045101523399353,0.07363508641719818,0.0,0.045007944107055664,0.3807840645313263,0.015569858253002167,0.75,0.75,0.022438734769821167,-0.7281140089035034
2026-08-17_10-55-26,/home/as22cq/Projects/Policy-RL-Peg_insertion/force_peg_rl/logs/rl_games/Forge/2026-08-17_10-55-26/nn/Forge.pth,1,nominal,1001,False,timeout,149,29.437952041625977,0.13343241810798645,5.061300277709961,0.4335882067680359,0.0,0.011287949979305267,0.4610638916492462,0.016166362911462784,0.75,0.75,0.019842974841594696,0.295145720243454
2026-08-17_10-55-26,/home/as22cq/Projects/Policy-RL-Peg_insertion/force_peg_rl/logs/rl_games/Forge/2026-08-17_10-55-26/nn/Forge.pth,1,nominal,1001,False,timeout,149,25.322633743286133,0.10557359457015991,9.93526840209961,0.49577611684799194,0.008333333767950535,0.051254939287900925,0.4743999242782593,0.023370862007141113,0.75,0.75,0.002932425821200013,-0.711712121963501
2026-08-17_10-55-26,/home/as22cq/Projects/Policy-RL-Peg_insertion/force_peg_rl/logs/rl_games/Forge/2026-08-17_10-55-26/nn/Forge.pth,1,nominal,1001,False,timeout,149,27.914480209350586,0.07714273035526276,4.074469089508057,0.16047769784927368,0.0,0.051954492926597595,0.6101466417312622,0.015642669051885605,0.75,0.75,0.02164832130074501,-0.22570373117923737
2026-08-17_10-55-26,/home/as22cq/Projects/Policy-RL-Peg_insertion/force_peg_rl/logs/rl_games/Forge/2026-08-17_10-55-26/nn/Forge.pth,1,nominal,1001,False,timeout,149,32.51845932006836,0.056520313024520874,3.7758238315582275,0.16609974205493927,0.0,0.0466085746884346,1.1205470561981201,0.018210183829069138,0.75,0.75,0.015350107103586197,0.31937673687934875
2026-08-17_10-55-26,/home/as22cq/Projects/Policy-RL-Peg_insertion/force_peg_rl/logs/rl_games/Forge/2026-08-17_10-55-26/nn/Forge.pth,1,nominal,1001,False,timeout,149,31.020235061645508,0.09945675730705261,11.3961820602417,1.421178936958313,0.008333333767950535,0.009866414591670036,0.4391040802001953,0.016150567680597305,0.75,0.75,0.019974714145064354,0.13439245522022247
2026-08-17_10-55-26,/home/as22cq/Projects/Policy-RL-Peg_insertion/force_peg_rl/logs/rl_games/Forge/2026-08-17_10-55-26/nn/Forge.pth,1,nominal,1001,False,timeout,149,30.791643142700195,0.0779339075088501,7.973739147186279,0.46732228994369507,0.008333333767950535,0.04890184849500656,0.6495420336723328,0.021775322034955025,0.75,0.75,0.009201427921652794,0.4407072365283966
2026-08-17_10-55-26,/home/as22cq/Projects/Policy-RL-Peg_insertion/force_peg_rl/logs/rl_games/Forge/2026-08-17_10-55-26/nn/Forge.pth,1,nominal,1001,False,timeout,149,24.884416580200195,0.05645819008350372,6.5319976806640625,0.134770005941391,0.0,0.03684629127383232,0.6154494881629944,0.02289941906929016,0.75,0.75,0.01390113029628992,-0.7715246081352234
2026-08-17_10-55-26,/home/as22cq/Projects/Policy-RL-Peg_insertion/force_peg_rl/logs/rl_games/Forge/2026-08-17_10-55-26/nn/Forge.pth,1,nominal,1001,False,timeout,149,25.004770278930664,0.06715366244316101,0.17037862539291382,0.04176708310842514,0.0,0.06661989539861679,2.1391513347625732,0.019238904118537903,0.75,0.75,0.01882363297045231,0.18654686212539673
2026-08-17_10-55-26,/home/as22cq/Projects/Policy-RL-Peg_insertion/force_peg_rl/logs/rl_games/Forge/2026-08-17_10-55-26/nn/Forge.pth,1,nominal,1001,False,timeout,149,39.30683135986328,0.020606908947229385,10.6323881149292,3.271867036819458,0.01666666753590107,0.025245971977710724,1.5175679922103882,0.018931817263364792,0.75,0.75,0.01968681439757347,-0.23151953518390656
2026-08-17_10-55-26,/home/as22cq/Projects/Policy-RL-Peg_insertion/force_peg_rl/logs/rl_games/Forge/2026-08-17_10-55-26/nn/Forge.pth,1,nominal,1001,False,timeout,149,18.507789611816406,0.11069747805595398,12.01262092590332,2.6243326663970947,0.22500000894069672,0.07754111289978027,0.410859078168869,0.02240586280822754,0.75,0.75,0.012530215084552765,0.13043104112148285
2026-08-17_10-55-26,/home/as22cq/Projects/Policy-RL-Peg_insertion/force_peg_rl/logs/rl_games/Forge/2026-08-17_10-55-26/nn/Forge.pth,1,nominal,1001,False,timeout,149,31.19387435913086,0.05603829026222229,2.1200129985809326,0.1340409219264984,0.0,0.06189629063010216,1.27988600730896,0.02098115161061287,0.75,0.75,0.01623188517987728,-0.19918975234031677
2026-08-17_10-55-26,/home/as22cq/Projects/Policy-RL-Peg_insertion/force_peg_rl/logs/rl_games/Forge/2026-08-17_10-55-26/nn/Forge.pth,1,nominal,1001,False,timeout,149,25.58580207824707,0.07179029285907745,0.3920825719833374,0.12246329337358475,0.0,0.06251957267522812,0.9371441602706909,0.022938724607229233,0.75,0.75,0.009694133885204792,-0.0808091089129448
2026-08-17_10-55-26,/home/as22cq/Projects/Policy-RL-Peg_insertion/force_peg_rl/logs/rl_games/Forge/2026-08-17_10-55-26/nn/Forge.pth,1,nominal,1001,False,timeout,149,29.8569393157959,0.08432649075984955,5.804193019866943,0.40075892210006714,0.0,0.01639801450073719,0.6961381435394287,0.016873560845851898,0.75,0.75,0.015161111019551754,-0.5265071392059326
2026-08-17_10-55-26,/home/as22cq/Projects/Policy-RL-Peg_insertion/force_peg_rl/logs/rl_games/Forge/2026-08-17_10-55-26/nn/Forge.pth,1,nominal,1001,False,timeout,149,29.160791397094727,0.03551788628101349,3.9660842418670654,0.1140555664896965,0.0,0.07714692503213882,2.375814437866211,0.0156350526958704,0.75,0.75,0.01933639869093895,0.31334957480430603
2026-08-17_10-55-26,/home/as22cq/Projects/Policy-RL-Peg_insertion/force_peg_rl/logs/rl_games/Forge/2026-08-17_10-55-26/nn/Forge.pth,1,nominal,1001,False,timeout,149,29.519968032836914,0.05145077779889107,0.23536179959774017,0.0412985235452652,0.0,0.05825275182723999,2.1403372287750244,0.020158756524324417,0.75,0.75,0.013035551644861698,0.5365958213806152
2026-08-17_10-55-26,/home/as22cq/Projects/Policy-RL-Peg_insertion/force_peg_rl/logs/rl_games/Forge/2026-08-17_10-55-26/nn/Forge.pth,1,nominal,1001,False,timeout,149,28.71808624267578,0.07993689179420471,0.6655809879302979,0.12627987563610077,0.0,0.04814976081252098,0.6619123816490173,0.019965898245573044,0.75,0.75,0.00671359384432435,-0.4505034387111664
2026-08-17_10-55-26,/home/as22cq/Projects/Policy-RL-Peg_insertion/force_peg_rl/logs/rl_games/Forge/2026-08-17_10-55-26/nn/Forge.pth,1,nominal,1001,False,timeout,149,24.400205612182617,0.08392730355262756,7.25457763671875,0.17341318726539612,0.0,0.037662919610738754,0.6975287199020386,0.02355351112782955,0.75,0.75,0.027021802961826324,0.15036511421203613
2026-08-17_10-55-26,/home/as22cq/Projects/Policy-RL-Peg_insertion/force_peg_rl/logs/rl_games/Forge/2026-08-17_10-55-26/nn/Forge.pth,1,nominal,1001,False,timeout,149,25.680795669555664,0.0586433932185173,0.4017769396305084,0.12513726949691772,0.0,0.0590665377676487,1.985223650932312,0.0174166988581419,0.75,0.75,0.015642458572983742,-0.5607950687408447
2026-08-17_10-55-26,/home/as22cq/Projects/Policy-RL-Peg_insertion/force_peg_rl/logs/rl_games/Forge/2026-08-17_10-55-26/nn/Forge.pth,1,nominal,1001,False,timeout,149,37.67003631591797,0.021441109478473663,14.595380783081055,5.660741329193115,0.11666667461395264,0.021608201786875725,1.2326222658157349,0.01682325080037117,0.75,0.75,0.013652815483510494,0.028686435893177986
2026-08-17_10-55-26,/home/as22cq/Projects/Policy-RL-Peg_insertion/force_peg_rl/logs/rl_games/Forge/2026-08-17_10-55-26/nn/Forge.pth,1,nominal,1001,False,timeout,149,24.9349365234375,0.0701996237039566,0.3790970742702484,0.06415136903524399,0.0,0.02922714129090309,0.5836629867553711,0.01520598866045475,0.75,0.75,0.012353871949017048,0.11279333382844925
2026-08-17_10-55-26,/home/as22cq/Projects/Policy-RL-Peg_insertion/force_peg_rl/logs/rl_games/Forge/2026-08-17_10-55-26/nn/Forge.pth,1,nominal,1001,False,timeout,149,26.593585968017578,0.0645081102848053,0.30062392354011536,0.07414799928665161,0.0,0.07979576289653778,2.1977317333221436,0.022262301295995712,0.75,0.75,0.012130232527852058,0.15834899246692657
2026-08-17_10-55-26,/home/as22cq/Projects/Policy-RL-Peg_insertion/force_peg_rl/logs/rl_games/Forge/2026-08-17_10-55-26/nn/Forge.pth,1,nominal,1001,False,timeout,149,23.577762603759766,0.23766480386257172,3.5318961143493652,0.19858095049858093,0.0,0.06912602484226227,0.20009183883666992,0.014059549197554588,0.75,0.75,0.014119738712906837,-0.4990970492362976
2026-08-17_10-55-26,/home/as22cq/Projects/Policy-RL-Peg_insertion/force_peg_rl/logs/rl_games/Forge/2026-08-17_10-55-26/nn/Forge.pth,1,nominal,1001,True,success,149,295.8193359375,0.0013496354222297668,15.965798377990723,6.2684149742126465,0.6250000596046448,0.0008461389224976301,1.0492466688156128,0.021552711725234985,0.75,0.75,0.020876480266451836,-0.5127936601638794
2026-08-17_10-55-26,/home/as22cq/Projects/Policy-RL-Peg_insertion/force_peg_rl/logs/rl_games/Forge/2026-08-17_10-55-26/nn/Forge.pth,1,nominal,1001,False,timeout,149,29.179288864135742,0.09013378620147705,8.953575134277344,0.8637425899505615,0.03333333507180214,0.020978135988116264,0.6345465183258057,0.020665738731622696,0.75,0.75,0.016821373254060745,0.06334131956100464
2026-08-17_10-55-26,/home/as22cq/Projects/Policy-RL-Peg_insertion/force_peg_rl/logs/rl_games/Forge/2026-08-17_10-55-26/nn/Forge.pth,1,nominal,1001,False,timeout,149,25.572715759277344,0.06880538165569305,0.3496496081352234,0.09125497192144394,0.0,0.07033098489046097,2.119189500808716,0.021153850480914116,0.75,0.75,0.00891163945198059,0.2165878862142563
2026-08-17_10-55-26,/home/as22cq/Projects/Policy-RL-Peg_insertion/force_peg_rl/logs/rl_games/Forge/2026-08-17_10-55-26/nn/Forge.pth,1,nominal,1001,False,timeout,149,24.610042572021484,0.08194510638713837,0.49589887261390686,0.08411691337823868,0.0,0.07445237040519714,0.834477961063385,0.021385658532381058,0.75,0.75,0.008229159750044346,-0.28635331988334656
2026-08-17_10-55-26,/home/as22cq/Projects/Policy-RL-Peg_insertion/force_peg_rl/logs/rl_games/Forge/2026-08-17_10-55-26/nn/Forge.pth,1,nominal,1001,False,timeout,149,28.594999313354492,0.1160603016614914,7.3199462890625,0.43218040466308594,0.0,0.041238248348236084,0.602701723575592,0.016053400933742523,0.75,0.75,0.01621880568563938,0.11821167916059494
2026-08-17_10-55-26,/home/as22cq/Projects/Policy-RL-Peg_insertion/force_peg_rl/logs/rl_games/Forge/2026-08-17_10-55-26/nn/Forge.pth,1,nominal,1001,False,timeout,149,31.643657684326172,0.06141339987516403,7.623640537261963,1.0285887718200684,0.0,0.06255514174699783,1.2657725811004639,0.020496314391493797,0.75,0.75,0.0072102658450603485,-0.7670652866363525
2026-08-17_10-55-26,/home/as22cq/Projects/Policy-RL-Peg_insertion/force_peg_rl/logs/rl_games/Forge/2026-08-17_10-55-26/nn/Forge.pth,1,nominal,1001,False,timeout,149,31.579965591430664,0.0660257637500763,7.958573341369629,1.051640272140503,0.05000000447034836,0.021473554894328117,0.5543432831764221,0.020682819187641144,0.75,0.75,0.009847824461758137,-0.3959408104419708
2026-08-17_10-55-26,/home/as22cq/Projects/Policy-RL-Peg_insertion/force_peg_rl/logs/rl_games/Forge/2026-08-17_10-55-26/nn/Forge.pth,1,nominal,1001,False,timeout,149,25.563508987426758,0.08214574307203293,0.3814428448677063,0.08305452018976212,0.0,0.05574573948979378,0.6435953378677368,0.023266304284334183,0.75,0.75,0.023187637329101562,0.4895193874835968
2026-08-17_10-55-26,/home/as22cq/Projects/Policy-RL-Peg_insertion/force_peg_rl/logs/rl_games/Forge/2026-08-17_10-55-26/nn/Forge.pth,1,nominal,1001,False,timeout,149,33.672237396240234,0.15302422642707825,3.7778072357177734,0.5450015068054199,0.0,0.0669429823756218,0.35246914625167847,0.018296927213668823,0.75,0.75,0.0075696674175560474,0.4345397353172302
2026-08-17_10-55-26,/home/as22cq/Projects/Policy-RL-Peg_insertion/force_peg_rl/logs/rl_games/Forge/2026-08-17_10-55-26/nn/Forge.pth,1,nominal,1001,False,timeout,149,29.1235294342041,0.06418024003505707,0.3756583333015442,0.057071883231401443,0.0,0.10583025962114334,1.683180332183838,0.022931180894374847,0.75,0.75,0.0144522525370121,0.41410335898399353
2026-08-17_10-55-26,/home/as22cq/Projects/Policy-RL-Peg_insertion/force_peg_rl/logs/rl_games/Forge/2026-08-17_10-55-26/nn/Forge.pth,1,nominal,1001,False,timeout,149,30.274051666259766,0.06944984197616577,9.76077651977539,0.6132454872131348,0.05000000447034836,0.05342742055654526,0.8168387413024902,0.018306290730834007,0.75,0.75,0.011412709951400757,0.376802921295166
2026-08-17_10-55-26,/home/as22cq/Projects/Policy-RL-Peg_insertion/force_peg_rl/logs/rl_games/Forge/2026-08-17_10-55-26/nn/Forge.pth,1,nominal,1001,False,timeout,149,25.4888916015625,0.06472530961036682,0.506550669670105,0.09178478270769119,0.0,0.06083907186985016,1.232313632965088,0.016289347782731056,0.75,0.75,0.020338712260127068,-0.6465989351272583
2026-08-17_10-55-26,/home/as22cq/Projects/Policy-RL-Peg_insertion/force_peg_rl/logs/rl_games/Forge/2026-08-17_10-55-26/nn/Forge.pth,1,nominal,1001,False,timeout,149,25.511276245117188,0.25186315178871155,9.32711124420166,0.6032446026802063,0.008333333767950535,0.05235227197408676,0.21801522374153137,0.02268315851688385,0.75,0.75,0.0179225355386734,-0.476485013961792
2026-08-17_10-55-26,/home/as22cq/Projects/Policy-RL-Peg_insertion/force_peg_rl/logs/rl_games/Forge/2026-08-17_10-55-26/nn/Forge.pth,1,nominal,1001,False,timeout,149,30.3165283203125,0.119764044880867,5.449977874755859,0.7257775664329529,0.0,0.035972680896520615,0.519817054271698,0.016915027052164078,0.75,0.75,0.02115846611559391,0.36377328634262085
2026-08-17_10-55-26,/home/as22cq/Projects/Policy-RL-Peg_insertion/force_peg_rl/logs/rl_games/Forge/2026-08-17_10-55-26/nn/Forge.pth,1,nominal,1001,False,timeout,149,29.190143585205078,0.07521097362041473,10.611944198608398,0.24899084866046906,0.008333333767950535,0.04905756562948227,0.6635698080062866,0.018898047506809235,0.75,0.75,0.012265103869140148,-0.3618459701538086
2026-08-17_10-55-26,/home/as22cq/Projects/Policy-RL-Peg_insertion/force_peg_rl/logs/rl_games/Forge/2026-08-17_10-55-26/nn/Forge.pth,1,nominal,1001,False,timeout,149,25.618982315063477,0.11446910351514816,0.44851696491241455,0.07720958441495895,0.0,0.020226383581757545,0.38042011857032776,0.017300201579928398,0.75,0.75,0.021430961787700653,-0.6492890119552612
2026-08-17_10-55-26,/home/as22cq/Projects/Policy-RL-Peg_insertion/force_peg_rl/logs/rl_games/Forge/2026-08-17_10-55-26/nn/Forge.pth,1,nominal,1001,False,timeout,149,27.324623107910156,0.05588454008102417,0.22514647245407104,0.05207541957497597,0.0,0.06875056773424149,1.9857233762741089,0.017231246456503868,0.75,0.75,0.013714263215661049,0.15870985388755798
2026-08-17_10-55-26,/home/as22cq/Projects/Policy-RL-Peg_insertion/force_peg_rl/logs/rl_games/Forge/2026-08-17_10-55-26/nn/Forge.pth,1,nominal,1001,False,timeout,149,27.621999740600586,0.14275525510311127,2.244770050048828,0.1697840839624405,0.0,0.06616649776697159,0.42310893535614014,0.014061514288187027,0.75,0.75,0.008627437055110931,0.485250860452652
2026-08-17_10-55-26,/home/as22cq/Projects/Policy-RL-Peg_insertion/force_peg_rl/logs/rl_games/Forge/2026-08-17_10-55-26/nn/Forge.pth,1,nominal,1001,False,timeout,149,27.522296905517578,0.03167786821722984,0.9495839476585388,0.08634010702371597,0.0,0.06472978740930557,2.1044249534606934,0.018452759832143784,0.75,0.75,0.017599990591406822,0.7177645564079285
2026-08-17_10-55-26,/home/as22cq/Projects/Policy-RL-Peg_insertion/force_peg_rl/logs/rl_games/Forge/2026-08-17_10-55-26/nn/Forge.pth,1,nominal,1001,False,timeout,149,37.877132415771484,0.06150485575199127,7.176725387573242,1.8152945041656494,0.008333333767950535,0.0363120511174202,0.6659470796585083,0.019890470430254936,0.75,0.75,0.018946925178170204,0.7266778945922852
2026-08-17_10-55-26,/home/as22cq/Projects/Policy-RL-Peg_insertion/force_peg_rl/logs/rl_games/Forge/2026-08-17_10-55-26/nn/Forge.pth,1,nominal,1001,False,timeout,149,-73.89954376220703,0.01924814283847809,20.804588317871094,8.942865371704102,0.8333333730697632,0.026024075224995613,1.526796817779541,0.018977031111717224,0.75,0.75,0.017995428293943405,-0.21558690071105957
2026-08-17_10-55-26,/home/as22cq/Projects/Policy-RL-Peg_insertion/force_peg_rl/logs/rl_games/Forge/2026-08-17_10-55-26/nn/Forge.pth,1,nominal,1001,False,timeout,149,31.585599899291992,0.05910744518041611,4.001321315765381,0.5634294152259827,0.0,0.05646560713648796,1.8243684768676758,0.01557972189038992,0.75,0.75,0.012333977967500687,0.3208732604980469
2026-08-17_10-55-26,/home/as22cq/Projects/Policy-RL-Peg_insertion/force_peg_rl/logs/rl_games/Forge/2026-08-17_10-55-26/nn/Forge.pth,1,nominal,1001,False,timeout,149,30.641401290893555,0.10072766244411469,4.779285430908203,0.7671242356300354,0.0,0.0360061414539814,0.4873567521572113,0.017802242189645767,0.75,0.75,0.021507157012820244,-0.464180588722229
2026-08-17_10-55-26,/home/as22cq/Projects/Policy-RL-Peg_insertion/force_peg_rl/logs/rl_games/Forge/2026-08-17_10-55-26/nn/Forge.pth,1,nominal,1001,False,timeout,149,27.92585563659668,0.07957947254180908,14.965561866760254,0.3428710103034973,0.008333333767950535,0.04318955913186073,0.8072871565818787,0.017767682671546936,0.75,0.75,0.0027543501928448677,-0.31682145595550537
2026-08-17_10-55-26,/home/as22cq/Projects/Policy-RL-Peg_insertion/force_peg_rl/logs/rl_games/Forge/2026-08-17_10-55-26/nn/Forge.pth,1,nominal,1001,False,timeout,149,27.1691837310791,0.0329110249876976,0.4285511076450348,0.06739354878664017,0.0,0.07712126523256302,2.193817138671875,0.015009330585598946,0.75,0.75,0.012256965972483158,0.399362176656723
2026-08-17_10-55-26,/home/as22cq/Projects/Policy-RL-Peg_insertion/force_peg_rl/logs/rl_games/Forge/2026-08-17_10-55-26/nn/Forge.pth,1,nominal,1001,False,timeout,149,24.178876876831055,0.07660448551177979,0.5258873105049133,0.09850510209798813,0.0,0.02611500583589077,0.6507270932197571,0.02253558859229088,0.75,0.75,0.018683847039937973,0.2690579295158386
2026-08-17_10-55-26,/home/as22cq/Projects/Policy-RL-Peg_insertion/force_peg_rl/logs/rl_games/Forge/2026-08-17_10-55-26/nn/Forge.pth,1,nominal,1001,False,timeout,149,26.79534149169922,0.04792217165231705,0.37616488337516785,0.09691043198108673,0.0,0.02696887031197548,0.9518234729766846,0.016178205609321594,0.75,0.75,0.01242130808532238,-0.5786872506141663
2026-08-17_10-55-26,/home/as22cq/Projects/Policy-RL-Peg_insertion/force_peg_rl/logs/rl_games/Forge/2026-08-17_10-55-26/nn/Forge.pth,1,nominal,1001,False,timeout,149,51.74831008911133,0.08848191797733307,8.039558410644531,0.7503488063812256,0.05833333730697632,0.04853678122162819,0.6254855394363403,0.021530838683247566,0.75,0.75,0.015110381878912449,0.05560506880283356
2026-08-17_10-55-26,/home/as22cq/Projects/Policy-RL-Peg_insertion/force_peg_rl/logs/rl_games/Forge/2026-08-17_10-55-26/nn/Forge.pth,1,nominal,1001,False,timeout,149,24.28487777709961,0.08341559022665024,0.2992698848247528,0.05081527680158615,0.0,0.016013022512197495,0.5225651264190674,0.014759902842342854,0.75,0.75,0.01829526387155056,-0.7175599336624146
2026-08-17_10-55-26,/home/as22cq/Projects/Policy-RL-Peg_insertion/force_peg_rl/logs/rl_games/Forge/2026-08-17_10-55-26/nn/Forge.pth,1,nominal,1001,False,timeout,149,28.551393508911133,0.11598947644233704,8.707076072692871,1.0296212434768677,0.05000000447034836,0.025875821709632874,0.4007663428783417,0.023537378758192062,0.75,0.75,0.02001100219786167,-0.00426830817013979
2026-08-17_10-55-26,/home/as22cq/Projects/Policy-RL-Peg_insertion/force_peg_rl/logs/rl_games/Forge/2026-08-17_10-55-26/nn/Forge.pth,1,nominal,1001,False,timeout,149,30.60593032836914,0.10287611186504364,10.380270957946777,1.6542785167694092,0.11666667461395264,0.024649040773510933,0.5457465052604675,0.021453145891427994,0.75,0.75,0.005087940488010645,-0.41542989015579224
2026-08-17_10-55-26,/home/as22cq/Projects/Policy-RL-Peg_insertion/force_peg_rl/logs/rl_games/Forge/2026-08-17_10-55-26/nn/Forge.pth,1,nominal,1001,False,timeout,149,99.82439422607422,0.012700125575065613,19.815773010253906,10.156299591064453,1.0,0.000509139965288341,1.386236310005188,0.023269906640052795,0.75,0.75,0.018342526629567146,0.7181453704833984
2026-08-17_10-55-26,/home/as22cq/Projects/Policy-RL-Peg_insertion/force_peg_rl/logs/rl_games/Forge/2026-08-17_10-55-26/nn/Forge.pth,1,nominal,1001,False,timeout,149,61.21715545654297,0.018175631761550903,7.893495082855225,3.1031670570373535,0.06666667014360428,0.01634075865149498,0.6450273990631104,0.02015027217566967,0.75,0.75,0.009213525801897049,0.2632787823677063
2026-08-17_10-55-26,/home/as22cq/Projects/Policy-RL-Peg_insertion/force_peg_rl/logs/rl_games/Forge/2026-08-17_10-55-26/nn/Forge.pth,1,nominal,1001,False,timeout,149,23.716930389404297,0.19395622611045837,1.065078854560852,0.08477842807769775,0.0,0.07048482447862625,0.20095579326152802,0.01780351623892784,0.75,0.75,0.019182290881872177,-0.29874444007873535
2026-08-17_10-55-26,/home/as22cq/Projects/Policy-RL-Peg_insertion/force_peg_rl/logs/rl_games/Forge/2026-08-17_10-55-26/nn/Forge.pth,1,nominal,1001,False,timeout,149,31.388113021850586,0.1154954582452774,5.134425163269043,0.6383153200149536,0.0,0.03021683730185032,0.391792893409729,0.016263706609606743,0.75,0.75,0.013175632804632187,0.35033491253852844
2026-08-17_10-55-26,/home/as22cq/Projects/Policy-RL-Peg_insertion/force_peg_rl/logs/rl_games/Forge/2026-08-17_10-55-26/nn/Forge.pth,1,nominal,1001,False,timeout,149,27.47403907775879,0.0955716148018837,0.5876039862632751,0.19255207479000092,0.0,0.041662607342004776,0.749045729637146,0.016402853652834892,0.75,0.75,0.013304097577929497,0.19915515184402466
2026-08-17_10-55-26,/home/as22cq/Projects/Policy-RL-Peg_insertion/force_peg_rl/logs/rl_games/Forge/2026-08-17_10-55-26/nn/Forge.pth,1,nominal,1001,False,timeout,149,30.625329971313477,0.0738258808851242,11.355213165283203,2.1539387702941895,0.05833333730697632,0.06923263520002365,0.7603909969329834,0.02295359969139099,0.75,0.75,0.013419264927506447,0.39455029368400574
2026-08-17_10-55-26,/home/as22cq/Projects/Policy-RL-Peg_insertion/force_peg_rl/logs/rl_games/Forge/2026-08-17_10-55-26/nn/Forge.pth,1,nominal,1001,False,timeout,149,27.55051612854004,0.0755937471985817,0.35989609360694885,0.04809451848268509,0.0,0.03155894577503204,0.5052906274795532,0.01770959608256817,0.75,0.75,0.014691845513880253,-0.5404009222984314
2026-08-17_10-55-26,/home/as22cq/Projects/Policy-RL-Peg_insertion/force_peg_rl/logs/rl_games/Forge/2026-08-17_10-55-26/nn/Forge.pth,1,nominal,1001,False,timeout,149,22.637285232543945,0.11469938606023788,9.598922729492188,0.5841889977455139,0.05000000447034836,0.048237476497888565,0.3779009282588959,0.016356922686100006,0.75,0.75,0.017856009304523468,-0.33245620131492615
2026-08-17_10-55-26,/home/as22cq/Projects/Policy-RL-Peg_insertion/force_peg_rl/logs/rl_games/Forge/2026-08-17_10-55-26/nn/Forge.pth,1,nominal,1001,False,timeout,149,26.49984359741211,0.06854966282844543,0.43174752593040466,0.10059372335672379,0.0,0.056887201964855194,1.364989995956421,0.02057572640478611,0.75,0.75,0.015976805239915848,-0.3307815492153168
2026-08-17_10-55-26,/home/as22cq/Projects/Policy-RL-Peg_insertion/force_peg_rl/logs/rl_games/Forge/2026-08-17_10-55-26/nn/Forge.pth,1,nominal,1001,False,timeout,149,26.19487762451172,0.0754999965429306,0.21812637150287628,0.03992675617337227,0.0,0.008752088062465191,0.4342239797115326,0.01646830514073372,0.75,0.75,0.021247239783406258,-0.2188536822795868
2026-08-17_10-55-26,/home/as22cq/Projects/Policy-RL-Peg_insertion/force_peg_rl/logs/rl_games/Forge/2026-08-17_10-55-26/nn/Forge.pth,1,nominal,1001,False,timeout,149,29.796180725097656,0.06479445844888687,2.333061933517456,0.08430149406194687,0.0,0.07488817721605301,1.8685450553894043,0.016161106526851654,0.75,0.75,0.01631709188222885,0.30144909024238586
2026-08-17_10-55-26,/home/as22cq/Projects/Policy-RL-Peg_insertion/force_peg_rl/logs/rl_games/Forge/2026-08-17_10-55-26/nn/Forge.pth,1,nominal,1001,False,timeout,149,26.085792541503906,0.06359312683343887,0.5261148810386658,0.12488050013780594,0.0,0.05019339546561241,0.6001891493797302,0.01702846586704254,0.75,0.75,0.014140252023935318,-0.15462133288383484
2026-08-17_10-55-26,/home/as22cq/Projects/Policy-RL-Peg_insertion/force_peg_rl/logs/rl_games/Forge/2026-08-17_10-55-26/nn/Forge.pth,1,nominal,1001,False,timeout,149,26.021587371826172,0.026793424040079117,0.7716401219367981,0.12104158848524094,0.0,0.06476566940546036,2.2759616374969482,0.014587434940040112,0.75,0.75,0.020949913188815117,0.40289273858070374
2026-08-17_10-55-26,/home/as22cq/Projects/Policy-RL-Peg_insertion/force_peg_rl/logs/rl_games/Forge/2026-08-17_10-55-26/nn/Forge.pth,1,nominal,1001,False,timeout,149,26.477846145629883,0.12788313627243042,0.30064693093299866,0.06198808178305626,0.0,0.030704425647854805,0.33717694878578186,0.018362728878855705,0.75,0.75,0.01223105750977993,-0.4435054361820221
2026-08-17_10-55-26,/home/as22cq/Projects/Policy-RL-Peg_insertion/force_peg_rl/logs/rl_games/Forge/2026-08-17_10-55-26/nn/Forge.pth,1,nominal,1001,False,timeout,149,25.54880142211914,0.07398273050785065,0.4426385760307312,0.13184815645217896,0.0,0.05534618720412254,0.9641824960708618,0.01855064183473587,0.75,0.75,0.01869184523820877,-0.6091059446334839
2026-08-17_10-55-26,/home/as22cq/Projects/Policy-RL-Peg_insertion/force_peg_rl/logs/rl_games/Forge/2026-08-17_10-55-26/nn/Forge.pth,1,nominal,1001,False,timeout,149,25.682558059692383,0.06488227844238281,0.32756808400154114,0.07937034219503403,0.0,0.061203621327877045,0.8840720653533936,0.018471993505954742,0.75,0.75,0.016589105129241943,-0.029500886797904968
2026-08-17_10-55-26,/home/as22cq/Projects/Policy-RL-Peg_insertion/force_peg_rl/logs/rl_games/Forge/2026-08-17_10-55-26/nn/Forge.pth,1,nominal,1001,False,timeout,149,25.711959838867188,0.18546198308467865,0.9524056315422058,0.0851769670844078,0.0,0.07592400908470154,0.26505595445632935,0.02168460376560688,0.75,0.75,0.019233984872698784,-0.3934597969055176
2026-08-17_10-55-26,/home/as22cq/Projects/Policy-RL-Peg_insertion/force_peg_rl/logs/rl_games/Forge/2026-08-17_10-55-26/nn/Forge.pth,1,nominal,1001,False,timeout,149,25.006696701049805,0.06638594716787338,0.3487022817134857,0.051958996802568436,0.0,0.06253882497549057,1.8879777193069458,0.01885201781988144,0.75,0.75,0.019675159826874733,0.6522115468978882
2026-08-17_10-55-26,/home/as22cq/Projects/Policy-RL-Peg_insertion/force_peg_rl/logs/rl_games/Forge/2026-08-17_10-55-26/nn/Forge.pth,1,nominal,1001,True,success,149,197.75784301757812,0.00014705955982208252,21.06759262084961,8.896078109741211,0.6083333492279053,0.0005596155533567071,1.450986385345459,0.017903078347444534,0.75,0.75,0.01722608506679535,0.5483886003494263
2026-08-17_10-55-26,/home/as22cq/Projects/Policy-RL-Peg_insertion/force_peg_rl/logs/rl_games/Forge/2026-08-17_10-55-26/nn/Forge.pth,1,nominal,1001,False,timeout,149,-0.5351865887641907,0.06413352489471436,12.987688064575195,3.626464366912842,0.4333333671092987,0.04677030071616173,1.1379637718200684,0.01591614820063114,0.75,0.75,0.014896406792104244,0.42344486713409424
2026-08-17_10-55-26,/home/as22cq/Projects/Policy-RL-Peg_insertion/force_peg_rl/logs/rl_games/Forge/2026-08-17_10-55-26/nn/Forge.pth,1,nominal,1001,False,timeout,149,26.418617248535156,0.03410903364419937,0.47810810804367065,0.07676034420728683,0.0,0.07646387070417404,2.1445600986480713,0.02119617350399494,0.75,0.75,0.024552397429943085,0.7525647282600403
2026-08-17_10-55-26,/home/as22cq/Projects/Policy-RL-Peg_insertion/force_peg_rl/logs/rl_games/Forge/2026-08-17_10-55-26/nn/Forge.pth,1,nominal,1001,False,timeout,149,25.212427139282227,0.16675959527492523,3.753664970397949,0.1520719826221466,0.0,0.028059711679816246,0.22985497117042542,0.022429121658205986,0.75,0.75,0.018510691821575165,-0.4727274775505066
2026-08-17_10-55-26,/home/as22cq/Projects/Policy-RL-Peg_insertion/force_peg_rl/logs/rl_games/Forge/2026-08-17_10-55-26/nn/Forge.pth,1,nominal,1001,False,timeout,149,49.65966796875,0.05700024217367172,14.340546607971191,4.351601600646973,0.3500000238418579,0.06749691814184189,1.122202754020691,0.01488218829035759,0.75,0.75,0.01386965997517109,0.4944983422756195
2026-08-17_10-55-26,/home/as22cq/Projects/Policy-RL-Peg_insertion/force_peg_rl/logs/rl_games/Forge/2026-08-17_10-55-26/nn/Forge.pth,1,nominal,1001,False,timeout,149,14.895063400268555,0.0751778706908226,15.38180923461914,0.7934296727180481,0.06666667014360428,0.08189868181943893,1.9405581951141357,0.017609914764761925,0.75,0.75,0.020818792283535004,0.1502843201160431
2026-08-17_10-55-26,/home/as22cq/Projects/Policy-RL-Peg_insertion/force_peg_rl/logs/rl_games/Forge/2026-08-17_10-55-26/nn/Forge.pth,1,nominal,1001,False,timeout,149,30.76471710205078,0.07768542319536209,6.822470664978027,0.33582526445388794,0.0,0.03444506227970123,0.5072115063667297,0.014196322299540043,0.75,0.75,0.018837006762623787,-0.6462771892547607
2026-08-17_10-55-26,/home/as22cq/Projects/Policy-RL-Peg_insertion/force_peg_rl/logs/rl_games/Forge/2026-08-17_10-55-26/nn/Forge.pth,1,nominal,1001,False,timeout,149,25.421199798583984,0.07691798359155655,1.3606985807418823,0.11710507422685623,0.0,0.13846053183078766,1.638198971748352,0.01995878294110298,0.75,0.75,0.021841170266270638,0.6344282031059265
2026-08-17_10-55-26,/home/as22cq/Projects/Policy-RL-Peg_insertion/force_peg_rl/logs/rl_games/Forge/2026-08-17_10-55-26/nn/Forge.pth,1,nominal,1001,False,timeout,149,36.56031036376953,0.020206958055496216,6.927551746368408,0.9656704664230347,0.008333333767950535,0.05812499672174454,1.5668976306915283,0.02250853180885315,0.75,0.75,0.018767455592751503,0.6043733358383179
2026-08-17_10-55-26,/home/as22cq/Projects/Policy-RL-Peg_insertion/force_peg_rl/logs/rl_games/Forge/2026-08-17_10-55-26/nn/Forge.pth,1,nominal,1001,False,timeout,149,25.7620849609375,0.047354407608509064,4.235560894012451,0.41436904668807983,0.0,0.07102830708026886,2.2974066734313965,0.018876703456044197,0.75,0.75,0.019832029938697815,0.632672131061554
2026-08-17_10-55-26,/home/as22cq/Projects/Policy-RL-Peg_insertion/force_peg_rl/logs/rl_games/Forge/2026-08-17_10-55-26/nn/Forge.pth,1,nominal,1001,False,timeout,149,37.73674011230469,0.08722536265850067,8.252037048339844,0.6609018445014954,0.0,0.03234035149216652,0.6789236068725586,0.018970340490341187,0.75,0.75,0.019398557022213936,-0.38063299655914307
2026-08-17_10-55-26,/home/as22cq/Projects/Policy-RL-Peg_insertion/force_peg_rl/logs/rl_games/Forge/2026-08-17_10-55-26/nn/Forge.pth,1,nominal,1001,False,timeout,149,13.634516716003418,0.014827050268650055,15.4202299118042,4.277708530426025,0.40000003576278687,0.026455797255039215,1.3824905157089233,0.014674588106572628,0.75,0.75,0.016571562737226486,-0.01652820035815239
2026-08-17_10-55-26,/home/as22cq/Projects/Policy-RL-Peg_insertion/force_peg_rl/logs/rl_games/Forge/2026-08-17_10-55-26/nn/Forge.pth,1,nominal,1001,False,timeout,149,30.795629501342773,0.0902537852525711,2.2193477153778076,0.2029503434896469,0.0,0.02841327153146267,0.6377831101417542,0.021122463047504425,0.75,0.75,0.007517548743635416,0.4541884958744049
2026-08-17_10-55-26,/home/as22cq/Projects/Policy-RL-Peg_insertion/force_peg_rl/logs/rl_games/Forge/2026-08-17_10-55-26/nn/Forge.pth,1,nominal,1001,False,timeout,149,28.72116470336914,0.07601866126060486,6.379209041595459,0.4592238664627075,0.0,0.008918152190744877,0.5554823279380798,0.020548122003674507,0.75,0.75,0.022836808115243912,-0.5218984484672546
2026-08-17_10-55-26,/home/as22cq/Projects/Policy-RL-Peg_insertion/force_peg_rl/logs/rl_games/Forge/2026-08-17_10-55-26/nn/Forge.pth,1,nominal,1001,False,timeout,149,24.8023738861084,0.10733221471309662,0.9607271552085876,0.07398726046085358,0.0,0.025546444579958916,0.5628520846366882,0.0146819818764925,0.75,0.75,0.009932360611855984,-0.3420926630496979
2026-08-17_10-55-26,/home/as22cq/Projects/Policy-RL-Peg_insertion/force_peg_rl/logs/rl_games/Forge/2026-08-17_10-55-26/nn/Forge.pth,1,nominal,1001,False,timeout,149,25.698993682861328,0.11779291927814484,7.336874961853027,1.5424031019210815,0.0,0.05714159086346626,0.6374505162239075,0.016416696831583977,0.75,0.75,0.015543580055236816,0.12891027331352234
2026-08-17_10-55-26,/home/as22cq/Projects/Policy-RL-Peg_insertion/force_peg_rl/logs/rl_games/Forge/2026-08-17_10-55-26/nn/Forge.pth,1,nominal,1001,False,timeout,149,27.397071838378906,0.09164793789386749,1.8781476020812988,0.08739028871059418,0.0,0.02375767193734646,0.5443360805511475,0.02037438005208969,0.75,0.75,0.019716428592801094,-0.7546032667160034
2026-08-17_10-55-26,/home/as22cq/Projects/Policy-RL-Peg_insertion/force_peg_rl/logs/rl_games/Forge/2026-08-17_10-55-26/nn/Forge.pth,1,nominal,1001,False,timeout,149,30.671201705932617,0.05649709701538086,11.583638191223145,0.1584823876619339,0.008333333767950535,0.11298790574073792,1.5387908220291138,0.02104412019252777,0.75,0.75,0.02434394508600235,0.4898701012134552
2026-08-17_10-55-26,/home/as22cq/Projects/Policy-RL-Peg_insertion/force_peg_rl/logs/rl_games/Forge/2026-08-17_10-55-26/nn/Forge.pth,1,nominal,1001,False,timeout,149,33.45527267456055,0.06312871724367142,0.5836761593818665,0.06344760954380035,0.0,0.06573054194450378,1.7465782165527344,0.021495122462511063,0.75,0.75,0.008821305818855762,0.3837381899356842
2026-08-17_10-55-26,/home/as22cq/Projects/Policy-RL-Peg_insertion/force_peg_rl/logs/rl_games/Forge/2026-08-17_10-55-26/nn/Forge.pth,1,nominal,1001,False,timeout,149,20.597766876220703,0.132745623588562,9.583392143249512,1.083346962928772,0.07500000298023224,0.037174686789512634,0.344895601272583,0.0181379783898592,0.75,0.75,0.0077208103612065315,-0.0785929337143898
2026-08-17_10-55-26,/home/as22cq/Projects/Policy-RL-Peg_insertion/force_peg_rl/logs/rl_games/Forge/2026-08-17_10-55-26/nn/Forge.pth,1,nominal,1001,False,timeout,149,24.301029205322266,0.10905763506889343,11.016544342041016,0.2232057899236679,0.008333333767950535,0.033051975071430206,0.2382654845714569,0.016820821911096573,0.75,0.75,0.020627807825803757,-0.6109328866004944
2026-08-17_10-55-26,/home/as22cq/Projects/Policy-RL-Peg_insertion/force_peg_rl/logs/rl_games/Forge/2026-08-17_10-55-26/nn/Forge.pth,1,nominal,1002,False,timeout,149,214.54336547851562,0.0027723461389541626,9.11330509185791,4.960336685180664,0.7000000476837158,0.000805096176918596,1.1830110549926758,0.019413884729146957,0.75,0.75,0.01789960265159607,0.45074665546417236
2026-08-17_10-55-26,/home/as22cq/Projects/Policy-RL-Peg_insertion/force_peg_rl/logs/rl_games/Forge/2026-08-17_10-55-26/nn/Forge.pth,1,nominal,1002,False,timeout,149,31.412485122680664,0.07156111299991608,7.753747940063477,1.4167910814285278,0.05000000447034836,0.05383685976266861,1.014415979385376,0.01712241768836975,0.75,0.75,0.00903177447617054,-0.6292104721069336
2026-08-17_10-55-26,/home/as22cq/Projects/Policy-RL-Peg_insertion/force_peg_rl/logs/rl_games/Forge/2026-08-17_10-55-26/nn/Forge.pth,1,nominal,1002,False,timeout,149,31.102859497070312,0.07337435334920883,4.794362545013428,0.7535563111305237,0.0,0.06295786798000336,0.6950796842575073,0.01554050762206316,0.75,0.75,0.013464132323861122,-0.32392194867134094
2026-08-17_10-55-26,/home/as22cq/Projects/Policy-RL-Peg_insertion/force_peg_rl/logs/rl_games/Forge/2026-08-17_10-55-26/nn/Forge.pth,1,nominal,1002,True,success,149,309.1531677246094,0.00017165392637252808,13.447592735290527,5.277715682983398,0.17500001192092896,0.0006228677812032402,1.5511107444763184,0.018758801743388176,0.75,0.75,0.020801255479454994,0.5808753371238708
2026-08-17_10-55-26,/home/as22cq/Projects/Policy-RL-Peg_insertion/force_peg_rl/logs/rl_games/Forge/2026-08-17_10-55-26/nn/Forge.pth,1,nominal,1002,False,timeout,149,33.32033157348633,0.10044004768133163,9.65900993347168,1.3883569240570068,0.01666666753590107,0.020059263333678246,0.5354663729667664,0.014345498755574226,0.75,0.75,0.021153444424271584,0.22044812142848969
2026-08-17_10-55-26,/home/as22cq/Projects/Policy-RL-Peg_insertion/force_peg_rl/logs/rl_games/Forge/2026-08-17_10-55-26/nn/Forge.pth,1,nominal,1002,False,timeout,149,40.38926315307617,0.010346904397010803,7.579793453216553,2.053734540939331,0.15833334624767303,0.04167405888438225,1.5039985179901123,0.015388447791337967,0.75,0.75,0.01370332483202219,-0.33679747581481934
2026-08-17_10-55-26,/home/as22cq/Projects/Policy-RL-Peg_insertion/force_peg_rl/logs/rl_games/Forge/2026-08-17_10-55-26/nn/Forge.pth,1,nominal,1002,False,timeout,149,68.41731262207031,0.12979193031787872,10.077413558959961,2.0746569633483887,0.10833334177732468,0.044434718787670135,0.43842044472694397,0.020567502826452255,0.75,0.75,0.018199071288108826,-0.2882532477378845
2026-08-17_10-55-26,/home/as22cq/Projects/Policy-RL-Peg_insertion/force_peg_rl/logs/rl_games/Forge/2026-08-17_10-55-26/nn/Forge.pth,1,nominal,1002,False,timeout,149,95.11470031738281,0.007656138390302658,14.9401273727417,7.786555767059326,0.9416667222976685,0.0007169338059611619,1.559683918952942,0.018307818099856377,0.75,0.75,0.010578595101833344,-0.5181620717048645
2026-08-17_10-55-26,/home/as22cq/Projects/Policy-RL-Peg_insertion/force_peg_rl/logs/rl_games/Forge/2026-08-17_10-55-26/nn/Forge.pth,1,nominal,1002,False,timeout,149,29.337987899780273,0.0738229751586914,14.70044994354248,1.7365305423736572,0.01666666753590107,0.08031824231147766,1.6202027797698975,0.02321643754839897,0.75,0.75,0.005322881042957306,0.06376909464597702
2026-08-17_10-55-26,/home/as22cq/Projects/Policy-RL-Peg_insertion/force_peg_rl/logs/rl_games/Forge/2026-08-17_10-55-26/nn/Forge.pth,1,nominal,1002,False,timeout,149,39.39838409423828,0.1446758210659027,5.282320976257324,0.4659835994243622,0.0,0.0511920191347599,0.3093014061450958,0.014807280153036118,0.75,0.75,0.0191887766122818,-0.3304016888141632
2026-08-17_10-55-26,/home/as22cq/Projects/Policy-RL-Peg_insertion/force_peg_rl/logs/rl_games/Forge/2026-08-17_10-55-26/nn/Forge.pth,1,nominal,1002,False,timeout,149,28.36223030090332,0.17262205481529236,9.244511604309082,0.6434837579727173,0.008333333767950535,0.03826433792710304,0.2974053621292114,0.02122945338487625,0.75,0.75,0.0049608671106398106,-0.6119070649147034
2026-08-17_10-55-26,/home/as22cq/Projects/Policy-RL-Peg_insertion/force_peg_rl/logs/rl_games/Forge/2026-08-17_10-55-26/nn/Forge.pth,1,nominal,1002,False,timeout,149,42.93347930908203,0.0933627039194107,7.968557357788086,1.6741328239440918,0.01666666753590107,0.013483221642673016,0.7236597537994385,0.015919752418994904,0.75,0.75,0.013480856083333492,0.15796928107738495
2026-08-17_10-55-26,/home/as22cq/Projects/Policy-RL-Peg_insertion/force_peg_rl/logs/rl_games/Forge/2026-08-17_10-55-26/nn/Forge.pth,1,nominal,1002,False,timeout,149,190.46652221679688,0.008273772895336151,13.030792236328125,7.8180365562438965,0.4333333671092987,0.000763106916565448,1.3425263166427612,0.02155010960996151,0.75,0.75,0.010217918083071709,0.07179664820432663
2026-08-17_10-55-26,/home/as22cq/Projects/Policy-RL-Peg_insertion/force_peg_rl/logs/rl_games/Forge/2026-08-17_10-55-26/nn/Forge.pth,1,nominal,1002,False,timeout,149,45.72113037109375,0.018662944436073303,14.544841766357422,1.4919668436050415,0.07500000298023224,0.05929310619831085,1.9988059997558594,0.015309987589716911,0.75,0.75,0.01897512748837471,0.4430526793003082
2026-08-17_10-55-26,/home/as22cq/Projects/Policy-RL-Peg_insertion/force_peg_rl/logs/rl_games/Forge/2026-08-17_10-55-26/nn/Forge.pth,1,nominal,1002,False,timeout,149,107.61519622802734,0.014447551220655441,21.225444793701172,8.860237121582031,0.7250000238418579,0.0006865562754683197,1.4302048683166504,0.017588315531611443,0.75,0.75,0.011249029077589512,-0.15198840200901031
2026-08-17_10-55-26,/home/as22cq/Projects/Policy-RL-Peg_insertion/force_peg_rl/logs/rl_games/Forge/2026-08-17_10-55-26/nn/Forge.pth,1,nominal,1002,False,timeout,149,30.448373794555664,0.07506510615348816,9.229445457458496,1.2425897121429443,0.05000000447034836,0.12763433158397675,1.4818944931030273,0.017348863184452057,0.75,0.75,0.001999589381739497,0.7696378231048584
2026-08-17_10-55-26,/home/as22cq/Projects/Policy-RL-Peg_insertion/force_peg_rl/logs/rl_games/Forge/2026-08-17_10-55-26/nn/Forge.pth,1,nominal,1002,False,timeout,149,127.44085693359375,0.019839700311422348,15.531861305236816,8.252602577209473,0.7500000596046448,0.001314998953603208,1.671311855316162,0.01678197830915451,0.75,0.75,0.018876828253269196,-0.28883111476898193
2026-08-17_10-55-26,/home/as22cq/Projects/Policy-RL-Peg_insertion/force_peg_rl/logs/rl_games/Forge/2026-08-17_10-55-26/nn/Forge.pth,1,nominal,1002,False,timeout,149,48.2119140625,0.0855802595615387,6.545007228851318,1.360497236251831,0.0,0.009677440859377384,0.5074819326400757,0.020639784634113312,0.75,0.75,0.017401155084371567,0.698418378829956
2026-08-17_10-55-26,/home/as22cq/Projects/Policy-RL-Peg_insertion/force_peg_rl/logs/rl_games/Forge/2026-08-17_10-55-26/nn/Forge.pth,1,nominal,1002,False,timeout,149,33.32431411743164,0.03666424751281738,11.00992488861084,1.4694491624832153,0.01666666753590107,0.0758819505572319,2.21877384185791,0.02195141091942787,0.75,0.75,0.0175413116812706,0.5204441547393799
2026-08-17_10-55-26,/home/as22cq/Projects/Policy-RL-Peg_insertion/force_peg_rl/logs/rl_games/Forge/2026-08-17_10-55-26/nn/Forge.pth,1,nominal,1002,True,success,149,318.9121398925781,0.00025685690343379974,21.535091400146484,6.882723808288574,0.36666667461395264,0.0005772872245870531,1.4887573719024658,0.021944817155599594,0.75,0.75,0.02279234118759632,0.2631632387638092
2026-08-17_10-55-26,/home/as22cq/Projects/Policy-RL-Peg_insertion/force_peg_rl/logs/rl_games/Forge/2026-08-17_10-55-26/nn/Forge.pth,1,nominal,1002,False,timeout,149,36.23356628417969,0.06207108497619629,10.729708671569824,3.232009172439575,0.44166669249534607,0.05764848738908768,0.774276852607727,0.01506362110376358,0.75,0.75,0.021574553102254868,0.7122719883918762
2026-08-17_10-55-26,/home/as22cq/Projects/Policy-RL-Peg_insertion/force_peg_rl/logs/rl_games/Forge/2026-08-17_10-55-26/nn/Forge.pth,1,nominal,1002,False,timeout,149,48.884464263916016,0.04989377409219742,10.793143272399902,1.726847767829895,0.09166666865348816,0.054019004106521606,1.204651117324829,0.021246735006570816,0.75,0.75,0.013246471993625164,0.34015482664108276
2026-08-17_10-55-26,/home/as22cq/Projects/Policy-RL-Peg_insertion/force_peg_rl/logs/rl_games/Forge/2026-08-17_10-55-26/nn/Forge.pth,1,nominal,1002,False,timeout,149,126.86909484863281,0.012764349579811096,13.63395881652832,8.225882530212402,0.9583333730697632,0.0007483592489734292,1.6915087699890137,0.02387821674346924,0.75,0.75,0.006745174527168274,0.5512175559997559
2026-08-17_10-55-26,/home/as22cq/Projects/Policy-RL-Peg_insertion/force_peg_rl/logs/rl_games/Forge/2026-08-17_10-55-26/nn/Forge.pth,1,nominal,1002,False,timeout,149,153.39744567871094,0.018888697028160095,16.205135345458984,9.55172061920166,0.5166667103767395,0.000824397022370249,1.39006769657135,0.018176956102252007,0.75,0.75,0.012507934123277664,0.07099486142396927
2026-08-17_10-55-26,/home/as22cq/Projects/Policy-RL-Peg_insertion/force_peg_rl/logs/rl_games/Forge/2026-08-17_10-55-26/nn/Forge.pth,1,nominal,1002,False,timeout,149,30.140621185302734,0.0694669634103775,10.418206214904785,1.3607584238052368,0.0833333358168602,0.08372318744659424,0.9674215912818909,0.023027971386909485,0.75,0.75,0.01797373779118061,-0.4308236539363861
2026-08-17_10-55-26,/home/as22cq/Projects/Policy-RL-Peg_insertion/force_peg_rl/logs/rl_games/Forge/2026-08-17_10-55-26/nn/Forge.pth,1,nominal,1002,False,timeout,149,29.64523696899414,0.08974119275808334,11.462449073791504,1.3275225162506104,0.06666667014360428,0.015442281030118465,0.6801049709320068,0.02109156735241413,0.75,0.75,0.009917382150888443,-0.3720260262489319
2026-08-17_10-55-26,/home/as22cq/Projects/Policy-RL-Peg_insertion/force_peg_rl/logs/rl_games/Forge/2026-08-17_10-55-26/nn/Forge.pth,1,nominal,1002,False,timeout,149,76.93191528320312,0.058705344796180725,9.86693000793457,3.2850611209869385,0.24166667461395264,0.04952386021614075,1.1211491823196411,0.019174015149474144,0.75,0.75,0.017250249162316322,0.518789529800415
2026-08-17_10-55-26,/home/as22cq/Projects/Policy-RL-Peg_insertion/force_peg_rl/logs/rl_games/Forge/2026-08-17_10-55-26/nn/Forge.pth,1,nominal,1002,False,timeout,149,31.762908935546875,0.09047766029834747,9.011373519897461,1.2645856142044067,0.01666666753590107,0.05479186773300171,0.6728759407997131,0.019366687163710594,0.75,0.75,0.011414960958063602,0.21932949125766754
2026-08-17_10-55-26,/home/as22cq/Projects/Policy-RL-Peg_insertion/force_peg_rl/logs/rl_games/Forge/2026-08-17_10-55-26/nn/Forge.pth,1,nominal,1002,False,timeout,149,27.209083557128906,0.13158787786960602,13.023534774780273,3.1486451625823975,0.05000000447034836,0.06908081471920013,0.32728761434555054,0.016690043732523918,0.75,0.75,0.02096317522227764,-0.5644876956939697
2026-08-17_10-55-26,/home/as22cq/Projects/Policy-RL-Peg_insertion/force_peg_rl/logs/rl_games/Forge/2026-08-17_10-55-26/nn/Forge.pth,1,nominal,1002,True,success,149,382.52386474609375,0.0003572572022676468,12.182010650634766,5.218719959259033,0.15000000596046448,0.000702237943187356,1.788095235824585,0.021030575037002563,0.75,0.75,0.01157835591584444,0.2417273372411728
2026-08-17_10-55-26,/home/as22cq/Projects/Policy-RL-Peg_insertion/force_peg_rl/logs/rl_games/Forge/2026-08-17_10-55-26/nn/Forge.pth,1,nominal,1002,False,timeout,149,31.564363479614258,0.08865410834550858,5.301825046539307,1.0108904838562012,0.0,0.06141110509634018,0.7729905247688293,0.014745257794857025,0.75,0.75,0.024253567680716515,0.7098237872123718
2026-08-17_10-55-26,/home/as22cq/Projects/Policy-RL-Peg_insertion/force_peg_rl/logs/rl_games/Forge/2026-08-17_10-55-26/nn/Forge.pth,1,nominal,1002,False,timeout,149,16.273183822631836,0.12429095804691315,12.9159574508667,2.864659309387207,0.19166667759418488,0.01293276809155941,0.4634312689304352,0.017925405874848366,0.75,0.75,0.020939335227012634,-0.5799182653427124
2026-08-17_10-55-26,/home/as22cq/Projects/Policy-RL-Peg_insertion/force_peg_rl/logs/rl_games/Forge/2026-08-17_10-55-26/nn/Forge.pth,1,nominal,1002,True,success,149,359.59765625,0.00022659450769424438,8.36425495147705,3.7824888229370117,0.008333333767950535,0.0007979039219208062,0.9727150201797485,0.023400066420435905,0.75,0.75,0.01801287941634655,-0.2945553660392761
2026-08-17_10-55-26,/home/as22cq/Projects/Policy-RL-Peg_insertion/force_peg_rl/logs/rl_games/Forge/2026-08-17_10-55-26/nn/Forge.pth,1,nominal,1002,False,timeout,149,33.02275848388672,0.09178455919027328,9.1099853515625,1.2279274463653564,0.0,0.01046858448535204,0.588330864906311,0.016221296042203903,0.75,0.75,0.013299291953444481,0.49062493443489075
2026-08-17_10-55-26,/home/as22cq/Projects/Policy-RL-Peg_insertion/force_peg_rl/logs/rl_games/Forge/2026-08-17_10-55-26/nn/Forge.pth,1,nominal,1002,False,timeout,149,35.170040130615234,0.01974150538444519,11.363094329833984,5.146848201751709,0.42500001192092896,0.0798620730638504,2.1357171535491943,0.019461337476968765,0.75,0.75,0.009287179447710514,0.7294746041297913
2026-08-17_10-55-26,/home/as22cq/Projects/Policy-RL-Peg_insertion/force_peg_rl/logs/rl_games/Forge/2026-08-17_10-55-26/nn/Forge.pth,1,nominal,1002,True,success,149,262.965087890625,0.0015831850469112396,17.010250091552734,6.309292793273926,0.3583333492279053,0.0007893895381130278,1.288118839263916,0.016258444637060165,0.75,0.75,0.009436296299099922,-0.49849066138267517
2026-08-17_10-55-26,/home/as22cq/Projects/Policy-RL-Peg_insertion/force_peg_rl/logs/rl_games/Forge/2026-08-17_10-55-26/nn/Forge.pth,1,nominal,1002,True,success,149,364.1740417480469,0.00015432387590408325,16.24787139892578,5.717916965484619,0.1666666716337204,0.0005307268002070487,2.053779125213623,0.018716946244239807,0.75,0.75,0.018816489726305008,0.10864932835102081
2026-08-17_10-55-26,/home/as22cq/Projects/Policy-RL-Peg_insertion/force_peg_rl/logs/rl_games/Forge/2026-08-17_10-55-26/nn/Forge.pth,1,nominal,1002,False,timeout,149,73.94974517822266,0.09863604605197906,12.289652824401855,3.5657951831817627,0.2666666805744171,0.021212143823504448,0.5768985748291016,0.01746673509478569,0.75,0.75,0.023673661053180695,-0.16187995672225952
2026-08-17_10-55-26,/home/as22cq/Projects/Policy-RL-Peg_insertion/force_peg_rl/logs/rl_games/Forge/2026-08-17_10-55-26/nn/Forge.pth,1,nominal,1002,True,success,149,376.2992248535156,0.00044108182191848755,14.50257682800293,3.390812397003174,0.14166668057441711,0.0008871416212059557,1.375063180923462,0.01440645195543766,0.75,0.75,0.012244898825883865,-0.5447081327438354
2026-08-17_10-55-26,/home/as22cq/Projects/Policy-RL-Peg_insertion/force_peg_rl/logs/rl_games/Forge/2026-08-17_10-55-26/nn/Forge.pth,1,nominal,1002,False,timeout,149,30.856199264526367,0.08358459174633026,12.690821647644043,1.6556289196014404,0.008333333767950535,0.026268839836120605,0.6373595595359802,0.021889936178922653,0.75,0.75,0.02116028591990471,-0.7573469877243042
2026-08-17_10-55-26,/home/as22cq/Projects/Policy-RL-Peg_insertion/force_peg_rl/logs/rl_games/Forge/2026-08-17_10-55-26/nn/Forge.pth,1,nominal,1002,True,success,149,313.1390075683594,0.0011804569512605667,14.881847381591797,6.225724220275879,0.18333333730697632,0.0007135467603802681,1.7178683280944824,0.016589166596531868,0.75,0.75,0.010192293673753738,-0.14078155159950256
2026-08-17_10-55-26,/home/as22cq/Projects/Policy-RL-Peg_insertion/force_peg_rl/logs/rl_games/Forge/2026-08-17_10-55-26/nn/Forge.pth,1,nominal,1002,False,timeout,149,17.709569931030273,0.27360832691192627,16.711456298828125,7.944988250732422,0.8083333969116211,0.6526671648025513,0.2598331868648529,0.018467051908373833,0.75,0.75,0.006955091841518879,-0.23734819889068604
2026-08-17_10-55-26,/home/as22cq/Projects/Policy-RL-Peg_insertion/force_peg_rl/logs/rl_games/Forge/2026-08-17_10-55-26/nn/Forge.pth,1,nominal,1002,False,timeout,149,42.63243103027344,0.07699628919363022,14.263168334960938,0.8583502769470215,0.0416666679084301,0.02531558834016323,0.8358069658279419,0.020759839564561844,0.75,0.75,0.014341910369694233,-0.05237210914492607
2026-08-17_10-55-26,/home/as22cq/Projects/Policy-RL-Peg_insertion/force_peg_rl/logs/rl_games/Forge/2026-08-17_10-55-26/nn/Forge.pth,1,nominal,1002,False,timeout,149,172.51568603515625,0.019749924540519714,18.859519958496094,8.786816596984863,0.32500001788139343,0.0014924589777365327,0.9400743246078491,0.01720079593360424,0.75,0.75,0.009458223357796669,-0.17536109685897827
2026-08-17_10-55-26,/home/as22cq/Projects/Policy-RL-Peg_insertion/force_peg_rl/logs/rl_games/Forge/2026-08-17_10-55-26/nn/Forge.pth,1,nominal,1002,True,success,149,133.42892456054688,0.0003571808338165283,25.16144371032715,10.542701721191406,0.6250000596046448,0.00016137539932969958,1.223154902458191,0.021759364753961563,0.75,0.75,0.00609875563532114,0.7530428171157837
2026-08-17_10-55-26,/home/as22cq/Projects/Policy-RL-Peg_insertion/force_peg_rl/logs/rl_games/Forge/2026-08-17_10-55-26/nn/Forge.pth,1,nominal,1002,False,timeout,149,29.537616729736328,0.16112321615219116,6.323409080505371,0.8505500555038452,0.0,0.06646288186311722,0.3797329068183899,0.0233331099152565,0.75,0.75,0.007744076196104288,0.17208805680274963
2026-08-17_10-55-26,/home/as22cq/Projects/Policy-RL-Peg_insertion/force_peg_rl/logs/rl_games/Forge/2026-08-17_10-55-26/nn/Forge.pth,1,nominal,1002,False,timeout,149,58.672245025634766,0.12561385333538055,15.222076416015625,2.036994695663452,0.02500000223517418,0.045048754662275314,0.3764507472515106,0.021477200090885162,0.75,0.75,0.012040233239531517,0.2449764758348465
2026-08-17_10-55-26,/home/as22cq/Projects/Policy-RL-Peg_insertion/force_peg_rl/logs/rl_games/Forge/2026-08-17_10-55-26/nn/Forge.pth,1,nominal,1002,True,success,149,358.6267395019531,0.0003124549984931946,10.589787483215332,4.622317314147949,0.1666666716337204,0.0007806545472703874,1.2765719890594482,0.023808356374502182,0.75,0.75,0.017729900777339935,0.6457738876342773
2026-08-17_10-55-26,/home/as22cq/Projects/Policy-RL-Peg_insertion/force_peg_rl/logs/rl_games/Forge/2026-08-17_10-55-26/nn/Forge.pth,1,nominal,1002,True,success,149,194.67837524414062,0.0001377742737531662,14.640191078186035,8.1889009475708,0.5750000476837158,0.0006300594541244209,1.3797754049301147,0.01721891015768051,0.75,0.75,0.014140610583126545,0.13803786039352417
2026-08-17_10-55-26,/home/as22cq/Projects/Policy-RL-Peg_insertion/force_peg_rl/logs/rl_games/Forge/2026-08-17_10-55-26/nn/Forge.pth,1,nominal,1002,False,timeout,149,28.013702392578125,0.11160488426685333,12.99280834197998,0.7975263595581055,0.01666666753590107,0.03279115632176399,0.5587305426597595,0.018824348226189613,0.75,0.75,0.02334660291671753,0.06929180771112442
2026-08-17_10-55-26,/home/as22cq/Projects/Policy-RL-Peg_insertion/force_peg_rl/logs/rl_games/Forge/2026-08-17_10-55-26/nn/Forge.pth,1,nominal,1002,False,timeout,149,26.462949752807617,0.15522173047065735,9.415342330932617,0.3840920925140381,0.01666666753590107,0.059394486248493195,0.3304201364517212,0.021324120461940765,0.75,0.75,0.023754483088850975,-0.6461846232414246
2026-08-17_10-55-26,/home/as22cq/Projects/Policy-RL-Peg_insertion/force_peg_rl/logs/rl_games/Forge/2026-08-17_10-55-26/nn/Forge.pth,1,nominal,1002,False,timeout,149,40.439823150634766,0.017927683889865875,7.9145989418029785,1.8890833854675293,0.0,0.049290452152490616,1.9653421640396118,0.01423654519021511,0.75,0.75,0.018009386956691742,0.523815393447876
2026-08-17_10-55-26,/home/as22cq/Projects/Policy-RL-Peg_insertion/force_peg_rl/logs/rl_games/Forge/2026-08-17_10-55-26/nn/Forge.pth,1,nominal,1002,False,timeout,149,191.53053283691406,0.020450018346309662,12.899123191833496,4.23842716217041,0.2666666805744171,0.0008645415655337274,0.7331988215446472,0.022238317877054214,0.75,0.75,0.015628768131136894,-0.3721763789653778
2026-08-17_10-55-26,/home/as22cq/Projects/Policy-RL-Peg_insertion/force_peg_rl/logs/rl_games/Forge/2026-08-17_10-55-26/nn/Forge.pth,1,nominal,1002,False,timeout,149,58.9673957824707,0.020599212497472763,25.082237243652344,11.044807434082031,0.9000000357627869,0.0009047369239851832,0.574699342250824,0.023817339912056923,0.75,0.75,0.012229286134243011,-0.33388614654541016
2026-08-17_10-55-26,/home/as22cq/Projects/Policy-RL-Peg_insertion/force_peg_rl/logs/rl_games/Forge/2026-08-17_10-55-26/nn/Forge.pth,1,nominal,1002,False,timeout,149,33.49677658081055,0.07629959285259247,13.80057430267334,1.79707670211792,0.01666666753590107,0.021279677748680115,0.5868232846260071,0.015604325570166111,0.75,0.75,0.013054702430963516,0.442440390586853
2026-08-17_10-55-26,/home/as22cq/Projects/Policy-RL-Peg_insertion/force_peg_rl/logs/rl_games/Forge/2026-08-17_10-55-26/nn/Forge.pth,1,nominal,1002,False,timeout,149,152.77960205078125,0.4027743339538574,11.208831787109375,5.184031009674072,0.09166666865348816,0.5103867650032043,0.4851580858230591,0.01654166355729103,0.75,0.75,0.007180836051702499,-0.6129394173622131
2026-08-17_10-55-26,/home/as22cq/Projects/Policy-RL-Peg_insertion/force_peg_rl/logs/rl_games/Forge/2026-08-17_10-55-26/nn/Forge.pth,1,nominal,1002,False,timeout,149,55.81890869140625,0.1167059987783432,7.368453025817871,2.6850075721740723,0.0,0.015743590891361237,0.20013177394866943,0.015367625281214714,0.75,0.75,0.009681761264801025,-0.702483057975769
2026-08-17_10-55-26,/home/as22cq/Projects/Policy-RL-Peg_insertion/force_peg_rl/logs/rl_games/Forge/2026-08-17_10-55-26/nn/Forge.pth,1,nominal,1002,False,timeout,149,44.28453826904297,0.025469627231359482,11.717635154724121,6.513326644897461,0.44166669249534607,0.005676481872797012,0.4148377478122711,0.016587311401963234,0.75,0.75,0.004191722720861435,-0.3138895034790039
2026-08-17_10-55-26,/home/as22cq/Projects/Policy-RL-Peg_insertion/force_peg_rl/logs/rl_games/Forge/2026-08-17_10-55-26/nn/Forge.pth,1,nominal,1002,False,timeout,149,161.1412353515625,0.011108014732599258,14.7298583984375,8.638006210327148,0.6250000596046448,0.0006125331274233758,1.3848414421081543,0.02069450542330742,0.75,0.75,0.007109863217920065,-0.7241960763931274
2026-08-17_10-55-26,/home/as22cq/Projects/Policy-RL-Peg_insertion/force_peg_rl/logs/rl_games/Forge/2026-08-17_10-55-26/nn/Forge.pth,1,nominal,1002,False,timeout,149,30.29595184326172,0.11213475465774536,8.350624084472656,1.2135661840438843,0.0,0.03997015580534935,0.3596397936344147,0.014911415986716747,0.75,0.75,0.017646677792072296,-0.08787451684474945
2026-08-17_10-55-26,/home/as22cq/Projects/Policy-RL-Peg_insertion/force_peg_rl/logs/rl_games/Forge/2026-08-17_10-55-26/nn/Forge.pth,1,nominal,1002,False,timeout,149,36.667964935302734,0.03437231481075287,5.343199253082275,0.9997444748878479,0.0,0.041598182171583176,1.3357923030853271,0.023175688460469246,0.75,0.75,0.01900392398238182,-0.21887314319610596
2026-08-17_10-55-26,/home/as22cq/Projects/Policy-RL-Peg_insertion/force_peg_rl/logs/rl_games/Forge/2026-08-17_10-55-26/nn/Forge.pth,1,nominal,1002,False,timeout,149,166.50949096679688,0.019109204411506653,18.927959442138672,4.435239315032959,0.25,0.0007004808285273612,0.41460850834846497,0.020305711776018143,0.75,0.75,0.017524760216474533,0.28504395484924316
2026-08-17_10-55-26,/home/as22cq/Projects/Policy-RL-Peg_insertion/force_peg_rl/logs/rl_games/Forge/2026-08-17_10-55-26/nn/Forge.pth,1,nominal,1002,False,timeout,149,43.1265754699707,0.0830850601196289,11.937596321105957,0.8980262279510498,0.02500000223517418,0.038155630230903625,0.6990480422973633,0.022102581337094307,0.75,0.75,0.021724561229348183,-0.1555425226688385
2026-08-17_10-55-26,/home/as22cq/Projects/Policy-RL-Peg_insertion/force_peg_rl/logs/rl_games/Forge/2026-08-17_10-55-26/nn/Forge.pth,1,nominal,1002,False,timeout,149,31.302021026611328,0.08778052031993866,7.742677211761475,1.152680516242981,0.0,0.018905725330114365,0.6780521869659424,0.020468013361096382,0.75,0.75,0.013485435396432877,-0.6150318384170532
2026-08-17_10-55-26,/home/as22cq/Projects/Policy-RL-Peg_insertion/force_peg_rl/logs/rl_games/Forge/2026-08-17_10-55-26/nn/Forge.pth,1,nominal,1002,False,timeout,149,156.30856323242188,0.015668418258428574,12.931092262268066,8.215797424316406,0.8416666984558105,0.0008254866697825491,1.2440725564956665,0.02053002640604973,0.75,0.75,0.016058651730418205,0.19814160466194153
2026-08-17_10-55-26,/home/as22cq/Projects/Policy-RL-Peg_insertion/force_peg_rl/logs/rl_games/Forge/2026-08-17_10-55-26/nn/Forge.pth,1,nominal,1002,False,timeout,149,27.262027740478516,0.04617604613304138,0.4134981632232666,0.05423154681921005,0.0,0.06839368492364883,2.1068496704101562,0.023736361414194107,0.75,0.75,0.019898032769560814,-0.0350927971303463
2026-08-17_10-55-26,/home/as22cq/Projects/Policy-RL-Peg_insertion/force_peg_rl/logs/rl_games/Forge/2026-08-17_10-55-26/nn/Forge.pth,1,nominal,1002,False,timeout,149,25.37156867980957,0.0755426436662674,0.4745239019393921,0.07089502364397049,0.0,0.061220571398735046,1.1329058408737183,0.014548050239682198,0.75,0.75,0.02143809013068676,0.5012869238853455
2026-08-17_10-55-26,/home/as22cq/Projects/Policy-RL-Peg_insertion/force_peg_rl/logs/rl_games/Forge/2026-08-17_10-55-26/nn/Forge.pth,1,nominal,1002,False,timeout,149,42.12821960449219,0.02509164623916149,6.539297580718994,3.1220691204071045,0.0,0.028744429349899292,1.2071781158447266,0.01885204203426838,0.75,0.75,0.020396744832396507,0.27641141414642334
2026-08-17_10-55-26,/home/as22cq/Projects/Policy-RL-Peg_insertion/force_peg_rl/logs/rl_games/Forge/2026-08-17_10-55-26/nn/Forge.pth,1,nominal,1002,False,timeout,149,30.534223556518555,0.11303655803203583,8.358680725097656,0.5018531680107117,0.0,0.040632687509059906,0.40142765641212463,0.021734148263931274,0.75,0.75,0.017300695180892944,0.6408067345619202
2026-08-17_10-55-26,/home/as22cq/Projects/Policy-RL-Peg_insertion/force_peg_rl/logs/rl_games/Forge/2026-08-17_10-55-26/nn/Forge.pth,1,nominal,1002,False,timeout,149,29.37919807434082,0.08508539199829102,4.540838718414307,0.252847284078598,0.0,0.016335412859916687,0.5321086645126343,0.018596237525343895,0.75,0.75,0.015298552811145782,-0.7737395763397217
2026-08-17_10-55-26,/home/as22cq/Projects/Policy-RL-Peg_insertion/force_peg_rl/logs/rl_games/Forge/2026-08-17_10-55-26/nn/Forge.pth,1,nominal,1002,False,timeout,149,26.101699829101562,0.06848876178264618,0.43576252460479736,0.0750940814614296,0.0,0.11132709681987762,1.1083333492279053,0.01577061414718628,0.75,0.75,0.011489741504192352,0.16696347296237946
2026-08-17_10-55-26,/home/as22cq/Projects/Policy-RL-Peg_insertion/force_peg_rl/logs/rl_games/Forge/2026-08-17_10-55-26/nn/Forge.pth,1,nominal,1002,False,timeout,149,26.546247482299805,0.07383117824792862,12.033147811889648,0.6207001209259033,0.07500000298023224,0.0795450359582901,0.9066833257675171,0.018703607842326164,0.75,0.75,0.021246062591671944,0.5655451416969299
2026-08-17_10-55-26,/home/as22cq/Projects/Policy-RL-Peg_insertion/force_peg_rl/logs/rl_games/Forge/2026-08-17_10-55-26/nn/Forge.pth,1,nominal,1002,False,timeout,149,27.402660369873047,0.06195042282342911,0.364101380109787,0.059489600360393524,0.0,0.086857371032238,2.0012805461883545,0.019381504505872726,0.75,0.75,0.0044946433044970036,0.5515233278274536
2026-08-17_10-55-26,/home/as22cq/Projects/Policy-RL-Peg_insertion/force_peg_rl/logs/rl_games/Forge/2026-08-17_10-55-26/nn/Forge.pth,1,nominal,1002,False,timeout,149,26.214401245117188,0.0964493677020073,0.5990882515907288,0.13745470345020294,0.0,0.0341007262468338,0.6650035381317139,0.021511338651180267,0.75,0.75,0.0011889978777617216,0.7508190274238586
2026-08-17_10-55-26,/home/as22cq/Projects/Policy-RL-Peg_insertion/force_peg_rl/logs/rl_games/Forge/2026-08-17_10-55-26/nn/Forge.pth,1,nominal,1002,False,timeout,149,24.844642639160156,0.10565555095672607,2.927417516708374,0.13449619710445404,0.0,0.023709584027528763,0.5638461112976074,0.019358016550540924,0.75,0.75,0.015158694237470627,0.2870752513408661
2026-08-17_10-55-26,/home/as22cq/Projects/Policy-RL-Peg_insertion/force_peg_rl/logs/rl_games/Forge/2026-08-17_10-55-26/nn/Forge.pth,1,nominal,1002,False,timeout,149,61.738426208496094,0.035433925688266754,6.515565395355225,1.7368124723434448,0.06666667014360428,0.048147644847631454,1.7889666557312012,0.022733323276042938,0.75,0.75,0.022289497777819633,0.44051793217658997
2026-08-17_10-55-26,/home/as22cq/Projects/Policy-RL-Peg_insertion/force_peg_rl/logs/rl_games/Forge/2026-08-17_10-55-26/nn/Forge.pth,1,nominal,1002,False,timeout,149,28.233169555664062,0.09859724342823029,13.842571258544922,5.166718482971191,0.25833335518836975,0.06296994537115097,0.9198249578475952,0.01642218418419361,0.75,0.75,0.009232597425580025,0.7070070505142212
2026-08-17_10-55-26,/home/as22cq/Projects/Policy-RL-Peg_insertion/force_peg_rl/logs/rl_games/Forge/2026-08-17_10-55-26/nn/Forge.pth,1,nominal,1002,False,timeout,149,31.383895874023438,0.05020664632320404,3.0018551349639893,0.15941482782363892,0.0,0.08073806017637253,1.2498358488082886,0.015317823737859726,0.75,0.75,0.014742102473974228,-0.3844355344772339
2026-08-17_10-55-26,/home/as22cq/Projects/Policy-RL-Peg_insertion/force_peg_rl/logs/rl_games/Forge/2026-08-17_10-55-26/nn/Forge.pth,1,nominal,1002,False,timeout,149,34.14645004272461,0.10251779854297638,8.307313919067383,1.1291526556015015,0.02500000223517418,0.013597357086837292,0.3910822570323944,0.016590312123298645,0.75,0.75,0.02550971880555153,-0.5185555219650269
2026-08-17_10-55-26,/home/as22cq/Projects/Policy-RL-Peg_insertion/force_peg_rl/logs/rl_games/Forge/2026-08-17_10-55-26/nn/Forge.pth,1,nominal,1002,False,timeout,149,19.180105209350586,0.12442271411418915,12.776106834411621,2.8995285034179688,0.22500000894069672,0.04731423407793045,0.7940192222595215,0.015047406777739525,0.75,0.75,0.01568080298602581,0.6058513522148132
2026-08-17_10-55-26,/home/as22cq/Projects/Policy-RL-Peg_insertion/force_peg_rl/logs/rl_games/Forge/2026-08-17_10-55-26/nn/Forge.pth,1,nominal,1002,False,timeout,149,30.04952621459961,0.08913160115480423,7.315353870391846,1.4737485647201538,0.0,0.04432439059019089,0.31036725640296936,0.014026084914803505,0.75,0.75,0.012493644841015339,-0.2704593241214752
2026-08-17_10-55-26,/home/as22cq/Projects/Policy-RL-Peg_insertion/force_peg_rl/logs/rl_games/Forge/2026-08-17_10-55-26/nn/Forge.pth,1,nominal,1002,False,timeout,149,26.311599731445312,0.0828288346529007,0.4250728487968445,0.07192320376634598,0.0,0.02703511156141758,0.6140154600143433,0.020672863349318504,0.75,0.75,0.01109415851533413,-0.182298481464386
2026-08-17_10-55-26,/home/as22cq/Projects/Policy-RL-Peg_insertion/force_peg_rl/logs/rl_games/Forge/2026-08-17_10-55-26/nn/Forge.pth,1,nominal,1002,False,timeout,149,31.053312301635742,0.004362516105175018,6.292465686798096,0.3818832039833069,0.0,0.05733213946223259,1.7203865051269531,0.020923325791954994,0.75,0.75,0.02172861434519291,-0.12418424338102341
2026-08-17_10-55-26,/home/as22cq/Projects/Policy-RL-Peg_insertion/force_peg_rl/logs/rl_games/Forge/2026-08-17_10-55-26/nn/Forge.pth,1,nominal,1002,False,timeout,149,42.77941131591797,0.08426731079816818,11.77511978149414,2.223404884338379,0.19166667759418488,0.06418208032846451,0.6501715183258057,0.01654907315969467,0.75,0.75,0.009351993910968304,0.3263722062110901
2026-08-17_10-55-26,/home/as22cq/Projects/Policy-RL-Peg_insertion/force_peg_rl/logs/rl_games/Forge/2026-08-17_10-55-26/nn/Forge.pth,1,nominal,1002,False,timeout,149,25.27347183227539,0.11750441789627075,1.2063794136047363,0.07384135574102402,0.0,0.04028279706835747,0.14285314083099365,0.023344505578279495,0.75,0.75,0.02266090176999569,-0.20683889091014862
2026-08-17_10-55-26,/home/as22cq/Projects/Policy-RL-Peg_insertion/force_peg_rl/logs/rl_games/Forge/2026-08-17_10-55-26/nn/Forge.pth,1,nominal,1002,False,timeout,149,105.88741302490234,0.011908251792192459,19.11063003540039,10.550285339355469,0.7833333611488342,0.0008594454266130924,1.5152337551116943,0.019707199186086655,0.75,0.75,0.01050792820751667,0.621483325958252
2026-08-17_10-55-26,/home/as22cq/Projects/Policy-RL-Peg_insertion/force_peg_rl/logs/rl_games/Forge/2026-08-17_10-55-26/nn/Forge.pth,1,nominal,1002,False,timeout,149,29.0963077545166,0.07152456045150757,2.931849479675293,0.19853805005550385,0.0,0.14204588532447815,1.6470181941986084,0.019654061645269394,0.75,0.75,0.016545040532946587,0.710380494594574
2026-08-17_10-55-26,/home/as22cq/Projects/Policy-RL-Peg_insertion/force_peg_rl/logs/rl_games/Forge/2026-08-17_10-55-26/nn/Forge.pth,1,nominal,1002,False,timeout,149,28.81231117248535,0.08726781606674194,16.944272994995117,2.5740585327148438,0.05833333730697632,0.017474155873060226,0.4860743582248688,0.021721793338656425,0.75,0.75,0.015264233574271202,0.21833260357379913
2026-08-17_10-55-26,/home/as22cq/Projects/Policy-RL-Peg_insertion/force_peg_rl/logs/rl_games/Forge/2026-08-17_10-55-26/nn/Forge.pth,1,nominal,1002,False,timeout,149,28.37205696105957,0.1186487227678299,4.66934871673584,0.29503247141838074,0.0,0.024841200560331345,0.48667263984680176,0.018091605976223946,0.75,0.75,0.01784517429769039,0.7442202568054199
2026-08-17_10-55-26,/home/as22cq/Projects/Policy-RL-Peg_insertion/force_peg_rl/logs/rl_games/Forge/2026-08-17_10-55-26/nn/Forge.pth,1,nominal,1002,False,timeout,149,26.65342140197754,0.1752866804599762,0.26548299193382263,0.06650549918413162,0.0,0.04575009271502495,0.3970372974872589,0.01590709574520588,0.75,0.75,0.009809640236198902,-0.3752845823764801
2026-08-17_10-55-26,/home/as22cq/Projects/Policy-RL-Peg_insertion/force_peg_rl/logs/rl_games/Forge/2026-08-17_10-55-26/nn/Forge.pth,1,nominal,1002,False,timeout,149,29.028648376464844,0.02338884398341179,11.728818893432617,0.8092352151870728,0.03333333507180214,0.05009181424975395,1.7274813652038574,0.019022222608327866,0.75,0.75,0.021388383582234383,-0.6673644185066223
2026-08-17_10-55-26,/home/as22cq/Projects/Policy-RL-Peg_insertion/force_peg_rl/logs/rl_games/Forge/2026-08-17_10-55-26/nn/Forge.pth,1,nominal,1002,False,timeout,149,25.939485549926758,0.04735244810581207,0.2645266354084015,0.06942655146121979,0.0,0.06810537725687027,2.101534366607666,0.01803026907145977,0.75,0.75,0.012830269522964954,0.23435941338539124
2026-08-17_10-55-26,/home/as22cq/Projects/Policy-RL-Peg_insertion/force_peg_rl/logs/rl_games/Forge/2026-08-17_10-55-26/nn/Forge.pth,1,nominal,1002,False,timeout,149,23.416183471679688,0.09985920041799545,9.275483131408691,0.7775648236274719,0.05000000447034836,0.07755006104707718,0.6958467364311218,0.016793452203273773,0.75,0.75,0.007269416470080614,0.7183584570884705
2026-08-17_10-55-26,/home/as22cq/Projects/Policy-RL-Peg_insertion/force_peg_rl/logs/rl_games/Forge/2026-08-17_10-55-26/nn/Forge.pth,1,nominal,1002,False,timeout,149,34.509552001953125,0.08793753385543823,6.02936315536499,0.55628502368927,0.0,0.037315938621759415,0.40635788440704346,0.02392515353858471,0.75,0.75,0.01636715605854988,0.6574069261550903
2026-08-17_10-55-26,/home/as22cq/Projects/Policy-RL-Peg_insertion/force_peg_rl/logs/rl_games/Forge/2026-08-17_10-55-26/nn/Forge.pth,1,nominal,1002,False,timeout,149,25.856243133544922,0.06839236617088318,0.4114907383918762,0.09545373171567917,0.0,0.06873489171266556,1.249001383781433,0.015425212681293488,0.75,0.75,0.010845507495105267,-0.17294622957706451
2026-08-17_10-55-26,/home/as22cq/Projects/Policy-RL-Peg_insertion/force_peg_rl/logs/rl_games/Forge/2026-08-17_10-55-26/nn/Forge.pth,1,nominal,1002,False,timeout,149,26.435577392578125,0.06746076792478561,0.30375438928604126,0.06074995547533035,0.0,0.09319277107715607,1.3877012729644775,0.022415950894355774,0.75,0.75,0.0048272497951984406,0.5737558603286743
2026-08-17_10-55-26,/home/as22cq/Projects/Policy-RL-Peg_insertion/force_peg_rl/logs/rl_games/Forge/2026-08-17_10-55-26/nn/Forge.pth,1,nominal,1002,True,success,149,215.50048828125,0.00014917925000190735,24.980575561523438,9.882772445678711,0.7333333492279053,0.0006550449761562049,1.3769861459732056,0.019533030688762665,0.75,0.75,0.006909668445587158,-0.18373343348503113
2026-08-17_10-55-26,/home/as22cq/Projects/Policy-RL-Peg_insertion/force_peg_rl/logs/rl_games/Forge/2026-08-17_10-55-26/nn/Forge.pth,1,nominal,1002,False,timeout,149,25.457632064819336,0.07841615378856659,0.2389642596244812,0.04647171497344971,0.0,0.045584555715322495,0.6071699857711792,0.0217991191893816,0.75,0.75,0.01416313648223877,-0.5923187136650085
2026-08-17_10-55-26,/home/as22cq/Projects/Policy-RL-Peg_insertion/force_peg_rl/logs/rl_games/Forge/2026-08-17_10-55-26/nn/Forge.pth,1,nominal,1002,False,timeout,149,39.728973388671875,0.04722736403346062,7.736679553985596,1.1803776025772095,0.008333333767950535,0.08540748804807663,1.7167942523956299,0.01697712019085884,0.75,0.75,0.009546847082674503,0.31992393732070923
2026-08-17_10-55-26,/home/as22cq/Projects/Policy-RL-Peg_insertion/force_peg_rl/logs/rl_games/Forge/2026-08-17_10-55-26/nn/Forge.pth,1,nominal,1002,False,timeout,149,32.450714111328125,0.07083603739738464,11.477020263671875,2.413625717163086,0.0416666679084301,0.04156186059117317,0.6265923380851746,0.019805314019322395,0.75,0.75,0.006348778493702412,-0.3202236592769623
2026-08-17_10-55-26,/home/as22cq/Projects/Policy-RL-Peg_insertion/force_peg_rl/logs/rl_games/Forge/2026-08-17_10-55-26/nn/Forge.pth,1,nominal,1002,False,timeout,149,31.318607330322266,0.06716371327638626,5.870321750640869,0.592694103717804,0.0,0.05752209946513176,0.7182344794273376,0.021873950958251953,0.75,0.75,0.022342020645737648,-0.4531630277633667
2026-08-17_10-55-26,/home/as22cq/Projects/Policy-RL-Peg_insertion/force_peg_rl/logs/rl_games/Forge/2026-08-17_10-55-26/nn/Forge.pth,1,nominal,1002,False,timeout,149,25.162723541259766,0.07941153645515442,0.45163458585739136,0.0772831067442894,0.0,0.06063886359333992,0.7357202172279358,0.01411090325564146,0.75,0.75,0.02148091420531273,0.3342389762401581
2026-08-17_10-55-26,/home/as22cq/Projects/Policy-RL-Peg_insertion/force_peg_rl/logs/rl_games/Forge/2026-08-17_10-55-26/nn/Forge.pth,1,nominal,1002,False,timeout,149,13.82345199584961,0.05811741575598717,14.851944923400879,2.7839205265045166,0.25,0.061671193689107895,0.9763453006744385,0.01805630885064602,0.75,0.75,0.0029500052332878113,-0.7209979891777039
2026-08-17_10-55-26,/home/as22cq/Projects/Policy-RL-Peg_insertion/force_peg_rl/logs/rl_games/Forge/2026-08-17_10-55-26/nn/Forge.pth,1,nominal,1002,False,timeout,149,25.490934371948242,0.14990609884262085,1.0387141704559326,0.10622023791074753,0.0,0.048166703432798386,0.4670041501522064,0.01963941752910614,0.75,0.75,0.016916904598474503,-0.45636430382728577
2026-08-17_10-55-26,/home/as22cq/Projects/Policy-RL-Peg_insertion/force_peg_rl/logs/rl_games/Forge/2026-08-17_10-55-26/nn/Forge.pth,1,nominal,1002,False,timeout,149,31.87427520751953,0.05520470440387726,3.694923162460327,0.2587539851665497,0.0,0.053946927189826965,1.4601958990097046,0.015725543722510338,0.75,0.75,0.013111275620758533,0.5106745362281799
2026-08-17_10-55-26,/home/as22cq/Projects/Policy-RL-Peg_insertion/force_peg_rl/logs/rl_games/Forge/2026-08-17_10-55-26/nn/Forge.pth,1,nominal,1002,False,timeout,149,26.266307830810547,0.04210207611322403,0.5057649612426758,0.11926214396953583,0.0,0.04710575193166733,1.578722357749939,0.016262071207165718,0.75,0.75,0.018508827313780785,-0.4194827973842621
2026-08-17_10-55-26,/home/as22cq/Projects/Policy-RL-Peg_insertion/force_peg_rl/logs/rl_games/Forge/2026-08-17_10-55-26/nn/Forge.pth,1,nominal,1002,False,timeout,149,36.39274215698242,0.02318013831973076,5.696589469909668,0.8018028140068054,0.0,0.0537613146007061,1.4103714227676392,0.019523851573467255,0.75,0.75,0.02659216709434986,0.6881676912307739
2026-08-17_10-55-26,/home/as22cq/Projects/Policy-RL-Peg_insertion/force_peg_rl/logs/rl_games/Forge/2026-08-17_10-55-26/nn/Forge.pth,1,nominal,1002,False,timeout,149,53.79995346069336,0.06264805793762207,12.317655563354492,2.2332425117492676,0.07500000298023224,0.018391210585832596,0.6909298300743103,0.023978736251592636,0.75,0.75,0.010294116102159023,0.4520481824874878
2026-08-17_10-55-26,/home/as22cq/Projects/Policy-RL-Peg_insertion/force_peg_rl/logs/rl_games/Forge/2026-08-17_10-55-26/nn/Forge.pth,1,nominal,1002,False,timeout,149,30.77640724182129,0.08629180490970612,10.950887680053711,0.6329931616783142,0.03333333507180214,0.029424075037240982,0.7445662021636963,0.01972881145775318,0.75,0.75,0.01685616746544838,-0.04973386600613594
2026-08-17_10-55-26,/home/as22cq/Projects/Policy-RL-Peg_insertion/force_peg_rl/logs/rl_games/Forge/2026-08-17_10-55-26/nn/Forge.pth,1,nominal,1002,False,timeout,149,26.823150634765625,0.07171405851840973,0.4520762264728546,0.06791325658559799,0.0,0.04761051386594772,0.7155508995056152,0.02226528339087963,0.75,0.75,0.018473954871296883,0.11260611563920975
2026-08-17_10-55-26,/home/as22cq/Projects/Policy-RL-Peg_insertion/force_peg_rl/logs/rl_games/Forge/2026-08-17_10-55-26/nn/Forge.pth,1,nominal,1002,False,timeout,149,26.734817504882812,0.03530967980623245,0.16553357243537903,0.055226318538188934,0.0,0.07031896710395813,2.1607577800750732,0.020357154309749603,0.75,0.75,0.017040489241480827,0.5075076222419739
2026-08-17_10-55-26,/home/as22cq/Projects/Policy-RL-Peg_insertion/force_peg_rl/logs/rl_games/Forge/2026-08-17_10-55-26/nn/Forge.pth,1,nominal,1002,False,timeout,149,30.30034065246582,0.05611307919025421,4.984490394592285,0.40518859028816223,0.0,0.043785180896520615,1.3826823234558105,0.023756520822644234,0.75,0.75,0.020336158573627472,-0.575778603553772
2026-08-17_10-55-26,/home/as22cq/Projects/Policy-RL-Peg_insertion/force_peg_rl/logs/rl_games/Forge/2026-08-17_10-55-26/nn/Forge.pth,1,nominal,1002,False,timeout,149,13.642020225524902,0.1179259866476059,11.242094993591309,1.9623881578445435,0.22500000894069672,0.037307269871234894,0.5350211262702942,0.02381220832467079,0.75,0.75,0.0032188454642891884,-0.05061739683151245
2026-08-17_10-55-26,/home/as22cq/Projects/Policy-RL-Peg_insertion/force_peg_rl/logs/rl_games/Forge/2026-08-17_10-55-26/nn/Forge.pth,1,nominal,1002,False,timeout,149,25.36900520324707,0.07940109074115753,0.5304312109947205,0.0995958223938942,0.0,0.06998099386692047,0.8385146856307983,0.015532228164374828,0.75,0.75,0.019695384427905083,0.449902206659317
2026-08-17_10-55-26,/home/as22cq/Projects/Policy-RL-Peg_insertion/force_peg_rl/logs/rl_games/Forge/2026-08-17_10-55-26/nn/Forge.pth,1,nominal,1002,False,timeout,149,23.811721801757812,0.1677589863538742,0.43723270297050476,0.0708000436425209,0.0,0.05954176187515259,0.17591696977615356,0.022354457527399063,0.75,0.75,0.005603870376944542,0.07000891119241714
2026-08-17_10-55-26,/home/as22cq/Projects/Policy-RL-Peg_insertion/force_peg_rl/logs/rl_games/Forge/2026-08-17_10-55-26/nn/Forge.pth,1,nominal,1002,False,timeout,149,28.595226287841797,0.06811879575252533,0.8407030701637268,0.15635664761066437,0.0,0.06491019576787949,1.0869803428649902,0.016362875699996948,0.75,0.75,0.010596600361168385,-0.09549438208341599
2026-08-17_10-55-26,/home/as22cq/Projects/Policy-RL-Peg_insertion/force_peg_rl/logs/rl_games/Forge/2026-08-17_10-55-26/nn/Forge.pth,1,nominal,1002,False,timeout,149,25.188146591186523,0.08841492980718613,0.36277928948402405,0.10196197777986526,0.0,0.040506571531295776,0.49410513043403625,0.018567224964499474,0.75,0.75,0.01895197667181492,0.3644522428512573
2026-08-17_10-55-26,/home/as22cq/Projects/Policy-RL-Peg_insertion/force_peg_rl/logs/rl_games/Forge/2026-08-17_10-55-26/nn/Forge.pth,1,nominal,1002,False,timeout,149,27.849681854248047,0.029139669612050056,0.2329476773738861,0.06118015944957733,0.0,0.04845743253827095,1.207765817642212,0.01460939645767212,0.75,0.75,0.022799989208579063,0.5209661722183228
2026-08-17_10-55-26,/home/as22cq/Projects/Policy-RL-Peg_insertion/force_peg_rl/logs/rl_games/Forge/2026-08-17_10-55-26/nn/Forge.pth,1,nominal,1002,False,timeout,149,32.22019577026367,0.013666585087776184,0.2813796401023865,0.05024391785264015,0.0,0.06801144778728485,1.5865799188613892,0.01592688448727131,0.75,0.75,0.017749905586242676,0.579164445400238
2026-08-17_10-55-26,/home/as22cq/Projects/Policy-RL-Peg_insertion/force_peg_rl/logs/rl_games/Forge/2026-08-17_10-55-26/nn/Forge.pth,1,nominal,1002,False,timeout,149,27.821460723876953,0.03257237374782562,0.3641364872455597,0.07278516888618469,0.0,0.06584078818559647,2.3387231826782227,0.015028892084956169,0.75,0.75,0.017709312960505486,-0.08008729666471481
2026-08-17_10-55-26,/home/as22cq/Projects/Policy-RL-Peg_insertion/force_peg_rl/logs/rl_games/Forge/2026-08-17_10-55-26/nn/Forge.pth,1,nominal,1002,False,timeout,149,27.25858497619629,0.06285472214221954,0.4405326247215271,0.0708768367767334,0.0,0.07373178005218506,2.2265076637268066,0.021021177992224693,0.75,0.75,0.004467600490897894,0.20197007060050964
2026-08-17_10-55-26,/home/as22cq/Projects/Policy-RL-Peg_insertion/force_peg_rl/logs/rl_games/Forge/2026-08-17_10-55-26/nn/Forge.pth,1,nominal,1002,False,timeout,149,32.458221435546875,0.06134755164384842,3.3326265811920166,0.5036603808403015,0.0,0.06315121054649353,0.8026639223098755,0.022016379982233047,0.75,0.75,0.018406836315989494,0.17480923235416412
2026-08-17_10-55-26,/home/as22cq/Projects/Policy-RL-Peg_insertion/force_peg_rl/logs/rl_games/Forge/2026-08-17_10-55-26/nn/Forge.pth,1,nominal,1002,False,timeout,149,24.01047706604004,0.07483921945095062,13.516759872436523,4.187774658203125,0.2750000059604645,0.06224319711327553,0.7035726308822632,0.015933562070131302,0.75,0.75,0.024951457977294922,-0.07270640879869461
2026-08-17_10-55-26,/home/as22cq/Projects/Policy-RL-Peg_insertion/force_peg_rl/logs/rl_games/Forge/2026-08-17_10-55-26/nn/Forge.pth,1,nominal,1002,False,timeout,149,25.962038040161133,0.07478385418653488,0.45602259039878845,0.14033553004264832,0.0,0.05591823160648346,0.5624629855155945,0.023076172918081284,0.75,0.75,0.02335609868168831,0.06091705709695816
2026-08-17_10-55-26,/home/as22cq/Projects/Policy-RL-Peg_insertion/force_peg_rl/logs/rl_games/Forge/2026-08-17_10-55-26/nn/Forge.pth,1,nominal,1002,False,timeout,149,26.24172592163086,0.10933637619018555,9.186368942260742,0.4530144929885864,0.01666666753590107,0.018072830513119698,0.3556555509567261,0.01642117276787758,0.75,0.75,0.015851473435759544,-0.5388689041137695
2026-08-17_10-55-26,/home/as22cq/Projects/Policy-RL-Peg_insertion/force_peg_rl/logs/rl_games/Forge/2026-08-17_10-55-26/nn/Forge.pth,1,nominal,1002,False,timeout,149,28.217037200927734,0.025152161717414856,0.3938612937927246,0.07178562134504318,0.0,0.05491006746888161,1.7450309991836548,0.016180263832211494,0.75,0.75,0.009678642265498638,0.5390855073928833
2026-08-17_10-55-26,/home/as22cq/Projects/Policy-RL-Peg_insertion/force_peg_rl/logs/rl_games/Forge/2026-08-17_10-55-26/nn/Forge.pth,1,nominal,1002,False,timeout,149,27.954683303833008,0.019004642963409424,0.44819727540016174,0.09374774247407913,0.0,0.07436326891183853,1.9639570713043213,0.020893197506666183,0.75,0.75,0.0029747106600552797,0.12710297107696533
2026-08-17_10-55-26,/home/as22cq/Projects/Policy-RL-Peg_insertion/force_peg_rl/logs/rl_games/Forge/2026-08-17_10-55-26/nn/Forge.pth,1,nominal,1002,False,timeout,149,24.83590316772461,0.08685357868671417,0.395300954580307,0.07047778367996216,0.0,0.024225328117609024,0.6880497336387634,0.014635894447565079,0.75,0.75,0.011362913995981216,-0.0016678259707987309
2026-08-17_10-55-26,/home/as22cq/Projects/Policy-RL-Peg_insertion/force_peg_rl/logs/rl_games/Forge/2026-08-17_10-55-26/nn/Forge.pth,1,nominal,1002,False,timeout,149,34.78829574584961,0.08106893301010132,8.119794845581055,0.7377931475639343,0.008333333767950535,0.00638533616438508,0.4448626935482025,0.01674528792500496,0.75,0.75,0.018491854891180992,0.5650649070739746
2026-08-17_10-55-26,/home/as22cq/Projects/Policy-RL-Peg_insertion/force_peg_rl/logs/rl_games/Forge/2026-08-17_10-55-26/nn/Forge.pth,1,nominal,1002,False,timeout,149,26.72292137145996,0.08132811635732651,0.41383102536201477,0.09975408017635345,0.0,0.02433141879737377,0.5652356743812561,0.018671730533242226,0.75,0.75,0.0020025954581797123,-0.46526697278022766
2026-08-17_10-55-26,/home/as22cq/Projects/Policy-RL-Peg_insertion/force_peg_rl/logs/rl_games/Forge/2026-08-17_10-55-26/nn/Forge.pth,1,nominal,1002,False,timeout,149,25.975358963012695,0.14278168976306915,0.3405742049217224,0.0503542460501194,0.0,0.04723718762397766,0.3676067888736725,0.01972299814224243,0.75,0.75,0.020995372906327248,-0.2710346579551697
2026-08-17_10-55-26,/home/as22cq/Projects/Policy-RL-Peg_insertion/force_peg_rl/logs/rl_games/Forge/2026-08-17_10-55-26/nn/Forge.pth,1,nominal,1002,False,timeout,149,36.08974075317383,0.06258691847324371,8.372207641601562,1.9065046310424805,0.0,0.01566031202673912,0.8245343565940857,0.018812652677297592,0.75,0.75,0.016727140173316002,-0.2101122885942459
2026-08-17_10-55-26,/home/as22cq/Projects/Policy-RL-Peg_insertion/force_peg_rl/logs/rl_games/Forge/2026-08-17_10-55-26/nn/Forge.pth,1,nominal,1002,False,timeout,149,26.835954666137695,0.06802301853895187,0.4657028913497925,0.06510038673877716,0.0,0.05024975165724754,1.4548546075820923,0.014468837529420853,0.75,0.75,0.017557278275489807,0.13569100201129913
2026-08-17_10-55-26,/home/as22cq/Projects/Policy-RL-Peg_insertion/force_peg_rl/logs/rl_games/Forge/2026-08-17_10-55-26/nn/Forge.pth,1,nominal,1002,False,timeout,149,34.20435333251953,0.023297511041164398,0.4279293119907379,0.05667551979422569,0.0,0.05910447984933853,2.2328152656555176,0.016042886301875114,0.75,0.75,0.010237060487270355,0.16949419677257538
2026-08-17_10-55-26,/home/as22cq/Projects/Policy-RL-Peg_insertion/force_peg_rl/logs/rl_games/Forge/2026-08-17_10-55-26/nn/Forge.pth,1,nominal,1002,False,timeout,149,40.05316925048828,0.06493605673313141,18.338748931884766,5.54683256149292,0.3750000298023224,0.06685605645179749,0.7798108458518982,0.017942892387509346,0.75,0.75,0.010930529795587063,0.33859768509864807
2026-08-17_10-55-26,/home/as22cq/Projects/Policy-RL-Peg_insertion/force_peg_rl/logs/rl_games/Forge/2026-08-17_10-55-26/nn/Forge.pth,1,nominal,1002,False,timeout,149,29.049802780151367,0.10389877110719681,6.113436222076416,0.6584455370903015,0.0,0.03144443780183792,0.7070278525352478,0.021644577383995056,0.75,0.75,0.018884098157286644,-0.5090925693511963
2026-08-17_10-55-26,/home/as22cq/Projects/Policy-RL-Peg_insertion/force_peg_rl/logs/rl_games/Forge/2026-08-17_10-55-26/nn/Forge.pth,1,nominal,1002,False,timeout,149,35.72327423095703,0.0518871545791626,3.979199171066284,0.2745625674724579,0.0,0.06801881641149521,1.135538935661316,0.01763828843832016,0.75,0.75,0.017109686508774757,0.7830051779747009
2026-08-17_10-55-26,/home/as22cq/Projects/Policy-RL-Peg_insertion/force_peg_rl/logs/rl_games/Forge/2026-08-17_10-55-26/nn/Forge.pth,1,nominal,1002,False,timeout,149,26.176788330078125,0.07647795975208282,1.9844939708709717,0.07993342727422714,0.0,0.030846333131194115,0.5379540920257568,0.019849169999361038,0.75,0.75,0.00843892339617014,-0.3602277934551239
2026-08-17_10-55-26,/home/as22cq/Projects/Policy-RL-Peg_insertion/force_peg_rl/logs/rl_games/Forge/2026-08-17_10-55-26/nn/Forge.pth,1,nominal,1002,False,timeout,149,25.041101455688477,0.09341409802436829,0.41464564204216003,0.0907486230134964,0.0,0.022593721747398376,0.5683802366256714,0.014026327058672905,0.75,0.75,0.018167346715927124,0.02429848350584507
2026-08-17_10-55-26,/home/as22cq/Projects/Policy-RL-Peg_insertion/force_peg_rl/logs/rl_games/Forge/2026-08-17_10-55-26/nn/Forge.pth,1,nominal,1002,False,timeout,149,30.42168426513672,0.0695938691496849,10.086017608642578,0.31267625093460083,0.008333333767950535,0.05747586116194725,1.8888438940048218,0.021752428263425827,0.75,0.75,0.0048210895620286465,-0.455463171005249
2026-08-17_10-55-26,/home/as22cq/Projects/Policy-RL-Peg_insertion/force_peg_rl/logs/rl_games/Forge/2026-08-17_10-55-26/nn/Forge.pth,1,nominal,1002,False,timeout,149,28.054967880249023,0.06371612846851349,0.3226938247680664,0.10598906874656677,0.0,0.06787007302045822,1.134587049484253,0.02350851520895958,0.75,0.75,0.01819613203406334,-0.005416392348706722
2026-08-17_10-55-26,/home/as22cq/Projects/Policy-RL-Peg_insertion/force_peg_rl/logs/rl_games/Forge/2026-08-17_10-55-26/nn/Forge.pth,1,nominal,1002,False,timeout,149,25.595983505249023,0.12702395021915436,0.9306678175926208,0.06892235577106476,0.0,0.04267541319131851,0.40830135345458984,0.02101442776620388,0.75,0.75,0.009414990432560444,-0.6090927720069885
2026-08-17_10-55-26,/home/as22cq/Projects/Policy-RL-Peg_insertion/force_peg_rl/logs/rl_games/Forge/2026-08-17_10-55-26/nn/Forge.pth,1,nominal,1002,False,timeout,149,28.388456344604492,0.07501335442066193,4.585399150848389,0.14518778026103973,0.0,0.04050569608807564,0.9280327558517456,0.015875333920121193,0.75,0.75,0.011569038964807987,-0.7177769541740417
2026-08-17_10-55-26,/home/as22cq/Projects/Policy-RL-Peg_insertion/force_peg_rl/logs/rl_games/Forge/2026-08-17_10-55-26/nn/Forge.pth,1,nominal,1002,False,timeout,149,36.145591735839844,0.05514766648411751,8.20971965789795,1.224051833152771,0.05000000447034836,0.04849221184849739,1.4726101160049438,0.015258326195180416,0.75,0.75,0.018379611894488335,0.7811346054077148
2026-08-17_10-55-26,/home/as22cq/Projects/Policy-RL-Peg_insertion/force_peg_rl/logs/rl_games/Forge/2026-08-17_10-55-26/nn/Forge.pth,1,nominal,1002,False,timeout,149,25.733537673950195,0.07925499975681305,0.9654666781425476,0.10250138491392136,0.0,0.05215227231383324,0.6624971032142639,0.02088913694024086,0.75,0.75,0.022543538361787796,0.610447883605957
2026-08-17_10-55-26,/home/as22cq/Projects/Policy-RL-Peg_insertion/force_peg_rl/logs/rl_games/Forge/2026-08-17_10-55-26/nn/Forge.pth,1,nominal,1002,False,timeout,149,25.410982131958008,0.07189282029867172,0.35756567120552063,0.049506813287734985,0.0,0.05946207419037819,0.8127509951591492,0.018048662692308426,0.75,0.75,0.017558418214321136,-0.6706448793411255
2026-08-17_10-55-26,/home/as22cq/Projects/Policy-RL-Peg_insertion/force_peg_rl/logs/rl_games/Forge/2026-08-17_10-55-26/nn/Forge.pth,1,nominal,1002,False,timeout,149,30.033933639526367,0.03227231651544571,0.42749693989753723,0.11955508589744568,0.0,0.0753699243068695,2.2460885047912598,0.01943502202630043,0.75,0.75,0.01972445659339428,0.34388330578804016
2026-08-17_10-55-26,/home/as22cq/Projects/Policy-RL-Peg_insertion/force_peg_rl/logs/rl_games/Forge/2026-08-17_10-55-26/nn/Forge.pth,1,nominal,1002,False,timeout,149,28.731029510498047,0.06691161543130875,0.6935803294181824,0.09565404057502747,0.0,0.08883319795131683,1.745678186416626,0.022645199671387672,0.75,0.75,0.023847145959734917,0.5307522416114807
2026-08-17_10-55-26,/home/as22cq/Projects/Policy-RL-Peg_insertion/force_peg_rl/logs/rl_games/Forge/2026-08-17_10-55-26/nn/Forge.pth,1,nominal,1002,False,timeout,149,24.524141311645508,0.18681135773658752,1.0745134353637695,0.10060674697160721,0.0,0.08269962668418884,0.2731151580810547,0.018944377079606056,0.75,0.75,0.006309390068054199,-0.7669963836669922
2026-08-17_10-55-26,/home/as22cq/Projects/Policy-RL-Peg_insertion/force_peg_rl/logs/rl_games/Forge/2026-08-17_10-55-26/nn/Forge.pth,1,nominal,1002,False,timeout,149,28.454618453979492,0.08507497608661652,11.560330390930176,0.6817483305931091,0.008333333767950535,0.08437974005937576,0.7188055515289307,0.018863949924707413,0.75,0.75,0.01144767738878727,-0.6433558464050293
2026-08-17_10-55-26,/home/as22cq/Projects/Policy-RL-Peg_insertion/force_peg_rl/logs/rl_games/Forge/2026-08-17_10-55-26/nn/Forge.pth,1,nominal,1002,False,timeout,149,28.23238182067871,0.06283146142959595,3.258230686187744,0.15376590192317963,0.0,0.055017150938510895,1.5176197290420532,0.01667553372681141,0.75,0.75,0.02061265893280506,-0.4601648151874542
2026-08-17_10-55-26,/home/as22cq/Projects/Policy-RL-Peg_insertion/force_peg_rl/logs/rl_games/Forge/2026-08-17_10-55-26/nn/Forge.pth,1,nominal,1002,False,timeout,149,24.27921485900879,0.07475779205560684,1.7782771587371826,0.11372099071741104,0.0,0.08873525261878967,1.265238881111145,0.016353605315089226,0.75,0.75,0.006426599342375994,0.5460515022277832
2026-08-17_10-55-26,/home/as22cq/Projects/Policy-RL-Peg_insertion/force_peg_rl/logs/rl_games/Forge/2026-08-17_10-55-26/nn/Forge.pth,1,nominal,1002,False,timeout,149,25.415605545043945,0.1988561451435089,2.148327112197876,0.12036353349685669,0.0,0.06528973579406738,0.33170413970947266,0.0231495201587677,0.75,0.75,0.018361076712608337,-0.6144851446151733
2026-08-17_10-55-26,/home/as22cq/Projects/Policy-RL-Peg_insertion/force_peg_rl/logs/rl_games/Forge/2026-08-17_10-55-26/nn/Forge.pth,1,nominal,1002,False,timeout,149,23.990650177001953,0.18710771203041077,6.401933670043945,0.38395068049430847,0.01666666753590107,0.05190953612327576,0.36092254519462585,0.017960816621780396,0.75,0.75,0.024453148245811462,-0.4762102961540222
2026-08-17_10-55-26,/home/as22cq/Projects/Policy-RL-Peg_insertion/force_peg_rl/logs/rl_games/Forge/2026-08-17_10-55-26/nn/Forge.pth,1,nominal,1002,False,timeout,149,25.980274200439453,0.08557422459125519,7.347183704376221,0.7967215180397034,0.0,0.09051809459924698,1.8505879640579224,0.019579095765948296,0.75,0.75,0.020004894584417343,0.5039832592010498
2026-08-17_10-55-26,/home/as22cq/Projects/Policy-RL-Peg_insertion/force_peg_rl/logs/rl_games/Forge/2026-08-17_10-55-26/nn/Forge.pth,1,nominal,1002,False,timeout,149,26.622404098510742,0.10160765051841736,0.32608330249786377,0.05614648014307022,0.0,0.02693234197795391,0.4346960186958313,0.015213627368211746,0.75,0.75,0.019050033763051033,-0.4809843897819519
2026-08-17_10-55-26,/home/as22cq/Projects/Policy-RL-Peg_insertion/force_peg_rl/logs/rl_games/Forge/2026-08-17_10-55-26/nn/Forge.pth,1,nominal,1002,False,timeout,149,33.70995330810547,0.07843700051307678,5.5850725173950195,0.44141942262649536,0.0,0.02281259372830391,0.3752662241458893,0.02348879724740982,0.75,0.75,0.009959964081645012,0.6031556725502014
2026-08-17_10-55-26,/home/as22cq/Projects/Policy-RL-Peg_insertion/force_peg_rl/logs/rl_games/Forge/2026-08-17_10-55-26/nn/Forge.pth,1,nominal,1002,False,timeout,149,24.992448806762695,0.082509845495224,0.5443106293678284,0.14105503261089325,0.0,0.04737638682126999,0.7277120351791382,0.018472418189048767,0.75,0.75,0.021738998591899872,0.2531190812587738
2026-08-17_10-55-26,/home/as22cq/Projects/Policy-RL-Peg_insertion/force_peg_rl/logs/rl_games/Forge/2026-08-17_10-55-26/nn/Forge.pth,1,nominal,1002,False,timeout,149,25.894718170166016,0.062430206686258316,0.41287335753440857,0.10882559418678284,0.0,0.038233816623687744,0.9196147918701172,0.01925172284245491,0.75,0.75,0.00961276050657034,0.052236493676900864
2026-08-17_10-55-26,/home/as22cq/Projects/Policy-RL-Peg_insertion/force_peg_rl/logs/rl_games/Forge/2026-08-17_10-55-26/nn/Forge.pth,1,nominal,1002,False,timeout,149,28.629240036010742,0.03772328794002533,1.0902063846588135,0.06284277141094208,0.0,0.040572550147771835,1.1163694858551025,0.019380442798137665,0.75,0.75,0.016822820529341698,0.6261430382728577
2026-08-17_10-55-26,/home/as22cq/Projects/Policy-RL-Peg_insertion/force_peg_rl/logs/rl_games/Forge/2026-08-17_10-55-26/nn/Forge.pth,1,nominal,1002,False,timeout,149,28.07228660583496,0.1518906056880951,7.261734962463379,0.8948047757148743,0.05833333730697632,0.05772294104099274,0.5367042422294617,0.016794543713331223,0.75,0.75,0.018017223104834557,0.46408531069755554
2026-08-17_10-55-26,/home/as22cq/Projects/Policy-RL-Peg_insertion/force_peg_rl/logs/rl_games/Forge/2026-08-17_10-55-26/nn/Forge.pth,1,nominal,1002,False,timeout,149,26.36001968383789,0.10461629927158356,0.5396879315376282,0.09386260062456131,0.0,0.02646520547568798,0.44174256920814514,0.019242651760578156,0.75,0.75,0.022035354748368263,0.34101155400276184
2026-08-17_10-55-26,/home/as22cq/Projects/Policy-RL-Peg_insertion/force_peg_rl/logs/rl_games/Forge/2026-08-17_10-55-26/nn/Forge.pth,1,nominal,1002,False,timeout,149,28.07699203491211,0.07810932397842407,0.4943811595439911,0.10568820685148239,0.0,0.06005360558629036,0.876338541507721,0.015795283019542694,0.75,0.75,0.020367883145809174,0.34260889887809753
2026-08-17_10-55-26,/home/as22cq/Projects/Policy-RL-Peg_insertion/force_peg_rl/logs/rl_games/Forge/2026-08-17_10-55-26/nn/Forge.pth,1,nominal,1002,False,timeout,149,26.603771209716797,0.06279336661100388,0.4783763587474823,0.1275077611207962,0.0,0.0713498443365097,2.3069231510162354,0.019948218017816544,0.75,0.75,0.016364311799407005,-0.2797790467739105
2026-08-17_10-55-26,/home/as22cq/Projects/Policy-RL-Peg_insertion/force_peg_rl/logs/rl_games/Forge/2026-08-17_10-55-26/nn/Forge.pth,1,nominal,1002,False,timeout,149,96.28839874267578,0.01716545596718788,13.949370384216309,8.343043327331543,0.8333333730697632,0.0007000991026870906,1.277173638343811,0.01647849753499031,0.75,0.75,0.012738442979753017,0.524593710899353
2026-08-17_10-55-26,/home/as22cq/Projects/Policy-RL-Peg_insertion/force_peg_rl/logs/rl_games/Forge/2026-08-17_10-55-26/nn/Forge.pth,1,nominal,1002,False,timeout,149,25.675180435180664,0.08374287188053131,0.3565516769886017,0.06906004995107651,0.0,0.058875251561403275,0.6911932826042175,0.022872261703014374,0.75,0.75,0.0053299725987017155,0.7188141345977783
