run_id,checkpoint,training_seed,evaluation_suite,episode_seed,success,termination_reason,episode_steps,episode_return,final_insertion_depth,max_contact_force,mean_contact_force,force_above_threshold_duration,lateral_error_final,orientation_error_final,peg_mass,peg_friction,socket_friction,initial_xy_offset,initial_orientation_error
2026-08-12_12-10-32,/home/as22cq/Projects/Policy-RL-Peg_insertion/force_peg_rl/logs/rl_games/Forge/2026-08-12_12-10-32/nn/last_Forge_ep_500_rew_132.64993.pth,0,nominal,1000,False,timeout,149,39.357608795166016,0.02900192141532898,15.942876815795898,9.071874618530273,0.7333333492279053,0.016897084191441536,2.098194122314453,0.023561738431453705,0.75,0.75,0.01671551913022995,0.7032023668289185
2026-08-12_12-10-32,/home/as22cq/Projects/Policy-RL-Peg_insertion/force_peg_rl/logs/rl_games/Forge/2026-08-12_12-10-32/nn/last_Forge_ep_500_rew_132.64993.pth,0,nominal,1000,True,success,149,376.50225830078125,0.000444706529378891,14.980473518371582,6.327047348022461,0.2666666805744171,0.0005193115794099867,0.23437145352363586,0.017124135047197342,0.75,0.75,0.008148709312081337,0.36910954117774963
2026-08-12_12-10-32,/home/as22cq/Projects/Policy-RL-Peg_insertion/force_peg_rl/logs/rl_games/Forge/2026-08-12_12-10-32/nn/last_Forge_ep_500_rew_132.64993.pth,0,nominal,1000,False,timeout,149,33.38249588012695,0.03880494832992554,21.25324058532715,8.793416976928711,0.7083333730697632,0.09034433960914612,1.615211009979248,0.014178655110299587,0.75,0.75,0.023647740483283997,0.1123204231262207
2026-08-12_12-10-32,/home/as22cq/Projects/Policy-RL-Peg_insertion/force_peg_rl/logs/rl_games/Forge/2026-08-12_12-10-32/nn/last_Forge_ep_500_rew_132.64993.pth,0,nominal,1000,False,timeout,149,51.56778335571289,0.020360805094242096,14.831605911254883,7.457758903503418,0.7916666865348816,0.05079188570380211,2.319312810897827,0.014822219498455524,0.75,0.75,0.014952776953577995,-0.2009725421667099
2026-08-12_12-10-32,/home/as22cq/Projects/Policy-RL-Peg_insertion/force_peg_rl/logs/rl_games/Forge/2026-08-12_12-10-32/nn/last_Forge_ep_500_rew_132.64993.pth,0,nominal,1000,True,success,149,283.80291748046875,0.00011730939149856567,23.83432388305664,13.877176284790039,1.1416667699813843,0.00038733563269488513,1.6946793794631958,0.015191162936389446,0.75,0.75,0.018248779699206352,0.5954028964042664
2026-08-12_12-10-32,/home/as22cq/Projects/Policy-RL-Peg_insertion/force_peg_rl/logs/rl_games/Forge/2026-08-12_12-10-32/nn/last_Forge_ep_500_rew_132.64993.pth,0,nominal,1000,False,timeout,149,96.54772186279297,0.046691976487636566,17.810806274414062,11.160587310791016,1.1166666746139526,0.03466910868883133,0.8780418634414673,0.02277202531695366,0.75,0.75,0.018479695543646812,-0.7605499029159546
2026-08-12_12-10-32,/home/as22cq/Projects/Policy-RL-Peg_insertion/force_peg_rl/logs/rl_games/Forge/2026-08-12_12-10-32/nn/last_Forge_ep_500_rew_132.64993.pth,0,nominal,1000,False,timeout,149,192.558837890625,0.0020557045936584473,18.64490509033203,14.139872550964355,1.100000023841858,0.0008251671097241342,1.011263370513916,0.01734333485364914,0.75,0.75,0.013883262872695923,-0.4561724364757538
2026-08-12_12-10-32,/home/as22cq/Projects/Policy-RL-Peg_insertion/force_peg_rl/logs/rl_games/Forge/2026-08-12_12-10-32/nn/last_Forge_ep_500_rew_132.64993.pth,0,nominal,1000,False,timeout,149,149.86216735839844,0.019302934408187866,15.04491901397705,7.937854766845703,0.9333333969116211,0.0009455996914766729,0.679133951663971,0.015605839900672436,0.75,0.75,0.021147767081856728,-0.5716313123703003
2026-08-12_12-10-32,/home/as22cq/Projects/Policy-RL-Peg_insertion/force_peg_rl/logs/rl_games/Forge/2026-08-12_12-10-32/nn/last_Forge_ep_500_rew_132.64993.pth,0,nominal,1000,False,timeout,149,29.14165496826172,0.07753807306289673,29.745391845703125,12.931231498718262,0.8750000596046448,0.025728119537234306,0.2973855137825012,0.01608586497604847,0.75,0.75,0.02124195732176304,0.4941501319408417
2026-08-12_12-10-32,/home/as22cq/Projects/Policy-RL-Peg_insertion/force_peg_rl/logs/rl_games/Forge/2026-08-12_12-10-32/nn/last_Forge_ep_500_rew_132.64993.pth,0,nominal,1000,False,timeout,149,41.191654205322266,0.032416876405477524,17.00480079650879,8.75449275970459,0.45000001788139343,0.014898894354701042,0.5419097542762756,0.01495019905269146,0.75,0.75,0.019088279455900192,-0.26723089814186096
2026-08-12_12-10-32,/home/as22cq/Projects/Policy-RL-Peg_insertion/force_peg_rl/logs/rl_games/Forge/2026-08-12_12-10-32/nn/last_Forge_ep_500_rew_132.64993.pth,0,nominal,1000,True,success,149,317.466796875,0.00016232207417488098,21.498239517211914,10.395891189575195,0.9000000357627869,0.0005992583464831114,0.23192550241947174,0.018377695232629776,0.75,0.75,0.014740400947630405,0.10799532383680344
2026-08-12_12-10-32,/home/as22cq/Projects/Policy-RL-Peg_insertion/force_peg_rl/logs/rl_games/Forge/2026-08-12_12-10-32/nn/last_Forge_ep_500_rew_132.64993.pth,0,nominal,1000,True,success,149,312.8036804199219,7.475540041923523e-05,10.568707466125488,7.5100555419921875,0.7083333730697632,0.0001045037861331366,0.3159041702747345,0.022335082292556763,0.75,0.75,0.017694538459181786,0.3291117548942566
2026-08-12_12-10-32,/home/as22cq/Projects/Policy-RL-Peg_insertion/force_peg_rl/logs/rl_games/Forge/2026-08-12_12-10-32/nn/last_Forge_ep_500_rew_132.64993.pth,0,nominal,1000,False,timeout,149,30.72739601135254,0.052386149764060974,11.883834838867188,1.6411247253417969,0.15833334624767303,0.02218157798051834,0.2613571286201477,0.020029595121741295,0.75,0.75,0.015316269360482693,-0.7804366946220398
2026-08-12_12-10-32,/home/as22cq/Projects/Policy-RL-Peg_insertion/force_peg_rl/logs/rl_games/Forge/2026-08-12_12-10-32/nn/last_Forge_ep_500_rew_132.64993.pth,0,nominal,1000,False,timeout,149,149.45404052734375,0.01617695949971676,19.744245529174805,10.603041648864746,0.9500000476837158,0.0006302007241174579,1.2307384014129639,0.021023107692599297,0.75,0.75,0.009634340181946754,-0.2115703970193863
2026-08-12_12-10-32,/home/as22cq/Projects/Policy-RL-Peg_insertion/force_peg_rl/logs/rl_games/Forge/2026-08-12_12-10-32/nn/last_Forge_ep_500_rew_132.64993.pth,0,nominal,1000,True,success,149,228.9352264404297,0.00016707181930541992,22.171794891357422,10.552200317382812,1.1083333492279053,0.0006924623157829046,1.2177718877792358,0.022172287106513977,0.75,0.75,0.012548491358757019,-0.137803852558136
2026-08-12_12-10-32,/home/as22cq/Projects/Policy-RL-Peg_insertion/force_peg_rl/logs/rl_games/Forge/2026-08-12_12-10-32/nn/last_Forge_ep_500_rew_132.64993.pth,0,nominal,1000,False,timeout,149,51.913089752197266,0.003926366567611694,25.76691436767578,14.014495849609375,0.9583333730697632,0.02392253279685974,0.879068911075592,0.01987394317984581,0.75,0.75,0.022480687126517296,-0.10681559145450592
2026-08-12_12-10-32,/home/as22cq/Projects/Policy-RL-Peg_insertion/force_peg_rl/logs/rl_games/Forge/2026-08-12_12-10-32/nn/last_Forge_ep_500_rew_132.64993.pth,0,nominal,1000,False,timeout,149,38.862667083740234,0.002491869032382965,20.41517448425293,9.853422164916992,1.1083333492279053,0.03285732492804527,2.00091552734375,0.016976987943053246,0.75,0.75,0.017675256356596947,0.7056381702423096
2026-08-12_12-10-32,/home/as22cq/Projects/Policy-RL-Peg_insertion/force_peg_rl/logs/rl_games/Forge/2026-08-12_12-10-32/nn/last_Forge_ep_500_rew_132.64993.pth,0,nominal,1000,False,timeout,149,199.19522094726562,0.0022825300693511963,13.360257148742676,6.4270148277282715,0.31666669249534607,0.0006889827200211585,1.1066161394119263,0.023760249838232994,0.75,0.75,0.020208759233355522,0.34764203429222107
2026-08-12_12-10-32,/home/as22cq/Projects/Policy-RL-Peg_insertion/force_peg_rl/logs/rl_games/Forge/2026-08-12_12-10-32/nn/last_Forge_ep_500_rew_132.64993.pth,0,nominal,1000,True,success,149,220.287109375,7.915869355201721e-05,25.17458724975586,15.317955017089844,1.1166666746139526,0.0005839085788466036,1.426137924194336,0.016569796949625015,0.75,0.75,0.015312105417251587,0.7492011189460754
2026-08-12_12-10-32,/home/as22cq/Projects/Policy-RL-Peg_insertion/force_peg_rl/logs/rl_games/Forge/2026-08-12_12-10-32/nn/last_Forge_ep_500_rew_132.64993.pth,0,nominal,1000,True,success,149,292.0791320800781,0.00025994330644607544,25.88804817199707,13.712786674499512,1.1083333492279053,0.0005224774358794093,0.6068301796913147,0.015117974020540714,0.75,0.75,0.02137409895658493,0.21661613881587982
2026-08-12_12-10-32,/home/as22cq/Projects/Policy-RL-Peg_insertion/force_peg_rl/logs/rl_games/Forge/2026-08-12_12-10-32/nn/last_Forge_ep_500_rew_132.64993.pth,0,nominal,1000,True,success,149,236.7574462890625,0.00013827532529830933,20.764141082763672,9.898965835571289,0.6916667222976685,0.0006229891441762447,1.423898458480835,0.014010193757712841,0.75,0.75,0.015321405604481697,-0.5128018260002136
2026-08-12_12-10-32,/home/as22cq/Projects/Policy-RL-Peg_insertion/force_peg_rl/logs/rl_games/Forge/2026-08-12_12-10-32/nn/last_Forge_ep_500_rew_132.64993.pth,0,nominal,1000,True,success,149,263.2113952636719,0.00020739063620567322,31.22780418395996,14.353104591369629,1.0416667461395264,0.0008988166810013354,0.9907810091972351,0.02174752950668335,0.75,0.75,0.02025887742638588,-0.6327519416809082
2026-08-12_12-10-32,/home/as22cq/Projects/Policy-RL-Peg_insertion/force_peg_rl/logs/rl_games/Forge/2026-08-12_12-10-32/nn/last_Forge_ep_500_rew_132.64993.pth,0,nominal,1000,False,timeout,149,191.04168701171875,0.022109191864728928,25.68330192565918,7.5430908203125,0.5083333849906921,0.0013874613214284182,1.2698564529418945,0.017311863601207733,0.75,0.75,0.007682320196181536,-0.4939928650856018
2026-08-12_12-10-32,/home/as22cq/Projects/Policy-RL-Peg_insertion/force_peg_rl/logs/rl_games/Forge/2026-08-12_12-10-32/nn/last_Forge_ep_500_rew_132.64993.pth,0,nominal,1000,False,timeout,149,167.62831115722656,0.010375283658504486,18.116867065429688,10.51164436340332,1.0916666984558105,0.0006805153097957373,0.6643330454826355,0.020803755149245262,0.75,0.75,0.018430469557642937,0.4884280562400818
2026-08-12_12-10-32,/home/as22cq/Projects/Policy-RL-Peg_insertion/force_peg_rl/logs/rl_games/Forge/2026-08-12_12-10-32/nn/last_Forge_ep_500_rew_132.64993.pth,0,nominal,1000,False,timeout,149,160.35153198242188,0.011658623814582825,31.233774185180664,12.931290626525879,1.1416667699813843,0.0006539890891872346,1.1472889184951782,0.015124655328691006,0.75,0.75,0.01683112047612667,0.37920117378234863
2026-08-12_12-10-32,/home/as22cq/Projects/Policy-RL-Peg_insertion/force_peg_rl/logs/rl_games/Forge/2026-08-12_12-10-32/nn/last_Forge_ep_500_rew_132.64993.pth,0,nominal,1000,True,success,149,380.0826721191406,4.094652831554413e-05,12.767881393432617,8.876230239868164,1.158333420753479,0.0003131586126983166,0.38040539622306824,0.01879996247589588,0.75,0.75,0.00936125684529543,0.27571365237236023
2026-08-12_12-10-32,/home/as22cq/Projects/Policy-RL-Peg_insertion/force_peg_rl/logs/rl_games/Forge/2026-08-12_12-10-32/nn/last_Forge_ep_500_rew_132.64993.pth,0,nominal,1000,True,success,149,271.5409851074219,1.8648803234100342e-05,32.5119743347168,15.17387866973877,1.1166666746139526,0.00044135641655884683,1.2837382555007935,0.015738019719719887,0.75,0.75,0.013880397193133831,0.12686221301555634
2026-08-12_12-10-32,/home/as22cq/Projects/Policy-RL-Peg_insertion/force_peg_rl/logs/rl_games/Forge/2026-08-12_12-10-32/nn/last_Forge_ep_500_rew_132.64993.pth,0,nominal,1000,False,timeout,149,36.5714111328125,0.026322394609451294,20.800113677978516,9.2261381149292,1.0833333730697632,0.02142154984176159,0.6505076885223389,0.019555186852812767,0.75,0.75,0.008305797353386879,0.0697137787938118
2026-08-12_12-10-32,/home/as22cq/Projects/Policy-RL-Peg_insertion/force_peg_rl/logs/rl_games/Forge/2026-08-12_12-10-32/nn/last_Forge_ep_500_rew_132.64993.pth,0,nominal,1000,False,timeout,149,32.01170349121094,0.04286852106451988,16.126005172729492,8.885980606079102,0.6583333611488342,0.01803927682340145,0.4727488160133362,0.02124733291566372,0.75,0.75,0.007223862688988447,-0.6261898875236511
2026-08-12_12-10-32,/home/as22cq/Projects/Policy-RL-Peg_insertion/force_peg_rl/logs/rl_games/Forge/2026-08-12_12-10-32/nn/last_Forge_ep_500_rew_132.64993.pth,0,nominal,1000,False,timeout,149,148.66282653808594,0.022037126123905182,18.138193130493164,9.048691749572754,0.8916667103767395,0.0015260792570188642,0.9140105247497559,0.01970910094678402,0.75,0.75,0.007939568720757961,-0.4622341990470886
2026-08-12_12-10-32,/home/as22cq/Projects/Policy-RL-Peg_insertion/force_peg_rl/logs/rl_games/Forge/2026-08-12_12-10-32/nn/last_Forge_ep_500_rew_132.64993.pth,0,nominal,1000,False,timeout,149,156.19422912597656,0.006714913994073868,23.489532470703125,11.45379638671875,0.98333340883255,0.0007060955977067351,1.354310154914856,0.02351207286119461,0.75,0.75,0.01979965902864933,0.24725523591041565
2026-08-12_12-10-32,/home/as22cq/Projects/Policy-RL-Peg_insertion/force_peg_rl/logs/rl_games/Forge/2026-08-12_12-10-32/nn/last_Forge_ep_500_rew_132.64993.pth,0,nominal,1000,False,timeout,149,34.3497314453125,0.03447309136390686,15.713796615600586,9.16199016571045,0.7166666984558105,0.02168169431388378,1.0605543851852417,0.01648496463894844,0.75,0.75,0.017878403887152672,0.7256836891174316
2026-08-12_12-10-32,/home/as22cq/Projects/Policy-RL-Peg_insertion/force_peg_rl/logs/rl_games/Forge/2026-08-12_12-10-32/nn/last_Forge_ep_500_rew_132.64993.pth,0,nominal,1000,False,timeout,149,32.05323028564453,0.06634999066591263,17.7625675201416,11.347546577453613,0.9666666984558105,0.08661963045597076,1.3343918323516846,0.01584630087018013,0.75,0.75,0.011824360117316246,-0.6743318438529968
2026-08-12_12-10-32,/home/as22cq/Projects/Policy-RL-Peg_insertion/force_peg_rl/logs/rl_games/Forge/2026-08-12_12-10-32/nn/last_Forge_ep_500_rew_132.64993.pth,0,nominal,1000,True,success,149,273.20269775390625,4.534795880317688e-05,12.951574325561523,7.238468170166016,0.5,0.00024259310157503933,0.33620408177375793,0.022326525300741196,0.75,0.75,0.018539348617196083,0.5196216702461243
2026-08-12_12-10-32,/home/as22cq/Projects/Policy-RL-Peg_insertion/force_peg_rl/logs/rl_games/Forge/2026-08-12_12-10-32/nn/last_Forge_ep_500_rew_132.64993.pth,0,nominal,1000,True,success,149,391.27349853515625,0.0002282913774251938,15.16965103149414,12.235828399658203,1.1083333492279053,0.0008404084946960211,1.1072639226913452,0.023398861289024353,0.75,0.75,0.017740091308951378,0.14715668559074402
2026-08-12_12-10-32,/home/as22cq/Projects/Policy-RL-Peg_insertion/force_peg_rl/logs/rl_games/Forge/2026-08-12_12-10-32/nn/last_Forge_ep_500_rew_132.64993.pth,0,nominal,1000,True,success,149,302.779052734375,-2.2854655981063843e-05,21.89518165588379,10.206849098205566,0.9750000238418579,0.000561570399440825,1.3455591201782227,0.02174619771540165,0.75,0.75,0.021507401019334793,0.24911685287952423
2026-08-12_12-10-32,/home/as22cq/Projects/Policy-RL-Peg_insertion/force_peg_rl/logs/rl_games/Forge/2026-08-12_12-10-32/nn/last_Forge_ep_500_rew_132.64993.pth,0,nominal,1000,True,success,149,365.03778076171875,9.535439312458038e-05,13.944873809814453,5.38350248336792,0.5833333730697632,0.0003432474040891975,0.2850836217403412,0.01563699170947075,0.75,0.75,0.0176797304302454,0.26284798979759216
2026-08-12_12-10-32,/home/as22cq/Projects/Policy-RL-Peg_insertion/force_peg_rl/logs/rl_games/Forge/2026-08-12_12-10-32/nn/last_Forge_ep_500_rew_132.64993.pth,0,nominal,1000,False,timeout,149,38.66278076171875,0.016401875764131546,9.713020324707031,5.510771751403809,0.42500001192092896,0.024917853996157646,1.9146528244018555,0.01573294587433338,0.75,0.75,0.02198193036019802,0.6111094951629639
2026-08-12_12-10-32,/home/as22cq/Projects/Policy-RL-Peg_insertion/force_peg_rl/logs/rl_games/Forge/2026-08-12_12-10-32/nn/last_Forge_ep_500_rew_132.64993.pth,0,nominal,1000,False,timeout,149,39.98747634887695,0.026575271040201187,21.035240173339844,7.901558876037598,0.7333333492279053,0.0025602912064641714,2.2830309867858887,0.014003502205014229,0.75,0.75,0.012955267913639545,-0.5995081067085266
2026-08-12_12-10-32,/home/as22cq/Projects/Policy-RL-Peg_insertion/force_peg_rl/logs/rl_games/Forge/2026-08-12_12-10-32/nn/last_Forge_ep_500_rew_132.64993.pth,0,nominal,1000,True,success,149,376.9546813964844,0.00014420971274375916,9.594160079956055,5.7927775382995605,0.9916667342185974,0.0005253328126855195,0.26172715425491333,0.02039811573922634,0.75,0.75,0.005036104936152697,0.553692102432251
2026-08-12_12-10-32,/home/as22cq/Projects/Policy-RL-Peg_insertion/force_peg_rl/logs/rl_games/Forge/2026-08-12_12-10-32/nn/last_Forge_ep_500_rew_132.64993.pth,0,nominal,1000,True,success,149,416.318359375,0.00023698806762695312,20.202537536621094,14.625730514526367,1.183333396911621,0.0008659745217300951,0.9446830749511719,0.020300574600696564,0.75,0.75,0.00431095901876688,-0.09634539484977722
2026-08-12_12-10-32,/home/as22cq/Projects/Policy-RL-Peg_insertion/force_peg_rl/logs/rl_games/Forge/2026-08-12_12-10-32/nn/last_Forge_ep_500_rew_132.64993.pth,0,nominal,1000,False,timeout,149,206.12664794921875,0.0015714168548583984,18.334714889526367,11.151158332824707,1.0750000476837158,0.0006309231976047158,1.1029237508773804,0.016163671389222145,0.75,0.75,0.00822652317583561,0.26826703548431396
2026-08-12_12-10-32,/home/as22cq/Projects/Policy-RL-Peg_insertion/force_peg_rl/logs/rl_games/Forge/2026-08-12_12-10-32/nn/last_Forge_ep_500_rew_132.64993.pth,0,nominal,1000,False,timeout,149,42.68718719482422,0.07805339992046356,13.632916450500488,5.349790096282959,0.2750000059604645,0.022753318771719933,0.3357495367527008,0.017122630029916763,0.75,0.75,0.018836958333849907,-0.18231983482837677
2026-08-12_12-10-32,/home/as22cq/Projects/Policy-RL-Peg_insertion/force_peg_rl/logs/rl_games/Forge/2026-08-12_12-10-32/nn/last_Forge_ep_500_rew_132.64993.pth,0,nominal,1000,True,success,149,270.3219299316406,0.00020221993327140808,41.85887145996094,13.51844310760498,1.0833333730697632,0.0010626445291563869,1.2212908267974854,0.014354829676449299,0.75,0.75,0.017511136829853058,-0.36224284768104553
2026-08-12_12-10-32,/home/as22cq/Projects/Policy-RL-Peg_insertion/force_peg_rl/logs/rl_games/Forge/2026-08-12_12-10-32/nn/last_Forge_ep_500_rew_132.64993.pth,0,nominal,1000,False,timeout,149,153.43814086914062,0.020234495401382446,22.726083755493164,11.168992042541504,0.9666666984558105,0.00086226622806862,0.5046625137329102,0.01863621547818184,0.75,0.75,0.006828145124018192,-0.2768303155899048
2026-08-12_12-10-32,/home/as22cq/Projects/Policy-RL-Peg_insertion/force_peg_rl/logs/rl_games/Forge/2026-08-12_12-10-32/nn/last_Forge_ep_500_rew_132.64993.pth,0,nominal,1000,False,timeout,149,152.67190551757812,0.011874634772539139,24.243824005126953,12.349322319030762,1.158333420753479,0.0007350054802373052,1.1201128959655762,0.018752261996269226,0.75,0.75,0.016032904386520386,-0.5150390267372131
2026-08-12_12-10-32,/home/as22cq/Projects/Policy-RL-Peg_insertion/force_peg_rl/logs/rl_games/Forge/2026-08-12_12-10-32/nn/last_Forge_ep_500_rew_132.64993.pth,0,nominal,1000,False,timeout,149,158.28204345703125,0.005374886095523834,18.74789810180664,9.342904090881348,0.6833333969116211,0.0006739754462614655,1.4006059169769287,0.015378267504274845,0.75,0.75,0.00031635010964237154,-0.4822777211666107
2026-08-12_12-10-32,/home/as22cq/Projects/Policy-RL-Peg_insertion/force_peg_rl/logs/rl_games/Forge/2026-08-12_12-10-32/nn/last_Forge_ep_500_rew_132.64993.pth,0,nominal,1000,False,timeout,149,59.13469696044922,0.03241967037320137,15.84138298034668,8.706665992736816,0.8083333969116211,0.02431492879986763,0.6635740399360657,0.014141926541924477,0.75,0.75,0.006866457872092724,-0.336221307516098
2026-08-12_12-10-32,/home/as22cq/Projects/Policy-RL-Peg_insertion/force_peg_rl/logs/rl_games/Forge/2026-08-12_12-10-32/nn/last_Forge_ep_500_rew_132.64993.pth,0,nominal,1000,False,timeout,149,53.01736831665039,0.007704166695475578,21.805326461791992,7.653843879699707,0.7416667342185974,0.030312057584524155,2.0293707847595215,0.018745511770248413,0.75,0.75,0.024047987535595894,0.6444141268730164
2026-08-12_12-10-32,/home/as22cq/Projects/Policy-RL-Peg_insertion/force_peg_rl/logs/rl_games/Forge/2026-08-12_12-10-32/nn/last_Forge_ep_500_rew_132.64993.pth,0,nominal,1000,False,timeout,149,34.985321044921875,0.024502135813236237,30.24829864501953,11.331318855285645,0.8583333492279053,0.023069825023412704,2.0681211948394775,0.0173479113727808,0.75,0.75,0.009062601253390312,-0.15511783957481384
2026-08-12_12-10-32,/home/as22cq/Projects/Policy-RL-Peg_insertion/force_peg_rl/logs/rl_games/Forge/2026-08-12_12-10-32/nn/last_Forge_ep_500_rew_132.64993.pth,0,nominal,1000,True,success,149,194.65158081054688,0.00016845762729644775,27.186172485351562,13.689533233642578,0.9333333969116211,0.0006436353432945907,1.3116897344589233,0.01403332781046629,0.75,0.75,0.005143217276781797,-0.5621067881584167
2026-08-12_12-10-32,/home/as22cq/Projects/Policy-RL-Peg_insertion/force_peg_rl/logs/rl_games/Forge/2026-08-12_12-10-32/nn/last_Forge_ep_500_rew_132.64993.pth,0,nominal,1000,False,timeout,149,163.35494995117188,0.0028471052646636963,20.411205291748047,11.831058502197266,0.8166667222976685,0.0006633365410380065,1.5013445615768433,0.018756166100502014,0.75,0.75,0.010409687645733356,0.5376743078231812
2026-08-12_12-10-32,/home/as22cq/Projects/Policy-RL-Peg_insertion/force_peg_rl/logs/rl_games/Forge/2026-08-12_12-10-32/nn/last_Forge_ep_500_rew_132.64993.pth,0,nominal,1000,True,success,149,209.0802001953125,0.0006342735141515732,25.400938034057617,15.375414848327637,1.1416667699813843,0.0006905165500938892,1.3631163835525513,0.02340727485716343,0.75,0.75,0.01523620169609785,-0.31428906321525574
2026-08-12_12-10-32,/home/as22cq/Projects/Policy-RL-Peg_insertion/force_peg_rl/logs/rl_games/Forge/2026-08-12_12-10-32/nn/last_Forge_ep_500_rew_132.64993.pth,0,nominal,1000,False,timeout,149,70.12417602539062,0.27553749084472656,11.077967643737793,4.0985941886901855,0.3500000238418579,0.007187418173998594,1.039249062538147,0.022075120359659195,0.75,0.75,0.018452828750014305,-0.513257622718811
2026-08-12_12-10-32,/home/as22cq/Projects/Policy-RL-Peg_insertion/force_peg_rl/logs/rl_games/Forge/2026-08-12_12-10-32/nn/last_Forge_ep_500_rew_132.64993.pth,0,nominal,1000,True,success,149,376.5997009277344,0.0001331828534603119,9.884588241577148,6.408054828643799,0.24166667461395264,0.00047134695341810584,0.2916473150253296,0.015387878753244877,0.75,0.75,0.0012650977587327361,0.562414288520813
2026-08-12_12-10-32,/home/as22cq/Projects/Policy-RL-Peg_insertion/force_peg_rl/logs/rl_games/Forge/2026-08-12_12-10-32/nn/last_Forge_ep_500_rew_132.64993.pth,0,nominal,1000,False,timeout,149,35.869956970214844,0.04326628893613815,11.091064453125,4.360682964324951,0.34166669845581055,0.05255546793341637,2.7733709812164307,0.022252220660448074,0.75,0.75,0.016547856852412224,0.2977694571018219
2026-08-12_12-10-32,/home/as22cq/Projects/Policy-RL-Peg_insertion/force_peg_rl/logs/rl_games/Forge/2026-08-12_12-10-32/nn/last_Forge_ep_500_rew_132.64993.pth,0,nominal,1000,True,success,149,210.7260284423828,0.00013647228479385376,20.529254913330078,11.363102912902832,0.9916667342185974,0.0007092676823958755,1.3396685123443604,0.016298748552799225,0.75,0.75,0.010977409780025482,-0.5985468029975891
2026-08-12_12-10-32,/home/as22cq/Projects/Policy-RL-Peg_insertion/force_peg_rl/logs/rl_games/Forge/2026-08-12_12-10-32/nn/last_Forge_ep_500_rew_132.64993.pth,0,nominal,1000,True,success,149,295.14447021484375,0.00012768059968948364,34.884578704833984,14.450809478759766,1.1666667461395264,0.0005929555627517402,1.339880108833313,0.015881797298789024,0.75,0.75,0.001004559569992125,-0.3111740052700043
2026-08-12_12-10-32,/home/as22cq/Projects/Policy-RL-Peg_insertion/force_peg_rl/logs/rl_games/Forge/2026-08-12_12-10-32/nn/last_Forge_ep_500_rew_132.64993.pth,0,nominal,1000,True,success,149,389.5319519042969,9.709969162940979e-05,15.64483642578125,11.1108980178833,1.0916666984558105,0.0003698837535921484,0.48367369174957275,0.020506881177425385,0.75,0.75,0.0052452669478952885,0.23343375325202942
2026-08-12_12-10-32,/home/as22cq/Projects/Policy-RL-Peg_insertion/force_peg_rl/logs/rl_games/Forge/2026-08-12_12-10-32/nn/last_Forge_ep_500_rew_132.64993.pth,0,nominal,1000,True,success,149,329.211181640625,8.50781798362732e-05,16.60971450805664,11.433886528015137,0.9333333969116211,0.000508066383190453,0.39568716287612915,0.02275972068309784,0.75,0.75,0.023412443697452545,-0.6498783230781555
2026-08-12_12-10-32,/home/as22cq/Projects/Policy-RL-Peg_insertion/force_peg_rl/logs/rl_games/Forge/2026-08-12_12-10-32/nn/last_Forge_ep_500_rew_132.64993.pth,0,nominal,1000,False,timeout,149,29.86860466003418,0.04841972142457962,14.542946815490723,7.530827045440674,0.8666667342185974,0.01886887475848198,0.34784403443336487,0.01545441523194313,0.75,0.75,0.019387586042284966,-0.5489272475242615
2026-08-12_12-10-32,/home/as22cq/Projects/Policy-RL-Peg_insertion/force_peg_rl/logs/rl_games/Forge/2026-08-12_12-10-32/nn/last_Forge_ep_500_rew_132.64993.pth,0,nominal,1000,False,timeout,149,208.31846618652344,0.003568129613995552,15.815206527709961,9.222047805786133,0.7833333611488342,0.0008175355033017695,1.0858427286148071,0.015694985166192055,0.75,0.75,0.016368405893445015,0.5531549453735352
2026-08-12_12-10-32,/home/as22cq/Projects/Policy-RL-Peg_insertion/force_peg_rl/logs/rl_games/Forge/2026-08-12_12-10-32/nn/last_Forge_ep_500_rew_132.64993.pth,0,nominal,1000,True,success,149,240.93966674804688,-7.264316082000732e-06,17.512130737304688,9.651932716369629,0.9583333730697632,0.0004036715836264193,1.360708236694336,0.016468822956085205,0.75,0.75,0.016171017661690712,0.044991713017225266
2026-08-12_12-10-32,/home/as22cq/Projects/Policy-RL-Peg_insertion/force_peg_rl/logs/rl_games/Forge/2026-08-12_12-10-32/nn/last_Forge_ep_500_rew_132.64993.pth,0,nominal,1000,False,timeout,149,38.63709259033203,0.019628845155239105,16.193946838378906,8.294209480285645,1.008333444595337,0.024774353951215744,1.8161919116973877,0.019007405266165733,0.75,0.75,0.016064055263996124,0.47414377331733704
2026-08-12_12-10-32,/home/as22cq/Projects/Policy-RL-Peg_insertion/force_peg_rl/logs/rl_games/Forge/2026-08-12_12-10-32/nn/last_Forge_ep_500_rew_132.64993.pth,0,nominal,1000,False,timeout,149,41.60171890258789,-0.0002825222909450531,24.99632453918457,12.883454322814941,0.9666666984558105,0.028191043063998222,1.8107542991638184,0.018118543550372124,0.75,0.75,0.01802942156791687,0.7498461008071899
2026-08-12_12-10-32,/home/as22cq/Projects/Policy-RL-Peg_insertion/force_peg_rl/logs/rl_games/Forge/2026-08-12_12-10-32/nn/last_Forge_ep_500_rew_132.64993.pth,0,nominal,1000,False,timeout,149,21.21393394470215,0.07462938129901886,16.41991424560547,9.616820335388184,0.7416667342185974,0.03235144540667534,0.4451674818992615,0.01966632716357708,0.75,0.75,0.007557578384876251,-0.09815933555364609
2026-08-12_12-10-32,/home/as22cq/Projects/Policy-RL-Peg_insertion/force_peg_rl/logs/rl_games/Forge/2026-08-12_12-10-32/nn/last_Forge_ep_500_rew_132.64993.pth,0,nominal,1000,False,timeout,149,33.678016662597656,0.011486552655696869,13.49316120147705,4.963947296142578,0.5083333849906921,0.028461528941988945,0.9097282886505127,0.023308061063289642,0.75,0.75,0.012412076815962791,-0.5530489087104797
2026-08-12_12-10-32,/home/as22cq/Projects/Policy-RL-Peg_insertion/force_peg_rl/logs/rl_games/Forge/2026-08-12_12-10-32/nn/last_Forge_ep_500_rew_132.64993.pth,0,nominal,1000,False,timeout,149,41.00251770019531,0.0038294754922389984,21.505998611450195,8.87105655670166,0.9000000357627869,0.021036768332123756,2.6305718421936035,0.0215561892837286,0.75,0.75,0.01169957872480154,0.7156596779823303
2026-08-12_12-10-32,/home/as22cq/Projects/Policy-RL-Peg_insertion/force_peg_rl/logs/rl_games/Forge/2026-08-12_12-10-32/nn/last_Forge_ep_500_rew_132.64993.pth,0,nominal,1000,False,timeout,149,9.168863296508789,0.036717113107442856,18.78818702697754,10.566570281982422,1.1416667699813843,0.03821723908185959,0.6230217218399048,0.020947342738509178,0.75,0.75,0.014580048620700836,-0.5432584285736084
2026-08-12_12-10-32,/home/as22cq/Projects/Policy-RL-Peg_insertion/force_peg_rl/logs/rl_games/Forge/2026-08-12_12-10-32/nn/last_Forge_ep_500_rew_132.64993.pth,0,nominal,1000,False,timeout,149,20.235692977905273,0.0910380631685257,21.633708953857422,8.21582317352295,0.6416667103767395,0.027730513364076614,0.5623457431793213,0.01947927102446556,0.75,0.75,0.020112982019782066,-0.3255522549152374
2026-08-12_12-10-32,/home/as22cq/Projects/Policy-RL-Peg_insertion/force_peg_rl/logs/rl_games/Forge/2026-08-12_12-10-32/nn/last_Forge_ep_500_rew_132.64993.pth,0,nominal,1000,False,timeout,149,101.32997131347656,0.12439538538455963,13.682947158813477,6.114104747772217,0.7583333849906921,0.32099461555480957,0.8041166067123413,0.023776449263095856,0.75,0.75,0.008903895504772663,-0.46175509691238403
2026-08-12_12-10-32,/home/as22cq/Projects/Policy-RL-Peg_insertion/force_peg_rl/logs/rl_games/Forge/2026-08-12_12-10-32/nn/last_Forge_ep_500_rew_132.64993.pth,0,nominal,1000,True,success,149,188.89846801757812,0.00013566948473453522,19.61237335205078,10.092538833618164,0.7833333611488342,0.0005368748097680509,1.5308939218521118,0.020117316395044327,0.75,0.75,0.010707366280257702,-0.48739689588546753
2026-08-12_12-10-32,/home/as22cq/Projects/Policy-RL-Peg_insertion/force_peg_rl/logs/rl_games/Forge/2026-08-12_12-10-32/nn/last_Forge_ep_500_rew_132.64993.pth,0,nominal,1000,False,timeout,149,33.24130630493164,0.028875377029180527,18.242610931396484,7.114523887634277,0.3083333373069763,0.025585390627384186,1.040172815322876,0.020863723009824753,0.75,0.75,0.021311189979314804,0.07904361933469772
2026-08-12_12-10-32,/home/as22cq/Projects/Policy-RL-Peg_insertion/force_peg_rl/logs/rl_games/Forge/2026-08-12_12-10-32/nn/last_Forge_ep_500_rew_132.64993.pth,0,nominal,1000,False,timeout,149,28.494863510131836,0.05503123626112938,19.082653045654297,9.553102493286133,0.7666667103767395,0.02575121633708477,0.4919024407863617,0.018675675615668297,0.75,0.75,0.013937028124928474,-0.2979695796966553
2026-08-12_12-10-32,/home/as22cq/Projects/Policy-RL-Peg_insertion/force_peg_rl/logs/rl_games/Forge/2026-08-12_12-10-32/nn/last_Forge_ep_500_rew_132.64993.pth,0,nominal,1000,True,success,149,133.5430450439453,9.043514728546143e-05,31.760313034057617,16.95243263244629,1.0750000476837158,0.000559010251890868,1.3174660205841064,0.01725655607879162,0.75,0.75,0.020735424011945724,-0.5086582899093628
2026-08-12_12-10-32,/home/as22cq/Projects/Policy-RL-Peg_insertion/force_peg_rl/logs/rl_games/Forge/2026-08-12_12-10-32/nn/last_Forge_ep_500_rew_132.64993.pth,0,nominal,1000,False,timeout,149,22.866355895996094,0.04659203439950943,26.849018096923828,16.377239227294922,1.100000023841858,0.015250148251652718,0.363517701625824,0.017080988734960556,0.75,0.75,0.02362671308219433,-0.36425384879112244
2026-08-12_12-10-32,/home/as22cq/Projects/Policy-RL-Peg_insertion/force_peg_rl/logs/rl_games/Forge/2026-08-12_12-10-32/nn/last_Forge_ep_500_rew_132.64993.pth,0,nominal,1000,False,timeout,149,43.718502044677734,0.02761675789952278,17.71568489074707,7.672234535217285,0.7166666984558105,0.018517393618822098,1.9095017910003662,0.01959938555955887,0.75,0.75,0.008725802414119244,-0.20728302001953125
2026-08-12_12-10-32,/home/as22cq/Projects/Policy-RL-Peg_insertion/force_peg_rl/logs/rl_games/Forge/2026-08-12_12-10-32/nn/last_Forge_ep_500_rew_132.64993.pth,0,nominal,1000,False,timeout,149,27.235595703125,0.00905926525592804,15.370187759399414,4.601878643035889,0.2916666865348816,0.04009747877717018,0.5578653216362,0.01676381379365921,0.75,0.75,0.02318117953836918,-0.26434141397476196
2026-08-12_12-10-32,/home/as22cq/Projects/Policy-RL-Peg_insertion/force_peg_rl/logs/rl_games/Forge/2026-08-12_12-10-32/nn/last_Forge_ep_500_rew_132.64993.pth,0,nominal,1000,False,timeout,149,33.57447814941406,0.025936871767044067,12.39909553527832,7.598784446716309,1.0250000953674316,0.024107571691274643,0.6883515119552612,0.018617698922753334,0.75,0.75,0.010049527511000633,-0.43480250239372253
2026-08-12_12-10-32,/home/as22cq/Projects/Policy-RL-Peg_insertion/force_peg_rl/logs/rl_games/Forge/2026-08-12_12-10-32/nn/last_Forge_ep_500_rew_132.64993.pth,0,nominal,1000,False,timeout,149,35.11054229736328,0.035951148718595505,21.63367462158203,6.725814342498779,0.7250000238418579,0.03602844104170799,2.8027994632720947,0.023897871375083923,0.75,0.75,0.018173715099692345,0.13729806244373322
2026-08-12_12-10-32,/home/as22cq/Projects/Policy-RL-Peg_insertion/force_peg_rl/logs/rl_games/Forge/2026-08-12_12-10-32/nn/last_Forge_ep_500_rew_132.64993.pth,0,nominal,1000,False,timeout,149,29.79766082763672,-0.032197918742895126,7.096960067749023,3.41536283493042,0.0,0.050337791442871094,0.45397359132766724,0.021812450140714645,0.75,0.75,0.005449702497571707,-0.4867987334728241
2026-08-12_12-10-32,/home/as22cq/Projects/Policy-RL-Peg_insertion/force_peg_rl/logs/rl_games/Forge/2026-08-12_12-10-32/nn/last_Forge_ep_500_rew_132.64993.pth,0,nominal,1000,False,timeout,149,100.05489349365234,0.013240303844213486,17.024934768676758,8.365277290344238,0.6833333969116211,0.0007100843940861523,1.21722412109375,0.02134937047958374,0.75,0.75,0.020930200815200806,0.7350996732711792
2026-08-12_12-10-32,/home/as22cq/Projects/Policy-RL-Peg_insertion/force_peg_rl/logs/rl_games/Forge/2026-08-12_12-10-32/nn/last_Forge_ep_500_rew_132.64993.pth,0,nominal,1000,True,success,149,343.607177734375,0.00014179013669490814,13.429224967956543,7.040502548217773,0.9000000357627869,0.0005394177278503776,0.22854237258434296,0.021089788526296616,0.75,0.75,0.012755047529935837,-0.14591597020626068
2026-08-12_12-10-32,/home/as22cq/Projects/Policy-RL-Peg_insertion/force_peg_rl/logs/rl_games/Forge/2026-08-12_12-10-32/nn/last_Forge_ep_500_rew_132.64993.pth,0,nominal,1000,False,timeout,149,8.630457878112793,0.07114747166633606,26.343406677246094,11.554490089416504,0.8500000238418579,0.03061792440712452,0.34196850657463074,0.018257219344377518,0.75,0.75,0.01698097214102745,-0.5630594491958618
2026-08-12_12-10-32,/home/as22cq/Projects/Policy-RL-Peg_insertion/force_peg_rl/logs/rl_games/Forge/2026-08-12_12-10-32/nn/last_Forge_ep_500_rew_132.64993.pth,0,nominal,1000,False,timeout,149,2.1692678928375244,0.02797345444560051,20.68765640258789,9.479747772216797,0.7750000357627869,0.01701548881828785,1.7915849685668945,0.02389443665742874,0.75,0.75,0.008508238010108471,-0.09283413738012314
2026-08-12_12-10-32,/home/as22cq/Projects/Policy-RL-Peg_insertion/force_peg_rl/logs/rl_games/Forge/2026-08-12_12-10-32/nn/last_Forge_ep_500_rew_132.64993.pth,0,nominal,1000,False,timeout,149,106.68893432617188,0.006193935871124268,19.8067684173584,10.83671760559082,1.1500000953674316,0.0006163613870739937,1.3725286722183228,0.01434275507926941,0.75,0.75,0.018330039456486702,-0.004009596072137356
2026-08-12_12-10-32,/home/as22cq/Projects/Policy-RL-Peg_insertion/force_peg_rl/logs/rl_games/Forge/2026-08-12_12-10-32/nn/last_Forge_ep_500_rew_132.64993.pth,0,nominal,1000,False,timeout,149,36.12792205810547,0.025453932583332062,22.018733978271484,10.91723918914795,1.0666667222976685,0.0031009118538349867,2.3337907791137695,0.01877862587571144,0.75,0.75,0.02176535129547119,0.15468282997608185
2026-08-12_12-10-32,/home/as22cq/Projects/Policy-RL-Peg_insertion/force_peg_rl/logs/rl_games/Forge/2026-08-12_12-10-32/nn/last_Forge_ep_500_rew_132.64993.pth,0,nominal,1000,False,timeout,149,-78.0866470336914,0.01577495038509369,16.087059020996094,12.095316886901855,1.183333396911621,0.02518605813384056,1.6038891077041626,0.021160157397389412,0.75,0.75,0.02139127627015114,0.6004807949066162
2026-08-12_12-10-32,/home/as22cq/Projects/Policy-RL-Peg_insertion/force_peg_rl/logs/rl_games/Forge/2026-08-12_12-10-32/nn/last_Forge_ep_500_rew_132.64993.pth,0,nominal,1000,False,timeout,149,-8.953004837036133,0.020258769392967224,31.092529296875,11.989603996276855,1.1750000715255737,0.02769443206489086,1.656827449798584,0.023499952629208565,0.75,0.75,0.01928936131298542,0.7430297136306763
2026-08-12_12-10-32,/home/as22cq/Projects/Policy-RL-Peg_insertion/force_peg_rl/logs/rl_games/Forge/2026-08-12_12-10-32/nn/last_Forge_ep_500_rew_132.64993.pth,0,nominal,1000,False,timeout,149,37.76431655883789,0.024396944791078568,17.570390701293945,12.30565071105957,1.1416667699813843,0.0031411289237439632,0.9616541862487793,0.02208162099123001,0.75,0.75,0.017008619382977486,-0.35491257905960083
2026-08-12_12-10-32,/home/as22cq/Projects/Policy-RL-Peg_insertion/force_peg_rl/logs/rl_games/Forge/2026-08-12_12-10-32/nn/last_Forge_ep_500_rew_132.64993.pth,0,nominal,1000,False,timeout,149,11.359004020690918,0.003340795636177063,10.41332721710205,3.1825740337371826,0.05000000447034836,0.033152636140584946,0.44336041808128357,0.019956247881054878,0.75,0.75,0.01755394972860813,0.13986514508724213
2026-08-12_12-10-32,/home/as22cq/Projects/Policy-RL-Peg_insertion/force_peg_rl/logs/rl_games/Forge/2026-08-12_12-10-32/nn/last_Forge_ep_500_rew_132.64993.pth,0,nominal,1000,False,timeout,149,35.30657196044922,0.07951733469963074,16.808212280273438,5.751607418060303,0.10833334177732468,0.003462557215243578,2.6337859630584717,0.016296397894620895,0.75,0.75,0.018527429550886154,0.7244347929954529
2026-08-12_12-10-32,/home/as22cq/Projects/Policy-RL-Peg_insertion/force_peg_rl/logs/rl_games/Forge/2026-08-12_12-10-32/nn/last_Forge_ep_500_rew_132.64993.pth,0,nominal,1000,False,timeout,149,37.91725540161133,0.02619146928191185,20.815534591674805,9.640706062316895,1.1500000953674316,0.018620291724801064,1.8543550968170166,0.016626736149191856,0.75,0.75,0.01710171066224575,0.7117137908935547
2026-08-12_12-10-32,/home/as22cq/Projects/Policy-RL-Peg_insertion/force_peg_rl/logs/rl_games/Forge/2026-08-12_12-10-32/nn/last_Forge_ep_500_rew_132.64993.pth,0,nominal,1000,True,success,149,351.5983581542969,0.00011599250137805939,13.900193214416504,8.326075553894043,1.1500000953674316,0.0003986824303865433,0.29143059253692627,0.020225219428539276,0.75,0.75,0.016017749905586243,0.0034809454809874296
2026-08-12_12-10-32,/home/as22cq/Projects/Policy-RL-Peg_insertion/force_peg_rl/logs/rl_games/Forge/2026-08-12_12-10-32/nn/last_Forge_ep_500_rew_132.64993.pth,0,nominal,1000,False,timeout,149,14.420860290527344,0.0038177892565727234,18.779052734375,9.323046684265137,0.8833333849906921,0.01892135851085186,0.5228548645973206,0.015488960780203342,0.75,0.75,0.02502834051847458,-0.7038906216621399
2026-08-12_12-10-32,/home/as22cq/Projects/Policy-RL-Peg_insertion/force_peg_rl/logs/rl_games/Forge/2026-08-12_12-10-32/nn/last_Forge_ep_500_rew_132.64993.pth,0,nominal,1000,False,timeout,149,30.51308250427246,0.04811260476708412,22.411075592041016,8.529515266418457,0.7916666865348816,0.025591425597667694,0.40394097566604614,0.022106576710939407,0.75,0.75,0.00516841746866703,-0.4852777123451233
2026-08-12_12-10-32,/home/as22cq/Projects/Policy-RL-Peg_insertion/force_peg_rl/logs/rl_games/Forge/2026-08-12_12-10-32/nn/last_Forge_ep_500_rew_132.64993.pth,0,nominal,1000,False,timeout,149,36.04041290283203,0.020285025238990784,22.623971939086914,14.337363243103027,1.2083333730697632,0.02787606045603752,1.338263988494873,0.017006417736411095,0.75,0.75,0.013639906421303749,0.48150819540023804
2026-08-12_12-10-32,/home/as22cq/Projects/Policy-RL-Peg_insertion/force_peg_rl/logs/rl_games/Forge/2026-08-12_12-10-32/nn/last_Forge_ep_500_rew_132.64993.pth,0,nominal,1000,False,timeout,149,114.13138580322266,0.001799844205379486,20.59061622619629,12.774065017700195,1.183333396911621,0.00069001829251647,1.2922285795211792,0.01710451766848564,0.75,0.75,0.013467268086969852,-0.3489978611469269
2026-08-12_12-10-32,/home/as22cq/Projects/Policy-RL-Peg_insertion/force_peg_rl/logs/rl_games/Forge/2026-08-12_12-10-32/nn/last_Forge_ep_500_rew_132.64993.pth,0,nominal,1000,False,timeout,149,18.355445861816406,0.021399211138486862,18.03390121459961,10.056604385375977,1.1916667222976685,0.022792013362050056,1.8538343906402588,0.015928983688354492,0.75,0.75,0.02180388756096363,0.42929592728614807
2026-08-12_12-10-32,/home/as22cq/Projects/Policy-RL-Peg_insertion/force_peg_rl/logs/rl_games/Forge/2026-08-12_12-10-32/nn/last_Forge_ep_500_rew_132.64993.pth,0,nominal,1000,False,timeout,149,-3.0858561992645264,0.028747782111167908,22.001306533813477,12.875142097473145,1.1500000953674316,0.02624693512916565,1.7450902462005615,0.021516626700758934,0.75,0.75,0.02926960401237011,-0.5342552065849304
2026-08-12_12-10-32,/home/as22cq/Projects/Policy-RL-Peg_insertion/force_peg_rl/logs/rl_games/Forge/2026-08-12_12-10-32/nn/last_Forge_ep_500_rew_132.64993.pth,0,nominal,1000,False,timeout,149,21.029741287231445,0.097002312541008,15.61872673034668,8.63762378692627,1.0750000476837158,0.03418251872062683,0.21611876785755157,0.023288067430257797,0.75,0.75,0.017657635733485222,-0.610683798789978
2026-08-12_12-10-32,/home/as22cq/Projects/Policy-RL-Peg_insertion/force_peg_rl/logs/rl_games/Forge/2026-08-12_12-10-32/nn/last_Forge_ep_500_rew_132.64993.pth,0,nominal,1000,False,timeout,149,33.95794677734375,0.05063715577125549,14.56486988067627,9.766447067260742,0.9750000238418579,0.023179545998573303,0.787181556224823,0.02208520472049713,0.75,0.75,0.0059074643068015575,-0.22996221482753754
2026-08-12_12-10-32,/home/as22cq/Projects/Policy-RL-Peg_insertion/force_peg_rl/logs/rl_games/Forge/2026-08-12_12-10-32/nn/last_Forge_ep_500_rew_132.64993.pth,0,nominal,1000,False,timeout,149,29.663841247558594,0.017743229866027832,18.892013549804688,3.9577243328094482,0.5750000476837158,0.029717549681663513,0.2555738091468811,0.020177297294139862,0.75,0.75,0.01687154546380043,-0.5151067972183228
2026-08-12_12-10-32,/home/as22cq/Projects/Policy-RL-Peg_insertion/force_peg_rl/logs/rl_games/Forge/2026-08-12_12-10-32/nn/last_Forge_ep_500_rew_132.64993.pth,0,nominal,1000,False,timeout,149,30.86067008972168,0.025247573852539062,20.317974090576172,7.531494140625,1.0916666984558105,0.02233015187084675,1.972535490989685,0.021927693858742714,0.75,0.75,0.012710227631032467,0.1696503609418869
2026-08-12_12-10-32,/home/as22cq/Projects/Policy-RL-Peg_insertion/force_peg_rl/logs/rl_games/Forge/2026-08-12_12-10-32/nn/last_Forge_ep_500_rew_132.64993.pth,0,nominal,1000,False,timeout,149,21.952434539794922,0.02141425758600235,11.851359367370605,5.747983455657959,0.5666667222976685,0.026885228231549263,1.59246826171875,0.018010679632425308,0.75,0.75,0.017392847687005997,-0.19666120409965515
2026-08-12_12-10-32,/home/as22cq/Projects/Policy-RL-Peg_insertion/force_peg_rl/logs/rl_games/Forge/2026-08-12_12-10-32/nn/last_Forge_ep_500_rew_132.64993.pth,0,nominal,1000,True,success,149,127.10279083251953,0.00019688904285430908,29.14948081970215,10.542511940002441,0.6333333849906921,0.0008616852574050426,0.8028779625892639,0.02326672337949276,0.75,0.75,0.001741071231663227,0.7786034941673279
2026-08-12_12-10-32,/home/as22cq/Projects/Policy-RL-Peg_insertion/force_peg_rl/logs/rl_games/Forge/2026-08-12_12-10-32/nn/last_Forge_ep_500_rew_132.64993.pth,0,nominal,1000,False,timeout,149,31.725666046142578,0.022666990756988525,27.245651245117188,10.89495849609375,0.7333333492279053,0.029893463477492332,0.38520798087120056,0.015167709439992905,0.75,0.75,0.020970584824681282,-0.36637839674949646
2026-08-12_12-10-32,/home/as22cq/Projects/Policy-RL-Peg_insertion/force_peg_rl/logs/rl_games/Forge/2026-08-12_12-10-32/nn/last_Forge_ep_500_rew_132.64993.pth,0,nominal,1000,False,timeout,149,5.465260982513428,0.02496962621808052,16.682418823242188,9.54806137084961,0.6000000238418579,0.002018638886511326,1.9714620113372803,0.018633289262652397,0.75,0.75,0.01637198030948639,0.6513102650642395
2026-08-12_12-10-32,/home/as22cq/Projects/Policy-RL-Peg_insertion/force_peg_rl/logs/rl_games/Forge/2026-08-12_12-10-32/nn/last_Forge_ep_500_rew_132.64993.pth,0,nominal,1000,False,timeout,149,32.00374984741211,0.11645723879337311,19.29660415649414,12.850227355957031,0.9083333611488342,0.05641083046793938,2.763467311859131,0.015388816595077515,0.75,0.75,0.003921461757272482,0.7233932614326477
2026-08-12_12-10-32,/home/as22cq/Projects/Policy-RL-Peg_insertion/force_peg_rl/logs/rl_games/Forge/2026-08-12_12-10-32/nn/last_Forge_ep_500_rew_132.64993.pth,0,nominal,1000,False,timeout,149,31.043489456176758,0.02923405170440674,22.001834869384766,7.1604437828063965,0.25833335518836975,0.08476748317480087,2.1449828147888184,0.02274537831544876,0.75,0.75,0.009313339367508888,-0.08680328726768494
2026-08-12_12-10-32,/home/as22cq/Projects/Policy-RL-Peg_insertion/force_peg_rl/logs/rl_games/Forge/2026-08-12_12-10-32/nn/last_Forge_ep_500_rew_132.64993.pth,0,nominal,1000,False,timeout,149,20.768625259399414,0.03610587120056152,24.80323028564453,14.487874984741211,0.9750000238418579,0.017062874510884285,0.5026839971542358,0.015710577368736267,0.75,0.75,0.019425595179200172,-0.4838445484638214
2026-08-12_12-10-32,/home/as22cq/Projects/Policy-RL-Peg_insertion/force_peg_rl/logs/rl_games/Forge/2026-08-12_12-10-32/nn/last_Forge_ep_500_rew_132.64993.pth,0,nominal,1000,False,timeout,149,35.35417175292969,0.013200774788856506,20.602558135986328,8.447591781616211,0.42500001192092896,0.03209693729877472,2.6599857807159424,0.02032092958688736,0.75,0.75,0.014182153157889843,0.6797966957092285
2026-08-12_12-10-32,/home/as22cq/Projects/Policy-RL-Peg_insertion/force_peg_rl/logs/rl_games/Forge/2026-08-12_12-10-32/nn/last_Forge_ep_500_rew_132.64993.pth,0,nominal,1000,False,timeout,149,43.51266098022461,0.06288550049066544,20.459508895874023,8.804291725158691,0.8833333849906921,0.01804557628929615,2.6601099967956543,0.014849083498120308,0.75,0.75,0.018205173313617706,0.5930506587028503
2026-08-12_12-10-32,/home/as22cq/Projects/Policy-RL-Peg_insertion/force_peg_rl/logs/rl_games/Forge/2026-08-12_12-10-32/nn/last_Forge_ep_500_rew_132.64993.pth,0,nominal,1000,False,timeout,149,48.98504638671875,-0.010494817048311234,18.004859924316406,5.3328776359558105,0.4833333492279053,0.028443915769457817,2.2005741596221924,0.023617209866642952,0.75,0.75,0.01874152570962906,-0.013633453287184238
2026-08-12_12-10-32,/home/as22cq/Projects/Policy-RL-Peg_insertion/force_peg_rl/logs/rl_games/Forge/2026-08-12_12-10-32/nn/last_Forge_ep_500_rew_132.64993.pth,0,nominal,1000,False,timeout,149,32.47793960571289,0.02419079840183258,15.831376075744629,7.465575218200684,0.5916666984558105,0.019263017922639847,2.448046922683716,0.02065153233706951,0.75,0.75,0.003248911816626787,-0.5557721853256226
2026-08-12_12-10-32,/home/as22cq/Projects/Policy-RL-Peg_insertion/force_peg_rl/logs/rl_games/Forge/2026-08-12_12-10-32/nn/last_Forge_ep_500_rew_132.64993.pth,0,nominal,1000,False,timeout,149,32.3487663269043,0.025470003485679626,13.792468070983887,10.015000343322754,1.1166666746139526,0.003574149450287223,2.0611701011657715,0.014482613652944565,0.75,0.75,0.01868272013962269,0.7397307753562927
2026-08-12_12-10-32,/home/as22cq/Projects/Policy-RL-Peg_insertion/force_peg_rl/logs/rl_games/Forge/2026-08-12_12-10-32/nn/last_Forge_ep_500_rew_132.64993.pth,0,nominal,1000,False,timeout,149,13.306978225708008,0.05636961758136749,23.131572723388672,13.005340576171875,1.0750000476837158,0.012700308114290237,0.31854647397994995,0.021722277626395226,0.75,0.75,0.01722043566405773,0.167257159948349
2026-08-12_12-10-32,/home/as22cq/Projects/Policy-RL-Peg_insertion/force_peg_rl/logs/rl_games/Forge/2026-08-12_12-10-32/nn/last_Forge_ep_500_rew_132.64993.pth,0,nominal,1000,False,timeout,149,38.037479400634766,0.02395567297935486,20.301198959350586,10.688077926635742,0.9250000715255737,0.023515934124588966,1.3845417499542236,0.020640037953853607,0.75,0.75,0.018936237320303917,0.622723400592804
2026-08-12_12-10-32,/home/as22cq/Projects/Policy-RL-Peg_insertion/force_peg_rl/logs/rl_games/Forge/2026-08-12_12-10-32/nn/last_Forge_ep_500_rew_132.64993.pth,0,nominal,1000,False,timeout,149,39.88532638549805,0.025458216667175293,14.743758201599121,8.664433479309082,0.8333333730697632,0.026301657781004906,1.7783883810043335,0.022477203980088234,0.75,0.75,0.01925382763147354,-0.3056117296218872
2026-08-12_12-10-32,/home/as22cq/Projects/Policy-RL-Peg_insertion/force_peg_rl/logs/rl_games/Forge/2026-08-12_12-10-32/nn/last_Forge_ep_500_rew_132.64993.pth,0,nominal,1000,False,timeout,149,31.31795883178711,0.01230098307132721,26.005279541015625,13.936694145202637,0.9500000476837158,0.031121758744120598,0.9603965282440186,0.021109554916620255,0.75,0.75,0.007974867708981037,-0.7287020683288574
2026-08-12_12-10-32,/home/as22cq/Projects/Policy-RL-Peg_insertion/force_peg_rl/logs/rl_games/Forge/2026-08-12_12-10-32/nn/last_Forge_ep_500_rew_132.64993.pth,0,nominal,1000,False,timeout,149,14.159822463989258,0.01401754841208458,24.725276947021484,10.853351593017578,0.7833333611488342,0.026175806298851967,1.8110936880111694,0.019211361184716225,0.75,0.75,0.01427096500992775,-0.4781971275806427
2026-08-12_12-10-32,/home/as22cq/Projects/Policy-RL-Peg_insertion/force_peg_rl/logs/rl_games/Forge/2026-08-12_12-10-32/nn/last_Forge_ep_500_rew_132.64993.pth,0,nominal,1000,False,timeout,149,7.02642822265625,0.02767977863550186,13.076738357543945,7.232743740081787,0.8000000715255737,0.0019736795220524073,2.3201608657836914,0.021362097933888435,0.75,0.75,0.021569402888417244,0.3381204903125763
2026-08-12_12-10-32,/home/as22cq/Projects/Policy-RL-Peg_insertion/force_peg_rl/logs/rl_games/Forge/2026-08-12_12-10-32/nn/last_Forge_ep_500_rew_132.64993.pth,0,nominal,1000,False,timeout,149,19.86731719970703,0.0280596986413002,13.301987648010254,6.638667583465576,0.6000000238418579,0.02478053607046604,0.3300550878047943,0.015144276432693005,0.75,0.75,0.014680529944598675,-0.5940676927566528
2026-08-12_12-10-32,/home/as22cq/Projects/Policy-RL-Peg_insertion/force_peg_rl/logs/rl_games/Forge/2026-08-12_12-10-32/nn/last_Forge_ep_500_rew_132.64993.pth,0,nominal,1000,False,timeout,149,25.048908233642578,0.028869938105344772,15.104219436645508,8.00529956817627,0.38333335518836975,0.021045302972197533,0.9211776852607727,0.01819933019578457,0.75,0.75,0.016953997313976288,-0.6358877420425415
2026-08-12_12-10-32,/home/as22cq/Projects/Policy-RL-Peg_insertion/force_peg_rl/logs/rl_games/Forge/2026-08-12_12-10-32/nn/last_Forge_ep_500_rew_132.64993.pth,0,nominal,1000,False,timeout,149,39.6856803894043,-0.019402217119932175,14.32519245147705,7.454123020172119,0.7333333492279053,0.02427482418715954,1.7745800018310547,0.01859634928405285,0.75,0.75,0.014810780063271523,0.5278699398040771
2026-08-12_12-10-32,/home/as22cq/Projects/Policy-RL-Peg_insertion/force_peg_rl/logs/rl_games/Forge/2026-08-12_12-10-32/nn/last_Forge_ep_500_rew_132.64993.pth,0,nominal,1000,False,timeout,149,14.855368614196777,0.02706782892346382,20.964658737182617,7.756102561950684,0.7000000476837158,0.03140122443437576,1.8591207265853882,0.022616706788539886,0.75,0.75,0.023331528529524803,-0.09209977090358734
2026-08-12_12-10-32,/home/as22cq/Projects/Policy-RL-Peg_insertion/force_peg_rl/logs/rl_games/Forge/2026-08-12_12-10-32/nn/last_Forge_ep_500_rew_132.64993.pth,0,nominal,1000,False,timeout,149,17.180065155029297,0.022222574800252914,18.367481231689453,10.78880786895752,1.033333420753479,0.02179083041846752,1.4569779634475708,0.01667643152177334,0.75,0.75,0.008398529142141342,0.22906965017318726
2026-08-12_12-10-32,/home/as22cq/Projects/Policy-RL-Peg_insertion/force_peg_rl/logs/rl_games/Forge/2026-08-12_12-10-32/nn/last_Forge_ep_500_rew_132.64993.pth,0,nominal,1000,False,timeout,149,31.743558883666992,0.027680937200784683,21.486515045166016,10.27672004699707,0.8666667342185974,0.017843494191765785,0.7866707444190979,0.020499691367149353,0.75,0.75,0.0212562158703804,-0.5556243062019348
2026-08-12_12-10-32,/home/as22cq/Projects/Policy-RL-Peg_insertion/force_peg_rl/logs/rl_games/Forge/2026-08-12_12-10-32/nn/last_Forge_ep_500_rew_132.64993.pth,0,nominal,1000,False,timeout,149,32.58228302001953,0.012989619746804237,13.402024269104004,6.840516567230225,0.8416666984558105,0.029868662357330322,0.8709628582000732,0.015302445739507675,0.75,0.75,0.0177607461810112,-0.1236727386713028
2026-08-12_12-10-32,/home/as22cq/Projects/Policy-RL-Peg_insertion/force_peg_rl/logs/rl_games/Forge/2026-08-12_12-10-32/nn/last_Forge_ep_500_rew_132.64993.pth,0,nominal,1000,False,timeout,149,40.2442626953125,0.021829277276992798,18.805620193481445,6.563882350921631,0.7833333611488342,0.022611916065216064,1.7510809898376465,0.017816666513681412,0.75,0.75,0.0242341086268425,0.5805005431175232
2026-08-12_12-10-32,/home/as22cq/Projects/Policy-RL-Peg_insertion/force_peg_rl/logs/rl_games/Forge/2026-08-12_12-10-32/nn/last_Forge_ep_500_rew_132.64993.pth,0,nominal,1000,False,timeout,149,34.172664642333984,0.04279150813817978,16.686025619506836,8.976495742797852,0.8583333492279053,0.0347740463912487,1.396062970161438,0.02044020965695381,0.75,0.75,0.00980942789465189,-0.3797054588794708
2026-08-12_12-10-32,/home/as22cq/Projects/Policy-RL-Peg_insertion/force_peg_rl/logs/rl_games/Forge/2026-08-12_12-10-32/nn/last_Forge_ep_500_rew_132.64993.pth,0,nominal,1000,False,timeout,149,29.532699584960938,0.08095863461494446,13.276866912841797,8.5706205368042,1.058333396911621,0.10831639915704727,2.8637962341308594,0.020616140216588974,0.75,0.75,0.011491778306663036,0.2706261873245239
2026-08-12_12-10-32,/home/as22cq/Projects/Policy-RL-Peg_insertion/force_peg_rl/logs/rl_games/Forge/2026-08-12_12-10-32/nn/last_Forge_ep_500_rew_132.64993.pth,0,nominal,1000,False,timeout,149,38.05538558959961,0.0041788071393966675,13.202526092529297,6.407437801361084,0.34166669845581055,0.02498527429997921,1.1334375143051147,0.01883445493876934,0.75,0.75,0.01786666177213192,0.03476588800549507
2026-08-12_12-10-32,/home/as22cq/Projects/Policy-RL-Peg_insertion/force_peg_rl/logs/rl_games/Forge/2026-08-12_12-10-32/nn/last_Forge_ep_500_rew_132.64993.pth,0,nominal,1000,False,timeout,149,27.60580825805664,0.22213512659072876,15.888407707214355,6.017327785491943,0.38333335518836975,0.015195206739008427,0.5929716229438782,0.015616628341376781,0.75,0.75,0.019473176449537277,-0.489355206489563
2026-08-12_12-10-32,/home/as22cq/Projects/Policy-RL-Peg_insertion/force_peg_rl/logs/rl_games/Forge/2026-08-12_12-10-32/nn/last_Forge_ep_500_rew_132.64993.pth,0,nominal,1000,False,timeout,149,37.03850173950195,0.01228485256433487,15.759308815002441,7.286347389221191,0.4833333492279053,0.016323314979672432,0.8453692197799683,0.018137915059924126,0.75,0.75,0.01773584820330143,-0.3590361177921295
2026-08-12_12-10-32,/home/as22cq/Projects/Policy-RL-Peg_insertion/force_peg_rl/logs/rl_games/Forge/2026-08-12_12-10-32/nn/last_Forge_ep_500_rew_132.64993.pth,0,nominal,1000,False,timeout,149,19.323734283447266,0.025120891630649567,13.819323539733887,4.551375389099121,0.21666668355464935,0.04661001265048981,1.4042786359786987,0.016296008601784706,0.75,0.75,0.00981671642512083,0.0072858016937971115
2026-08-12_12-10-32,/home/as22cq/Projects/Policy-RL-Peg_insertion/force_peg_rl/logs/rl_games/Forge/2026-08-12_12-10-32/nn/last_Forge_ep_500_rew_132.64993.pth,0,nominal,1000,False,timeout,149,38.59333419799805,0.01920803263783455,26.767032623291016,13.618073463439941,1.008333444595337,0.026123477146029472,1.0969306230545044,0.021955592557787895,0.75,0.75,0.016554847359657288,0.16270841658115387
2026-08-12_12-10-32,/home/as22cq/Projects/Policy-RL-Peg_insertion/force_peg_rl/logs/rl_games/Forge/2026-08-12_12-10-32/nn/last_Forge_ep_500_rew_132.64993.pth,0,nominal,1000,False,timeout,149,42.28045654296875,0.02172400802373886,18.314697265625,9.21613883972168,0.6333333849906921,0.022752968594431877,1.7689069509506226,0.017398741096258163,0.75,0.75,0.018239866942167282,0.24430878460407257
2026-08-12_12-10-32,/home/as22cq/Projects/Policy-RL-Peg_insertion/force_peg_rl/logs/rl_games/Forge/2026-08-12_12-10-32/nn/last_Forge_ep_500_rew_132.64993.pth,0,nominal,1000,False,timeout,149,27.842548370361328,0.044426385313272476,15.05189037322998,8.056140899658203,0.3750000298023224,0.052319642156362534,1.7450740337371826,0.021526005119085312,0.75,0.75,0.027910269796848297,0.2353343665599823
2026-08-12_12-10-32,/home/as22cq/Projects/Policy-RL-Peg_insertion/force_peg_rl/logs/rl_games/Forge/2026-08-12_12-10-32/nn/last_Forge_ep_500_rew_132.64993.pth,0,nominal,1000,False,timeout,149,29.34030532836914,0.06034756451845169,19.93824577331543,7.310615062713623,0.7666667103767395,0.04995321109890938,0.44474706053733826,0.02153584733605385,0.75,0.75,0.012768102809786797,-0.694214403629303
2026-08-12_12-10-32,/home/as22cq/Projects/Policy-RL-Peg_insertion/force_peg_rl/logs/rl_games/Forge/2026-08-12_12-10-32/nn/last_Forge_ep_500_rew_132.64993.pth,0,nominal,1000,False,timeout,149,31.999187469482422,0.08533123135566711,18.754501342773438,5.172217845916748,0.38333335518836975,0.04068414494395256,0.9002085328102112,0.020107990130782127,0.75,0.75,0.012012415565550327,-0.019184185191988945
2026-08-12_12-10-32,/home/as22cq/Projects/Policy-RL-Peg_insertion/force_peg_rl/logs/rl_games/Forge/2026-08-12_12-10-32/nn/last_Forge_ep_500_rew_132.64993.pth,0,nominal,1000,False,timeout,149,34.86956787109375,-0.021746918559074402,29.61721420288086,11.086992263793945,0.7666667103767395,0.03153153881430626,1.613112449645996,0.016518810763955116,0.75,0.75,0.01345665194094181,0.7783546447753906
2026-08-12_12-10-32,/home/as22cq/Projects/Policy-RL-Peg_insertion/force_peg_rl/logs/rl_games/Forge/2026-08-12_12-10-32/nn/last_Forge_ep_500_rew_132.64993.pth,0,nominal,1000,False,timeout,149,32.85329818725586,0.02826271951198578,13.192195892333984,7.596244812011719,1.0166667699813843,0.016136467456817627,0.47051742672920227,0.014285440556704998,0.75,0.75,0.013705601915717125,-0.0644080862402916
2026-08-12_12-10-32,/home/as22cq/Projects/Policy-RL-Peg_insertion/force_peg_rl/logs/rl_games/Forge/2026-08-12_12-10-32/nn/last_Forge_ep_500_rew_132.64993.pth,0,nominal,1000,False,timeout,149,30.69721221923828,-0.005107194185256958,19.97260856628418,6.145724296569824,0.4166666865348816,0.045123618096113205,0.6104620695114136,0.018195345997810364,0.75,0.75,0.003924273420125246,-0.42383623123168945
2026-08-12_12-10-32,/home/as22cq/Projects/Policy-RL-Peg_insertion/force_peg_rl/logs/rl_games/Forge/2026-08-12_12-10-32/nn/last_Forge_ep_500_rew_132.64993.pth,0,nominal,1000,True,success,149,44.81144714355469,-0.028772719204425812,22.55604362487793,6.032894611358643,0.5416666865348816,0.047876082360744476,2.197242498397827,0.016275029629468918,0.75,0.75,0.019192099571228027,-0.19189885258674622
2026-08-12_12-10-32,/home/as22cq/Projects/Policy-RL-Peg_insertion/force_peg_rl/logs/rl_games/Forge/2026-08-12_12-10-32/nn/last_Forge_ep_500_rew_132.64993.pth,0,nominal,1000,False,timeout,149,28.7829532623291,0.020001068711280823,13.890633583068848,6.871636390686035,0.6250000596046448,0.02342415414750576,1.2409515380859375,0.020610002800822258,0.75,0.75,0.019328998401761055,0.42787811160087585
2026-08-12_12-10-32,/home/as22cq/Projects/Policy-RL-Peg_insertion/force_peg_rl/logs/rl_games/Forge/2026-08-12_12-10-32/nn/last_Forge_ep_500_rew_132.64993.pth,0,nominal,1000,False,timeout,149,115.38892364501953,0.005344957113265991,26.128250122070312,12.198751449584961,1.1083333492279053,0.0007009950932115316,1.2862632274627686,0.014068891294300556,0.75,0.75,0.003883833298459649,-0.20936408638954163
2026-08-12_12-10-32,/home/as22cq/Projects/Policy-RL-Peg_insertion/force_peg_rl/logs/rl_games/Forge/2026-08-12_12-10-32/nn/last_Forge_ep_500_rew_132.64993.pth,0,nominal,1000,False,timeout,149,36.78150939941406,0.0702725350856781,22.211395263671875,7.337299823760986,0.31666669249534607,0.08526932448148727,2.1573240756988525,0.01923026330769062,0.75,0.75,0.019818510860204697,0.6229040026664734
2026-08-12_12-10-32,/home/as22cq/Projects/Policy-RL-Peg_insertion/force_peg_rl/logs/rl_games/Forge/2026-08-12_12-10-32/nn/last_Forge_ep_500_rew_132.64993.pth,0,nominal,1000,False,timeout,149,32.89837646484375,0.0256434828042984,23.65182113647461,11.971649169921875,1.0833333730697632,0.019614625722169876,1.700336217880249,0.01865246519446373,0.75,0.75,0.00997968576848507,-0.0895037055015564
2026-08-12_12-10-32,/home/as22cq/Projects/Policy-RL-Peg_insertion/force_peg_rl/logs/rl_games/Forge/2026-08-12_12-10-32/nn/last_Forge_ep_500_rew_132.64993.pth,0,nominal,1000,True,success,149,302.97869873046875,2.082251012325287e-05,16.9483642578125,7.0820746421813965,0.8166667222976685,0.0004667627508752048,0.2792071998119354,0.014611597172915936,0.75,0.75,0.012011678889393806,0.06948459893465042
2026-08-12_12-10-32,/home/as22cq/Projects/Policy-RL-Peg_insertion/force_peg_rl/logs/rl_games/Forge/2026-08-12_12-10-32/nn/last_Forge_ep_500_rew_132.64993.pth,0,nominal,1000,False,timeout,149,40.61833953857422,0.028593797236680984,22.414138793945312,6.995580673217773,0.8416666984558105,0.03375447914004326,1.6772650480270386,0.02036285027861595,0.75,0.75,0.013305995613336563,-0.225971981883049
2026-08-12_12-10-32,/home/as22cq/Projects/Policy-RL-Peg_insertion/force_peg_rl/logs/rl_games/Forge/2026-08-12_12-10-32/nn/last_Forge_ep_500_rew_132.64993.pth,0,nominal,1000,False,timeout,149,30.895097732543945,0.045600660145282745,11.143506050109863,6.5363898277282715,0.9500000476837158,0.02893705479800701,2.737997055053711,0.023796245455741882,0.75,0.75,0.012964023277163506,0.7164013385772705
2026-08-12_12-10-32,/home/as22cq/Projects/Policy-RL-Peg_insertion/force_peg_rl/logs/rl_games/Forge/2026-08-12_12-10-32/nn/last_Forge_ep_500_rew_132.64993.pth,0,nominal,1000,False,timeout,149,40.7417106628418,-0.011737693101167679,21.30133056640625,10.145434379577637,1.0,0.016537699848413467,2.2749857902526855,0.01916254125535488,0.75,0.75,0.016366122290492058,0.5800651907920837
2026-08-12_12-10-32,/home/as22cq/Projects/Policy-RL-Peg_insertion/force_peg_rl/logs/rl_games/Forge/2026-08-12_12-10-32/nn/last_Forge_ep_500_rew_132.64993.pth,0,nominal,1000,False,timeout,149,35.38850784301758,0.011980848386883736,11.964706420898438,5.541556358337402,0.008333333767950535,0.05669372156262398,2.5530011653900146,0.022074416279792786,0.75,0.75,0.007580036763101816,0.682048499584198
2026-08-12_12-10-32,/home/as22cq/Projects/Policy-RL-Peg_insertion/force_peg_rl/logs/rl_games/Forge/2026-08-12_12-10-32/nn/last_Forge_ep_500_rew_132.64993.pth,0,nominal,1000,False,timeout,149,34.89804458618164,0.015174224972724915,20.75907325744629,9.414739608764648,0.9333333969116211,0.02888643927872181,0.6336196660995483,0.01404297724366188,0.75,0.75,0.01664602942764759,-0.041900698095560074
2026-08-12_12-10-32,/home/as22cq/Projects/Policy-RL-Peg_insertion/force_peg_rl/logs/rl_games/Forge/2026-08-12_12-10-32/nn/last_Forge_ep_500_rew_132.64993.pth,0,nominal,1000,False,timeout,149,40.0924072265625,0.025220565497875214,15.170609474182129,9.444806098937988,1.0166667699813843,0.003122249385342002,1.6397607326507568,0.023470990359783173,0.75,0.75,0.0054255262948572636,0.4116021990776062
2026-08-12_12-10-32,/home/as22cq/Projects/Policy-RL-Peg_insertion/force_peg_rl/logs/rl_games/Forge/2026-08-12_12-10-32/nn/last_Forge_ep_500_rew_132.64993.pth,0,nominal,1000,False,timeout,149,38.62216567993164,0.0024435780942440033,17.53201675415039,6.590028285980225,0.8416666984558105,0.024343304336071014,1.625701904296875,0.021821875125169754,0.75,0.75,0.02030687965452671,-0.16185137629508972
2026-08-12_12-10-32,/home/as22cq/Projects/Policy-RL-Peg_insertion/force_peg_rl/logs/rl_games/Forge/2026-08-12_12-10-32/nn/last_Forge_ep_500_rew_132.64993.pth,0,nominal,1000,False,timeout,149,22.95734405517578,0.05210479348897934,12.635823249816895,6.914047718048096,0.5166667103767395,0.03089725598692894,0.42067232728004456,0.02154189720749855,0.75,0.75,0.019165348261594772,-0.45010051131248474
2026-08-12_12-10-32,/home/as22cq/Projects/Policy-RL-Peg_insertion/force_peg_rl/logs/rl_games/Forge/2026-08-12_12-10-32/nn/last_Forge_ep_500_rew_132.64993.pth,0,nominal,1000,False,timeout,149,37.235443115234375,-0.0007878392934799194,18.949752807617188,10.308735847473145,0.7750000357627869,0.07151877135038376,2.525850296020508,0.02268923446536064,0.75,0.75,0.014607585035264492,0.7358390688896179
2026-08-12_12-10-32,/home/as22cq/Projects/Policy-RL-Peg_insertion/force_peg_rl/logs/rl_games/Forge/2026-08-12_12-10-32/nn/last_Forge_ep_500_rew_132.64993.pth,0,nominal,1000,False,timeout,149,34.27726745605469,0.0016576796770095825,24.74272346496582,7.041507244110107,0.5583333373069763,0.024663982912898064,1.901009202003479,0.01819918304681778,0.75,0.75,0.02385641820728779,-0.3538558781147003
2026-08-12_12-10-32,/home/as22cq/Projects/Policy-RL-Peg_insertion/force_peg_rl/logs/rl_games/Forge/2026-08-12_12-10-32/nn/last_Forge_ep_500_rew_132.64993.pth,0,nominal,1000,False,timeout,149,33.96627426147461,0.001595810055732727,15.588722229003906,4.160148620605469,0.44166669249534607,0.02705289237201214,0.6983415484428406,0.02384127676486969,0.75,0.75,0.024223847314715385,-0.29439887404441833
2026-08-12_12-10-32,/home/as22cq/Projects/Policy-RL-Peg_insertion/force_peg_rl/logs/rl_games/Forge/2026-08-12_12-10-32/nn/last_Forge_ep_500_rew_132.64993.pth,0,nominal,1000,False,timeout,149,32.916717529296875,0.01775044947862625,11.40694808959961,5.522775173187256,0.6583333611488342,0.02886398695409298,1.8435888290405273,0.019521426409482956,0.75,0.75,0.018769212067127228,0.46091803908348083
2026-08-12_12-10-32,/home/as22cq/Projects/Policy-RL-Peg_insertion/force_peg_rl/logs/rl_games/Forge/2026-08-12_12-10-32/nn/last_Forge_ep_500_rew_132.64993.pth,0,nominal,1000,False,timeout,149,110.77555084228516,0.005518428981304169,18.489913940429688,10.37942886352539,0.9750000238418579,0.0010505932150408626,1.213265061378479,0.017901703715324402,0.75,0.75,0.027143552899360657,-0.6785184144973755
2026-08-12_12-10-32,/home/as22cq/Projects/Policy-RL-Peg_insertion/force_peg_rl/logs/rl_games/Forge/2026-08-12_12-10-32/nn/last_Forge_ep_500_rew_132.64993.pth,0,nominal,1000,False,timeout,149,35.56540298461914,-0.014774061739444733,23.67892074584961,7.837525367736816,0.550000011920929,0.022904695942997932,0.7266262769699097,0.01844656653702259,0.75,0.75,0.011389503255486488,-0.7289931178092957
2026-08-12_12-10-32,/home/as22cq/Projects/Policy-RL-Peg_insertion/force_peg_rl/logs/rl_games/Forge/2026-08-12_12-10-32/nn/last_Forge_ep_500_rew_132.64993.pth,0,nominal,1000,False,timeout,149,35.2574577331543,0.06263478845357895,15.052056312561035,6.418590068817139,0.3583333492279053,0.011594809591770172,0.3755481243133545,0.01502446923404932,0.75,0.75,0.0017566080205142498,0.08035995811223984
2026-08-12_12-10-32,/home/as22cq/Projects/Policy-RL-Peg_insertion/force_peg_rl/logs/rl_games/Forge/2026-08-12_12-10-32/nn/last_Forge_ep_500_rew_132.64993.pth,0,nominal,1000,False,timeout,149,33.03310775756836,-0.00720534473657608,10.492289543151855,4.098415374755859,0.34166669845581055,0.02838062308728695,0.7936543226242065,0.02272612228989601,0.75,0.75,0.02078428864479065,-0.405960351228714
2026-08-12_12-10-32,/home/as22cq/Projects/Policy-RL-Peg_insertion/force_peg_rl/logs/rl_games/Forge/2026-08-12_12-10-32/nn/last_Forge_ep_500_rew_132.64993.pth,0,nominal,1000,False,timeout,149,54.48728942871094,0.01953430473804474,31.54821014404297,14.564560890197754,1.1083333492279053,0.01782623864710331,2.9246702194213867,0.017671700567007065,0.75,0.75,0.017524374648928642,0.5174781084060669
2026-08-12_12-10-32,/home/as22cq/Projects/Policy-RL-Peg_insertion/force_peg_rl/logs/rl_games/Forge/2026-08-12_12-10-32/nn/last_Forge_ep_500_rew_132.64993.pth,0,nominal,1001,True,success,149,96.31759643554688,0.0001828642562031746,22.8204402923584,9.363981246948242,0.6500000357627869,0.0005713938153348863,1.0663952827453613,0.014582974836230278,0.75,0.75,0.010110991075634956,-0.07034808397293091
2026-08-12_12-10-32,/home/as22cq/Projects/Policy-RL-Peg_insertion/force_peg_rl/logs/rl_games/Forge/2026-08-12_12-10-32/nn/last_Forge_ep_500_rew_132.64993.pth,0,nominal,1001,False,timeout,149,95.27096557617188,0.003656301647424698,33.754417419433594,16.19023895263672,1.058333396911621,0.0008257927256636322,1.2356895208358765,0.02033928595483303,0.75,0.75,0.022193633019924164,-0.4973938465118408
2026-08-12_12-10-32,/home/as22cq/Projects/Policy-RL-Peg_insertion/force_peg_rl/logs/rl_games/Forge/2026-08-12_12-10-32/nn/last_Forge_ep_500_rew_132.64993.pth,0,nominal,1001,False,timeout,149,32.756622314453125,0.01357908546924591,17.47518539428711,4.510741710662842,0.15000000596046448,0.04191355034708977,0.7992912530899048,0.019945984706282616,0.75,0.75,0.01767636276781559,-0.5415600538253784
2026-08-12_12-10-32,/home/as22cq/Projects/Policy-RL-Peg_insertion/force_peg_rl/logs/rl_games/Forge/2026-08-12_12-10-32/nn/last_Forge_ep_500_rew_132.64993.pth,0,nominal,1001,False,timeout,149,76.00572204589844,0.017999596893787384,17.013994216918945,9.65594482421875,1.0666667222976685,0.0011367775732651353,1.7072736024856567,0.02142946794629097,0.75,0.75,0.00800418108701706,-0.14980211853981018
2026-08-12_12-10-32,/home/as22cq/Projects/Policy-RL-Peg_insertion/force_peg_rl/logs/rl_games/Forge/2026-08-12_12-10-32/nn/last_Forge_ep_500_rew_132.64993.pth,0,nominal,1001,False,timeout,149,112.3714599609375,0.005353868007659912,21.444412231445312,9.733421325683594,0.7000000476837158,0.0006714012124575675,1.5974539518356323,0.023519529029726982,0.75,0.75,0.01866862364113331,0.7537457346916199
2026-08-12_12-10-32,/home/as22cq/Projects/Policy-RL-Peg_insertion/force_peg_rl/logs/rl_games/Forge/2026-08-12_12-10-32/nn/last_Forge_ep_500_rew_132.64993.pth,0,nominal,1001,True,success,149,339.73822021484375,7.414445281028748e-05,11.311716079711914,7.235944747924805,0.6583333611488342,0.0005094301886856556,0.38640403747558594,0.022065134719014168,0.75,0.75,0.002766946330666542,0.6146127581596375
2026-08-12_12-10-32,/home/as22cq/Projects/Policy-RL-Peg_insertion/force_peg_rl/logs/rl_games/Forge/2026-08-12_12-10-32/nn/last_Forge_ep_500_rew_132.64993.pth,0,nominal,1001,False,timeout,149,93.5528335571289,0.014138735830783844,13.710009574890137,9.767904281616211,1.1083333492279053,0.0010552832391113043,1.4792293310165405,0.016289368271827698,0.75,0.75,0.011815238744020462,0.593267023563385
2026-08-12_12-10-32,/home/as22cq/Projects/Policy-RL-Peg_insertion/force_peg_rl/logs/rl_games/Forge/2026-08-12_12-10-32/nn/last_Forge_ep_500_rew_132.64993.pth,0,nominal,1001,False,timeout,149,118.9677734375,0.021005913615226746,16.768056869506836,7.911752223968506,0.7666667103767395,0.0009760971879586577,0.26377761363983154,0.02117471769452095,0.75,0.75,0.021404411643743515,-0.29661664366722107
2026-08-12_12-10-32,/home/as22cq/Projects/Policy-RL-Peg_insertion/force_peg_rl/logs/rl_games/Forge/2026-08-12_12-10-32/nn/last_Forge_ep_500_rew_132.64993.pth,0,nominal,1001,False,timeout,149,81.18545532226562,0.015517830848693848,25.42258644104004,9.1890869140625,0.8416666984558105,0.0005894920323044062,0.6865178942680359,0.020500419661402702,0.75,0.75,0.007271798327565193,0.1795370876789093
2026-08-12_12-10-32,/home/as22cq/Projects/Policy-RL-Peg_insertion/force_peg_rl/logs/rl_games/Forge/2026-08-12_12-10-32/nn/last_Forge_ep_500_rew_132.64993.pth,0,nominal,1001,True,success,149,171.6560516357422,3.508478403091431e-05,24.26862144470215,9.957014083862305,0.8000000715255737,0.0005350295687094331,1.274756669998169,0.014920365996658802,0.75,0.75,0.0033706058748066425,0.05625622719526291
2026-08-12_12-10-32,/home/as22cq/Projects/Policy-RL-Peg_insertion/force_peg_rl/logs/rl_games/Forge/2026-08-12_12-10-32/nn/last_Forge_ep_500_rew_132.64993.pth,0,nominal,1001,False,timeout,149,91.15586853027344,0.003599800169467926,23.967700958251953,13.315327644348145,1.1416667699813843,0.0009963394841179252,0.556971549987793,0.023447120562195778,0.75,0.75,0.008436107076704502,-0.5396464467048645
2026-08-12_12-10-32,/home/as22cq/Projects/Policy-RL-Peg_insertion/force_peg_rl/logs/rl_games/Forge/2026-08-12_12-10-32/nn/last_Forge_ep_500_rew_132.64993.pth,0,nominal,1001,True,success,149,182.8017578125,0.00010763853788375854,21.16844940185547,12.704046249389648,1.1416667699813843,0.0006172056309878826,1.3396625518798828,0.021928714588284492,0.75,0.75,0.020921682938933372,-0.24840134382247925
2026-08-12_12-10-32,/home/as22cq/Projects/Policy-RL-Peg_insertion/force_peg_rl/logs/rl_games/Forge/2026-08-12_12-10-32/nn/last_Forge_ep_500_rew_132.64993.pth,0,nominal,1001,False,timeout,149,41.253665924072266,0.034683287143707275,22.93414878845215,10.101818084716797,0.9000000357627869,0.04793877527117729,1.7981711626052856,0.021051546558737755,0.75,0.75,0.021711206063628197,-0.6493220925331116
2026-08-12_12-10-32,/home/as22cq/Projects/Policy-RL-Peg_insertion/force_peg_rl/logs/rl_games/Forge/2026-08-12_12-10-32/nn/last_Forge_ep_500_rew_132.64993.pth,0,nominal,1001,False,timeout,149,51.850852966308594,0.03408890590071678,14.733404159545898,7.883214950561523,0.3583333492279053,0.04560035094618797,1.2356853485107422,0.023087522014975548,0.75,0.75,0.015144135802984238,-0.5551906824111938
2026-08-12_12-10-32,/home/as22cq/Projects/Policy-RL-Peg_insertion/force_peg_rl/logs/rl_games/Forge/2026-08-12_12-10-32/nn/last_Forge_ep_500_rew_132.64993.pth,0,nominal,1001,True,success,149,123.39069366455078,0.0009037293493747711,26.131057739257812,13.077533721923828,1.0666667222976685,0.0005792197771370411,1.378467321395874,0.01856512390077114,0.75,0.75,0.0171226654201746,0.29567739367485046
2026-08-12_12-10-32,/home/as22cq/Projects/Policy-RL-Peg_insertion/force_peg_rl/logs/rl_games/Forge/2026-08-12_12-10-32/nn/last_Forge_ep_500_rew_132.64993.pth,0,nominal,1001,True,success,149,337.6409606933594,0.00010146014392375946,16.581268310546875,5.640077114105225,0.0416666679084301,0.0005594813846983016,0.2583860754966736,0.023324768990278244,0.75,0.75,0.020652227103710175,0.4007342457771301
2026-08-12_12-10-32,/home/as22cq/Projects/Policy-RL-Peg_insertion/force_peg_rl/logs/rl_games/Forge/2026-08-12_12-10-32/nn/last_Forge_ep_500_rew_132.64993.pth,0,nominal,1001,True,success,149,179.31019592285156,0.00013061240315437317,18.678503036499023,9.631298065185547,0.8833333849906921,0.0007680631242692471,1.232909917831421,0.016495054587721825,0.75,0.75,0.018144112080335617,-0.46352580189704895
2026-08-12_12-10-32,/home/as22cq/Projects/Policy-RL-Peg_insertion/force_peg_rl/logs/rl_games/Forge/2026-08-12_12-10-32/nn/last_Forge_ep_500_rew_132.64993.pth,0,nominal,1001,False,timeout,149,38.1895751953125,0.07114702463150024,23.109416961669922,8.891345977783203,0.7083333730697632,0.031709276139736176,0.3995034098625183,0.019658973440527916,0.75,0.75,0.019881224259734154,-0.43698203563690186
2026-08-12_12-10-32,/home/as22cq/Projects/Policy-RL-Peg_insertion/force_peg_rl/logs/rl_games/Forge/2026-08-12_12-10-32/nn/last_Forge_ep_500_rew_132.64993.pth,0,nominal,1001,True,success,149,304.8143005371094,9.741634130477905e-05,15.346412658691406,7.752788066864014,0.23333334922790527,0.0005060306284576654,0.2043023705482483,0.023034047335386276,0.75,0.75,0.021829308941960335,0.07910413295030594
2026-08-12_12-10-32,/home/as22cq/Projects/Policy-RL-Peg_insertion/force_peg_rl/logs/rl_games/Forge/2026-08-12_12-10-32/nn/last_Forge_ep_500_rew_132.64993.pth,0,nominal,1001,False,timeout,149,115.91900634765625,0.009651110507547855,21.272653579711914,11.180625915527344,1.008333444595337,0.000568001763895154,1.5123953819274902,0.018841315060853958,0.75,0.75,0.01778019405901432,0.35664674639701843
2026-08-12_12-10-32,/home/as22cq/Projects/Policy-RL-Peg_insertion/force_peg_rl/logs/rl_games/Forge/2026-08-12_12-10-32/nn/last_Forge_ep_500_rew_132.64993.pth,0,nominal,1001,False,force_limit,149,40.97321701049805,0.08713968843221664,78.37957000732422,8.912250518798828,0.5083333849906921,0.04773586615920067,0.35455554723739624,0.019187122583389282,0.75,0.75,0.007226718124002218,-0.4442608654499054
2026-08-12_12-10-32,/home/as22cq/Projects/Policy-RL-Peg_insertion/force_peg_rl/logs/rl_games/Forge/2026-08-12_12-10-32/nn/last_Forge_ep_500_rew_132.64993.pth,0,nominal,1001,True,success,149,141.37625122070312,6.668828427791595e-05,14.4615478515625,7.342624187469482,0.5250000357627869,0.000544319860637188,0.3821715712547302,0.020070508122444153,0.75,0.75,0.011614397168159485,-0.3421226143836975
2026-08-12_12-10-32,/home/as22cq/Projects/Policy-RL-Peg_insertion/force_peg_rl/logs/rl_games/Forge/2026-08-12_12-10-32/nn/last_Forge_ep_500_rew_132.64993.pth,0,nominal,1001,False,timeout,149,50.93352127075195,0.03445829078555107,17.072490692138672,11.035012245178223,1.0500000715255737,0.0188905019313097,0.5912511944770813,0.019575979560613632,0.75,0.75,0.01174683403223753,-0.6820406317710876
2026-08-12_12-10-32,/home/as22cq/Projects/Policy-RL-Peg_insertion/force_peg_rl/logs/rl_games/Forge/2026-08-12_12-10-32/nn/last_Forge_ep_500_rew_132.64993.pth,0,nominal,1001,True,success,149,116.97264862060547,4.0784478187561035e-05,32.41403579711914,13.113062858581543,1.1416667699813843,0.0004046606773044914,0.9994970560073853,0.017884882166981697,0.75,0.75,0.021071406081318855,-0.5599067211151123
2026-08-12_12-10-32,/home/as22cq/Projects/Policy-RL-Peg_insertion/force_peg_rl/logs/rl_games/Forge/2026-08-12_12-10-32/nn/last_Forge_ep_500_rew_132.64993.pth,0,nominal,1001,False,timeout,149,100.52423095703125,0.0034398511052131653,19.000545501708984,12.275959014892578,1.0833333730697632,0.0006794409709982574,1.341609001159668,0.01758422702550888,0.75,0.75,0.019610924646258354,-0.2691989243030548
2026-08-12_12-10-32,/home/as22cq/Projects/Policy-RL-Peg_insertion/force_peg_rl/logs/rl_games/Forge/2026-08-12_12-10-32/nn/last_Forge_ep_500_rew_132.64993.pth,0,nominal,1001,False,timeout,149,18.996070861816406,0.2476556897163391,13.75400447845459,3.2753942012786865,0.44166669249534607,0.006668637041002512,0.46594443917274475,0.017869669944047928,0.75,0.75,0.012875811196863651,-0.618934690952301
2026-08-12_12-10-32,/home/as22cq/Projects/Policy-RL-Peg_insertion/force_peg_rl/logs/rl_games/Forge/2026-08-12_12-10-32/nn/last_Forge_ep_500_rew_132.64993.pth,0,nominal,1001,False,timeout,149,22.76902198791504,0.01788824051618576,14.225221633911133,4.483155727386475,0.13333334028720856,0.022950170561671257,1.2812981605529785,0.01962859369814396,0.75,0.75,0.011299483478069305,-0.2725750207901001
2026-08-12_12-10-32,/home/as22cq/Projects/Policy-RL-Peg_insertion/force_peg_rl/logs/rl_games/Forge/2026-08-12_12-10-32/nn/last_Forge_ep_500_rew_132.64993.pth,0,nominal,1001,False,timeout,149,27.410646438598633,0.09820994734764099,17.819427490234375,7.686943054199219,0.6500000357627869,0.05987514927983284,0.8086385130882263,0.016826501116156578,0.75,0.75,0.018575113266706467,-0.09378418326377869
2026-08-12_12-10-32,/home/as22cq/Projects/Policy-RL-Peg_insertion/force_peg_rl/logs/rl_games/Forge/2026-08-12_12-10-32/nn/last_Forge_ep_500_rew_132.64993.pth,0,nominal,1001,False,timeout,149,49.03343200683594,0.029227010905742645,13.520947456359863,8.840317726135254,0.9000000357627869,0.02704167552292347,0.5718960762023926,0.020204121246933937,0.75,0.75,0.01512822974473238,-0.7818158864974976
2026-08-12_12-10-32,/home/as22cq/Projects/Policy-RL-Peg_insertion/force_peg_rl/logs/rl_games/Forge/2026-08-12_12-10-32/nn/last_Forge_ep_500_rew_132.64993.pth,0,nominal,1001,False,timeout,149,94.2381820678711,0.009088456630706787,33.258140563964844,11.597428321838379,0.9166666865348816,0.0007491876604035497,1.1270776987075806,0.019322259351611137,0.75,0.75,0.005391777493059635,-0.45521241426467896
2026-08-12_12-10-32,/home/as22cq/Projects/Policy-RL-Peg_insertion/force_peg_rl/logs/rl_games/Forge/2026-08-12_12-10-32/nn/last_Forge_ep_500_rew_132.64993.pth,0,nominal,1001,True,success,149,171.41722106933594,6.394088268280029e-05,23.068849563598633,13.574954986572266,1.133333444595337,0.0004029984993394464,1.4289793968200684,0.015515419654548168,0.75,0.75,0.008893955498933792,-0.3283514976501465
2026-08-12_12-10-32,/home/as22cq/Projects/Policy-RL-Peg_insertion/force_peg_rl/logs/rl_games/Forge/2026-08-12_12-10-32/nn/last_Forge_ep_500_rew_132.64993.pth,0,nominal,1001,False,timeout,149,38.71503448486328,0.026023805141448975,15.924980163574219,7.8248395919799805,0.8333333730697632,0.049853645265102386,1.5881657600402832,0.016003001481294632,0.75,0.75,0.018350675702095032,0.7685384750366211
2026-08-12_12-10-32,/home/as22cq/Projects/Policy-RL-Peg_insertion/force_peg_rl/logs/rl_games/Forge/2026-08-12_12-10-32/nn/last_Forge_ep_500_rew_132.64993.pth,0,nominal,1001,False,timeout,149,28.881935119628906,0.05325604975223541,12.59862232208252,6.595033168792725,0.45000001788139343,0.006646314635872841,0.5115262866020203,0.023824989795684814,0.75,0.75,0.020526640117168427,-0.7491322755813599
2026-08-12_12-10-32,/home/as22cq/Projects/Policy-RL-Peg_insertion/force_peg_rl/logs/rl_games/Forge/2026-08-12_12-10-32/nn/last_Forge_ep_500_rew_132.64993.pth,0,nominal,1001,True,success,149,303.3863525390625,8.104927837848663e-05,11.9074125289917,8.068010330200195,0.8416666984558105,0.0004928658017888665,0.307149201631546,0.021529115736484528,0.75,0.75,0.021493110805749893,-0.12146566063165665
2026-08-12_12-10-32,/home/as22cq/Projects/Policy-RL-Peg_insertion/force_peg_rl/logs/rl_games/Forge/2026-08-12_12-10-32/nn/last_Forge_ep_500_rew_132.64993.pth,0,nominal,1001,True,success,149,371.9240417480469,0.001690976321697235,20.95425796508789,8.114487648010254,0.40000003576278687,0.0006322108674794436,1.2869175672531128,0.017748845741152763,0.75,0.75,0.021931102499365807,0.38618290424346924
2026-08-12_12-10-32,/home/as22cq/Projects/Policy-RL-Peg_insertion/force_peg_rl/logs/rl_games/Forge/2026-08-12_12-10-32/nn/last_Forge_ep_500_rew_132.64993.pth,0,nominal,1001,False,timeout,149,84.00918579101562,0.016384925693273544,27.35309410095215,13.273565292358398,1.0916666984558105,0.000601205276325345,1.0086761713027954,0.019194230437278748,0.75,0.75,0.019683752208948135,-0.13773249089717865
2026-08-12_12-10-32,/home/as22cq/Projects/Policy-RL-Peg_insertion/force_peg_rl/logs/rl_games/Forge/2026-08-12_12-10-32/nn/last_Forge_ep_500_rew_132.64993.pth,0,nominal,1001,False,timeout,149,27.232149124145508,0.08271460235118866,15.582084655761719,5.740808010101318,0.4333333671092987,0.02967754378914833,0.3468760550022125,0.015837624669075012,0.75,0.75,0.023288791999220848,-0.5399261116981506
2026-08-12_12-10-32,/home/as22cq/Projects/Policy-RL-Peg_insertion/force_peg_rl/logs/rl_games/Forge/2026-08-12_12-10-32/nn/last_Forge_ep_500_rew_132.64993.pth,0,nominal,1001,False,timeout,149,86.10376739501953,0.014197945594787598,17.17754364013672,10.643144607543945,1.1083333492279053,0.0009980677859857678,1.4777239561080933,0.021928710862994194,0.75,0.75,0.025848420336842537,-0.18032708764076233
2026-08-12_12-10-32,/home/as22cq/Projects/Policy-RL-Peg_insertion/force_peg_rl/logs/rl_games/Forge/2026-08-12_12-10-32/nn/last_Forge_ep_500_rew_132.64993.pth,0,nominal,1001,False,timeout,149,36.908695220947266,0.015821553766727448,16.59543228149414,8.358471870422363,0.8250000476837158,0.026284288614988327,1.608175277709961,0.01904228888452053,0.75,0.75,0.025460759177803993,0.33164212107658386
2026-08-12_12-10-32,/home/as22cq/Projects/Policy-RL-Peg_insertion/force_peg_rl/logs/rl_games/Forge/2026-08-12_12-10-32/nn/last_Forge_ep_500_rew_132.64993.pth,0,nominal,1001,False,timeout,149,86.60350799560547,0.006784360855817795,20.706514358520508,12.788288116455078,1.1666667461395264,0.0005815053591504693,0.8232541084289551,0.01983124576508999,0.75,0.75,0.02251729741692543,-0.2691696584224701
2026-08-12_12-10-32,/home/as22cq/Projects/Policy-RL-Peg_insertion/force_peg_rl/logs/rl_games/Forge/2026-08-12_12-10-32/nn/last_Forge_ep_500_rew_132.64993.pth,0,nominal,1001,False,timeout,149,79.76998138427734,0.014848574995994568,16.132829666137695,8.812559127807617,0.5833333730697632,0.0006848571938462555,1.2190115451812744,0.02237432450056076,0.75,0.75,0.02148120291531086,-0.39416682720184326
2026-08-12_12-10-32,/home/as22cq/Projects/Policy-RL-Peg_insertion/force_peg_rl/logs/rl_games/Forge/2026-08-12_12-10-32/nn/last_Forge_ep_500_rew_132.64993.pth,0,nominal,1001,False,timeout,149,94.45448303222656,0.009504624642431736,23.446025848388672,13.684591293334961,1.100000023841858,0.0007945722318254411,1.4012360572814941,0.020307006314396858,0.75,0.75,0.025398768484592438,0.14865505695343018
2026-08-12_12-10-32,/home/as22cq/Projects/Policy-RL-Peg_insertion/force_peg_rl/logs/rl_games/Forge/2026-08-12_12-10-32/nn/last_Forge_ep_500_rew_132.64993.pth,0,nominal,1001,False,timeout,149,47.009586334228516,0.04468059167265892,14.792492866516113,8.139582633972168,0.6083333492279053,0.014287249185144901,0.7726140022277832,0.018703695386648178,0.75,0.75,0.009076794609427452,-0.7004092335700989
2026-08-12_12-10-32,/home/as22cq/Projects/Policy-RL-Peg_insertion/force_peg_rl/logs/rl_games/Forge/2026-08-12_12-10-32/nn/last_Forge_ep_500_rew_132.64993.pth,0,nominal,1001,False,timeout,149,29.27959632873535,0.03132091462612152,15.074392318725586,4.656022071838379,0.4750000238418579,0.02439180389046669,0.6210652589797974,0.02388438582420349,0.75,0.75,0.022991864010691643,-0.5532423257827759
2026-08-12_12-10-32,/home/as22cq/Projects/Policy-RL-Peg_insertion/force_peg_rl/logs/rl_games/Forge/2026-08-12_12-10-32/nn/last_Forge_ep_500_rew_132.64993.pth,0,nominal,1001,False,timeout,149,100.69474792480469,0.012403540313243866,19.623380661010742,9.483052253723145,0.9250000715255737,0.0007336415583267808,1.3650131225585938,0.023065969347953796,0.75,0.75,0.018991924822330475,0.20743392407894135
2026-08-12_12-10-32,/home/as22cq/Projects/Policy-RL-Peg_insertion/force_peg_rl/logs/rl_games/Forge/2026-08-12_12-10-32/nn/last_Forge_ep_500_rew_132.64993.pth,0,nominal,1001,True,success,149,138.66049194335938,0.0003519691526889801,21.37359619140625,9.04790210723877,1.0916666984558105,0.0005308446707203984,1.0855212211608887,0.022870369255542755,0.75,0.75,0.017809879034757614,0.6315240263938904
2026-08-12_12-10-32,/home/as22cq/Projects/Policy-RL-Peg_insertion/force_peg_rl/logs/rl_games/Forge/2026-08-12_12-10-32/nn/last_Forge_ep_500_rew_132.64993.pth,0,nominal,1001,True,success,149,289.7533264160156,0.00011587701737880707,11.145953178405762,8.611183166503906,1.058333396911621,0.000486563250888139,0.2807609438896179,0.022785302251577377,0.75,0.75,0.00510643282905221,0.09131362289190292
2026-08-12_12-10-32,/home/as22cq/Projects/Policy-RL-Peg_insertion/force_peg_rl/logs/rl_games/Forge/2026-08-12_12-10-32/nn/last_Forge_ep_500_rew_132.64993.pth,0,nominal,1001,True,success,149,242.13125610351562,2.9476359486579895e-05,16.84507179260254,10.623649597167969,0.98333340883255,0.0005879841046407819,1.2982587814331055,0.023870799690485,0.75,0.75,0.015833258628845215,0.3663131892681122
2026-08-12_12-10-32,/home/as22cq/Projects/Policy-RL-Peg_insertion/force_peg_rl/logs/rl_games/Forge/2026-08-12_12-10-32/nn/last_Forge_ep_500_rew_132.64993.pth,0,nominal,1001,False,timeout,149,90.43351745605469,0.013570059090852737,19.03785514831543,10.578470230102539,1.1500000953674316,0.0006979609606787562,1.2537811994552612,0.014620817266404629,0.75,0.75,0.010411480441689491,-0.14587116241455078
2026-08-12_12-10-32,/home/as22cq/Projects/Policy-RL-Peg_insertion/force_peg_rl/logs/rl_games/Forge/2026-08-12_12-10-32/nn/last_Forge_ep_500_rew_132.64993.pth,0,nominal,1001,False,timeout,149,48.566524505615234,0.01807115226984024,20.181821823120117,11.791925430297852,1.0416667461395264,0.024782920256257057,1.1410890817642212,0.02186746895313263,0.75,0.75,0.012933487072587013,-0.44119328260421753
2026-08-12_12-10-32,/home/as22cq/Projects/Policy-RL-Peg_insertion/force_peg_rl/logs/rl_games/Forge/2026-08-12_12-10-32/nn/last_Forge_ep_500_rew_132.64993.pth,0,nominal,1001,False,timeout,149,43.13519287109375,0.020221292972564697,22.08293342590332,9.900521278381348,0.8750000596046448,0.024611659348011017,1.3605352640151978,0.016157617792487144,0.75,0.75,0.023202423006296158,-0.3652269244194031
2026-08-12_12-10-32,/home/as22cq/Projects/Policy-RL-Peg_insertion/force_peg_rl/logs/rl_games/Forge/2026-08-12_12-10-32/nn/last_Forge_ep_500_rew_132.64993.pth,0,nominal,1001,False,force_limit,149,92.98158264160156,0.014611605554819107,51.63336181640625,11.638494491577148,1.0666667222976685,0.0010128301801159978,1.227332592010498,0.021059606224298477,0.75,0.75,0.01897650584578514,0.38433027267456055
2026-08-12_12-10-32,/home/as22cq/Projects/Policy-RL-Peg_insertion/force_peg_rl/logs/rl_games/Forge/2026-08-12_12-10-32/nn/last_Forge_ep_500_rew_132.64993.pth,0,nominal,1001,False,timeout,149,89.16233825683594,0.014652647078037262,28.749122619628906,12.15726375579834,1.0916666984558105,0.0006621070788241923,2.0383594036102295,0.020258717238903046,0.75,0.75,0.008386467583477497,0.2316727638244629
2026-08-12_12-10-32,/home/as22cq/Projects/Policy-RL-Peg_insertion/force_peg_rl/logs/rl_games/Forge/2026-08-12_12-10-32/nn/last_Forge_ep_500_rew_132.64993.pth,0,nominal,1001,True,success,149,168.04354858398438,0.0004070699214935303,24.779781341552734,12.551481246948242,1.100000023841858,0.0007162342080846429,1.3928548097610474,0.018845554441213608,0.75,0.75,0.015989072620868683,0.055705513805150986
2026-08-12_12-10-32,/home/as22cq/Projects/Policy-RL-Peg_insertion/force_peg_rl/logs/rl_games/Forge/2026-08-12_12-10-32/nn/last_Forge_ep_500_rew_132.64993.pth,0,nominal,1001,False,timeout,149,45.015960693359375,0.028546322137117386,14.336750984191895,9.275002479553223,0.9333333969116211,0.0029503442347049713,2.3914427757263184,0.018838200718164444,0.75,0.75,0.01841791719198227,-0.03332448750734329
2026-08-12_12-10-32,/home/as22cq/Projects/Policy-RL-Peg_insertion/force_peg_rl/logs/rl_games/Forge/2026-08-12_12-10-32/nn/last_Forge_ep_500_rew_132.64993.pth,0,nominal,1001,True,success,149,167.50694274902344,-1.2531876564025879e-05,22.044231414794922,12.294203758239746,1.1666667461395264,0.0005213188705965877,1.2365354299545288,0.017856061458587646,0.75,0.75,0.011731645092368126,0.13897450268268585
2026-08-12_12-10-32,/home/as22cq/Projects/Policy-RL-Peg_insertion/force_peg_rl/logs/rl_games/Forge/2026-08-12_12-10-32/nn/last_Forge_ep_500_rew_132.64993.pth,0,nominal,1001,False,timeout,149,79.1729965209961,0.01756242662668228,21.589059829711914,14.39795207977295,0.9500000476837158,0.0016742534935474396,1.7908871173858643,0.01571701653301716,0.75,0.75,0.01608235202729702,-0.16532404720783234
2026-08-12_12-10-32,/home/as22cq/Projects/Policy-RL-Peg_insertion/force_peg_rl/logs/rl_games/Forge/2026-08-12_12-10-32/nn/last_Forge_ep_500_rew_132.64993.pth,0,nominal,1001,False,timeout,149,32.72365188598633,0.030876927077770233,28.69623374938965,12.483773231506348,0.7583333849906921,0.027040552347898483,1.3022997379302979,0.01593594066798687,0.75,0.75,0.013790109194815159,-0.305357426404953
2026-08-12_12-10-32,/home/as22cq/Projects/Policy-RL-Peg_insertion/force_peg_rl/logs/rl_games/Forge/2026-08-12_12-10-32/nn/last_Forge_ep_500_rew_132.64993.pth,0,nominal,1001,True,success,149,238.55770874023438,9.274203330278397e-05,18.629165649414062,9.703392028808594,0.7416667342185974,0.0005434981430880725,0.16290785372257233,0.020774684846401215,0.75,0.75,0.017013665288686752,0.23199039697647095
2026-08-12_12-10-32,/home/as22cq/Projects/Policy-RL-Peg_insertion/force_peg_rl/logs/rl_games/Forge/2026-08-12_12-10-32/nn/last_Forge_ep_500_rew_132.64993.pth,0,nominal,1001,False,timeout,149,88.86475372314453,0.018223237246274948,23.221309661865234,10.178009033203125,0.5750000476837158,0.0001813801354728639,1.0587213039398193,0.01568693108856678,0.75,0.75,0.010746468789875507,0.1386077105998993
2026-08-12_12-10-32,/home/as22cq/Projects/Policy-RL-Peg_insertion/force_peg_rl/logs/rl_games/Forge/2026-08-12_12-10-32/nn/last_Forge_ep_500_rew_132.64993.pth,0,nominal,1001,False,timeout,149,32.02458953857422,0.02565138041973114,21.48178482055664,8.606330871582031,0.5833333730697632,0.0031144411768764257,2.198499917984009,0.018006887286901474,0.75,0.75,0.006974481511861086,0.6974660754203796
2026-08-12_12-10-32,/home/as22cq/Projects/Policy-RL-Peg_insertion/force_peg_rl/logs/rl_games/Forge/2026-08-12_12-10-32/nn/last_Forge_ep_500_rew_132.64993.pth,0,nominal,1001,False,timeout,149,121.07069396972656,0.0017297882586717606,26.934526443481445,15.994277954101562,1.1666667461395264,0.0007701999275013804,1.2259161472320557,0.018772847950458527,0.75,0.75,0.013196922838687897,-0.19503475725650787
2026-08-12_12-10-32,/home/as22cq/Projects/Policy-RL-Peg_insertion/force_peg_rl/logs/rl_games/Forge/2026-08-12_12-10-32/nn/last_Forge_ep_500_rew_132.64993.pth,0,nominal,1001,True,success,149,164.75772094726562,0.00013356655836105347,35.612213134765625,14.559850692749023,1.0666667222976685,0.0006172892171889544,1.221799373626709,0.017154736444354057,0.75,0.75,0.02121230587363243,0.5288159251213074
2026-08-12_12-10-32,/home/as22cq/Projects/Policy-RL-Peg_insertion/force_peg_rl/logs/rl_games/Forge/2026-08-12_12-10-32/nn/last_Forge_ep_500_rew_132.64993.pth,0,nominal,1001,False,timeout,149,72.58023071289062,0.017592398449778557,17.05674934387207,8.23743724822998,0.9416667222976685,0.0010022614151239395,0.9359886050224304,0.017057888209819794,0.75,0.75,0.01905035600066185,0.2469227910041809
2026-08-12_12-10-32,/home/as22cq/Projects/Policy-RL-Peg_insertion/force_peg_rl/logs/rl_games/Forge/2026-08-12_12-10-32/nn/last_Forge_ep_500_rew_132.64993.pth,0,nominal,1001,False,timeout,149,50.0611457824707,0.016166221350431442,13.274401664733887,7.636561393737793,0.6166666746139526,0.03696703910827637,0.8784581422805786,0.02164911851286888,0.75,0.75,0.01484785694628954,0.4333549439907074
2026-08-12_12-10-32,/home/as22cq/Projects/Policy-RL-Peg_insertion/force_peg_rl/logs/rl_games/Forge/2026-08-12_12-10-32/nn/last_Forge_ep_500_rew_132.64993.pth,0,nominal,1001,False,timeout,149,3.7765328884124756,0.019540879875421524,11.300352096557617,6.596566200256348,0.46666669845581055,0.02452210709452629,1.4596012830734253,0.019485317170619965,0.75,0.75,0.015334457159042358,0.15942102670669556
2026-08-12_12-10-32,/home/as22cq/Projects/Policy-RL-Peg_insertion/force_peg_rl/logs/rl_games/Forge/2026-08-12_12-10-32/nn/last_Forge_ep_500_rew_132.64993.pth,0,nominal,1001,False,timeout,149,34.60160446166992,0.18637356162071228,22.218122482299805,10.503067016601562,0.8000000715255737,0.029532138258218765,2.9718806743621826,0.01732698082923889,0.75,0.75,0.005018469877541065,0.7659934163093567
2026-08-12_12-10-32,/home/as22cq/Projects/Policy-RL-Peg_insertion/force_peg_rl/logs/rl_games/Forge/2026-08-12_12-10-32/nn/last_Forge_ep_500_rew_132.64993.pth,0,nominal,1001,False,timeout,149,6.4403977394104,-0.02072197198867798,30.207643508911133,12.280572891235352,0.9583333730697632,0.03346916660666466,1.3806873559951782,0.017195260152220726,0.75,0.75,0.009747069329023361,-0.3258456885814667
2026-08-12_12-10-32,/home/as22cq/Projects/Policy-RL-Peg_insertion/force_peg_rl/logs/rl_games/Forge/2026-08-12_12-10-32/nn/last_Forge_ep_500_rew_132.64993.pth,0,nominal,1001,True,success,149,83.69094848632812,0.0009001009166240692,25.193803787231445,16.07866859436035,1.133333444595337,0.000599460385274142,1.2204217910766602,0.019713807851076126,0.75,0.75,0.002150452695786953,0.25809046626091003
2026-08-12_12-10-32,/home/as22cq/Projects/Policy-RL-Peg_insertion/force_peg_rl/logs/rl_games/Forge/2026-08-12_12-10-32/nn/last_Forge_ep_500_rew_132.64993.pth,0,nominal,1001,True,success,149,181.85398864746094,1.3481825590133667e-05,26.942319869995117,11.252043724060059,0.9500000476837158,0.0005517551908269525,1.7811330556869507,0.016470789909362793,0.75,0.75,0.02108541689813137,0.6555227041244507
2026-08-12_12-10-32,/home/as22cq/Projects/Policy-RL-Peg_insertion/force_peg_rl/logs/rl_games/Forge/2026-08-12_12-10-32/nn/last_Forge_ep_500_rew_132.64993.pth,0,nominal,1001,False,timeout,149,17.2170352935791,0.10510670393705368,38.28927993774414,12.754661560058594,0.8333333730697632,0.03323503956198692,0.5725528001785278,0.02107066474854946,0.75,0.75,0.021301236003637314,-0.6772103905677795
2026-08-12_12-10-32,/home/as22cq/Projects/Policy-RL-Peg_insertion/force_peg_rl/logs/rl_games/Forge/2026-08-12_12-10-32/nn/last_Forge_ep_500_rew_132.64993.pth,0,nominal,1001,False,timeout,149,29.878931045532227,0.037017822265625,17.489986419677734,10.176274299621582,0.98333340883255,0.05093693360686302,0.2641640901565552,0.019642818719148636,0.75,0.75,0.02282714657485485,-0.6422103643417358
2026-08-12_12-10-32,/home/as22cq/Projects/Policy-RL-Peg_insertion/force_peg_rl/logs/rl_games/Forge/2026-08-12_12-10-32/nn/last_Forge_ep_500_rew_132.64993.pth,0,nominal,1001,False,timeout,149,12.612354278564453,0.07959906756877899,20.430953979492188,5.942294120788574,0.40000003576278687,0.12875765562057495,0.997721791267395,0.016166212037205696,0.75,0.75,0.014402458444237709,0.1898675113916397
2026-08-12_12-10-32,/home/as22cq/Projects/Policy-RL-Peg_insertion/force_peg_rl/logs/rl_games/Forge/2026-08-12_12-10-32/nn/last_Forge_ep_500_rew_132.64993.pth,0,nominal,1001,False,timeout,149,22.52248764038086,0.006460685282945633,22.400585174560547,10.08685302734375,0.9166666865348816,0.03269762918353081,1.2230982780456543,0.02291574329137802,0.75,0.75,0.016527259722352028,-0.6966042518615723
2026-08-12_12-10-32,/home/as22cq/Projects/Policy-RL-Peg_insertion/force_peg_rl/logs/rl_games/Forge/2026-08-12_12-10-32/nn/last_Forge_ep_500_rew_132.64993.pth,0,nominal,1001,False,timeout,149,13.494357109069824,0.046364784240722656,17.124799728393555,9.89012336730957,0.9666666984558105,0.024249929934740067,0.38069579005241394,0.015569858253002167,0.75,0.75,0.022438734769821167,-0.7281140089035034
2026-08-12_12-10-32,/home/as22cq/Projects/Policy-RL-Peg_insertion/force_peg_rl/logs/rl_games/Forge/2026-08-12_12-10-32/nn/last_Forge_ep_500_rew_132.64993.pth,0,nominal,1001,False,timeout,149,21.38774871826172,0.04588048905134201,24.332916259765625,7.631398677825928,0.6916667222976685,0.02912423573434353,0.5941901803016663,0.016166362911462784,0.75,0.75,0.019842974841594696,0.295145720243454
2026-08-12_12-10-32,/home/as22cq/Projects/Policy-RL-Peg_insertion/force_peg_rl/logs/rl_games/Forge/2026-08-12_12-10-32/nn/last_Forge_ep_500_rew_132.64993.pth,0,nominal,1001,False,timeout,149,29.463136672973633,0.05584375560283661,14.248322486877441,6.857614517211914,0.6083333492279053,0.048626258969306946,0.6234691143035889,0.023370862007141113,0.75,0.75,0.002932425821200013,-0.711712121963501
2026-08-12_12-10-32,/home/as22cq/Projects/Policy-RL-Peg_insertion/force_peg_rl/logs/rl_games/Forge/2026-08-12_12-10-32/nn/last_Forge_ep_500_rew_132.64993.pth,0,nominal,1001,False,timeout,149,49.14875030517578,-0.011184468865394592,22.627328872680664,7.063655853271484,0.3333333432674408,0.024598238989710808,1.3171007633209229,0.015642669051885605,0.75,0.75,0.02164832130074501,-0.22570373117923737
2026-08-12_12-10-32,/home/as22cq/Projects/Policy-RL-Peg_insertion/force_peg_rl/logs/rl_games/Forge/2026-08-12_12-10-32/nn/last_Forge_ep_500_rew_132.64993.pth,0,nominal,1001,False,timeout,149,13.724018096923828,0.025610148906707764,18.911996841430664,12.654458999633789,1.2000000476837158,0.003989855758845806,0.773637056350708,0.018210183829069138,0.75,0.75,0.015350107103586197,0.31937673687934875
2026-08-12_12-10-32,/home/as22cq/Projects/Policy-RL-Peg_insertion/force_peg_rl/logs/rl_games/Forge/2026-08-12_12-10-32/nn/last_Forge_ep_500_rew_132.64993.pth,0,nominal,1001,False,timeout,149,28.99566650390625,0.03503209352493286,19.136409759521484,12.087481498718262,0.7333333492279053,0.01893775165081024,0.39292097091674805,0.016150567680597305,0.75,0.75,0.019974714145064354,0.13439245522022247
2026-08-12_12-10-32,/home/as22cq/Projects/Policy-RL-Peg_insertion/force_peg_rl/logs/rl_games/Forge/2026-08-12_12-10-32/nn/last_Forge_ep_500_rew_132.64993.pth,0,nominal,1001,False,timeout,149,-26.393129348754883,0.021380078047513962,23.782737731933594,13.571930885314941,1.1916667222976685,0.024448679760098457,1.323844313621521,0.021775322034955025,0.75,0.75,0.009201427921652794,0.4407072365283966
2026-08-12_12-10-32,/home/as22cq/Projects/Policy-RL-Peg_insertion/force_peg_rl/logs/rl_games/Forge/2026-08-12_12-10-32/nn/last_Forge_ep_500_rew_132.64993.pth,0,nominal,1001,False,timeout,149,35.763771057128906,0.002707257866859436,19.142772674560547,11.293510437011719,0.8083333969116211,0.023518355563282967,0.9161916375160217,0.02289941906929016,0.75,0.75,0.01390113029628992,-0.7715246081352234
2026-08-12_12-10-32,/home/as22cq/Projects/Policy-RL-Peg_insertion/force_peg_rl/logs/rl_games/Forge/2026-08-12_12-10-32/nn/last_Forge_ep_500_rew_132.64993.pth,0,nominal,1001,False,timeout,149,68.17720794677734,0.02072775363922119,24.512737274169922,10.523508071899414,0.9916667342185974,0.0005705925868824124,1.867776870727539,0.019238904118537903,0.75,0.75,0.01882363297045231,0.18654686212539673
2026-08-12_12-10-32,/home/as22cq/Projects/Policy-RL-Peg_insertion/force_peg_rl/logs/rl_games/Forge/2026-08-12_12-10-32/nn/last_Forge_ep_500_rew_132.64993.pth,0,nominal,1001,False,timeout,149,23.10736083984375,0.04653136804699898,10.962594985961914,5.440761566162109,0.15000000596046448,0.08165992051362991,1.1565768718719482,0.018931817263364792,0.75,0.75,0.01968681439757347,-0.23151953518390656
2026-08-12_12-10-32,/home/as22cq/Projects/Policy-RL-Peg_insertion/force_peg_rl/logs/rl_games/Forge/2026-08-12_12-10-32/nn/last_Forge_ep_500_rew_132.64993.pth,0,nominal,1001,False,timeout,149,33.006839752197266,0.06977370381355286,22.789020538330078,11.287257194519043,0.9000000357627869,0.0764901414513588,0.6890652775764465,0.02240586280822754,0.75,0.75,0.012530215084552765,0.13043104112148285
2026-08-12_12-10-32,/home/as22cq/Projects/Policy-RL-Peg_insertion/force_peg_rl/logs/rl_games/Forge/2026-08-12_12-10-32/nn/last_Forge_ep_500_rew_132.64993.pth,0,nominal,1001,False,timeout,149,74.8555679321289,0.03172209858894348,14.387524604797363,7.523717880249023,0.9416667222976685,0.04232020676136017,1.4281584024429321,0.02098115161061287,0.75,0.75,0.01623188517987728,-0.19918975234031677
2026-08-12_12-10-32,/home/as22cq/Projects/Policy-RL-Peg_insertion/force_peg_rl/logs/rl_games/Forge/2026-08-12_12-10-32/nn/last_Forge_ep_500_rew_132.64993.pth,0,nominal,1001,False,timeout,149,38.50838851928711,0.002904396504163742,27.722291946411133,10.229254722595215,0.9250000715255737,0.021433904767036438,1.47053861618042,0.022938724607229233,0.75,0.75,0.009694133885204792,-0.0808091089129448
2026-08-12_12-10-32,/home/as22cq/Projects/Policy-RL-Peg_insertion/force_peg_rl/logs/rl_games/Forge/2026-08-12_12-10-32/nn/last_Forge_ep_500_rew_132.64993.pth,0,nominal,1001,False,timeout,149,45.858402252197266,0.021993204951286316,28.34855079650879,11.540861129760742,0.9333333969116211,0.024771742522716522,1.5301077365875244,0.016873560845851898,0.75,0.75,0.015161111019551754,-0.5265071392059326
2026-08-12_12-10-32,/home/as22cq/Projects/Policy-RL-Peg_insertion/force_peg_rl/logs/rl_games/Forge/2026-08-12_12-10-32/nn/last_Forge_ep_500_rew_132.64993.pth,0,nominal,1001,True,success,149,358.15240478515625,8.951127529144287e-05,17.406219482421875,6.605642318725586,0.7416667342185974,0.00011857819481519982,0.25034597516059875,0.0156350526958704,0.75,0.75,0.01933639869093895,0.31334957480430603
2026-08-12_12-10-32,/home/as22cq/Projects/Policy-RL-Peg_insertion/force_peg_rl/logs/rl_games/Forge/2026-08-12_12-10-32/nn/last_Forge_ep_500_rew_132.64993.pth,0,nominal,1001,False,timeout,149,97.01445007324219,0.02268686518073082,18.626079559326172,11.142772674560547,1.1416667699813843,0.0018446538597345352,1.8558173179626465,0.020158756524324417,0.75,0.75,0.013035551644861698,0.5365958213806152
2026-08-12_12-10-32,/home/as22cq/Projects/Policy-RL-Peg_insertion/force_peg_rl/logs/rl_games/Forge/2026-08-12_12-10-32/nn/last_Forge_ep_500_rew_132.64993.pth,0,nominal,1001,False,timeout,149,33.9195442199707,0.009830817580223083,22.146577835083008,9.53194522857666,0.8583333492279053,0.05599479749798775,2.0087475776672363,0.019965898245573044,0.75,0.75,0.00671359384432435,-0.4505034387111664
2026-08-12_12-10-32,/home/as22cq/Projects/Policy-RL-Peg_insertion/force_peg_rl/logs/rl_games/Forge/2026-08-12_12-10-32/nn/last_Forge_ep_500_rew_132.64993.pth,0,nominal,1001,False,timeout,149,34.620113372802734,-0.017068568617105484,18.390491485595703,8.835222244262695,0.6500000357627869,0.042580462992191315,1.7306289672851562,0.02355351112782955,0.75,0.75,0.027021802961826324,0.15036511421203613
2026-08-12_12-10-32,/home/as22cq/Projects/Policy-RL-Peg_insertion/force_peg_rl/logs/rl_games/Forge/2026-08-12_12-10-32/nn/last_Forge_ep_500_rew_132.64993.pth,0,nominal,1001,False,timeout,149,39.61281967163086,0.007523098960518837,20.453706741333008,8.437361717224121,0.8000000715255737,0.016927050426602364,1.8843668699264526,0.0174166988581419,0.75,0.75,0.015642458572983742,-0.5607950687408447
2026-08-12_12-10-32,/home/as22cq/Projects/Policy-RL-Peg_insertion/force_peg_rl/logs/rl_games/Forge/2026-08-12_12-10-32/nn/last_Forge_ep_500_rew_132.64993.pth,0,nominal,1001,True,success,149,151.87110900878906,0.00014538317918777466,38.7619514465332,13.451390266418457,0.8000000715255737,0.00055249611614272,1.2408393621444702,0.01682325080037117,0.75,0.75,0.013652815483510494,0.028686435893177986
2026-08-12_12-10-32,/home/as22cq/Projects/Policy-RL-Peg_insertion/force_peg_rl/logs/rl_games/Forge/2026-08-12_12-10-32/nn/last_Forge_ep_500_rew_132.64993.pth,0,nominal,1001,False,timeout,149,-16.596454620361328,0.004372153431177139,27.935365676879883,14.904561042785645,1.183333396911621,0.02482541650533676,0.8493314981460571,0.01520598866045475,0.75,0.75,0.012353871949017048,0.11279333382844925
2026-08-12_12-10-32,/home/as22cq/Projects/Policy-RL-Peg_insertion/force_peg_rl/logs/rl_games/Forge/2026-08-12_12-10-32/nn/last_Forge_ep_500_rew_132.64993.pth,0,nominal,1001,False,timeout,149,110.32930755615234,0.009844595566391945,16.724868774414062,8.539544105529785,0.7583333849906921,0.0006638598861172795,2.0347023010253906,0.022262301295995712,0.75,0.75,0.012130232527852058,0.15834899246692657
2026-08-12_12-10-32,/home/as22cq/Projects/Policy-RL-Peg_insertion/force_peg_rl/logs/rl_games/Forge/2026-08-12_12-10-32/nn/last_Forge_ep_500_rew_132.64993.pth,0,nominal,1001,False,timeout,149,26.17780113220215,0.21209008991718292,11.18254280090332,4.526885509490967,0.40833336114883423,0.010933946818113327,0.7975106835365295,0.014059549197554588,0.75,0.75,0.014119738712906837,-0.4990970492362976
2026-08-12_12-10-32,/home/as22cq/Projects/Policy-RL-Peg_insertion/force_peg_rl/logs/rl_games/Forge/2026-08-12_12-10-32/nn/last_Forge_ep_500_rew_132.64993.pth,0,nominal,1001,False,timeout,149,7.766907691955566,0.009591884911060333,14.400246620178223,10.645580291748047,1.1916667222976685,0.0006079473532736301,0.5652719736099243,0.021552711725234985,0.75,0.75,0.020876480266451836,-0.5127936601638794
2026-08-12_12-10-32,/home/as22cq/Projects/Policy-RL-Peg_insertion/force_peg_rl/logs/rl_games/Forge/2026-08-12_12-10-32/nn/last_Forge_ep_500_rew_132.64993.pth,0,nominal,1001,False,timeout,149,18.13323211669922,0.022271592170000076,22.00689697265625,8.505874633789062,0.7833333611488342,0.023317448794841766,1.3815104961395264,0.020665738731622696,0.75,0.75,0.016821373254060745,0.06334131956100464
2026-08-12_12-10-32,/home/as22cq/Projects/Policy-RL-Peg_insertion/force_peg_rl/logs/rl_games/Forge/2026-08-12_12-10-32/nn/last_Forge_ep_500_rew_132.64993.pth,0,nominal,1001,False,timeout,149,19.380521774291992,0.010547051206231117,20.71903419494629,12.055648803710938,1.1666667461395264,0.017998311668634415,1.6684961318969727,0.021153850480914116,0.75,0.75,0.00891163945198059,0.2165878862142563
2026-08-12_12-10-32,/home/as22cq/Projects/Policy-RL-Peg_insertion/force_peg_rl/logs/rl_games/Forge/2026-08-12_12-10-32/nn/last_Forge_ep_500_rew_132.64993.pth,0,nominal,1001,False,timeout,149,35.728736877441406,0.025038599967956543,11.740234375,5.230172157287598,0.3916666805744171,0.021872976794838905,1.4297370910644531,0.021385658532381058,0.75,0.75,0.008229159750044346,-0.28635331988334656
2026-08-12_12-10-32,/home/as22cq/Projects/Policy-RL-Peg_insertion/force_peg_rl/logs/rl_games/Forge/2026-08-12_12-10-32/nn/last_Forge_ep_500_rew_132.64993.pth,0,nominal,1001,False,timeout,149,15.91655158996582,0.036101147532463074,21.44181251525879,12.627543449401855,1.033333420753479,0.014886912889778614,0.6045935750007629,0.016053400933742523,0.75,0.75,0.01621880568563938,0.11821167916059494
2026-08-12_12-10-32,/home/as22cq/Projects/Policy-RL-Peg_insertion/force_peg_rl/logs/rl_games/Forge/2026-08-12_12-10-32/nn/last_Forge_ep_500_rew_132.64993.pth,0,nominal,1001,False,timeout,149,37.55615234375,-0.007660631090402603,18.364530563354492,5.941412448883057,0.2916666865348816,0.026408255100250244,1.8257275819778442,0.020496314391493797,0.75,0.75,0.0072102658450603485,-0.7670652866363525
2026-08-12_12-10-32,/home/as22cq/Projects/Policy-RL-Peg_insertion/force_peg_rl/logs/rl_games/Forge/2026-08-12_12-10-32/nn/last_Forge_ep_500_rew_132.64993.pth,0,nominal,1001,True,success,149,366.2458190917969,0.0001978948712348938,21.404003143310547,16.4702205657959,1.183333396911621,0.0007990274461917579,1.270322322845459,0.020682819187641144,0.75,0.75,0.009847824461758137,-0.3959408104419708
2026-08-12_12-10-32,/home/as22cq/Projects/Policy-RL-Peg_insertion/force_peg_rl/logs/rl_games/Forge/2026-08-12_12-10-32/nn/last_Forge_ep_500_rew_132.64993.pth,0,nominal,1001,False,timeout,149,-5.208932399749756,0.027651887387037277,14.830385208129883,8.474065780639648,0.7916666865348816,0.06224222853779793,1.852468490600586,0.023266304284334183,0.75,0.75,0.023187637329101562,0.4895193874835968
2026-08-12_12-10-32,/home/as22cq/Projects/Policy-RL-Peg_insertion/force_peg_rl/logs/rl_games/Forge/2026-08-12_12-10-32/nn/last_Forge_ep_500_rew_132.64993.pth,0,nominal,1001,True,success,149,254.82872009277344,0.00011868774890899658,10.572927474975586,6.0702104568481445,0.01666666753590107,0.0005470162141136825,0.2715629041194916,0.018296927213668823,0.75,0.75,0.0075696674175560474,0.4345397353172302
2026-08-12_12-10-32,/home/as22cq/Projects/Policy-RL-Peg_insertion/force_peg_rl/logs/rl_games/Forge/2026-08-12_12-10-32/nn/last_Forge_ep_500_rew_132.64993.pth,0,nominal,1001,False,timeout,149,58.526092529296875,0.014377601444721222,14.108317375183105,6.140169620513916,0.6000000238418579,0.0884309932589531,2.034174919128418,0.022931180894374847,0.75,0.75,0.0144522525370121,0.41410335898399353
2026-08-12_12-10-32,/home/as22cq/Projects/Policy-RL-Peg_insertion/force_peg_rl/logs/rl_games/Forge/2026-08-12_12-10-32/nn/last_Forge_ep_500_rew_132.64993.pth,0,nominal,1001,False,timeout,149,40.253662109375,0.004772104322910309,28.658170700073242,11.611222267150879,0.9500000476837158,0.017696402966976166,-2.8711001873016357,0.018306290730834007,0.75,0.75,0.011412709951400757,0.376802921295166
2026-08-12_12-10-32,/home/as22cq/Projects/Policy-RL-Peg_insertion/force_peg_rl/logs/rl_games/Forge/2026-08-12_12-10-32/nn/last_Forge_ep_500_rew_132.64993.pth,0,nominal,1001,False,timeout,149,91.69763946533203,0.010124832391738892,19.257421493530273,13.991578102111816,1.1750000715255737,0.0008798054186627269,1.410593032836914,0.016289347782731056,0.75,0.75,0.020338712260127068,-0.6465989351272583
2026-08-12_12-10-32,/home/as22cq/Projects/Policy-RL-Peg_insertion/force_peg_rl/logs/rl_games/Forge/2026-08-12_12-10-32/nn/last_Forge_ep_500_rew_132.64993.pth,0,nominal,1001,False,timeout,149,3.993366241455078,0.10117402672767639,36.05324935913086,11.547014236450195,0.7416667342185974,0.02855873480439186,0.23896187543869019,0.02268315851688385,0.75,0.75,0.0179225355386734,-0.476485013961792
2026-08-12_12-10-32,/home/as22cq/Projects/Policy-RL-Peg_insertion/force_peg_rl/logs/rl_games/Forge/2026-08-12_12-10-32/nn/last_Forge_ep_500_rew_132.64993.pth,0,nominal,1001,False,timeout,149,27.82781410217285,0.033110424876213074,27.381460189819336,8.469016075134277,0.6083333492279053,0.0320001058280468,1.9106011390686035,0.016915027052164078,0.75,0.75,0.02115846611559391,0.36377328634262085
2026-08-12_12-10-32,/home/as22cq/Projects/Policy-RL-Peg_insertion/force_peg_rl/logs/rl_games/Forge/2026-08-12_12-10-32/nn/last_Forge_ep_500_rew_132.64993.pth,0,nominal,1001,False,timeout,149,70.30430603027344,0.01258910447359085,18.465431213378906,10.10413932800293,0.9500000476837158,0.0005724296788685024,1.7581520080566406,0.018898047506809235,0.75,0.75,0.012265103869140148,-0.3618459701538086
2026-08-12_12-10-32,/home/as22cq/Projects/Policy-RL-Peg_insertion/force_peg_rl/logs/rl_games/Forge/2026-08-12_12-10-32/nn/last_Forge_ep_500_rew_132.64993.pth,0,nominal,1001,False,timeout,149,12.391392707824707,0.05125685781240463,10.524863243103027,5.787734508514404,0.7583333849906921,0.014621474780142307,0.2559316158294678,0.017300201579928398,0.75,0.75,0.021430961787700653,-0.6492890119552612
2026-08-12_12-10-32,/home/as22cq/Projects/Policy-RL-Peg_insertion/force_peg_rl/logs/rl_games/Forge/2026-08-12_12-10-32/nn/last_Forge_ep_500_rew_132.64993.pth,0,nominal,1001,False,timeout,149,46.78845977783203,0.030159570276737213,24.176332473754883,11.821000099182129,0.9666666984558105,0.014618022367358208,2.379715919494629,0.017231246456503868,0.75,0.75,0.013714263215661049,0.15870985388755798
2026-08-12_12-10-32,/home/as22cq/Projects/Policy-RL-Peg_insertion/force_peg_rl/logs/rl_games/Forge/2026-08-12_12-10-32/nn/last_Forge_ep_500_rew_132.64993.pth,0,nominal,1001,False,timeout,149,34.6577033996582,0.02541668713092804,33.55621337890625,15.30016040802002,0.8750000596046448,0.022581830620765686,1.7234488725662231,0.014061514288187027,0.75,0.75,0.008627437055110931,0.485250860452652
2026-08-12_12-10-32,/home/as22cq/Projects/Policy-RL-Peg_insertion/force_peg_rl/logs/rl_games/Forge/2026-08-12_12-10-32/nn/last_Forge_ep_500_rew_132.64993.pth,0,nominal,1001,False,timeout,149,22.25189971923828,0.04521358013153076,16.568418502807617,9.97991943359375,1.1500000953674316,0.01621730998158455,2.7737863063812256,0.018452759832143784,0.75,0.75,0.017599990591406822,0.7177645564079285
2026-08-12_12-10-32,/home/as22cq/Projects/Policy-RL-Peg_insertion/force_peg_rl/logs/rl_games/Forge/2026-08-12_12-10-32/nn/last_Forge_ep_500_rew_132.64993.pth,0,nominal,1001,False,timeout,149,46.70657730102539,0.026494786143302917,22.90085220336914,13.270736694335938,0.9000000357627869,0.004201591480523348,2.230705499649048,0.019890470430254936,0.75,0.75,0.018946925178170204,0.7266778945922852
2026-08-12_12-10-32,/home/as22cq/Projects/Policy-RL-Peg_insertion/force_peg_rl/logs/rl_games/Forge/2026-08-12_12-10-32/nn/last_Forge_ep_500_rew_132.64993.pth,0,nominal,1001,False,timeout,149,13.689022064208984,0.021929331123828888,25.9691162109375,12.482561111450195,1.133333444595337,0.02459866553544998,1.5508829355239868,0.018977031111717224,0.75,0.75,0.017995428293943405,-0.21558690071105957
2026-08-12_12-10-32,/home/as22cq/Projects/Policy-RL-Peg_insertion/force_peg_rl/logs/rl_games/Forge/2026-08-12_12-10-32/nn/last_Forge_ep_500_rew_132.64993.pth,0,nominal,1001,False,timeout,149,32.96649169921875,0.06961948424577713,20.539920806884766,14.619476318359375,1.1500000953674316,0.07611025869846344,2.813368082046509,0.01557972189038992,0.75,0.75,0.012333977967500687,0.3208732604980469
2026-08-12_12-10-32,/home/as22cq/Projects/Policy-RL-Peg_insertion/force_peg_rl/logs/rl_games/Forge/2026-08-12_12-10-32/nn/last_Forge_ep_500_rew_132.64993.pth,0,nominal,1001,False,timeout,149,21.36005401611328,0.0396096333861351,11.628633499145508,5.879184246063232,0.491666704416275,0.02665833570063114,0.5847121477127075,0.017802242189645767,0.75,0.75,0.021507157012820244,-0.464180588722229
2026-08-12_12-10-32,/home/as22cq/Projects/Policy-RL-Peg_insertion/force_peg_rl/logs/rl_games/Forge/2026-08-12_12-10-32/nn/last_Forge_ep_500_rew_132.64993.pth,0,nominal,1001,True,success,149,349.67913818359375,0.00010884925723075867,14.904938697814941,6.719265460968018,0.2916666865348816,0.0005192196113057435,0.2673267722129822,0.017767682671546936,0.75,0.75,0.0027543501928448677,-0.31682145595550537
2026-08-12_12-10-32,/home/as22cq/Projects/Policy-RL-Peg_insertion/force_peg_rl/logs/rl_games/Forge/2026-08-12_12-10-32/nn/last_Forge_ep_500_rew_132.64993.pth,0,nominal,1001,False,timeout,149,36.89729690551758,0.019461791962385178,16.00111198425293,9.773770332336426,1.2000000476837158,0.027967581525444984,1.2520755529403687,0.015009330585598946,0.75,0.75,0.012256965972483158,0.399362176656723
2026-08-12_12-10-32,/home/as22cq/Projects/Policy-RL-Peg_insertion/force_peg_rl/logs/rl_games/Forge/2026-08-12_12-10-32/nn/last_Forge_ep_500_rew_132.64993.pth,0,nominal,1001,True,success,149,192.2920684814453,1.4804303646087646e-05,20.35300636291504,10.254002571105957,1.125,0.00041431031422689557,1.4338829517364502,0.02253558859229088,0.75,0.75,0.018683847039937973,0.2690579295158386
2026-08-12_12-10-32,/home/as22cq/Projects/Policy-RL-Peg_insertion/force_peg_rl/logs/rl_games/Forge/2026-08-12_12-10-32/nn/last_Forge_ep_500_rew_132.64993.pth,0,nominal,1001,False,timeout,149,43.18914031982422,0.004247704520821571,16.18373680114746,8.990100860595703,0.5333333611488342,0.020999515429139137,0.9542167782783508,0.016178205609321594,0.75,0.75,0.01242130808532238,-0.5786872506141663
2026-08-12_12-10-32,/home/as22cq/Projects/Policy-RL-Peg_insertion/force_peg_rl/logs/rl_games/Forge/2026-08-12_12-10-32/nn/last_Forge_ep_500_rew_132.64993.pth,0,nominal,1001,False,timeout,149,34.766136169433594,0.024304218590259552,17.408166885375977,11.805965423583984,0.9916667342185974,0.027379803359508514,1.4160677194595337,0.021530838683247566,0.75,0.75,0.015110381878912449,0.05560506880283356
2026-08-12_12-10-32,/home/as22cq/Projects/Policy-RL-Peg_insertion/force_peg_rl/logs/rl_games/Forge/2026-08-12_12-10-32/nn/last_Forge_ep_500_rew_132.64993.pth,0,nominal,1001,False,timeout,149,90.00457000732422,0.011347867548465729,28.033166885375977,17.35565185546875,1.158333420753479,0.0005705416551791131,0.8735042810440063,0.014759902842342854,0.75,0.75,0.01829526387155056,-0.7175599336624146
2026-08-12_12-10-32,/home/as22cq/Projects/Policy-RL-Peg_insertion/force_peg_rl/logs/rl_games/Forge/2026-08-12_12-10-32/nn/last_Forge_ep_500_rew_132.64993.pth,0,nominal,1001,False,timeout,149,8.860719680786133,0.03595627844333649,19.349714279174805,11.817256927490234,1.133333444595337,0.03632686659693718,0.3098400831222534,0.023537378758192062,0.75,0.75,0.02001100219786167,-0.00426830817013979
2026-08-12_12-10-32,/home/as22cq/Projects/Policy-RL-Peg_insertion/force_peg_rl/logs/rl_games/Forge/2026-08-12_12-10-32/nn/last_Forge_ep_500_rew_132.64993.pth,0,nominal,1001,False,timeout,149,23.24008560180664,0.025852389633655548,24.305015563964844,10.481075286865234,0.6250000596046448,0.019542496651411057,1.1584035158157349,0.021453145891427994,0.75,0.75,0.005087940488010645,-0.41542989015579224
2026-08-12_12-10-32,/home/as22cq/Projects/Policy-RL-Peg_insertion/force_peg_rl/logs/rl_games/Forge/2026-08-12_12-10-32/nn/last_Forge_ep_500_rew_132.64993.pth,0,nominal,1001,False,timeout,149,54.556358337402344,0.05462691932916641,18.674541473388672,8.525898933410645,0.7250000238418579,0.08461374044418335,2.9284238815307617,0.023269906640052795,0.75,0.75,0.018342526629567146,0.7181453704833984
2026-08-12_12-10-32,/home/as22cq/Projects/Policy-RL-Peg_insertion/force_peg_rl/logs/rl_games/Forge/2026-08-12_12-10-32/nn/last_Forge_ep_500_rew_132.64993.pth,0,nominal,1001,False,timeout,149,38.564613342285156,0.023069605231285095,22.914627075195312,10.070582389831543,1.0916666984558105,0.02259927988052368,1.496877908706665,0.02015027217566967,0.75,0.75,0.009213525801897049,0.2632787823677063
2026-08-12_12-10-32,/home/as22cq/Projects/Policy-RL-Peg_insertion/force_peg_rl/logs/rl_games/Forge/2026-08-12_12-10-32/nn/last_Forge_ep_500_rew_132.64993.pth,0,nominal,1001,False,timeout,149,29.106216430664062,0.04534503072500229,29.83243751525879,10.742530822753906,0.8333333730697632,0.035668544471263885,0.2754368484020233,0.01780351623892784,0.75,0.75,0.019182290881872177,-0.29874444007873535
2026-08-12_12-10-32,/home/as22cq/Projects/Policy-RL-Peg_insertion/force_peg_rl/logs/rl_games/Forge/2026-08-12_12-10-32/nn/last_Forge_ep_500_rew_132.64993.pth,0,nominal,1001,False,timeout,149,38.939552307128906,0.022625267505645752,20.399614334106445,13.117146492004395,1.1083333492279053,0.023241685703396797,1.9505201578140259,0.016263706609606743,0.75,0.75,0.013175632804632187,0.35033491253852844
2026-08-12_12-10-32,/home/as22cq/Projects/Policy-RL-Peg_insertion/force_peg_rl/logs/rl_games/Forge/2026-08-12_12-10-32/nn/last_Forge_ep_500_rew_132.64993.pth,0,nominal,1001,False,timeout,149,7.165472507476807,0.023485124111175537,26.069515228271484,10.342301368713379,1.1916667222976685,0.023463517427444458,1.6189254522323608,0.016402853652834892,0.75,0.75,0.013304097577929497,0.19915515184402466
2026-08-12_12-10-32,/home/as22cq/Projects/Policy-RL-Peg_insertion/force_peg_rl/logs/rl_games/Forge/2026-08-12_12-10-32/nn/last_Forge_ep_500_rew_132.64993.pth,0,nominal,1001,False,timeout,149,-0.9336055517196655,0.012703772634267807,19.540746688842773,11.886432647705078,0.9166666865348816,0.05594651773571968,3.0485758781433105,0.02295359969139099,0.75,0.75,0.013419264927506447,0.39455029368400574
2026-08-12_12-10-32,/home/as22cq/Projects/Policy-RL-Peg_insertion/force_peg_rl/logs/rl_games/Forge/2026-08-12_12-10-32/nn/last_Forge_ep_500_rew_132.64993.pth,0,nominal,1001,False,timeout,149,31.180335998535156,0.03271500766277313,13.130859375,5.85284423828125,0.6583333611488342,0.03496556729078293,0.4450741112232208,0.01770959608256817,0.75,0.75,0.014691845513880253,-0.5404009222984314
2026-08-12_12-10-32,/home/as22cq/Projects/Policy-RL-Peg_insertion/force_peg_rl/logs/rl_games/Forge/2026-08-12_12-10-32/nn/last_Forge_ep_500_rew_132.64993.pth,0,nominal,1001,False,timeout,149,26.426525115966797,0.03528176248073578,25.434053421020508,15.563194274902344,1.1666667461395264,0.046215321868658066,0.7545708417892456,0.016356922686100006,0.75,0.75,0.017856009304523468,-0.33245620131492615
2026-08-12_12-10-32,/home/as22cq/Projects/Policy-RL-Peg_insertion/force_peg_rl/logs/rl_games/Forge/2026-08-12_12-10-32/nn/last_Forge_ep_500_rew_132.64993.pth,0,nominal,1001,False,timeout,149,34.928260803222656,0.001119036227464676,18.91953468322754,3.9047045707702637,0.3500000238418579,0.025386063382029533,1.1391481161117554,0.02057572640478611,0.75,0.75,0.015976805239915848,-0.3307815492153168
2026-08-12_12-10-32,/home/as22cq/Projects/Policy-RL-Peg_insertion/force_peg_rl/logs/rl_games/Forge/2026-08-12_12-10-32/nn/last_Forge_ep_500_rew_132.64993.pth,0,nominal,1001,False,timeout,149,33.47471237182617,0.006868310272693634,4.915613174438477,0.9479101896286011,0.0,0.03543747216463089,0.37406522035598755,0.01646830514073372,0.75,0.75,0.021247239783406258,-0.2188536822795868
2026-08-12_12-10-32,/home/as22cq/Projects/Policy-RL-Peg_insertion/force_peg_rl/logs/rl_games/Forge/2026-08-12_12-10-32/nn/last_Forge_ep_500_rew_132.64993.pth,0,nominal,1001,False,timeout,149,32.24104309082031,0.08241593092679977,18.19547462463379,12.230180740356445,1.0833333730697632,0.05867735669016838,2.520826816558838,0.016161106526851654,0.75,0.75,0.01631709188222885,0.30144909024238586
2026-08-12_12-10-32,/home/as22cq/Projects/Policy-RL-Peg_insertion/force_peg_rl/logs/rl_games/Forge/2026-08-12_12-10-32/nn/last_Forge_ep_500_rew_132.64993.pth,0,nominal,1001,False,timeout,149,31.726638793945312,0.01683831959962845,20.00504493713379,10.082428932189941,1.2000000476837158,0.0428268238902092,1.810470461845398,0.01702846586704254,0.75,0.75,0.014140252023935318,-0.15462133288383484
2026-08-12_12-10-32,/home/as22cq/Projects/Policy-RL-Peg_insertion/force_peg_rl/logs/rl_games/Forge/2026-08-12_12-10-32/nn/last_Forge_ep_500_rew_132.64993.pth,0,nominal,1001,False,timeout,149,35.530723571777344,0.04988792911171913,17.846004486083984,8.649930000305176,0.7333333492279053,0.016782568767666817,2.9863054752349854,0.014587434940040112,0.75,0.75,0.020949913188815117,0.40289273858070374
2026-08-12_12-10-32,/home/as22cq/Projects/Policy-RL-Peg_insertion/force_peg_rl/logs/rl_games/Forge/2026-08-12_12-10-32/nn/last_Forge_ep_500_rew_132.64993.pth,0,nominal,1001,False,timeout,149,30.8279972076416,0.06075875461101532,14.779488563537598,8.174622535705566,0.7583333849906921,0.008083589375019073,0.21483580768108368,0.018362728878855705,0.75,0.75,0.01223105750977993,-0.4435054361820221
2026-08-12_12-10-32,/home/as22cq/Projects/Policy-RL-Peg_insertion/force_peg_rl/logs/rl_games/Forge/2026-08-12_12-10-32/nn/last_Forge_ep_500_rew_132.64993.pth,0,nominal,1001,False,timeout,149,35.27316665649414,0.02635030448436737,19.575746536254883,9.195958137512207,0.9166666865348816,0.019427262246608734,2.197283983230591,0.01855064183473587,0.75,0.75,0.01869184523820877,-0.6091059446334839
2026-08-12_12-10-32,/home/as22cq/Projects/Policy-RL-Peg_insertion/force_peg_rl/logs/rl_games/Forge/2026-08-12_12-10-32/nn/last_Forge_ep_500_rew_132.64993.pth,0,nominal,1001,False,timeout,149,43.32902526855469,0.009492725133895874,30.692407608032227,11.053910255432129,0.9666666984558105,0.02049746736884117,2.531395196914673,0.018471993505954742,0.75,0.75,0.016589105129241943,-0.029500886797904968
2026-08-12_12-10-32,/home/as22cq/Projects/Policy-RL-Peg_insertion/force_peg_rl/logs/rl_games/Forge/2026-08-12_12-10-32/nn/last_Forge_ep_500_rew_132.64993.pth,0,nominal,1001,False,timeout,149,20.48284912109375,0.1109517514705658,18.151355743408203,5.8364577293396,0.28333336114883423,0.011619229800999165,0.6245911121368408,0.02168460376560688,0.75,0.75,0.019233984872698784,-0.3934597969055176
2026-08-12_12-10-32,/home/as22cq/Projects/Policy-RL-Peg_insertion/force_peg_rl/logs/rl_games/Forge/2026-08-12_12-10-32/nn/last_Forge_ep_500_rew_132.64993.pth,0,nominal,1001,False,timeout,149,39.144859313964844,0.016296260058879852,19.883113861083984,12.814671516418457,1.100000023841858,0.020331986248493195,2.423281192779541,0.01885201781988144,0.75,0.75,0.019675159826874733,0.6522115468978882
2026-08-12_12-10-32,/home/as22cq/Projects/Policy-RL-Peg_insertion/force_peg_rl/logs/rl_games/Forge/2026-08-12_12-10-32/nn/last_Forge_ep_500_rew_132.64993.pth,0,nominal,1001,True,success,149,370.8517150878906,0.00014892220497131348,15.117551803588867,6.344600677490234,0.13333334028720856,0.00016004760982468724,0.23145714402198792,0.017903078347444534,0.75,0.75,0.01722608506679535,0.5483886003494263
2026-08-12_12-10-32,/home/as22cq/Projects/Policy-RL-Peg_insertion/force_peg_rl/logs/rl_games/Forge/2026-08-12_12-10-32/nn/last_Forge_ep_500_rew_132.64993.pth,0,nominal,1001,False,timeout,149,38.37579345703125,-0.023141060024499893,20.681961059570312,12.260319709777832,0.8916667103767395,0.021803582087159157,1.5388891696929932,0.01591614820063114,0.75,0.75,0.014896406792104244,0.42344486713409424
2026-08-12_12-10-32,/home/as22cq/Projects/Policy-RL-Peg_insertion/force_peg_rl/logs/rl_games/Forge/2026-08-12_12-10-32/nn/last_Forge_ep_500_rew_132.64993.pth,0,nominal,1001,False,timeout,149,32.343360900878906,0.08264413475990295,19.799386978149414,7.085058212280273,0.11666667461395264,0.051203202456235886,2.713832139968872,0.02119617350399494,0.75,0.75,0.024552397429943085,0.7525647282600403
2026-08-12_12-10-32,/home/as22cq/Projects/Policy-RL-Peg_insertion/force_peg_rl/logs/rl_games/Forge/2026-08-12_12-10-32/nn/last_Forge_ep_500_rew_132.64993.pth,0,nominal,1001,False,force_limit,149,28.281797409057617,0.10616306960582733,51.196685791015625,5.634883880615234,0.17500001192092896,0.03356845676898956,0.28846275806427,0.022429121658205986,0.75,0.75,0.018510691821575165,-0.4727274775505066
2026-08-12_12-10-32,/home/as22cq/Projects/Policy-RL-Peg_insertion/force_peg_rl/logs/rl_games/Forge/2026-08-12_12-10-32/nn/last_Forge_ep_500_rew_132.64993.pth,0,nominal,1001,False,timeout,149,37.82798385620117,0.023314962163567543,22.101009368896484,14.941866874694824,1.2083333730697632,0.0022341713774949312,2.043703079223633,0.01488218829035759,0.75,0.75,0.01386965997517109,0.4944983422756195
2026-08-12_12-10-32,/home/as22cq/Projects/Policy-RL-Peg_insertion/force_peg_rl/logs/rl_games/Forge/2026-08-12_12-10-32/nn/last_Forge_ep_500_rew_132.64993.pth,0,nominal,1001,False,timeout,149,34.65137481689453,0.01601964235305786,19.519521713256836,6.774702548980713,0.4750000238418579,0.022250620648264885,2.922466993331909,0.017609914764761925,0.75,0.75,0.020818792283535004,0.1502843201160431
2026-08-12_12-10-32,/home/as22cq/Projects/Policy-RL-Peg_insertion/force_peg_rl/logs/rl_games/Forge/2026-08-12_12-10-32/nn/last_Forge_ep_500_rew_132.64993.pth,0,nominal,1001,False,timeout,149,30.17695426940918,0.029935568571090698,16.15436363220215,5.569721698760986,0.15833334624767303,0.08033300936222076,1.3174055814743042,0.014196322299540043,0.75,0.75,0.018837006762623787,-0.6462771892547607
2026-08-12_12-10-32,/home/as22cq/Projects/Policy-RL-Peg_insertion/force_peg_rl/logs/rl_games/Forge/2026-08-12_12-10-32/nn/last_Forge_ep_500_rew_132.64993.pth,0,nominal,1001,False,timeout,149,36.64035415649414,0.023763343691825867,17.035198211669922,4.496880054473877,0.3500000238418579,0.07663535326719284,1.9663989543914795,0.01995878294110298,0.75,0.75,0.021841170266270638,0.6344282031059265
2026-08-12_12-10-32,/home/as22cq/Projects/Policy-RL-Peg_insertion/force_peg_rl/logs/rl_games/Forge/2026-08-12_12-10-32/nn/last_Forge_ep_500_rew_132.64993.pth,0,nominal,1001,False,timeout,149,39.889404296875,0.06187005713582039,22.326820373535156,13.079092979431152,0.9500000476837158,0.047690123319625854,2.952866792678833,0.02250853180885315,0.75,0.75,0.018767455592751503,0.6043733358383179
2026-08-12_12-10-32,/home/as22cq/Projects/Policy-RL-Peg_insertion/force_peg_rl/logs/rl_games/Forge/2026-08-12_12-10-32/nn/last_Forge_ep_500_rew_132.64993.pth,0,nominal,1001,False,timeout,149,38.56786346435547,0.06977944076061249,16.63731575012207,11.167692184448242,0.9166666865348816,0.040049172937870026,2.7298684120178223,0.018876703456044197,0.75,0.75,0.019832029938697815,0.632672131061554
2026-08-12_12-10-32,/home/as22cq/Projects/Policy-RL-Peg_insertion/force_peg_rl/logs/rl_games/Forge/2026-08-12_12-10-32/nn/last_Forge_ep_500_rew_132.64993.pth,0,nominal,1001,False,timeout,149,31.534011840820312,0.005141958594322205,26.18416976928711,8.929630279541016,0.45000001788139343,0.047790683805942535,0.8001554012298584,0.018970340490341187,0.75,0.75,0.019398557022213936,-0.38063299655914307
2026-08-12_12-10-32,/home/as22cq/Projects/Policy-RL-Peg_insertion/force_peg_rl/logs/rl_games/Forge/2026-08-12_12-10-32/nn/last_Forge_ep_500_rew_132.64993.pth,0,nominal,1001,False,timeout,149,24.12206268310547,0.017609789967536926,14.350733757019043,9.592400550842285,1.1416667699813843,0.026107070967555046,1.2931948900222778,0.014674588106572628,0.75,0.75,0.016571562737226486,-0.01652820035815239
2026-08-12_12-10-32,/home/as22cq/Projects/Policy-RL-Peg_insertion/force_peg_rl/logs/rl_games/Forge/2026-08-12_12-10-32/nn/last_Forge_ep_500_rew_132.64993.pth,0,nominal,1001,False,timeout,149,33.446311950683594,0.005183406174182892,29.499441146850586,7.511511325836182,0.6000000238418579,0.022946173325181007,2.930685520172119,0.021122463047504425,0.75,0.75,0.007517548743635416,0.4541884958744049
2026-08-12_12-10-32,/home/as22cq/Projects/Policy-RL-Peg_insertion/force_peg_rl/logs/rl_games/Forge/2026-08-12_12-10-32/nn/last_Forge_ep_500_rew_132.64993.pth,0,nominal,1001,False,timeout,149,21.519590377807617,0.02564094588160515,11.856023788452148,7.173859119415283,0.36666667461395264,0.02000790648162365,0.7297482490539551,0.020548122003674507,0.75,0.75,0.022836808115243912,-0.5218984484672546
2026-08-12_12-10-32,/home/as22cq/Projects/Policy-RL-Peg_insertion/force_peg_rl/logs/rl_games/Forge/2026-08-12_12-10-32/nn/last_Forge_ep_500_rew_132.64993.pth,0,nominal,1001,False,timeout,149,41.424686431884766,0.01009015366435051,20.491891860961914,7.966923713684082,0.8250000476837158,0.033508334308862686,1.1750707626342773,0.0146819818764925,0.75,0.75,0.009932360611855984,-0.3420926630496979
2026-08-12_12-10-32,/home/as22cq/Projects/Policy-RL-Peg_insertion/force_peg_rl/logs/rl_games/Forge/2026-08-12_12-10-32/nn/last_Forge_ep_500_rew_132.64993.pth,0,nominal,1001,True,success,149,370.33160400390625,0.00016840733587741852,16.828031539916992,6.1168131828308105,0.0833333358168602,0.0005928556784056127,0.2148687243461609,0.016416696831583977,0.75,0.75,0.015543580055236816,0.12891027331352234
2026-08-12_12-10-32,/home/as22cq/Projects/Policy-RL-Peg_insertion/force_peg_rl/logs/rl_games/Forge/2026-08-12_12-10-32/nn/last_Forge_ep_500_rew_132.64993.pth,0,nominal,1001,False,timeout,149,31.47524642944336,0.06670770049095154,16.16370964050293,9.033625602722168,0.8000000715255737,0.05098418518900871,0.8444820046424866,0.02037438005208969,0.75,0.75,0.019716428592801094,-0.7546032667160034
2026-08-12_12-10-32,/home/as22cq/Projects/Policy-RL-Peg_insertion/force_peg_rl/logs/rl_games/Forge/2026-08-12_12-10-32/nn/last_Forge_ep_500_rew_132.64993.pth,0,nominal,1001,False,timeout,149,32.0749626159668,0.01976717635989189,12.873950004577637,7.6281352043151855,0.3333333432674408,0.06699248403310776,2.6430554389953613,0.02104412019252777,0.75,0.75,0.02434394508600235,0.4898701012134552
2026-08-12_12-10-32,/home/as22cq/Projects/Policy-RL-Peg_insertion/force_peg_rl/logs/rl_games/Forge/2026-08-12_12-10-32/nn/last_Forge_ep_500_rew_132.64993.pth,0,nominal,1001,False,timeout,149,39.66720199584961,0.05113796144723892,16.784896850585938,13.668524742126465,1.158333420753479,0.08334425091743469,2.7902121543884277,0.021495122462511063,0.75,0.75,0.008821305818855762,0.3837381899356842
2026-08-12_12-10-32,/home/as22cq/Projects/Policy-RL-Peg_insertion/force_peg_rl/logs/rl_games/Forge/2026-08-12_12-10-32/nn/last_Forge_ep_500_rew_132.64993.pth,0,nominal,1001,False,timeout,149,35.42236328125,0.03465341031551361,25.46596908569336,13.605796813964844,1.1916667222976685,0.023250382393598557,1.4122810363769531,0.0181379783898592,0.75,0.75,0.0077208103612065315,-0.0785929337143898
2026-08-12_12-10-32,/home/as22cq/Projects/Policy-RL-Peg_insertion/force_peg_rl/logs/rl_games/Forge/2026-08-12_12-10-32/nn/last_Forge_ep_500_rew_132.64993.pth,0,nominal,1001,False,timeout,149,28.119064331054688,0.033408887684345245,15.388967514038086,6.903381824493408,0.6250000596046448,0.030842147767543793,0.40612345933914185,0.016820821911096573,0.75,0.75,0.020627807825803757,-0.6109328866004944
2026-08-12_12-10-32,/home/as22cq/Projects/Policy-RL-Peg_insertion/force_peg_rl/logs/rl_games/Forge/2026-08-12_12-10-32/nn/last_Forge_ep_500_rew_132.64993.pth,0,nominal,1002,False,timeout,149,78.46504211425781,0.00912967324256897,18.344392776489258,10.306074142456055,1.158333420753479,0.0005630221567116678,1.270311951637268,0.019413884729146957,0.75,0.75,0.01789960265159607,0.45074665546417236
2026-08-12_12-10-32,/home/as22cq/Projects/Policy-RL-Peg_insertion/force_peg_rl/logs/rl_games/Forge/2026-08-12_12-10-32/nn/last_Forge_ep_500_rew_132.64993.pth,0,nominal,1002,False,timeout,149,97.243896484375,0.0030174516141414642,22.994617462158203,11.968893051147461,1.0500000715255737,0.0006164617370814085,1.5543140172958374,0.01712241768836975,0.75,0.75,0.00903177447617054,-0.6292104721069336
2026-08-12_12-10-32,/home/as22cq/Projects/Policy-RL-Peg_insertion/force_peg_rl/logs/rl_games/Forge/2026-08-12_12-10-32/nn/last_Forge_ep_500_rew_132.64993.pth,0,nominal,1002,False,timeout,149,31.30282974243164,0.017711065709590912,16.414018630981445,8.784171104431152,0.9416667222976685,0.025093618780374527,1.7122057676315308,0.01554050762206316,0.75,0.75,0.013464132323861122,-0.32392194867134094
2026-08-12_12-10-32,/home/as22cq/Projects/Policy-RL-Peg_insertion/force_peg_rl/logs/rl_games/Forge/2026-08-12_12-10-32/nn/last_Forge_ep_500_rew_132.64993.pth,0,nominal,1002,False,timeout,149,33.87137222290039,0.026204444468021393,20.112960815429688,10.70637035369873,0.9500000476837158,0.021531058475375175,1.0895209312438965,0.018758801743388176,0.75,0.75,0.020801255479454994,0.5808753371238708
2026-08-12_12-10-32,/home/as22cq/Projects/Policy-RL-Peg_insertion/force_peg_rl/logs/rl_games/Forge/2026-08-12_12-10-32/nn/last_Forge_ep_500_rew_132.64993.pth,0,nominal,1002,False,timeout,149,91.30325317382812,0.017510272562503815,25.64321517944336,8.858366012573242,0.7500000596046448,0.0002497097593732178,0.727685272693634,0.014345498755574226,0.75,0.75,0.021153444424271584,0.22044812142848969
2026-08-12_12-10-32,/home/as22cq/Projects/Policy-RL-Peg_insertion/force_peg_rl/logs/rl_games/Forge/2026-08-12_12-10-32/nn/last_Forge_ep_500_rew_132.64993.pth,0,nominal,1002,True,success,149,123.97596740722656,9.512156248092651e-05,21.58762550354004,12.031094551086426,0.9750000238418579,0.000596347963437438,1.3663241863250732,0.015388447791337967,0.75,0.75,0.01370332483202219,-0.33679747581481934
2026-08-12_12-10-32,/home/as22cq/Projects/Policy-RL-Peg_insertion/force_peg_rl/logs/rl_games/Forge/2026-08-12_12-10-32/nn/last_Forge_ep_500_rew_132.64993.pth,0,nominal,1002,False,timeout,149,73.30366516113281,0.04474508762359619,20.189437866210938,10.049915313720703,1.0,0.507921040058136,0.5851001143455505,0.020567502826452255,0.75,0.75,0.018199071288108826,-0.2882532477378845
2026-08-12_12-10-32,/home/as22cq/Projects/Policy-RL-Peg_insertion/force_peg_rl/logs/rl_games/Forge/2026-08-12_12-10-32/nn/last_Forge_ep_500_rew_132.64993.pth,0,nominal,1002,False,timeout,149,103.5066909790039,0.002393823117017746,24.3214168548584,13.890894889831543,1.1666667461395264,0.0006688114954158664,1.4491759538650513,0.018307818099856377,0.75,0.75,0.010578595101833344,-0.5181620717048645
2026-08-12_12-10-32,/home/as22cq/Projects/Policy-RL-Peg_insertion/force_peg_rl/logs/rl_games/Forge/2026-08-12_12-10-32/nn/last_Forge_ep_500_rew_132.64993.pth,0,nominal,1002,False,timeout,149,23.1854305267334,0.19702890515327454,20.235261917114258,14.859901428222656,1.158333420753479,0.7060118913650513,0.7245502471923828,0.02321643754839897,0.75,0.75,0.005322881042957306,0.06376909464597702
2026-08-12_12-10-32,/home/as22cq/Projects/Policy-RL-Peg_insertion/force_peg_rl/logs/rl_games/Forge/2026-08-12_12-10-32/nn/last_Forge_ep_500_rew_132.64993.pth,0,nominal,1002,False,timeout,149,28.41937255859375,0.0653771236538887,12.78730297088623,4.342318534851074,0.36666667461395264,0.027342414483428,0.35332342982292175,0.014807280153036118,0.75,0.75,0.0191887766122818,-0.3304016888141632
2026-08-12_12-10-32,/home/as22cq/Projects/Policy-RL-Peg_insertion/force_peg_rl/logs/rl_games/Forge/2026-08-12_12-10-32/nn/last_Forge_ep_500_rew_132.64993.pth,0,nominal,1002,False,timeout,149,106.08220672607422,0.013105221092700958,23.410755157470703,15.061665534973145,1.0666667222976685,0.0010274061933159828,0.49399736523628235,0.02122945338487625,0.75,0.75,0.0049608671106398106,-0.6119070649147034
2026-08-12_12-10-32,/home/as22cq/Projects/Policy-RL-Peg_insertion/force_peg_rl/logs/rl_games/Forge/2026-08-12_12-10-32/nn/last_Forge_ep_500_rew_132.64993.pth,0,nominal,1002,False,timeout,149,107.69493103027344,0.00580553337931633,21.390901565551758,11.472493171691895,1.1083333492279053,0.0005612958921119571,1.253854751586914,0.015919752418994904,0.75,0.75,0.013480856083333492,0.15796928107738495
2026-08-12_12-10-32,/home/as22cq/Projects/Policy-RL-Peg_insertion/force_peg_rl/logs/rl_games/Forge/2026-08-12_12-10-32/nn/last_Forge_ep_500_rew_132.64993.pth,0,nominal,1002,False,timeout,149,96.22793579101562,0.011675812304019928,13.962109565734863,9.787388801574707,0.8333333730697632,0.0007196579244919121,1.822015404701233,0.02155010960996151,0.75,0.75,0.010217918083071709,0.07179664820432663
2026-08-12_12-10-32,/home/as22cq/Projects/Policy-RL-Peg_insertion/force_peg_rl/logs/rl_games/Forge/2026-08-12_12-10-32/nn/last_Forge_ep_500_rew_132.64993.pth,0,nominal,1002,True,success,149,341.0746765136719,8.893758058547974e-05,14.533770561218262,9.23695182800293,1.058333396911621,0.00019466012599878013,0.2400263249874115,0.015309987589716911,0.75,0.75,0.01897512748837471,0.4430526793003082
2026-08-12_12-10-32,/home/as22cq/Projects/Policy-RL-Peg_insertion/force_peg_rl/logs/rl_games/Forge/2026-08-12_12-10-32/nn/last_Forge_ep_500_rew_132.64993.pth,0,nominal,1002,False,timeout,149,87.23451232910156,0.008836138993501663,26.29086685180664,10.489826202392578,1.158333420753479,0.0007736769039183855,1.5548328161239624,0.017588315531611443,0.75,0.75,0.011249029077589512,-0.15198840200901031
2026-08-12_12-10-32,/home/as22cq/Projects/Policy-RL-Peg_insertion/force_peg_rl/logs/rl_games/Forge/2026-08-12_12-10-32/nn/last_Forge_ep_500_rew_132.64993.pth,0,nominal,1002,True,success,149,376.2139892578125,6.895512342453003e-05,12.192151069641113,9.17934799194336,1.1500000953674316,0.0004570809251163155,0.4069039821624756,0.017348863184452057,0.75,0.75,0.001999589381739497,0.7696378231048584
2026-08-12_12-10-32,/home/as22cq/Projects/Policy-RL-Peg_insertion/force_peg_rl/logs/rl_games/Forge/2026-08-12_12-10-32/nn/last_Forge_ep_500_rew_132.64993.pth,0,nominal,1002,False,timeout,149,90.82684326171875,0.008196938782930374,19.261306762695312,11.983236312866211,1.058333396911621,0.0005693979328498244,1.4180244207382202,0.01678197830915451,0.75,0.75,0.018876828253269196,-0.28883111476898193
2026-08-12_12-10-32,/home/as22cq/Projects/Policy-RL-Peg_insertion/force_peg_rl/logs/rl_games/Forge/2026-08-12_12-10-32/nn/last_Forge_ep_500_rew_132.64993.pth,0,nominal,1002,False,timeout,149,107.5982437133789,0.00798126496374607,25.1749267578125,10.164380073547363,0.7333333492279053,0.0005308011313900352,1.4439654350280762,0.020639784634113312,0.75,0.75,0.017401155084371567,0.698418378829956
2026-08-12_12-10-32,/home/as22cq/Projects/Policy-RL-Peg_insertion/force_peg_rl/logs/rl_games/Forge/2026-08-12_12-10-32/nn/last_Forge_ep_500_rew_132.64993.pth,0,nominal,1002,False,timeout,149,30.180147171020508,0.002234332263469696,12.028022766113281,6.090516090393066,0.40000003576278687,0.02378188446164131,0.9602125883102417,0.02195141091942787,0.75,0.75,0.0175413116812706,0.5204441547393799
2026-08-12_12-10-32,/home/as22cq/Projects/Policy-RL-Peg_insertion/force_peg_rl/logs/rl_games/Forge/2026-08-12_12-10-32/nn/last_Forge_ep_500_rew_132.64993.pth,0,nominal,1002,False,timeout,149,20.3242244720459,0.09769107401371002,15.16668701171875,4.545438289642334,0.13333334028720856,0.1363343894481659,0.9796203970909119,0.021944817155599594,0.75,0.75,0.02279234118759632,0.2631632387638092
2026-08-12_12-10-32,/home/as22cq/Projects/Policy-RL-Peg_insertion/force_peg_rl/logs/rl_games/Forge/2026-08-12_12-10-32/nn/last_Forge_ep_500_rew_132.64993.pth,0,nominal,1002,True,success,149,317.0425109863281,8.166953921318054e-05,17.794361114501953,9.630565643310547,1.125,0.00015700185031164438,0.23360833525657654,0.01506362110376358,0.75,0.75,0.021574553102254868,0.7122719883918762
2026-08-12_12-10-32,/home/as22cq/Projects/Policy-RL-Peg_insertion/force_peg_rl/logs/rl_games/Forge/2026-08-12_12-10-32/nn/last_Forge_ep_500_rew_132.64993.pth,0,nominal,1002,True,success,149,237.9099578857422,2.4609267711639404e-05,31.171567916870117,14.976228713989258,1.1416667699813843,0.0002855621569324285,1.364823579788208,0.021246735006570816,0.75,0.75,0.013246471993625164,0.34015482664108276
2026-08-12_12-10-32,/home/as22cq/Projects/Policy-RL-Peg_insertion/force_peg_rl/logs/rl_games/Forge/2026-08-12_12-10-32/nn/last_Forge_ep_500_rew_132.64993.pth,0,nominal,1002,True,success,149,314.66583251953125,4.744529724121094e-05,22.866531372070312,13.807042121887207,1.1416667699813843,0.00028429104713723063,1.5566848516464233,0.02387821674346924,0.75,0.75,0.006745174527168274,0.5512175559997559
2026-08-12_12-10-32,/home/as22cq/Projects/Policy-RL-Peg_insertion/force_peg_rl/logs/rl_games/Forge/2026-08-12_12-10-32/nn/last_Forge_ep_500_rew_132.64993.pth,0,nominal,1002,False,timeout,149,83.7674789428711,0.017758391797542572,15.768645286560059,9.79217529296875,0.8333333730697632,0.0007044916856102645,2.1376757621765137,0.018176956102252007,0.75,0.75,0.012507934123277664,0.07099486142396927
2026-08-12_12-10-32,/home/as22cq/Projects/Policy-RL-Peg_insertion/force_peg_rl/logs/rl_games/Forge/2026-08-12_12-10-32/nn/last_Forge_ep_500_rew_132.64993.pth,0,nominal,1002,True,success,149,192.83384704589844,0.00014497339725494385,32.434906005859375,12.867809295654297,1.1666667461395264,0.0005936775705777109,1.449081540107727,0.023027971386909485,0.75,0.75,0.01797373779118061,-0.4308236539363861
2026-08-12_12-10-32,/home/as22cq/Projects/Policy-RL-Peg_insertion/force_peg_rl/logs/rl_games/Forge/2026-08-12_12-10-32/nn/last_Forge_ep_500_rew_132.64993.pth,0,nominal,1002,False,timeout,149,76.9075698852539,0.015245884656906128,24.157350540161133,12.227362632751465,1.1416667699813843,0.001048393896780908,2.09373140335083,0.02109156735241413,0.75,0.75,0.009917382150888443,-0.3720260262489319
2026-08-12_12-10-32,/home/as22cq/Projects/Policy-RL-Peg_insertion/force_peg_rl/logs/rl_games/Forge/2026-08-12_12-10-32/nn/last_Forge_ep_500_rew_132.64993.pth,0,nominal,1002,False,timeout,149,43.70851135253906,0.01687951385974884,19.580652236938477,9.052471160888672,0.7916666865348816,0.024417050182819366,1.704220175743103,0.019174015149474144,0.75,0.75,0.017250249162316322,0.518789529800415
2026-08-12_12-10-32,/home/as22cq/Projects/Policy-RL-Peg_insertion/force_peg_rl/logs/rl_games/Forge/2026-08-12_12-10-32/nn/last_Forge_ep_500_rew_132.64993.pth,0,nominal,1002,True,success,149,228.39163208007812,0.00010290741920471191,28.560749053955078,10.449944496154785,1.0,0.0005521114799194038,1.370846152305603,0.019366687163710594,0.75,0.75,0.011414960958063602,0.21932949125766754
2026-08-12_12-10-32,/home/as22cq/Projects/Policy-RL-Peg_insertion/force_peg_rl/logs/rl_games/Forge/2026-08-12_12-10-32/nn/last_Forge_ep_500_rew_132.64993.pth,0,nominal,1002,False,timeout,149,39.15742874145508,0.0891469419002533,16.639217376708984,9.204275131225586,0.6333333849906921,0.0938355103135109,0.6476373672485352,0.016690043732523918,0.75,0.75,0.02096317522227764,-0.5644876956939697
2026-08-12_12-10-32,/home/as22cq/Projects/Policy-RL-Peg_insertion/force_peg_rl/logs/rl_games/Forge/2026-08-12_12-10-32/nn/last_Forge_ep_500_rew_132.64993.pth,0,nominal,1002,True,success,149,153.1090850830078,0.00013289973139762878,20.053909301757812,11.211333274841309,0.7750000357627869,0.0006095816497690976,1.558855652809143,0.021030575037002563,0.75,0.75,0.01157835591584444,0.2417273372411728
2026-08-12_12-10-32,/home/as22cq/Projects/Policy-RL-Peg_insertion/force_peg_rl/logs/rl_games/Forge/2026-08-12_12-10-32/nn/last_Forge_ep_500_rew_132.64993.pth,0,nominal,1002,True,success,149,256.3198547363281,0.00011539459228515625,38.373573303222656,19.160860061645508,1.183333396911621,0.0005838213255628943,1.4830121994018555,0.014745257794857025,0.75,0.75,0.024253567680716515,0.7098237872123718
2026-08-12_12-10-32,/home/as22cq/Projects/Policy-RL-Peg_insertion/force_peg_rl/logs/rl_games/Forge/2026-08-12_12-10-32/nn/last_Forge_ep_500_rew_132.64993.pth,0,nominal,1002,False,timeout,149,25.84107780456543,0.06985686719417572,18.69987678527832,11.909255027770996,1.0,0.04595761373639107,0.6251381635665894,0.017925405874848366,0.75,0.75,0.020939335227012634,-0.5799182653427124
2026-08-12_12-10-32,/home/as22cq/Projects/Policy-RL-Peg_insertion/force_peg_rl/logs/rl_games/Forge/2026-08-12_12-10-32/nn/last_Forge_ep_500_rew_132.64993.pth,0,nominal,1002,True,success,149,326.4030456542969,6.301701068878174e-05,11.699908256530762,8.387380599975586,0.8333333730697632,0.00031813187524676323,0.2932562530040741,0.023400066420435905,0.75,0.75,0.01801287941634655,-0.2945553660392761
2026-08-12_12-10-32,/home/as22cq/Projects/Policy-RL-Peg_insertion/force_peg_rl/logs/rl_games/Forge/2026-08-12_12-10-32/nn/last_Forge_ep_500_rew_132.64993.pth,0,nominal,1002,False,timeout,149,32.43520736694336,0.024079814553260803,20.865589141845703,7.364285469055176,0.2083333432674408,0.021420247852802277,1.6203711032867432,0.016221296042203903,0.75,0.75,0.013299291953444481,0.49062493443489075
2026-08-12_12-10-32,/home/as22cq/Projects/Policy-RL-Peg_insertion/force_peg_rl/logs/rl_games/Forge/2026-08-12_12-10-32/nn/last_Forge_ep_500_rew_132.64993.pth,0,nominal,1002,False,timeout,149,100.74762725830078,0.011875085532665253,20.954425811767578,10.304171562194824,0.8333333730697632,0.0006915259291417897,1.7479939460754395,0.019461337476968765,0.75,0.75,0.009287179447710514,0.7294746041297913
2026-08-12_12-10-32,/home/as22cq/Projects/Policy-RL-Peg_insertion/force_peg_rl/logs/rl_games/Forge/2026-08-12_12-10-32/nn/last_Forge_ep_500_rew_132.64993.pth,0,nominal,1002,False,timeout,149,28.48236656188965,0.02672746405005455,14.094298362731934,8.20771312713623,0.7666667103767395,0.01938537135720253,1.0200505256652832,0.016258444637060165,0.75,0.75,0.009436296299099922,-0.49849066138267517
2026-08-12_12-10-32,/home/as22cq/Projects/Policy-RL-Peg_insertion/force_peg_rl/logs/rl_games/Forge/2026-08-12_12-10-32/nn/last_Forge_ep_500_rew_132.64993.pth,0,nominal,1002,False,timeout,149,91.22648620605469,0.011930212378501892,24.21943473815918,14.181334495544434,1.033333420753479,0.0009236129117198288,1.2375049591064453,0.018716946244239807,0.75,0.75,0.018816489726305008,0.10864932835102081
2026-08-12_12-10-32,/home/as22cq/Projects/Policy-RL-Peg_insertion/force_peg_rl/logs/rl_games/Forge/2026-08-12_12-10-32/nn/last_Forge_ep_500_rew_132.64993.pth,0,nominal,1002,False,timeout,149,33.40715789794922,0.024792306125164032,19.1313533782959,11.591141700744629,1.008333444595337,0.0361192487180233,1.0897867679595947,0.01746673509478569,0.75,0.75,0.023673661053180695,-0.16187995672225952
2026-08-12_12-10-32,/home/as22cq/Projects/Policy-RL-Peg_insertion/force_peg_rl/logs/rl_games/Forge/2026-08-12_12-10-32/nn/last_Forge_ep_500_rew_132.64993.pth,0,nominal,1002,False,timeout,149,126.00394439697266,0.006670620292425156,15.885885238647461,11.192264556884766,1.1750000715255737,0.000615266093518585,1.7033690214157104,0.01440645195543766,0.75,0.75,0.012244898825883865,-0.5447081327438354
2026-08-12_12-10-32,/home/as22cq/Projects/Policy-RL-Peg_insertion/force_peg_rl/logs/rl_games/Forge/2026-08-12_12-10-32/nn/last_Forge_ep_500_rew_132.64993.pth,0,nominal,1002,False,timeout,149,78.94013977050781,0.017530612647533417,18.127845764160156,14.053722381591797,1.1500000953674316,0.0014476319774985313,1.880645990371704,0.021889936178922653,0.75,0.75,0.02116028591990471,-0.7573469877243042
2026-08-12_12-10-32,/home/as22cq/Projects/Policy-RL-Peg_insertion/force_peg_rl/logs/rl_games/Forge/2026-08-12_12-10-32/nn/last_Forge_ep_500_rew_132.64993.pth,0,nominal,1002,True,success,149,105.8304672241211,0.0001303311437368393,24.450037002563477,15.027186393737793,1.1750000715255737,0.0006018149433657527,1.2507392168045044,0.016589166596531868,0.75,0.75,0.010192293673753738,-0.14078155159950256
2026-08-12_12-10-32,/home/as22cq/Projects/Policy-RL-Peg_insertion/force_peg_rl/logs/rl_games/Forge/2026-08-12_12-10-32/nn/last_Forge_ep_500_rew_132.64993.pth,0,nominal,1002,False,timeout,149,82.2908706665039,0.014369569718837738,31.491159439086914,19.126523971557617,1.1750000715255737,0.0007320051663555205,0.7186182141304016,0.018467051908373833,0.75,0.75,0.006955091841518879,-0.23734819889068604
2026-08-12_12-10-32,/home/as22cq/Projects/Policy-RL-Peg_insertion/force_peg_rl/logs/rl_games/Forge/2026-08-12_12-10-32/nn/last_Forge_ep_500_rew_132.64993.pth,0,nominal,1002,False,timeout,149,69.5821762084961,0.015321549028158188,25.649188995361328,11.490804672241211,1.100000023841858,0.001113858656026423,1.7885162830352783,0.020759839564561844,0.75,0.75,0.014341910369694233,-0.05237210914492607
2026-08-12_12-10-32,/home/as22cq/Projects/Policy-RL-Peg_insertion/force_peg_rl/logs/rl_games/Forge/2026-08-12_12-10-32/nn/last_Forge_ep_500_rew_132.64993.pth,0,nominal,1002,False,timeout,149,90.02066040039062,0.006024694070219994,22.016769409179688,9.18698501586914,0.6500000357627869,0.0007327310740947723,0.7215039134025574,0.01720079593360424,0.75,0.75,0.009458223357796669,-0.17536109685897827
2026-08-12_12-10-32,/home/as22cq/Projects/Policy-RL-Peg_insertion/force_peg_rl/logs/rl_games/Forge/2026-08-12_12-10-32/nn/last_Forge_ep_500_rew_132.64993.pth,0,nominal,1002,False,timeout,149,28.98282241821289,0.02374812215566635,27.238168716430664,11.517533302307129,0.675000011920929,0.023179514333605766,1.3824602365493774,0.021759364753961563,0.75,0.75,0.00609875563532114,0.7530428171157837
2026-08-12_12-10-32,/home/as22cq/Projects/Policy-RL-Peg_insertion/force_peg_rl/logs/rl_games/Forge/2026-08-12_12-10-32/nn/last_Forge_ep_500_rew_132.64993.pth,0,nominal,1002,False,timeout,149,41.9109001159668,0.016464687883853912,39.9157829284668,11.564746856689453,0.7500000596046448,0.12456424534320831,0.8393692374229431,0.0233331099152565,0.75,0.75,0.007744076196104288,0.17208805680274963
2026-08-12_12-10-32,/home/as22cq/Projects/Policy-RL-Peg_insertion/force_peg_rl/logs/rl_games/Forge/2026-08-12_12-10-32/nn/last_Forge_ep_500_rew_132.64993.pth,0,nominal,1002,False,timeout,149,28.206239700317383,0.030230090022087097,24.817119598388672,9.996281623840332,0.8500000238418579,0.0121469059959054,0.44064563512802124,0.021477200090885162,0.75,0.75,0.012040233239531517,0.2449764758348465
2026-08-12_12-10-32,/home/as22cq/Projects/Policy-RL-Peg_insertion/force_peg_rl/logs/rl_games/Forge/2026-08-12_12-10-32/nn/last_Forge_ep_500_rew_132.64993.pth,0,nominal,1002,False,timeout,149,108.8465805053711,0.009317398071289062,21.36459732055664,13.754404067993164,1.1416667699813843,0.0007007332751527429,1.7764372825622559,0.023808356374502182,0.75,0.75,0.017729900777339935,0.6457738876342773
2026-08-12_12-10-32,/home/as22cq/Projects/Policy-RL-Peg_insertion/force_peg_rl/logs/rl_games/Forge/2026-08-12_12-10-32/nn/last_Forge_ep_500_rew_132.64993.pth,0,nominal,1002,True,success,149,174.45814514160156,6.686709821224213e-05,22.36083984375,14.623571395874023,1.0750000476837158,0.0005171140073798597,1.3721832036972046,0.01721891015768051,0.75,0.75,0.014140610583126545,0.13803786039352417
2026-08-12_12-10-32,/home/as22cq/Projects/Policy-RL-Peg_insertion/force_peg_rl/logs/rl_games/Forge/2026-08-12_12-10-32/nn/last_Forge_ep_500_rew_132.64993.pth,0,nominal,1002,False,timeout,149,29.587234497070312,0.026237744837999344,24.226991653442383,12.342496871948242,1.0916666984558105,0.02002500742673874,1.1601570844650269,0.018824348226189613,0.75,0.75,0.02334660291671753,0.06929180771112442
2026-08-12_12-10-32,/home/as22cq/Projects/Policy-RL-Peg_insertion/force_peg_rl/logs/rl_games/Forge/2026-08-12_12-10-32/nn/last_Forge_ep_500_rew_132.64993.pth,0,nominal,1002,False,timeout,149,48.579017639160156,0.052223242819309235,19.963367462158203,11.284393310546875,1.0666667222976685,0.013423672877252102,0.5211189389228821,0.021324120461940765,0.75,0.75,0.023754483088850975,-0.6461846232414246
2026-08-12_12-10-32,/home/as22cq/Projects/Policy-RL-Peg_insertion/force_peg_rl/logs/rl_games/Forge/2026-08-12_12-10-32/nn/last_Forge_ep_500_rew_132.64993.pth,0,nominal,1002,False,timeout,149,105.95013427734375,0.008023209869861603,16.05579948425293,9.501680374145508,0.9583333730697632,0.0007053324952721596,1.8500564098358154,0.01423654519021511,0.75,0.75,0.018009386956691742,0.523815393447876
2026-08-12_12-10-32,/home/as22cq/Projects/Policy-RL-Peg_insertion/force_peg_rl/logs/rl_games/Forge/2026-08-12_12-10-32/nn/last_Forge_ep_500_rew_132.64993.pth,0,nominal,1002,True,success,149,192.61605834960938,7.683411240577698e-05,30.79636573791504,10.791142463684082,0.8000000715255737,0.0005576418479904532,1.459019422531128,0.022238317877054214,0.75,0.75,0.015628768131136894,-0.3721763789653778
2026-08-12_12-10-32,/home/as22cq/Projects/Policy-RL-Peg_insertion/force_peg_rl/logs/rl_games/Forge/2026-08-12_12-10-32/nn/last_Forge_ep_500_rew_132.64993.pth,0,nominal,1002,True,success,149,93.96463775634766,0.00015464052557945251,22.780738830566406,12.703773498535156,1.058333396911621,0.0005594232934527099,0.698983907699585,0.023817339912056923,0.75,0.75,0.012229286134243011,-0.33388614654541016
2026-08-12_12-10-32,/home/as22cq/Projects/Policy-RL-Peg_insertion/force_peg_rl/logs/rl_games/Forge/2026-08-12_12-10-32/nn/last_Forge_ep_500_rew_132.64993.pth,0,nominal,1002,False,timeout,149,36.1027717590332,0.029558073729276657,22.150510787963867,13.386788368225098,0.8250000476837158,0.00538982218131423,0.8205952048301697,0.015604325570166111,0.75,0.75,0.013054702430963516,0.442440390586853
2026-08-12_12-10-32,/home/as22cq/Projects/Policy-RL-Peg_insertion/force_peg_rl/logs/rl_games/Forge/2026-08-12_12-10-32/nn/last_Forge_ep_500_rew_132.64993.pth,0,nominal,1002,False,timeout,149,81.79988098144531,0.01667323336005211,18.706457138061523,10.30725383758545,0.6583333611488342,0.0008075173827819526,0.8630027770996094,0.01654166355729103,0.75,0.75,0.007180836051702499,-0.6129394173622131
2026-08-12_12-10-32,/home/as22cq/Projects/Policy-RL-Peg_insertion/force_peg_rl/logs/rl_games/Forge/2026-08-12_12-10-32/nn/last_Forge_ep_500_rew_132.64993.pth,0,nominal,1002,False,timeout,149,63.689151763916016,0.11282140016555786,11.589309692382812,5.540195465087891,0.5083333849906921,0.0358545184135437,0.29547232389450073,0.015367625281214714,0.75,0.75,0.009681761264801025,-0.702483057975769
2026-08-12_12-10-32,/home/as22cq/Projects/Policy-RL-Peg_insertion/force_peg_rl/logs/rl_games/Forge/2026-08-12_12-10-32/nn/last_Forge_ep_500_rew_132.64993.pth,0,nominal,1002,True,success,149,370.1243896484375,5.9907324612140656e-05,16.782075881958008,8.4357328414917,0.9333333969116211,0.0005044425488449633,0.32696542143821716,0.016587311401963234,0.75,0.75,0.004191722720861435,-0.3138895034790039
2026-08-12_12-10-32,/home/as22cq/Projects/Policy-RL-Peg_insertion/force_peg_rl/logs/rl_games/Forge/2026-08-12_12-10-32/nn/last_Forge_ep_500_rew_132.64993.pth,0,nominal,1002,True,success,149,386.5621643066406,8.713454008102417e-05,21.245935440063477,14.201886177062988,1.183333396911621,0.00044850000995211303,0.9644626975059509,0.02069450542330742,0.75,0.75,0.007109863217920065,-0.7241960763931274
2026-08-12_12-10-32,/home/as22cq/Projects/Policy-RL-Peg_insertion/force_peg_rl/logs/rl_games/Forge/2026-08-12_12-10-32/nn/last_Forge_ep_500_rew_132.64993.pth,0,nominal,1002,False,timeout,149,27.241662979125977,0.11035647988319397,11.893420219421387,5.679069519042969,0.24166667461395264,0.017729010432958603,0.1813521534204483,0.014911415986716747,0.75,0.75,0.017646677792072296,-0.08787451684474945
2026-08-12_12-10-32,/home/as22cq/Projects/Policy-RL-Peg_insertion/force_peg_rl/logs/rl_games/Forge/2026-08-12_12-10-32/nn/last_Forge_ep_500_rew_132.64993.pth,0,nominal,1002,False,timeout,149,110.66321563720703,0.007915958762168884,24.31308937072754,10.558658599853516,0.9416667222976685,0.0008397892233915627,0.7112666368484497,0.023175688460469246,0.75,0.75,0.01900392398238182,-0.21887314319610596
2026-08-12_12-10-32,/home/as22cq/Projects/Policy-RL-Peg_insertion/force_peg_rl/logs/rl_games/Forge/2026-08-12_12-10-32/nn/last_Forge_ep_500_rew_132.64993.pth,0,nominal,1002,False,timeout,149,95.29074096679688,0.01412743330001831,30.057126998901367,10.921467781066895,0.8166667222976685,0.0005675071734003723,0.6119287014007568,0.020305711776018143,0.75,0.75,0.017524760216474533,0.28504395484924316
2026-08-12_12-10-32,/home/as22cq/Projects/Policy-RL-Peg_insertion/force_peg_rl/logs/rl_games/Forge/2026-08-12_12-10-32/nn/last_Forge_ep_500_rew_132.64993.pth,0,nominal,1002,False,force_limit,149,27.117809295654297,0.039100829511880875,64.57083892822266,10.657869338989258,1.0750000476837158,0.033873770385980606,0.7971943020820618,0.022102581337094307,0.75,0.75,0.021724561229348183,-0.1555425226688385
2026-08-12_12-10-32,/home/as22cq/Projects/Policy-RL-Peg_insertion/force_peg_rl/logs/rl_games/Forge/2026-08-12_12-10-32/nn/last_Forge_ep_500_rew_132.64993.pth,0,nominal,1002,False,timeout,149,30.724584579467773,0.028431907296180725,27.285245895385742,11.904565811157227,0.7416667342185974,0.010412142612040043,1.1637530326843262,0.020468013361096382,0.75,0.75,0.013485435396432877,-0.6150318384170532
2026-08-12_12-10-32,/home/as22cq/Projects/Policy-RL-Peg_insertion/force_peg_rl/logs/rl_games/Forge/2026-08-12_12-10-32/nn/last_Forge_ep_500_rew_132.64993.pth,0,nominal,1002,False,timeout,149,-19.94206428527832,0.02679581567645073,19.35724449157715,14.479126930236816,1.1916667222976685,0.010461718775331974,-0.6295903921127319,0.02053002640604973,0.75,0.75,0.016058651730418205,0.19814160466194153
2026-08-12_12-10-32,/home/as22cq/Projects/Policy-RL-Peg_insertion/force_peg_rl/logs/rl_games/Forge/2026-08-12_12-10-32/nn/last_Forge_ep_500_rew_132.64993.pth,0,nominal,1002,False,timeout,149,10.352349281311035,0.060122303664684296,15.317157745361328,8.866326332092285,0.5666667222976685,0.01412393618375063,0.5412372946739197,0.023736361414194107,0.75,0.75,0.019898032769560814,-0.0350927971303463
2026-08-12_12-10-32,/home/as22cq/Projects/Policy-RL-Peg_insertion/force_peg_rl/logs/rl_games/Forge/2026-08-12_12-10-32/nn/last_Forge_ep_500_rew_132.64993.pth,0,nominal,1002,False,timeout,149,33.3729133605957,0.0399671271443367,16.72811508178711,8.204654693603516,0.9416667222976685,0.016759218648076057,3.047212600708008,0.014548050239682198,0.75,0.75,0.02143809013068676,0.5012869238853455
2026-08-12_12-10-32,/home/as22cq/Projects/Policy-RL-Peg_insertion/force_peg_rl/logs/rl_games/Forge/2026-08-12_12-10-32/nn/last_Forge_ep_500_rew_132.64993.pth,0,nominal,1002,False,timeout,149,148.080322265625,0.01584499515593052,22.093069076538086,8.213968276977539,0.4583333432674408,0.0007860056357458234,2.0490636825561523,0.01885204203426838,0.75,0.75,0.020396744832396507,0.27641141414642334
2026-08-12_12-10-32,/home/as22cq/Projects/Policy-RL-Peg_insertion/force_peg_rl/logs/rl_games/Forge/2026-08-12_12-10-32/nn/last_Forge_ep_500_rew_132.64993.pth,0,nominal,1002,False,timeout,149,3.9704091548919678,0.017326287925243378,37.14282989501953,10.925721168518066,0.7583333849906921,0.03144702687859535,2.009660243988037,0.021734148263931274,0.75,0.75,0.017300695180892944,0.6408067345619202
2026-08-12_12-10-32,/home/as22cq/Projects/Policy-RL-Peg_insertion/force_peg_rl/logs/rl_games/Forge/2026-08-12_12-10-32/nn/last_Forge_ep_500_rew_132.64993.pth,0,nominal,1002,False,timeout,149,4.750712871551514,0.028426818549633026,24.851608276367188,10.968673706054688,1.125,0.033368129283189774,0.9021515846252441,0.018596237525343895,0.75,0.75,0.015298552811145782,-0.7737395763397217
2026-08-12_12-10-32,/home/as22cq/Projects/Policy-RL-Peg_insertion/force_peg_rl/logs/rl_games/Forge/2026-08-12_12-10-32/nn/last_Forge_ep_500_rew_132.64993.pth,0,nominal,1002,False,timeout,149,39.90705871582031,0.011755768209695816,26.231281280517578,7.228293418884277,0.5583333373069763,0.016896095126867294,2.545004367828369,0.01577061414718628,0.75,0.75,0.011489741504192352,0.16696347296237946
2026-08-12_12-10-32,/home/as22cq/Projects/Policy-RL-Peg_insertion/force_peg_rl/logs/rl_games/Forge/2026-08-12_12-10-32/nn/last_Forge_ep_500_rew_132.64993.pth,0,nominal,1002,False,timeout,149,16.175588607788086,0.029468931257724762,22.597963333129883,9.422395706176758,1.1083333492279053,0.04033027961850166,1.6424511671066284,0.018703607842326164,0.75,0.75,0.021246062591671944,0.5655451416969299
2026-08-12_12-10-32,/home/as22cq/Projects/Policy-RL-Peg_insertion/force_peg_rl/logs/rl_games/Forge/2026-08-12_12-10-32/nn/last_Forge_ep_500_rew_132.64993.pth,0,nominal,1002,False,timeout,149,124.08747100830078,0.013448633253574371,21.66669464111328,11.231677055358887,1.0416667461395264,0.0005914020584896207,1.7176908254623413,0.019381504505872726,0.75,0.75,0.0044946433044970036,0.5515233278274536
2026-08-12_12-10-32,/home/as22cq/Projects/Policy-RL-Peg_insertion/force_peg_rl/logs/rl_games/Forge/2026-08-12_12-10-32/nn/last_Forge_ep_500_rew_132.64993.pth,0,nominal,1002,False,timeout,149,36.43183898925781,0.01207725703716278,21.370891571044922,6.604883193969727,0.6416667103767395,0.01996646821498871,2.804375410079956,0.021511338651180267,0.75,0.75,0.0011889978777617216,0.7508190274238586
2026-08-12_12-10-32,/home/as22cq/Projects/Policy-RL-Peg_insertion/force_peg_rl/logs/rl_games/Forge/2026-08-12_12-10-32/nn/last_Forge_ep_500_rew_132.64993.pth,0,nominal,1002,False,timeout,149,29.443538665771484,0.026755530387163162,27.524232864379883,11.842070579528809,0.9250000715255737,0.0190945602953434,1.6472361087799072,0.019358016550540924,0.75,0.75,0.015158694237470627,0.2870752513408661
2026-08-12_12-10-32,/home/as22cq/Projects/Policy-RL-Peg_insertion/force_peg_rl/logs/rl_games/Forge/2026-08-12_12-10-32/nn/last_Forge_ep_500_rew_132.64993.pth,0,nominal,1002,False,timeout,149,65.25862884521484,0.03622318059206009,14.117148399353027,7.660680770874023,0.9583333730697632,0.0528976172208786,1.7796375751495361,0.022733323276042938,0.75,0.75,0.022289497777819633,0.44051793217658997
2026-08-12_12-10-32,/home/as22cq/Projects/Policy-RL-Peg_insertion/force_peg_rl/logs/rl_games/Forge/2026-08-12_12-10-32/nn/last_Forge_ep_500_rew_132.64993.pth,0,nominal,1002,False,timeout,149,1.428238034248352,0.1088397204875946,13.7100191116333,9.72780990600586,0.9666666984558105,0.09207045286893845,3.0475645065307617,0.01642218418419361,0.75,0.75,0.009232597425580025,0.7070070505142212
2026-08-12_12-10-32,/home/as22cq/Projects/Policy-RL-Peg_insertion/force_peg_rl/logs/rl_games/Forge/2026-08-12_12-10-32/nn/last_Forge_ep_500_rew_132.64993.pth,0,nominal,1002,True,success,149,233.799560546875,0.0001266077160835266,40.23422622680664,15.078654289245605,1.158333420753479,0.0007281517027877271,1.2002190351486206,0.015317823737859726,0.75,0.75,0.014742102473974228,-0.3844355344772339
2026-08-12_12-10-32,/home/as22cq/Projects/Policy-RL-Peg_insertion/force_peg_rl/logs/rl_games/Forge/2026-08-12_12-10-32/nn/last_Forge_ep_500_rew_132.64993.pth,0,nominal,1002,False,timeout,149,44.55940628051758,0.037477415055036545,16.862865447998047,5.020756244659424,0.3500000238418579,0.10686059296131134,0.8626734614372253,0.016590312123298645,0.75,0.75,0.02550971880555153,-0.5185555219650269
2026-08-12_12-10-32,/home/as22cq/Projects/Policy-RL-Peg_insertion/force_peg_rl/logs/rl_games/Forge/2026-08-12_12-10-32/nn/last_Forge_ep_500_rew_132.64993.pth,0,nominal,1002,False,timeout,149,122.21024322509766,0.021368462592363358,18.776601791381836,10.627534866333008,1.058333396911621,0.0005310047999955714,1.319068193435669,0.015047406777739525,0.75,0.75,0.01568080298602581,0.6058513522148132
2026-08-12_12-10-32,/home/as22cq/Projects/Policy-RL-Peg_insertion/force_peg_rl/logs/rl_games/Forge/2026-08-12_12-10-32/nn/last_Forge_ep_500_rew_132.64993.pth,0,nominal,1002,False,timeout,149,23.74417495727539,0.07750305533409119,10.800925254821777,7.023888111114502,0.5416666865348816,0.035001013427972794,0.5294548273086548,0.014026084914803505,0.75,0.75,0.012493644841015339,-0.2704593241214752
2026-08-12_12-10-32,/home/as22cq/Projects/Policy-RL-Peg_insertion/force_peg_rl/logs/rl_games/Forge/2026-08-12_12-10-32/nn/last_Forge_ep_500_rew_132.64993.pth,0,nominal,1002,False,timeout,149,79.40171813964844,0.00712093710899353,26.253936767578125,11.500377655029297,0.8833333849906921,0.0007756603299640119,1.158087134361267,0.020672863349318504,0.75,0.75,0.01109415851533413,-0.182298481464386
2026-08-12_12-10-32,/home/as22cq/Projects/Policy-RL-Peg_insertion/force_peg_rl/logs/rl_games/Forge/2026-08-12_12-10-32/nn/last_Forge_ep_500_rew_132.64993.pth,0,nominal,1002,False,timeout,149,39.269718170166016,0.022957518696784973,16.732385635375977,6.628011703491211,0.13333334028720856,0.001819033408537507,1.8460931777954102,0.020923325791954994,0.75,0.75,0.02172861434519291,-0.12418424338102341
2026-08-12_12-10-32,/home/as22cq/Projects/Policy-RL-Peg_insertion/force_peg_rl/logs/rl_games/Forge/2026-08-12_12-10-32/nn/last_Forge_ep_500_rew_132.64993.pth,0,nominal,1002,False,timeout,149,37.86857604980469,0.01048509031534195,18.783367156982422,6.37224817276001,0.5333333611488342,0.026783211156725883,3.016524076461792,0.01654907315969467,0.75,0.75,0.009351993910968304,0.3263722062110901
2026-08-12_12-10-32,/home/as22cq/Projects/Policy-RL-Peg_insertion/force_peg_rl/logs/rl_games/Forge/2026-08-12_12-10-32/nn/last_Forge_ep_500_rew_132.64993.pth,0,nominal,1002,False,timeout,149,23.625362396240234,0.05430205166339874,21.967098236083984,8.733774185180664,0.9500000476837158,0.02359616942703724,0.17485755681991577,0.023344505578279495,0.75,0.75,0.02266090176999569,-0.20683889091014862
2026-08-12_12-10-32,/home/as22cq/Projects/Policy-RL-Peg_insertion/force_peg_rl/logs/rl_games/Forge/2026-08-12_12-10-32/nn/last_Forge_ep_500_rew_132.64993.pth,0,nominal,1002,False,timeout,149,6.623741149902344,0.07001367211341858,24.508201599121094,10.19164752960205,0.8500000238418579,0.052666909992694855,2.858733892440796,0.019707199186086655,0.75,0.75,0.01050792820751667,0.621483325958252
2026-08-12_12-10-32,/home/as22cq/Projects/Policy-RL-Peg_insertion/force_peg_rl/logs/rl_games/Forge/2026-08-12_12-10-32/nn/last_Forge_ep_500_rew_132.64993.pth,0,nominal,1002,False,timeout,149,32.28261184692383,0.022883545607328415,20.480730056762695,9.291934967041016,1.1166666746139526,0.023387199267745018,1.7496751546859741,0.019654061645269394,0.75,0.75,0.016545040532946587,0.710380494594574
2026-08-12_12-10-32,/home/as22cq/Projects/Policy-RL-Peg_insertion/force_peg_rl/logs/rl_games/Forge/2026-08-12_12-10-32/nn/last_Forge_ep_500_rew_132.64993.pth,0,nominal,1002,False,timeout,149,30.749370574951172,0.01739788055419922,22.842756271362305,6.458731174468994,0.5416666865348816,0.7581799030303955,0.9899261593818665,0.021721793338656425,0.75,0.75,0.015264233574271202,0.21833260357379913
2026-08-12_12-10-32,/home/as22cq/Projects/Policy-RL-Peg_insertion/force_peg_rl/logs/rl_games/Forge/2026-08-12_12-10-32/nn/last_Forge_ep_500_rew_132.64993.pth,0,nominal,1002,False,timeout,149,4.662417888641357,0.026806268841028214,25.18143081665039,16.12699317932129,1.1916667222976685,0.017572926357388496,1.3790301084518433,0.018091605976223946,0.75,0.75,0.01784517429769039,0.7442202568054199
2026-08-12_12-10-32,/home/as22cq/Projects/Policy-RL-Peg_insertion/force_peg_rl/logs/rl_games/Forge/2026-08-12_12-10-32/nn/last_Forge_ep_500_rew_132.64993.pth,0,nominal,1002,False,timeout,149,15.73745059967041,0.03156455606222153,27.810155868530273,13.170865058898926,1.0500000715255737,0.021095333620905876,0.6609503030776978,0.01590709574520588,0.75,0.75,0.009809640236198902,-0.3752845823764801
2026-08-12_12-10-32,/home/as22cq/Projects/Policy-RL-Peg_insertion/force_peg_rl/logs/rl_games/Forge/2026-08-12_12-10-32/nn/last_Forge_ep_500_rew_132.64993.pth,0,nominal,1002,False,timeout,149,34.53142166137695,-0.014936540275812149,13.991620063781738,7.292072296142578,0.5666667222976685,0.023141060024499893,1.4800752401351929,0.019022222608327866,0.75,0.75,0.021388383582234383,-0.6673644185066223
2026-08-12_12-10-32,/home/as22cq/Projects/Policy-RL-Peg_insertion/force_peg_rl/logs/rl_games/Forge/2026-08-12_12-10-32/nn/last_Forge_ep_500_rew_132.64993.pth,0,nominal,1002,False,timeout,149,2.5446064472198486,0.02865181863307953,16.887361526489258,7.835168838500977,1.1083333492279053,0.010743161663413048,2.4562292098999023,0.01803026907145977,0.75,0.75,0.012830269522964954,0.23435941338539124
2026-08-12_12-10-32,/home/as22cq/Projects/Policy-RL-Peg_insertion/force_peg_rl/logs/rl_games/Forge/2026-08-12_12-10-32/nn/last_Forge_ep_500_rew_132.64993.pth,0,nominal,1002,False,timeout,149,51.94290542602539,0.040981099009513855,20.76015853881836,8.517671585083008,0.7750000357627869,0.09344182163476944,1.49526047706604,0.016793452203273773,0.75,0.75,0.007269416470080614,0.7183584570884705
2026-08-12_12-10-32,/home/as22cq/Projects/Policy-RL-Peg_insertion/force_peg_rl/logs/rl_games/Forge/2026-08-12_12-10-32/nn/last_Forge_ep_500_rew_132.64993.pth,0,nominal,1002,False,timeout,149,12.392707824707031,0.02231179177761078,15.245503425598145,6.6150407791137695,0.6500000357627869,0.08020628988742828,1.7836871147155762,0.02392515353858471,0.75,0.75,0.01636715605854988,0.6574069261550903
2026-08-12_12-10-32,/home/as22cq/Projects/Policy-RL-Peg_insertion/force_peg_rl/logs/rl_games/Forge/2026-08-12_12-10-32/nn/last_Forge_ep_500_rew_132.64993.pth,0,nominal,1002,False,timeout,149,112.06217193603516,0.009313281625509262,18.62386703491211,13.672286987304688,1.1666667461395264,0.0006265901611186564,1.966850996017456,0.015425212681293488,0.75,0.75,0.010845507495105267,-0.17294622957706451
2026-08-12_12-10-32,/home/as22cq/Projects/Policy-RL-Peg_insertion/force_peg_rl/logs/rl_games/Forge/2026-08-12_12-10-32/nn/last_Forge_ep_500_rew_132.64993.pth,0,nominal,1002,False,timeout,149,36.69704055786133,0.0250714048743248,21.093782424926758,13.11824893951416,1.1166666746139526,0.003646992379799485,1.9530925750732422,0.022415950894355774,0.75,0.75,0.0048272497951984406,0.5737558603286743
2026-08-12_12-10-32,/home/as22cq/Projects/Policy-RL-Peg_insertion/force_peg_rl/logs/rl_games/Forge/2026-08-12_12-10-32/nn/last_Forge_ep_500_rew_132.64993.pth,0,nominal,1002,True,success,149,154.7034454345703,0.00015723519027233124,24.594688415527344,12.652851104736328,0.8833333849906921,0.0006861538277007639,1.1681444644927979,0.019533030688762665,0.75,0.75,0.006909668445587158,-0.18373343348503113
2026-08-12_12-10-32,/home/as22cq/Projects/Policy-RL-Peg_insertion/force_peg_rl/logs/rl_games/Forge/2026-08-12_12-10-32/nn/last_Forge_ep_500_rew_132.64993.pth,0,nominal,1002,False,timeout,149,34.50209426879883,0.04454243555665016,14.387842178344727,7.250511169433594,0.1666666716337204,0.02493927627801895,0.4758784770965576,0.0217991191893816,0.75,0.75,0.01416313648223877,-0.5923187136650085
2026-08-12_12-10-32,/home/as22cq/Projects/Policy-RL-Peg_insertion/force_peg_rl/logs/rl_games/Forge/2026-08-12_12-10-32/nn/last_Forge_ep_500_rew_132.64993.pth,0,nominal,1002,True,success,149,329.5302734375,2.758018672466278e-05,20.509902954101562,9.805642127990723,0.8833333849906921,0.0004900642088614404,0.29597824811935425,0.01697712019085884,0.75,0.75,0.009546847082674503,0.31992393732070923
2026-08-12_12-10-32,/home/as22cq/Projects/Policy-RL-Peg_insertion/force_peg_rl/logs/rl_games/Forge/2026-08-12_12-10-32/nn/last_Forge_ep_500_rew_132.64993.pth,0,nominal,1002,False,timeout,149,34.56111526489258,0.021845176815986633,21.594097137451172,9.146210670471191,0.46666669845581055,0.025337520986795425,1.347675085067749,0.019805314019322395,0.75,0.75,0.006348778493702412,-0.3202236592769623
2026-08-12_12-10-32,/home/as22cq/Projects/Policy-RL-Peg_insertion/force_peg_rl/logs/rl_games/Forge/2026-08-12_12-10-32/nn/last_Forge_ep_500_rew_132.64993.pth,0,nominal,1002,False,timeout,149,101.06244659423828,0.011252106167376041,17.661916732788086,11.708260536193848,1.158333420753479,0.0006534202257171273,1.9534469842910767,0.021873950958251953,0.75,0.75,0.022342020645737648,-0.4531630277633667
2026-08-12_12-10-32,/home/as22cq/Projects/Policy-RL-Peg_insertion/force_peg_rl/logs/rl_games/Forge/2026-08-12_12-10-32/nn/last_Forge_ep_500_rew_132.64993.pth,0,nominal,1002,False,timeout,149,39.339542388916016,0.019874989986419678,24.456594467163086,8.724420547485352,0.6916667222976685,0.018245600163936615,2.689807176589966,0.01411090325564146,0.75,0.75,0.02148091420531273,0.3342389762401581
2026-08-12_12-10-32,/home/as22cq/Projects/Policy-RL-Peg_insertion/force_peg_rl/logs/rl_games/Forge/2026-08-12_12-10-32/nn/last_Forge_ep_500_rew_132.64993.pth,0,nominal,1002,True,success,149,176.29832458496094,0.00011467374861240387,27.75943374633789,13.572749137878418,1.1500000953674316,0.0006993309361860156,1.234337329864502,0.01805630885064602,0.75,0.75,0.0029500052332878113,-0.7209979891777039
2026-08-12_12-10-32,/home/as22cq/Projects/Policy-RL-Peg_insertion/force_peg_rl/logs/rl_games/Forge/2026-08-12_12-10-32/nn/last_Forge_ep_500_rew_132.64993.pth,0,nominal,1002,False,timeout,149,35.41331481933594,0.047137778252363205,13.448851585388184,4.671350955963135,0.0416666679084301,0.034428004175424576,0.6449630260467529,0.01963941752910614,0.75,0.75,0.016916904598474503,-0.45636430382728577
2026-08-12_12-10-32,/home/as22cq/Projects/Policy-RL-Peg_insertion/force_peg_rl/logs/rl_games/Forge/2026-08-12_12-10-32/nn/last_Forge_ep_500_rew_132.64993.pth,0,nominal,1002,False,timeout,149,3.59091854095459,0.020816996693611145,13.111307144165039,6.7870354652404785,0.7250000238418579,0.025803815573453903,1.4438766241073608,0.015725543722510338,0.75,0.75,0.013111275620758533,0.5106745362281799
2026-08-12_12-10-32,/home/as22cq/Projects/Policy-RL-Peg_insertion/force_peg_rl/logs/rl_games/Forge/2026-08-12_12-10-32/nn/last_Forge_ep_500_rew_132.64993.pth,0,nominal,1002,False,timeout,149,78.3759765625,0.012998878955841064,24.640811920166016,10.120816230773926,1.033333420753479,0.0008186128688976169,1.389302134513855,0.016262071207165718,0.75,0.75,0.018508827313780785,-0.4194827973842621
2026-08-12_12-10-32,/home/as22cq/Projects/Policy-RL-Peg_insertion/force_peg_rl/logs/rl_games/Forge/2026-08-12_12-10-32/nn/last_Forge_ep_500_rew_132.64993.pth,0,nominal,1002,False,timeout,149,20.651697158813477,0.023019153624773026,16.976476669311523,7.233251094818115,0.3333333432674408,0.023321356624364853,1.2333532571792603,0.019523851573467255,0.75,0.75,0.02659216709434986,0.6881676912307739
2026-08-12_12-10-32,/home/as22cq/Projects/Policy-RL-Peg_insertion/force_peg_rl/logs/rl_games/Forge/2026-08-12_12-10-32/nn/last_Forge_ep_500_rew_132.64993.pth,0,nominal,1002,False,timeout,149,24.059814453125,0.0190892331302166,21.292072296142578,9.271699905395508,0.6333333849906921,0.025254299864172935,1.2434749603271484,0.023978736251592636,0.75,0.75,0.010294116102159023,0.4520481824874878
2026-08-12_12-10-32,/home/as22cq/Projects/Policy-RL-Peg_insertion/force_peg_rl/logs/rl_games/Forge/2026-08-12_12-10-32/nn/last_Forge_ep_500_rew_132.64993.pth,0,nominal,1002,False,timeout,149,33.03437805175781,0.038718029856681824,22.48602867126465,11.761713981628418,1.158333420753479,0.0017195154214277864,0.552351176738739,0.01972881145775318,0.75,0.75,0.01685616746544838,-0.04973386600613594
2026-08-12_12-10-32,/home/as22cq/Projects/Policy-RL-Peg_insertion/force_peg_rl/logs/rl_games/Forge/2026-08-12_12-10-32/nn/last_Forge_ep_500_rew_132.64993.pth,0,nominal,1002,False,timeout,149,38.52520751953125,-0.017003148794174194,22.706619262695312,7.839042663574219,0.7750000357627869,0.03781713917851448,1.4997648000717163,0.02226528339087963,0.75,0.75,0.018473954871296883,0.11260611563920975
2026-08-12_12-10-32,/home/as22cq/Projects/Policy-RL-Peg_insertion/force_peg_rl/logs/rl_games/Forge/2026-08-12_12-10-32/nn/last_Forge_ep_500_rew_132.64993.pth,0,nominal,1002,False,timeout,149,38.58284378051758,0.02385210618376732,16.97554588317871,10.367497444152832,0.9000000357627869,0.021240636706352234,1.7691315412521362,0.020357154309749603,0.75,0.75,0.017040489241480827,0.5075076222419739
2026-08-12_12-10-32,/home/as22cq/Projects/Policy-RL-Peg_insertion/force_peg_rl/logs/rl_games/Forge/2026-08-12_12-10-32/nn/last_Forge_ep_500_rew_132.64993.pth,0,nominal,1002,False,force_limit,149,109.37446594238281,0.00946681946516037,57.79106903076172,20.319536209106445,1.1416667699813843,0.0008846645359881222,1.715328574180603,0.023756520822644234,0.75,0.75,0.020336158573627472,-0.575778603553772
2026-08-12_12-10-32,/home/as22cq/Projects/Policy-RL-Peg_insertion/force_peg_rl/logs/rl_games/Forge/2026-08-12_12-10-32/nn/last_Forge_ep_500_rew_132.64993.pth,0,nominal,1002,False,timeout,149,8.465511322021484,0.03917671740055084,22.263151168823242,11.398422241210938,1.1666667461395264,0.0057624876499176025,0.5710596442222595,0.02381220832467079,0.75,0.75,0.0032188454642891884,-0.05061739683151245
2026-08-12_12-10-32,/home/as22cq/Projects/Policy-RL-Peg_insertion/force_peg_rl/logs/rl_games/Forge/2026-08-12_12-10-32/nn/last_Forge_ep_500_rew_132.64993.pth,0,nominal,1002,False,timeout,149,36.712303161621094,0.022678643465042114,28.50210952758789,9.627394676208496,0.7333333492279053,0.029350807890295982,2.031712055206299,0.015532228164374828,0.75,0.75,0.019695384427905083,0.449902206659317
2026-08-12_12-10-32,/home/as22cq/Projects/Policy-RL-Peg_insertion/force_peg_rl/logs/rl_games/Forge/2026-08-12_12-10-32/nn/last_Forge_ep_500_rew_132.64993.pth,0,nominal,1002,False,timeout,149,29.868432998657227,0.07907578349113464,17.466203689575195,5.514315128326416,0.5166667103767395,0.028500830754637718,0.2695935070514679,0.022354457527399063,0.75,0.75,0.005603870376944542,0.07000891119241714
2026-08-12_12-10-32,/home/as22cq/Projects/Policy-RL-Peg_insertion/force_peg_rl/logs/rl_games/Forge/2026-08-12_12-10-32/nn/last_Forge_ep_500_rew_132.64993.pth,0,nominal,1002,False,timeout,149,26.442975997924805,0.020119376480579376,20.77977180480957,8.261146545410156,0.4583333432674408,0.028319736942648888,0.6362239122390747,0.016362875699996948,0.75,0.75,0.010596600361168385,-0.09549438208341599
2026-08-12_12-10-32,/home/as22cq/Projects/Policy-RL-Peg_insertion/force_peg_rl/logs/rl_games/Forge/2026-08-12_12-10-32/nn/last_Forge_ep_500_rew_132.64993.pth,0,nominal,1002,False,timeout,149,6.270473957061768,0.014447946101427078,18.257274627685547,7.605733394622803,0.45000001788139343,0.07552199065685272,0.9653578996658325,0.018567224964499474,0.75,0.75,0.01895197667181492,0.3644522428512573
2026-08-12_12-10-32,/home/as22cq/Projects/Policy-RL-Peg_insertion/force_peg_rl/logs/rl_games/Forge/2026-08-12_12-10-32/nn/last_Forge_ep_500_rew_132.64993.pth,0,nominal,1002,False,timeout,149,19.444746017456055,0.03669361025094986,14.018816947937012,6.907784461975098,0.2666666805744171,0.08145936578512192,1.5124634504318237,0.01460939645767212,0.75,0.75,0.022799989208579063,0.5209661722183228
2026-08-12_12-10-32,/home/as22cq/Projects/Policy-RL-Peg_insertion/force_peg_rl/logs/rl_games/Forge/2026-08-12_12-10-32/nn/last_Forge_ep_500_rew_132.64993.pth,0,nominal,1002,False,timeout,149,40.216373443603516,0.01112828403711319,16.16509437561035,10.187219619750977,0.7916666865348816,0.015803394839167595,3.09317946434021,0.01592688448727131,0.75,0.75,0.017749905586242676,0.579164445400238
2026-08-12_12-10-32,/home/as22cq/Projects/Policy-RL-Peg_insertion/force_peg_rl/logs/rl_games/Forge/2026-08-12_12-10-32/nn/last_Forge_ep_500_rew_132.64993.pth,0,nominal,1002,False,timeout,149,31.911924362182617,0.022769898176193237,21.258243560791016,10.928887367248535,1.100000023841858,0.0019024696666747332,1.5163097381591797,0.015028892084956169,0.75,0.75,0.017709312960505486,-0.08008729666471481
2026-08-12_12-10-32,/home/as22cq/Projects/Policy-RL-Peg_insertion/force_peg_rl/logs/rl_games/Forge/2026-08-12_12-10-32/nn/last_Forge_ep_500_rew_132.64993.pth,0,nominal,1002,False,timeout,149,38.38718032836914,0.0038571953773498535,16.215970993041992,4.932278633117676,0.6083333492279053,0.018934190273284912,2.5982139110565186,0.021021177992224693,0.75,0.75,0.004467600490897894,0.20197007060050964
2026-08-12_12-10-32,/home/as22cq/Projects/Policy-RL-Peg_insertion/force_peg_rl/logs/rl_games/Forge/2026-08-12_12-10-32/nn/last_Forge_ep_500_rew_132.64993.pth,0,nominal,1002,False,timeout,149,34.299625396728516,0.019737347960472107,16.630130767822266,7.664209365844727,0.9916667342185974,0.023356767371296883,1.2591651678085327,0.022016379982233047,0.75,0.75,0.018406836315989494,0.17480923235416412
2026-08-12_12-10-32,/home/as22cq/Projects/Policy-RL-Peg_insertion/force_peg_rl/logs/rl_games/Forge/2026-08-12_12-10-32/nn/last_Forge_ep_500_rew_132.64993.pth,0,nominal,1002,False,timeout,149,10.756795883178711,0.007130227982997894,30.46784019470215,14.373412132263184,0.98333340883255,0.025487445294857025,0.8345954418182373,0.015933562070131302,0.75,0.75,0.024951457977294922,-0.07270640879869461
2026-08-12_12-10-32,/home/as22cq/Projects/Policy-RL-Peg_insertion/force_peg_rl/logs/rl_games/Forge/2026-08-12_12-10-32/nn/last_Forge_ep_500_rew_132.64993.pth,0,nominal,1002,False,timeout,149,39.21092987060547,0.029180601239204407,24.279294967651367,8.268210411071777,0.5,0.022779405117034912,3.0146994590759277,0.023076172918081284,0.75,0.75,0.02335609868168831,0.06091705709695816
2026-08-12_12-10-32,/home/as22cq/Projects/Policy-RL-Peg_insertion/force_peg_rl/logs/rl_games/Forge/2026-08-12_12-10-32/nn/last_Forge_ep_500_rew_132.64993.pth,0,nominal,1002,False,timeout,149,5.70192813873291,0.06514910608530045,25.55694007873535,16.179950714111328,1.1750000715255737,0.02237297222018242,0.4546222984790802,0.01642117276787758,0.75,0.75,0.015851473435759544,-0.5388689041137695
2026-08-12_12-10-32,/home/as22cq/Projects/Policy-RL-Peg_insertion/force_peg_rl/logs/rl_games/Forge/2026-08-12_12-10-32/nn/last_Forge_ep_500_rew_132.64993.pth,0,nominal,1002,False,timeout,149,12.78364372253418,0.00615905225276947,14.302887916564941,10.482633590698242,1.158333420753479,0.026061972603201866,1.720832109451294,0.016180263832211494,0.75,0.75,0.009678642265498638,0.5390855073928833
2026-08-12_12-10-32,/home/as22cq/Projects/Policy-RL-Peg_insertion/force_peg_rl/logs/rl_games/Forge/2026-08-12_12-10-32/nn/last_Forge_ep_500_rew_132.64993.pth,0,nominal,1002,False,timeout,149,36.72599792480469,0.024038344621658325,22.282838821411133,13.677009582519531,1.183333396911621,0.002841417444869876,1.3567694425582886,0.020893197506666183,0.75,0.75,0.0029747106600552797,0.12710297107696533
2026-08-12_12-10-32,/home/as22cq/Projects/Policy-RL-Peg_insertion/force_peg_rl/logs/rl_games/Forge/2026-08-12_12-10-32/nn/last_Forge_ep_500_rew_132.64993.pth,0,nominal,1002,False,timeout,149,33.752655029296875,0.039261821657419205,15.19904613494873,8.376309394836426,0.5083333849906921,0.027215583249926567,1.3167725801467896,0.014635894447565079,0.75,0.75,0.011362913995981216,-0.0016678259707987309
2026-08-12_12-10-32,/home/as22cq/Projects/Policy-RL-Peg_insertion/force_peg_rl/logs/rl_games/Forge/2026-08-12_12-10-32/nn/last_Forge_ep_500_rew_132.64993.pth,0,nominal,1002,False,timeout,149,99.86660766601562,0.02095668390393257,30.945096969604492,11.75221061706543,1.058333396911621,0.0013628361048176885,1.1815868616104126,0.01674528792500496,0.75,0.75,0.018491854891180992,0.5650649070739746
2026-08-12_12-10-32,/home/as22cq/Projects/Policy-RL-Peg_insertion/force_peg_rl/logs/rl_games/Forge/2026-08-12_12-10-32/nn/last_Forge_ep_500_rew_132.64993.pth,0,nominal,1002,False,timeout,149,33.98469161987305,0.006724134087562561,13.949601173400879,9.410993576049805,1.0833333730697632,0.02424784190952778,0.6697188019752502,0.018671730533242226,0.75,0.75,0.0020025954581797123,-0.46526697278022766
2026-08-12_12-10-32,/home/as22cq/Projects/Policy-RL-Peg_insertion/force_peg_rl/logs/rl_games/Forge/2026-08-12_12-10-32/nn/last_Forge_ep_500_rew_132.64993.pth,0,nominal,1002,False,timeout,149,28.119998931884766,0.08180440962314606,14.756193161010742,4.869507312774658,0.42500001192092896,0.022202495485544205,0.4787808358669281,0.01972299814224243,0.75,0.75,0.020995372906327248,-0.2710346579551697
2026-08-12_12-10-32,/home/as22cq/Projects/Policy-RL-Peg_insertion/force_peg_rl/logs/rl_games/Forge/2026-08-12_12-10-32/nn/last_Forge_ep_500_rew_132.64993.pth,0,nominal,1002,False,timeout,149,102.92180633544922,0.01009015366435051,14.593968391418457,7.950315952301025,0.42500001192092896,0.0006758035742677748,1.0909054279327393,0.018812652677297592,0.75,0.75,0.016727140173316002,-0.2101122885942459
2026-08-12_12-10-32,/home/as22cq/Projects/Policy-RL-Peg_insertion/force_peg_rl/logs/rl_games/Forge/2026-08-12_12-10-32/nn/last_Forge_ep_500_rew_132.64993.pth,0,nominal,1002,False,timeout,149,36.37074661254883,0.05553973466157913,14.980560302734375,7.226589679718018,0.7916666865348816,0.02677099220454693,2.3132331371307373,0.014468837529420853,0.75,0.75,0.017557278275489807,0.13569100201129913
2026-08-12_12-10-32,/home/as22cq/Projects/Policy-RL-Peg_insertion/force_peg_rl/logs/rl_games/Forge/2026-08-12_12-10-32/nn/last_Forge_ep_500_rew_132.64993.pth,0,nominal,1002,False,timeout,149,43.23484802246094,0.02321425825357437,13.322940826416016,6.0863189697265625,0.25,0.0022084142547100782,2.1923563480377197,0.016042886301875114,0.75,0.75,0.010237060487270355,0.16949419677257538
2026-08-12_12-10-32,/home/as22cq/Projects/Policy-RL-Peg_insertion/force_peg_rl/logs/rl_games/Forge/2026-08-12_12-10-32/nn/last_Forge_ep_500_rew_132.64993.pth,0,nominal,1002,False,timeout,149,34.02947235107422,0.006757453083992004,24.134498596191406,10.219049453735352,0.9083333611488342,0.032831765711307526,2.2690632343292236,0.017942892387509346,0.75,0.75,0.010930529795587063,0.33859768509864807
2026-08-12_12-10-32,/home/as22cq/Projects/Policy-RL-Peg_insertion/force_peg_rl/logs/rl_games/Forge/2026-08-12_12-10-32/nn/last_Forge_ep_500_rew_132.64993.pth,0,nominal,1002,False,timeout,149,33.44222640991211,0.040848106145858765,15.097921371459961,6.568542957305908,0.6000000238418579,0.03820053115487099,1.8405938148498535,0.021644577383995056,0.75,0.75,0.018884098157286644,-0.5090925693511963
2026-08-12_12-10-32,/home/as22cq/Projects/Policy-RL-Peg_insertion/force_peg_rl/logs/rl_games/Forge/2026-08-12_12-10-32/nn/last_Forge_ep_500_rew_132.64993.pth,0,nominal,1002,True,success,149,199.32704162597656,0.00012006610631942749,23.808059692382812,11.809880256652832,1.0916666984558105,0.0006811239290982485,1.3249036073684692,0.01763828843832016,0.75,0.75,0.017109686508774757,0.7830051779747009
2026-08-12_12-10-32,/home/as22cq/Projects/Policy-RL-Peg_insertion/force_peg_rl/logs/rl_games/Forge/2026-08-12_12-10-32/nn/last_Forge_ep_500_rew_132.64993.pth,0,nominal,1002,False,timeout,149,34.80430603027344,0.02393139898777008,10.885472297668457,7.317366600036621,0.8916667103767395,0.022724289447069168,0.834184467792511,0.019849169999361038,0.75,0.75,0.00843892339617014,-0.3602277934551239
2026-08-12_12-10-32,/home/as22cq/Projects/Policy-RL-Peg_insertion/force_peg_rl/logs/rl_games/Forge/2026-08-12_12-10-32/nn/last_Forge_ep_500_rew_132.64993.pth,0,nominal,1002,False,timeout,149,34.470882415771484,0.01510448008775711,20.12606430053711,8.174152374267578,0.4750000238418579,0.027864936739206314,1.6427627801895142,0.014026327058672905,0.75,0.75,0.018167346715927124,0.02429848350584507
2026-08-12_12-10-32,/home/as22cq/Projects/Policy-RL-Peg_insertion/force_peg_rl/logs/rl_games/Forge/2026-08-12_12-10-32/nn/last_Forge_ep_500_rew_132.64993.pth,0,nominal,1002,False,timeout,149,28.554643630981445,0.06020370125770569,16.353368759155273,11.304553985595703,0.9500000476837158,0.09311965107917786,2.4971354007720947,0.021752428263425827,0.75,0.75,0.0048210895620286465,-0.455463171005249
2026-08-12_12-10-32,/home/as22cq/Projects/Policy-RL-Peg_insertion/force_peg_rl/logs/rl_games/Forge/2026-08-12_12-10-32/nn/last_Forge_ep_500_rew_132.64993.pth,0,nominal,1002,False,timeout,149,38.292083740234375,0.025951141491532326,22.829795837402344,9.419281005859375,0.8166667222976685,0.004948969464749098,2.0040314197540283,0.02350851520895958,0.75,0.75,0.01819613203406334,-0.005416392348706722
2026-08-12_12-10-32,/home/as22cq/Projects/Policy-RL-Peg_insertion/force_peg_rl/logs/rl_games/Forge/2026-08-12_12-10-32/nn/last_Forge_ep_500_rew_132.64993.pth,0,nominal,1002,False,timeout,149,13.653027534484863,0.035181447863578796,15.808542251586914,6.237673759460449,0.34166669845581055,0.03775492310523987,0.3584487736225128,0.02101442776620388,0.75,0.75,0.009414990432560444,-0.6090927720069885
2026-08-12_12-10-32,/home/as22cq/Projects/Policy-RL-Peg_insertion/force_peg_rl/logs/rl_games/Forge/2026-08-12_12-10-32/nn/last_Forge_ep_500_rew_132.64993.pth,0,nominal,1002,False,timeout,149,32.97909164428711,0.03049469366669655,14.68768310546875,10.001371383666992,1.0500000715255737,0.017092835158109665,0.7610706090927124,0.015875333920121193,0.75,0.75,0.011569038964807987,-0.7177769541740417
2026-08-12_12-10-32,/home/as22cq/Projects/Policy-RL-Peg_insertion/force_peg_rl/logs/rl_games/Forge/2026-08-12_12-10-32/nn/last_Forge_ep_500_rew_132.64993.pth,0,nominal,1002,False,timeout,149,30.120956420898438,0.07487490773200989,16.31479263305664,11.3955659866333,1.133333444595337,0.06391707807779312,2.4899823665618896,0.015258326195180416,0.75,0.75,0.018379611894488335,0.7811346054077148
2026-08-12_12-10-32,/home/as22cq/Projects/Policy-RL-Peg_insertion/force_peg_rl/logs/rl_games/Forge/2026-08-12_12-10-32/nn/last_Forge_ep_500_rew_132.64993.pth,0,nominal,1002,False,timeout,149,37.129398345947266,0.02745652385056019,15.949514389038086,7.090964317321777,0.7416667342185974,0.0415642112493515,1.218711018562317,0.02088913694024086,0.75,0.75,0.022543538361787796,0.610447883605957
2026-08-12_12-10-32,/home/as22cq/Projects/Policy-RL-Peg_insertion/force_peg_rl/logs/rl_games/Forge/2026-08-12_12-10-32/nn/last_Forge_ep_500_rew_132.64993.pth,0,nominal,1002,False,timeout,149,18.07059669494629,0.0049258992075920105,13.866623878479004,8.2430419921875,1.0250000953674316,0.02806742861866951,0.6572519540786743,0.018048662692308426,0.75,0.75,0.017558418214321136,-0.6706448793411255
2026-08-12_12-10-32,/home/as22cq/Projects/Policy-RL-Peg_insertion/force_peg_rl/logs/rl_games/Forge/2026-08-12_12-10-32/nn/last_Forge_ep_500_rew_132.64993.pth,0,nominal,1002,False,timeout,149,35.72846221923828,0.024777354672551155,17.03676986694336,8.462822914123535,0.6250000596046448,0.021173588931560516,1.7060811519622803,0.01943502202630043,0.75,0.75,0.01972445659339428,0.34388330578804016
2026-08-12_12-10-32,/home/as22cq/Projects/Policy-RL-Peg_insertion/force_peg_rl/logs/rl_games/Forge/2026-08-12_12-10-32/nn/last_Forge_ep_500_rew_132.64993.pth,0,nominal,1002,False,timeout,149,36.3771858215332,-0.024845704436302185,26.949602127075195,9.758387565612793,0.8750000596046448,0.023011378943920135,1.4869332313537598,0.022645199671387672,0.75,0.75,0.023847145959734917,0.5307522416114807
2026-08-12_12-10-32,/home/as22cq/Projects/Policy-RL-Peg_insertion/force_peg_rl/logs/rl_games/Forge/2026-08-12_12-10-32/nn/last_Forge_ep_500_rew_132.64993.pth,0,nominal,1002,False,force_limit,149,26.8907413482666,0.09662912040948868,76.85893249511719,14.911883354187012,1.0500000715255737,0.037209123373031616,0.5625097155570984,0.018944377079606056,0.75,0.75,0.006309390068054199,-0.7669963836669922
2026-08-12_12-10-32,/home/as22cq/Projects/Policy-RL-Peg_insertion/force_peg_rl/logs/rl_games/Forge/2026-08-12_12-10-32/nn/last_Forge_ep_500_rew_132.64993.pth,0,nominal,1002,False,timeout,149,31.070194244384766,-0.003345552831888199,22.052913665771484,9.396180152893066,0.8333333730697632,0.07471475750207901,2.242335557937622,0.018863949924707413,0.75,0.75,0.01144767738878727,-0.6433558464050293
2026-08-12_12-10-32,/home/as22cq/Projects/Policy-RL-Peg_insertion/force_peg_rl/logs/rl_games/Forge/2026-08-12_12-10-32/nn/last_Forge_ep_500_rew_132.64993.pth,0,nominal,1002,False,timeout,149,35.31066131591797,0.05044307932257652,12.942574501037598,7.189467906951904,0.5750000476837158,0.023105904459953308,2.5610268115997314,0.01667553372681141,0.75,0.75,0.02061265893280506,-0.4601648151874542
2026-08-12_12-10-32,/home/as22cq/Projects/Policy-RL-Peg_insertion/force_peg_rl/logs/rl_games/Forge/2026-08-12_12-10-32/nn/last_Forge_ep_500_rew_132.64993.pth,0,nominal,1002,False,timeout,149,36.574527740478516,0.005667444318532944,15.839085578918457,9.589254379272461,1.0916666984558105,0.018109185621142387,2.1223559379577637,0.016353605315089226,0.75,0.75,0.006426599342375994,0.5460515022277832
2026-08-12_12-10-32,/home/as22cq/Projects/Policy-RL-Peg_insertion/force_peg_rl/logs/rl_games/Forge/2026-08-12_12-10-32/nn/last_Forge_ep_500_rew_132.64993.pth,0,nominal,1002,False,timeout,149,30.078086853027344,0.06300230324268341,14.781925201416016,7.744745254516602,0.7916666865348816,0.08782397210597992,1.0931968688964844,0.0231495201587677,0.75,0.75,0.018361076712608337,-0.6144851446151733
2026-08-12_12-10-32,/home/as22cq/Projects/Policy-RL-Peg_insertion/force_peg_rl/logs/rl_games/Forge/2026-08-12_12-10-32/nn/last_Forge_ep_500_rew_132.64993.pth,0,nominal,1002,False,timeout,149,32.4490966796875,0.02365740016102791,28.072046279907227,11.488139152526855,0.8666667342185974,0.024052808061242104,1.7341623306274414,0.017960816621780396,0.75,0.75,0.024453148245811462,-0.4762102961540222
2026-08-12_12-10-32,/home/as22cq/Projects/Policy-RL-Peg_insertion/force_peg_rl/logs/rl_games/Forge/2026-08-12_12-10-32/nn/last_Forge_ep_500_rew_132.64993.pth,0,nominal,1002,False,timeout,149,34.660728454589844,0.004896495491266251,30.38970947265625,12.368881225585938,1.0250000953674316,0.019719427451491356,2.065401554107666,0.019579095765948296,0.75,0.75,0.020004894584417343,0.5039832592010498
2026-08-12_12-10-32,/home/as22cq/Projects/Policy-RL-Peg_insertion/force_peg_rl/logs/rl_games/Forge/2026-08-12_12-10-32/nn/last_Forge_ep_500_rew_132.64993.pth,0,nominal,1002,False,timeout,149,31.1728515625,0.06903064250946045,10.481319427490234,4.039498329162598,0.5416666865348816,0.028701966628432274,0.4974498152732849,0.015213627368211746,0.75,0.75,0.019050033763051033,-0.4809843897819519
2026-08-12_12-10-32,/home/as22cq/Projects/Policy-RL-Peg_insertion/force_peg_rl/logs/rl_games/Forge/2026-08-12_12-10-32/nn/last_Forge_ep_500_rew_132.64993.pth,0,nominal,1002,False,timeout,149,41.61302947998047,0.015440518036484718,19.199440002441406,8.348374366760254,0.4333333671092987,0.03112655133008957,1.4985018968582153,0.02348879724740982,0.75,0.75,0.009959964081645012,0.6031556725502014
2026-08-12_12-10-32,/home/as22cq/Projects/Policy-RL-Peg_insertion/force_peg_rl/logs/rl_games/Forge/2026-08-12_12-10-32/nn/last_Forge_ep_500_rew_132.64993.pth,0,nominal,1002,False,timeout,149,33.88425064086914,-0.02373242750763893,28.70308494567871,9.380043983459473,0.7750000357627869,0.02485300414264202,1.8024497032165527,0.018472418189048767,0.75,0.75,0.021738998591899872,0.2531190812587738
2026-08-12_12-10-32,/home/as22cq/Projects/Policy-RL-Peg_insertion/force_peg_rl/logs/rl_games/Forge/2026-08-12_12-10-32/nn/last_Forge_ep_500_rew_132.64993.pth,0,nominal,1002,False,timeout,149,94.41475677490234,0.004602763801813126,23.577396392822266,13.214194297790527,1.1500000953674316,0.000756991736125201,1.2977166175842285,0.01925172284245491,0.75,0.75,0.00961276050657034,0.052236493676900864
2026-08-12_12-10-32,/home/as22cq/Projects/Policy-RL-Peg_insertion/force_peg_rl/logs/rl_games/Forge/2026-08-12_12-10-32/nn/last_Forge_ep_500_rew_132.64993.pth,0,nominal,1002,False,timeout,149,53.19075012207031,-0.0012173578143119812,27.031625747680664,13.370776176452637,0.8416666984558105,0.028083954006433487,1.4228514432907104,0.019380442798137665,0.75,0.75,0.016822820529341698,0.6261430382728577
2026-08-12_12-10-32,/home/as22cq/Projects/Policy-RL-Peg_insertion/force_peg_rl/logs/rl_games/Forge/2026-08-12_12-10-32/nn/last_Forge_ep_500_rew_132.64993.pth,0,nominal,1002,False,timeout,149,6.84626579284668,0.033906616270542145,28.4866886138916,9.514311790466309,0.8166667222976685,0.07177424430847168,2.893627405166626,0.016794543713331223,0.75,0.75,0.018017223104834557,0.46408531069755554
2026-08-12_12-10-32,/home/as22cq/Projects/Policy-RL-Peg_insertion/force_peg_rl/logs/rl_games/Forge/2026-08-12_12-10-32/nn/last_Forge_ep_500_rew_132.64993.pth,0,nominal,1002,False,timeout,149,45.373104095458984,0.08148312568664551,23.363513946533203,5.203771591186523,0.34166669845581055,0.09609462320804596,0.716417133808136,0.019242651760578156,0.75,0.75,0.022035354748368263,0.34101155400276184
2026-08-12_12-10-32,/home/as22cq/Projects/Policy-RL-Peg_insertion/force_peg_rl/logs/rl_games/Forge/2026-08-12_12-10-32/nn/last_Forge_ep_500_rew_132.64993.pth,0,nominal,1002,False,timeout,149,41.85428237915039,0.034707196056842804,17.95591926574707,6.046492576599121,0.44166669249534607,0.07929821312427521,0.8163977861404419,0.015795283019542694,0.75,0.75,0.020367883145809174,0.34260889887809753
2026-08-12_12-10-32,/home/as22cq/Projects/Policy-RL-Peg_insertion/force_peg_rl/logs/rl_games/Forge/2026-08-12_12-10-32/nn/last_Forge_ep_500_rew_132.64993.pth,0,nominal,1002,False,timeout,149,37.84271240234375,0.0036420971155166626,20.670307159423828,6.694607734680176,0.8416666984558105,0.017403075471520424,2.4040005207061768,0.019948218017816544,0.75,0.75,0.016364311799407005,-0.2797790467739105
2026-08-12_12-10-32,/home/as22cq/Projects/Policy-RL-Peg_insertion/force_peg_rl/logs/rl_games/Forge/2026-08-12_12-10-32/nn/last_Forge_ep_500_rew_132.64993.pth,0,nominal,1002,True,success,149,95.2116928100586,7.22929835319519e-05,20.181011199951172,11.693825721740723,0.9166666865348816,0.0005328663974069059,1.614052176475525,0.01647849753499031,0.75,0.75,0.012738442979753017,0.524593710899353
2026-08-12_12-10-32,/home/as22cq/Projects/Policy-RL-Peg_insertion/force_peg_rl/logs/rl_games/Forge/2026-08-12_12-10-32/nn/last_Forge_ep_500_rew_132.64993.pth,0,nominal,1002,False,timeout,149,36.559322357177734,0.08439598977565765,20.062021255493164,12.244823455810547,0.8750000596046448,0.09908807277679443,2.9312174320220947,0.022872261703014374,0.75,0.75,0.0053299725987017155,0.7188141345977783
