run_id,checkpoint,training_seed,evaluation_suite,episode_seed,success,termination_reason,episode_steps,episode_return,final_insertion_depth,max_contact_force,mean_contact_force,force_above_threshold_duration,lateral_error_final,orientation_error_final,peg_mass,peg_friction,socket_friction,initial_xy_offset,initial_orientation_error
2026-08-17_23-48-36,/home/as22cq/Projects/Policy-RL-Peg_insertion/force_peg_rl/logs/rl_games/Forge/2026-08-17_23-48-36/nn/Forge.pth,2,nominal,1000,False,timeout,149,67.24529266357422,0.017750412225723267,12.102191925048828,6.4834699630737305,0.7333333492279053,0.000682138663250953,1.0440502166748047,0.023561738431453705,0.75,0.75,0.01671551913022995,0.7032023668289185
2026-08-17_23-48-36,/home/as22cq/Projects/Policy-RL-Peg_insertion/force_peg_rl/logs/rl_games/Forge/2026-08-17_23-48-36/nn/Forge.pth,2,nominal,1000,True,success,149,351.7236633300781,0.000514548271894455,10.605205535888672,3.556915044784546,0.05833333730697632,0.0005276762531138957,0.5046746730804443,0.017124135047197342,0.75,0.75,0.008148709312081337,0.36910954117774963
2026-08-17_23-48-36,/home/as22cq/Projects/Policy-RL-Peg_insertion/force_peg_rl/logs/rl_games/Forge/2026-08-17_23-48-36/nn/Forge.pth,2,nominal,1000,False,timeout,149,20.50626564025879,0.06524340808391571,11.543707847595215,0.885940670967102,0.03333333507180214,0.04321448504924774,0.7109304070472717,0.014178655110299587,0.75,0.75,0.023647740483283997,0.1123204231262207
2026-08-17_23-48-36,/home/as22cq/Projects/Policy-RL-Peg_insertion/force_peg_rl/logs/rl_games/Forge/2026-08-17_23-48-36/nn/Forge.pth,2,nominal,1000,False,timeout,149,22.468952178955078,0.037943143397569656,15.74815845489502,1.6887332201004028,0.01666666753590107,0.08928629010915756,2.559504985809326,0.014822219498455524,0.75,0.75,0.014952776953577995,-0.2009725421667099
2026-08-17_23-48-36,/home/as22cq/Projects/Policy-RL-Peg_insertion/force_peg_rl/logs/rl_games/Forge/2026-08-17_23-48-36/nn/Forge.pth,2,nominal,1000,False,timeout,149,18.346240997314453,0.07415928691625595,10.060352325439453,0.7054107189178467,0.008333333767950535,0.04512118175625801,0.6587504744529724,0.015191162936389446,0.75,0.75,0.018248779699206352,0.5954028964042664
2026-08-17_23-48-36,/home/as22cq/Projects/Policy-RL-Peg_insertion/force_peg_rl/logs/rl_games/Forge/2026-08-17_23-48-36/nn/Forge.pth,2,nominal,1000,False,timeout,149,68.34292602539062,0.06404721736907959,13.06885814666748,8.155729293823242,0.9000000357627869,0.039573002606630325,0.8299657702445984,0.02277202531695366,0.75,0.75,0.018479695543646812,-0.7605499029159546
2026-08-17_23-48-36,/home/as22cq/Projects/Policy-RL-Peg_insertion/force_peg_rl/logs/rl_games/Forge/2026-08-17_23-48-36/nn/Forge.pth,2,nominal,1000,False,timeout,149,31.150827407836914,-0.0059731341898441315,9.328989028930664,2.4198615550994873,0.02500000223517418,0.03624959662556648,1.3748326301574707,0.01734333485364914,0.75,0.75,0.013883262872695923,-0.4561724364757538
2026-08-17_23-48-36,/home/as22cq/Projects/Policy-RL-Peg_insertion/force_peg_rl/logs/rl_games/Forge/2026-08-17_23-48-36/nn/Forge.pth,2,nominal,1000,False,timeout,149,176.26138305664062,0.023497305810451508,11.42349624633789,5.062213897705078,0.32500001788139343,0.0008442921098321676,0.6355074048042297,0.015605839900672436,0.75,0.75,0.021147767081856728,-0.5716313123703003
2026-08-17_23-48-36,/home/as22cq/Projects/Policy-RL-Peg_insertion/force_peg_rl/logs/rl_games/Forge/2026-08-17_23-48-36/nn/Forge.pth,2,nominal,1000,False,timeout,149,15.872977256774902,0.21025842428207397,2.5986406803131104,0.12236042320728302,0.0,0.05686267465353012,0.5901143550872803,0.01608586497604847,0.75,0.75,0.02124195732176304,0.4941501319408417
2026-08-17_23-48-36,/home/as22cq/Projects/Policy-RL-Peg_insertion/force_peg_rl/logs/rl_games/Forge/2026-08-17_23-48-36/nn/Forge.pth,2,nominal,1000,True,success,149,290.63006591796875,0.00010867323726415634,9.718987464904785,4.710155487060547,0.0,0.00048189956578426063,0.5946040749549866,0.01495019905269146,0.75,0.75,0.019088279455900192,-0.26723089814186096
2026-08-17_23-48-36,/home/as22cq/Projects/Policy-RL-Peg_insertion/force_peg_rl/logs/rl_games/Forge/2026-08-17_23-48-36/nn/Forge.pth,2,nominal,1000,True,success,149,148.5355682373047,0.00015387684106826782,17.333215713500977,8.90667724609375,0.8666667342185974,0.0005645853234454989,1.7466994524002075,0.018377695232629776,0.75,0.75,0.014740400947630405,0.10799532383680344
2026-08-17_23-48-36,/home/as22cq/Projects/Policy-RL-Peg_insertion/force_peg_rl/logs/rl_games/Forge/2026-08-17_23-48-36/nn/Forge.pth,2,nominal,1000,True,success,149,345.2638854980469,0.00020703673362731934,11.084611892700195,6.195350646972656,0.44166669249534607,0.0008248476660810411,0.8951683640480042,0.022335082292556763,0.75,0.75,0.017694538459181786,0.3291117548942566
2026-08-17_23-48-36,/home/as22cq/Projects/Policy-RL-Peg_insertion/force_peg_rl/logs/rl_games/Forge/2026-08-17_23-48-36/nn/Forge.pth,2,nominal,1000,False,timeout,149,17.195960998535156,0.11559607088565826,5.936222076416016,0.40572693943977356,0.0,0.04729168862104416,0.24689854681491852,0.020029595121741295,0.75,0.75,0.015316269360482693,-0.7804366946220398
2026-08-17_23-48-36,/home/as22cq/Projects/Policy-RL-Peg_insertion/force_peg_rl/logs/rl_games/Forge/2026-08-17_23-48-36/nn/Forge.pth,2,nominal,1000,False,timeout,149,204.557861328125,0.011991627514362335,14.011034965515137,2.840397834777832,0.10833334177732468,0.0008911286713555455,1.3731294870376587,0.021023107692599297,0.75,0.75,0.009634340181946754,-0.2115703970193863
2026-08-17_23-48-36,/home/as22cq/Projects/Policy-RL-Peg_insertion/force_peg_rl/logs/rl_games/Forge/2026-08-17_23-48-36/nn/Forge.pth,2,nominal,1000,False,timeout,149,19.52813720703125,0.03874225914478302,6.545468807220459,0.8937174081802368,0.06666667014360428,0.03223399072885513,0.9700983762741089,0.022172287106513977,0.75,0.75,0.012548491358757019,-0.137803852558136
2026-08-17_23-48-36,/home/as22cq/Projects/Policy-RL-Peg_insertion/force_peg_rl/logs/rl_games/Forge/2026-08-17_23-48-36/nn/Forge.pth,2,nominal,1000,False,timeout,149,17.7562313079834,0.13399530947208405,8.69076156616211,0.7801865339279175,0.0,0.04898908734321594,0.5379658341407776,0.01987394317984581,0.75,0.75,0.022480687126517296,-0.10681559145450592
2026-08-17_23-48-36,/home/as22cq/Projects/Policy-RL-Peg_insertion/force_peg_rl/logs/rl_games/Forge/2026-08-17_23-48-36/nn/Forge.pth,2,nominal,1000,False,timeout,149,18.296127319335938,0.03356677293777466,12.986135482788086,1.676577091217041,0.07500000298023224,0.08228257298469543,2.3808774948120117,0.016976987943053246,0.75,0.75,0.017675256356596947,0.7056381702423096
2026-08-17_23-48-36,/home/as22cq/Projects/Policy-RL-Peg_insertion/force_peg_rl/logs/rl_games/Forge/2026-08-17_23-48-36/nn/Forge.pth,2,nominal,1000,False,timeout,149,232.27264404296875,0.0018099397420883179,10.461952209472656,6.206326484680176,0.02500000223517418,0.0007834776770323515,0.93804931640625,0.023760249838232994,0.75,0.75,0.020208759233355522,0.34764203429222107
2026-08-17_23-48-36,/home/as22cq/Projects/Policy-RL-Peg_insertion/force_peg_rl/logs/rl_games/Forge/2026-08-17_23-48-36/nn/Forge.pth,2,nominal,1000,False,timeout,149,157.81201171875,0.007269810885190964,17.643102645874023,10.187987327575684,0.7000000476837158,0.0008449630113318563,1.6722609996795654,0.016569796949625015,0.75,0.75,0.015312105417251587,0.7492011189460754
2026-08-17_23-48-36,/home/as22cq/Projects/Policy-RL-Peg_insertion/force_peg_rl/logs/rl_games/Forge/2026-08-17_23-48-36/nn/Forge.pth,2,nominal,1000,False,timeout,149,98.21913146972656,0.08369290083646774,14.72182559967041,5.100651741027832,0.3500000238418579,0.05972837656736374,0.5128697752952576,0.015117974020540714,0.75,0.75,0.02137409895658493,0.21661613881587982
2026-08-17_23-48-36,/home/as22cq/Projects/Policy-RL-Peg_insertion/force_peg_rl/logs/rl_games/Forge/2026-08-17_23-48-36/nn/Forge.pth,2,nominal,1000,False,timeout,149,19.245344161987305,0.0808994323015213,8.845101356506348,1.1319530010223389,0.02500000223517418,0.03483957052230835,0.6108825206756592,0.014010193757712841,0.75,0.75,0.015321405604481697,-0.5128018260002136
2026-08-17_23-48-36,/home/as22cq/Projects/Policy-RL-Peg_insertion/force_peg_rl/logs/rl_games/Forge/2026-08-17_23-48-36/nn/Forge.pth,2,nominal,1000,False,timeout,149,62.67538070678711,0.0054731108248233795,26.495203018188477,10.776446342468262,1.008333444595337,0.0009346514707431197,0.7439286112785339,0.02174752950668335,0.75,0.75,0.02025887742638588,-0.6327519416809082
2026-08-17_23-48-36,/home/as22cq/Projects/Policy-RL-Peg_insertion/force_peg_rl/logs/rl_games/Forge/2026-08-17_23-48-36/nn/Forge.pth,2,nominal,1000,False,timeout,149,17.561403274536133,0.16431555151939392,10.855597496032715,0.9343481063842773,0.02500000223517418,0.05334237962961197,0.5810078978538513,0.017311863601207733,0.75,0.75,0.007682320196181536,-0.4939928650856018
2026-08-17_23-48-36,/home/as22cq/Projects/Policy-RL-Peg_insertion/force_peg_rl/logs/rl_games/Forge/2026-08-17_23-48-36/nn/Forge.pth,2,nominal,1000,False,timeout,149,35.03245162963867,0.06548604369163513,8.564225196838379,0.7635695934295654,0.008333333767950535,0.02750163897871971,0.7343327403068542,0.020803755149245262,0.75,0.75,0.018430469557642937,0.4884280562400818
2026-08-17_23-48-36,/home/as22cq/Projects/Policy-RL-Peg_insertion/force_peg_rl/logs/rl_games/Forge/2026-08-17_23-48-36/nn/Forge.pth,2,nominal,1000,False,timeout,149,16.186878204345703,0.08994603157043457,8.427837371826172,1.511337399482727,0.17500001192092896,0.05251111090183258,0.5809018611907959,0.015124655328691006,0.75,0.75,0.01683112047612667,0.37920117378234863
2026-08-17_23-48-36,/home/as22cq/Projects/Policy-RL-Peg_insertion/force_peg_rl/logs/rl_games/Forge/2026-08-17_23-48-36/nn/Forge.pth,2,nominal,1000,True,success,149,296.519775390625,3.8178637623786926e-05,11.56669807434082,7.678983688354492,0.8000000715255737,0.00023330110707320273,0.49977123737335205,0.01879996247589588,0.75,0.75,0.00936125684529543,0.27571365237236023
2026-08-17_23-48-36,/home/as22cq/Projects/Policy-RL-Peg_insertion/force_peg_rl/logs/rl_games/Forge/2026-08-17_23-48-36/nn/Forge.pth,2,nominal,1000,True,success,149,121.81938934326172,-9.551644325256348e-06,20.98468589782715,11.462132453918457,0.8166667222976685,0.0005459667881950736,1.1394617557525635,0.015738019719719887,0.75,0.75,0.013880397193133831,0.12686221301555634
2026-08-17_23-48-36,/home/as22cq/Projects/Policy-RL-Peg_insertion/force_peg_rl/logs/rl_games/Forge/2026-08-17_23-48-36/nn/Forge.pth,2,nominal,1000,False,timeout,149,82.13362121582031,0.011843003332614899,25.88857650756836,9.5726957321167,1.0666667222976685,0.0007599908858537674,1.741982102394104,0.019555186852812767,0.75,0.75,0.008305797353386879,0.0697137787938118
2026-08-17_23-48-36,/home/as22cq/Projects/Policy-RL-Peg_insertion/force_peg_rl/logs/rl_games/Forge/2026-08-17_23-48-36/nn/Forge.pth,2,nominal,1000,False,timeout,149,169.51077270507812,0.019605960696935654,13.858320236206055,7.859384059906006,0.6250000596046448,0.0011907469015568495,0.765569806098938,0.02124733291566372,0.75,0.75,0.007223862688988447,-0.6261898875236511
2026-08-17_23-48-36,/home/as22cq/Projects/Policy-RL-Peg_insertion/force_peg_rl/logs/rl_games/Forge/2026-08-17_23-48-36/nn/Forge.pth,2,nominal,1000,False,timeout,149,43.600276947021484,0.08055330067873001,12.011550903320312,1.4965848922729492,0.02500000223517418,0.049881648272275925,0.6072781682014465,0.01970910094678402,0.75,0.75,0.007939568720757961,-0.4622341990470886
2026-08-17_23-48-36,/home/as22cq/Projects/Policy-RL-Peg_insertion/force_peg_rl/logs/rl_games/Forge/2026-08-17_23-48-36/nn/Forge.pth,2,nominal,1000,False,timeout,149,41.07451248168945,0.026061374694108963,8.987655639648438,1.678144931793213,0.0,0.025894615799188614,0.6252648234367371,0.02351207286119461,0.75,0.75,0.01979965902864933,0.24725523591041565
2026-08-17_23-48-36,/home/as22cq/Projects/Policy-RL-Peg_insertion/force_peg_rl/logs/rl_games/Forge/2026-08-17_23-48-36/nn/Forge.pth,2,nominal,1000,False,timeout,149,187.36441040039062,0.024589210748672485,9.77451229095459,5.262749195098877,0.06666667014360428,0.0032592895440757275,2.2016851902008057,0.01648496463894844,0.75,0.75,0.017878403887152672,0.7256836891174316
2026-08-17_23-48-36,/home/as22cq/Projects/Policy-RL-Peg_insertion/force_peg_rl/logs/rl_games/Forge/2026-08-17_23-48-36/nn/Forge.pth,2,nominal,1000,False,timeout,149,18.074804306030273,0.06240621209144592,17.11039924621582,2.552586317062378,0.06666667014360428,0.03989394009113312,0.8601618409156799,0.01584630087018013,0.75,0.75,0.011824360117316246,-0.6743318438529968
2026-08-17_23-48-36,/home/as22cq/Projects/Policy-RL-Peg_insertion/force_peg_rl/logs/rl_games/Forge/2026-08-17_23-48-36/nn/Forge.pth,2,nominal,1000,True,success,149,253.75064086914062,0.00020523928105831146,9.892012596130371,4.464853286743164,0.03333333507180214,0.0003704965638462454,0.5640209317207336,0.022326525300741196,0.75,0.75,0.018539348617196083,0.5196216702461243
2026-08-17_23-48-36,/home/as22cq/Projects/Policy-RL-Peg_insertion/force_peg_rl/logs/rl_games/Forge/2026-08-17_23-48-36/nn/Forge.pth,2,nominal,1000,False,timeout,149,49.83211135864258,-0.001779269427061081,16.216432571411133,2.8912007808685303,0.03333333507180214,0.035918474197387695,2.0685503482818604,0.023398861289024353,0.75,0.75,0.017740091308951378,0.14715668559074402
2026-08-17_23-48-36,/home/as22cq/Projects/Policy-RL-Peg_insertion/force_peg_rl/logs/rl_games/Forge/2026-08-17_23-48-36/nn/Forge.pth,2,nominal,1000,True,success,149,368.3501892089844,0.00018908455967903137,13.262874603271484,5.103212356567383,0.05833333730697632,0.000795353262219578,1.0784258842468262,0.02174619771540165,0.75,0.75,0.021507401019334793,0.24911685287952423
2026-08-17_23-48-36,/home/as22cq/Projects/Policy-RL-Peg_insertion/force_peg_rl/logs/rl_games/Forge/2026-08-17_23-48-36/nn/Forge.pth,2,nominal,1000,True,success,149,344.5585632324219,0.00020581483840942383,7.777794361114502,4.187029838562012,0.19166667759418488,0.0008556176326237619,0.6646402478218079,0.01563699170947075,0.75,0.75,0.0176797304302454,0.26284798979759216
2026-08-17_23-48-36,/home/as22cq/Projects/Policy-RL-Peg_insertion/force_peg_rl/logs/rl_games/Forge/2026-08-17_23-48-36/nn/Forge.pth,2,nominal,1000,False,timeout,149,21.14634132385254,0.06064542010426521,3.9957594871520996,1.1568410396575928,0.0,0.08897142112255096,1.7889620065689087,0.01573294587433338,0.75,0.75,0.02198193036019802,0.6111094951629639
2026-08-17_23-48-36,/home/as22cq/Projects/Policy-RL-Peg_insertion/force_peg_rl/logs/rl_games/Forge/2026-08-17_23-48-36/nn/Forge.pth,2,nominal,1000,False,timeout,149,22.597431182861328,0.046409640461206436,14.179095268249512,0.9269747138023376,0.008333333767950535,0.08138708770275116,2.6164822578430176,0.014003502205014229,0.75,0.75,0.012955267913639545,-0.5995081067085266
2026-08-17_23-48-36,/home/as22cq/Projects/Policy-RL-Peg_insertion/force_peg_rl/logs/rl_games/Forge/2026-08-17_23-48-36/nn/Forge.pth,2,nominal,1000,True,success,149,295.3212585449219,0.0001379549503326416,9.218964576721191,2.4679205417633057,0.125,0.0005279623437672853,0.5548678040504456,0.02039811573922634,0.75,0.75,0.005036104936152697,0.553692102432251
2026-08-17_23-48-36,/home/as22cq/Projects/Policy-RL-Peg_insertion/force_peg_rl/logs/rl_games/Forge/2026-08-17_23-48-36/nn/Forge.pth,2,nominal,1000,True,success,149,350.54400634765625,4.2654573917388916e-05,17.36568832397461,8.711856842041016,1.0416667461395264,0.000113304027763661,0.33776047825813293,0.020300574600696564,0.75,0.75,0.00431095901876688,-0.09634539484977722
2026-08-17_23-48-36,/home/as22cq/Projects/Policy-RL-Peg_insertion/force_peg_rl/logs/rl_games/Forge/2026-08-17_23-48-36/nn/Forge.pth,2,nominal,1000,True,success,149,345.8369445800781,0.00014068931341171265,9.788469314575195,7.067412376403809,0.09166666865348816,0.0005132568767294288,0.40212854743003845,0.016163671389222145,0.75,0.75,0.00822652317583561,0.26826703548431396
2026-08-17_23-48-36,/home/as22cq/Projects/Policy-RL-Peg_insertion/force_peg_rl/logs/rl_games/Forge/2026-08-17_23-48-36/nn/Forge.pth,2,nominal,1000,False,timeout,149,30.755170822143555,0.13680870831012726,13.749424934387207,1.4191985130310059,0.03333333507180214,0.053422052413225174,0.3406052887439728,0.017122630029916763,0.75,0.75,0.018836958333849907,-0.18231983482837677
2026-08-17_23-48-36,/home/as22cq/Projects/Policy-RL-Peg_insertion/force_peg_rl/logs/rl_games/Forge/2026-08-17_23-48-36/nn/Forge.pth,2,nominal,1000,False,timeout,149,22.857580184936523,0.07147522270679474,8.8324613571167,1.162334680557251,0.03333333507180214,0.03296446055173874,0.6085690855979919,0.014354829676449299,0.75,0.75,0.017511136829853058,-0.36224284768104553
2026-08-17_23-48-36,/home/as22cq/Projects/Policy-RL-Peg_insertion/force_peg_rl/logs/rl_games/Forge/2026-08-17_23-48-36/nn/Forge.pth,2,nominal,1000,False,timeout,149,14.941108703613281,0.1392444670200348,16.637977600097656,1.2515698671340942,0.008333333767950535,0.04539305716753006,0.4066436290740967,0.01863621547818184,0.75,0.75,0.006828145124018192,-0.2768303155899048
2026-08-17_23-48-36,/home/as22cq/Projects/Policy-RL-Peg_insertion/force_peg_rl/logs/rl_games/Forge/2026-08-17_23-48-36/nn/Forge.pth,2,nominal,1000,False,timeout,149,17.184053421020508,0.06951318681240082,8.498271942138672,0.9863588213920593,0.03333333507180214,0.03465539589524269,0.6017845869064331,0.018752261996269226,0.75,0.75,0.016032904386520386,-0.5150390267372131
2026-08-17_23-48-36,/home/as22cq/Projects/Policy-RL-Peg_insertion/force_peg_rl/logs/rl_games/Forge/2026-08-17_23-48-36/nn/Forge.pth,2,nominal,1000,False,timeout,149,209.46633911132812,0.012908391654491425,10.65792465209961,5.261300563812256,0.15000000596046448,0.0006243996322154999,1.5753042697906494,0.015378267504274845,0.75,0.75,0.00031635010964237154,-0.4822777211666107
2026-08-17_23-48-36,/home/as22cq/Projects/Policy-RL-Peg_insertion/force_peg_rl/logs/rl_games/Forge/2026-08-17_23-48-36/nn/Forge.pth,2,nominal,1000,False,timeout,149,22.304853439331055,0.0869000107049942,6.87059211730957,0.9613446593284607,0.0,0.05608879402279854,0.5339137315750122,0.014141926541924477,0.75,0.75,0.006866457872092724,-0.336221307516098
2026-08-17_23-48-36,/home/as22cq/Projects/Policy-RL-Peg_insertion/force_peg_rl/logs/rl_games/Forge/2026-08-17_23-48-36/nn/Forge.pth,2,nominal,1000,False,timeout,149,18.8243350982666,0.07176937162876129,15.015748023986816,1.2030435800552368,0.0416666679084301,0.018051020801067352,0.6169815063476562,0.018745511770248413,0.75,0.75,0.024047987535595894,0.6444141268730164
2026-08-17_23-48-36,/home/as22cq/Projects/Policy-RL-Peg_insertion/force_peg_rl/logs/rl_games/Forge/2026-08-17_23-48-36/nn/Forge.pth,2,nominal,1000,False,timeout,149,18.556467056274414,0.12156021595001221,7.041332721710205,0.7672443985939026,0.0,0.02391369268298149,0.5165231227874756,0.0173479113727808,0.75,0.75,0.009062601253390312,-0.15511783957481384
2026-08-17_23-48-36,/home/as22cq/Projects/Policy-RL-Peg_insertion/force_peg_rl/logs/rl_games/Forge/2026-08-17_23-48-36/nn/Forge.pth,2,nominal,1000,False,timeout,149,19.020652770996094,0.03485872596502304,15.434346199035645,1.0759680271148682,0.01666666753590107,0.03694096580147743,0.7406741380691528,0.01403332781046629,0.75,0.75,0.005143217276781797,-0.5621067881584167
2026-08-17_23-48-36,/home/as22cq/Projects/Policy-RL-Peg_insertion/force_peg_rl/logs/rl_games/Forge/2026-08-17_23-48-36/nn/Forge.pth,2,nominal,1000,False,timeout,149,157.37319946289062,0.009838946163654327,23.140886306762695,10.512805938720703,0.7250000238418579,0.0008868930162861943,1.7957713603973389,0.018756166100502014,0.75,0.75,0.010409687645733356,0.5376743078231812
2026-08-17_23-48-36,/home/as22cq/Projects/Policy-RL-Peg_insertion/force_peg_rl/logs/rl_games/Forge/2026-08-17_23-48-36/nn/Forge.pth,2,nominal,1000,False,timeout,149,193.38787841796875,0.014759654179215431,14.59408950805664,6.786032199859619,0.491666704416275,0.0008810922736302018,1.8194869756698608,0.02340727485716343,0.75,0.75,0.01523620169609785,-0.31428906321525574
2026-08-17_23-48-36,/home/as22cq/Projects/Policy-RL-Peg_insertion/force_peg_rl/logs/rl_games/Forge/2026-08-17_23-48-36/nn/Forge.pth,2,nominal,1000,False,timeout,149,82.87507629394531,0.07545079290866852,10.644500732421875,3.427493095397949,0.0833333358168602,0.3609027862548828,0.9436426162719727,0.022075120359659195,0.75,0.75,0.018452828750014305,-0.513257622718811
2026-08-17_23-48-36,/home/as22cq/Projects/Policy-RL-Peg_insertion/force_peg_rl/logs/rl_games/Forge/2026-08-17_23-48-36/nn/Forge.pth,2,nominal,1000,True,success,149,315.7157287597656,0.00015582144260406494,9.832128524780273,4.868793487548828,0.008333333767950535,0.0005745937232859433,0.5384909510612488,0.015387878753244877,0.75,0.75,0.0012650977587327361,0.562414288520813
2026-08-17_23-48-36,/home/as22cq/Projects/Policy-RL-Peg_insertion/force_peg_rl/logs/rl_games/Forge/2026-08-17_23-48-36/nn/Forge.pth,2,nominal,1000,False,timeout,149,21.93844223022461,0.08288262039422989,12.265105247497559,0.7323687076568604,0.008333333767950535,0.08360413461923599,2.51218581199646,0.022252220660448074,0.75,0.75,0.016547856852412224,0.2977694571018219
2026-08-17_23-48-36,/home/as22cq/Projects/Policy-RL-Peg_insertion/force_peg_rl/logs/rl_games/Forge/2026-08-17_23-48-36/nn/Forge.pth,2,nominal,1000,False,timeout,149,144.869384765625,0.02106577530503273,21.63868522644043,9.78627872467041,0.8666667342185974,0.0010370127856731415,0.7346941828727722,0.016298748552799225,0.75,0.75,0.010977409780025482,-0.5985468029975891
2026-08-17_23-48-36,/home/as22cq/Projects/Policy-RL-Peg_insertion/force_peg_rl/logs/rl_games/Forge/2026-08-17_23-48-36/nn/Forge.pth,2,nominal,1000,True,success,149,147.61099243164062,6.172806024551392e-05,31.293397903442383,10.269574165344238,1.0250000953674316,0.0004940373473800719,1.8444522619247437,0.015881797298789024,0.75,0.75,0.001004559569992125,-0.3111740052700043
2026-08-17_23-48-36,/home/as22cq/Projects/Policy-RL-Peg_insertion/force_peg_rl/logs/rl_games/Forge/2026-08-17_23-48-36/nn/Forge.pth,2,nominal,1000,False,timeout,149,78.62557220458984,0.1965152770280838,14.496641159057617,6.072988986968994,0.6250000596046448,0.24202615022659302,0.5609858632087708,0.020506881177425385,0.75,0.75,0.0052452669478952885,0.23343375325202942
2026-08-17_23-48-36,/home/as22cq/Projects/Policy-RL-Peg_insertion/force_peg_rl/logs/rl_games/Forge/2026-08-17_23-48-36/nn/Forge.pth,2,nominal,1000,True,success,149,318.8153381347656,0.00016992539167404175,11.631321907043457,5.978640556335449,0.02500000223517418,0.0007852611597627401,0.6267763376235962,0.02275972068309784,0.75,0.75,0.023412443697452545,-0.6498783230781555
2026-08-17_23-48-36,/home/as22cq/Projects/Policy-RL-Peg_insertion/force_peg_rl/logs/rl_games/Forge/2026-08-17_23-48-36/nn/Forge.pth,2,nominal,1000,False,timeout,149,16.63526725769043,0.11046360433101654,5.146270275115967,0.463882714509964,0.0,0.01944270357489586,0.32221680879592896,0.01545441523194313,0.75,0.75,0.019387586042284966,-0.5489272475242615
2026-08-17_23-48-36,/home/as22cq/Projects/Policy-RL-Peg_insertion/force_peg_rl/logs/rl_games/Forge/2026-08-17_23-48-36/nn/Forge.pth,2,nominal,1000,True,success,149,347.6598815917969,7.214769721031189e-05,16.29619026184082,5.429817199707031,0.05833333730697632,5.5584263463970274e-05,0.49844735860824585,0.015694985166192055,0.75,0.75,0.016368405893445015,0.5531549453735352
2026-08-17_23-48-36,/home/as22cq/Projects/Policy-RL-Peg_insertion/force_peg_rl/logs/rl_games/Forge/2026-08-17_23-48-36/nn/Forge.pth,2,nominal,1000,False,timeout,149,114.42807006835938,0.02168843150138855,12.299215316772461,5.9986186027526855,0.5,0.001246228814125061,0.8986033201217651,0.016468822956085205,0.75,0.75,0.016171017661690712,0.044991713017225266
2026-08-17_23-48-36,/home/as22cq/Projects/Policy-RL-Peg_insertion/force_peg_rl/logs/rl_games/Forge/2026-08-17_23-48-36/nn/Forge.pth,2,nominal,1000,False,timeout,149,19.064556121826172,0.03638465702533722,7.232457637786865,0.8770673274993896,0.05000000447034836,0.057285651564598083,1.5638229846954346,0.019007405266165733,0.75,0.75,0.016064055263996124,0.47414377331733704
2026-08-17_23-48-36,/home/as22cq/Projects/Policy-RL-Peg_insertion/force_peg_rl/logs/rl_games/Forge/2026-08-17_23-48-36/nn/Forge.pth,2,nominal,1000,False,timeout,149,-47.89305877685547,0.10240693390369415,9.265036582946777,0.93442702293396,0.0,0.029006678611040115,0.49018609523773193,0.018118543550372124,0.75,0.75,0.01802942156791687,0.7498461008071899
2026-08-17_23-48-36,/home/as22cq/Projects/Policy-RL-Peg_insertion/force_peg_rl/logs/rl_games/Forge/2026-08-17_23-48-36/nn/Forge.pth,2,nominal,1000,False,timeout,149,-46.50336837768555,0.10174473375082016,6.623249530792236,1.0208958387374878,0.0,0.017416754737496376,0.31647753715515137,0.01966632716357708,0.75,0.75,0.007557578384876251,-0.09815933555364609
2026-08-17_23-48-36,/home/as22cq/Projects/Policy-RL-Peg_insertion/force_peg_rl/logs/rl_games/Forge/2026-08-17_23-48-36/nn/Forge.pth,2,nominal,1000,False,timeout,149,-42.279319763183594,0.07069362699985504,3.953674793243408,0.28283074498176575,0.0,0.056678056716918945,0.9063479900360107,0.023308061063289642,0.75,0.75,0.012412076815962791,-0.5530489087104797
2026-08-17_23-48-36,/home/as22cq/Projects/Policy-RL-Peg_insertion/force_peg_rl/logs/rl_games/Forge/2026-08-17_23-48-36/nn/Forge.pth,2,nominal,1000,False,timeout,149,-49.4719123840332,0.07906767725944519,15.292811393737793,0.757519543170929,0.01666666753590107,0.05152956396341324,0.6473448276519775,0.0215561892837286,0.75,0.75,0.01169957872480154,0.7156596779823303
2026-08-17_23-48-36,/home/as22cq/Projects/Policy-RL-Peg_insertion/force_peg_rl/logs/rl_games/Forge/2026-08-17_23-48-36/nn/Forge.pth,2,nominal,1000,False,timeout,149,-69.48328399658203,0.09261104464530945,8.265634536743164,0.48203790187835693,0.02500000223517418,0.023195233196020126,0.3614538013935089,0.020947342738509178,0.75,0.75,0.014580048620700836,-0.5432584285736084
2026-08-17_23-48-36,/home/as22cq/Projects/Policy-RL-Peg_insertion/force_peg_rl/logs/rl_games/Forge/2026-08-17_23-48-36/nn/Forge.pth,2,nominal,1000,False,timeout,149,-62.49123001098633,0.21801476180553436,8.776988983154297,0.18544165790081024,0.0,0.054536934942007065,0.5796305537223816,0.01947927102446556,0.75,0.75,0.020112982019782066,-0.3255522549152374
2026-08-17_23-48-36,/home/as22cq/Projects/Policy-RL-Peg_insertion/force_peg_rl/logs/rl_games/Forge/2026-08-17_23-48-36/nn/Forge.pth,2,nominal,1000,False,timeout,149,-50.71885299682617,0.13869604468345642,3.62650203704834,0.33392125368118286,0.0,0.026825832203030586,0.5350390672683716,0.023776449263095856,0.75,0.75,0.008903895504772663,-0.46175509691238403
2026-08-17_23-48-36,/home/as22cq/Projects/Policy-RL-Peg_insertion/force_peg_rl/logs/rl_games/Forge/2026-08-17_23-48-36/nn/Forge.pth,2,nominal,1000,False,timeout,149,-46.35935592651367,0.0017000120133161545,5.181488513946533,1.2874000072479248,0.0,0.05228814110159874,1.3043031692504883,0.020117316395044327,0.75,0.75,0.010707366280257702,-0.48739689588546753
2026-08-17_23-48-36,/home/as22cq/Projects/Policy-RL-Peg_insertion/force_peg_rl/logs/rl_games/Forge/2026-08-17_23-48-36/nn/Forge.pth,2,nominal,1000,False,timeout,149,-64.70719909667969,0.059578750282526016,9.801663398742676,0.7518523335456848,0.01666666753590107,0.009751605801284313,0.675166130065918,0.020863723009824753,0.75,0.75,0.021311189979314804,0.07904361933469772
2026-08-17_23-48-36,/home/as22cq/Projects/Policy-RL-Peg_insertion/force_peg_rl/logs/rl_games/Forge/2026-08-17_23-48-36/nn/Forge.pth,2,nominal,1000,False,timeout,149,-59.27421951293945,0.23519496619701385,8.928833961486816,1.2980480194091797,0.008333333767950535,0.06230253353714943,0.8467400670051575,0.018675675615668297,0.75,0.75,0.013937028124928474,-0.2979695796966553
2026-08-17_23-48-36,/home/as22cq/Projects/Policy-RL-Peg_insertion/force_peg_rl/logs/rl_games/Forge/2026-08-17_23-48-36/nn/Forge.pth,2,nominal,1000,False,timeout,149,-30.610013961791992,-0.051113374531269073,16.074844360351562,4.369345188140869,0.3750000298023224,0.874146580696106,0.6350837349891663,0.01725655607879162,0.75,0.75,0.020735424011945724,-0.5086582899093628
2026-08-17_23-48-36,/home/as22cq/Projects/Policy-RL-Peg_insertion/force_peg_rl/logs/rl_games/Forge/2026-08-17_23-48-36/nn/Forge.pth,2,nominal,1000,False,timeout,149,-120.27754974365234,0.11111170798540115,24.04758644104004,7.15764045715332,0.6416667103767395,0.04146302491426468,0.5242902040481567,0.017080988734960556,0.75,0.75,0.02362671308219433,-0.36425384879112244
2026-08-17_23-48-36,/home/as22cq/Projects/Policy-RL-Peg_insertion/force_peg_rl/logs/rl_games/Forge/2026-08-17_23-48-36/nn/Forge.pth,2,nominal,1000,False,timeout,149,-52.44190216064453,0.08262911438941956,5.077639102935791,0.5165948271751404,0.0,0.044101230800151825,0.6773845553398132,0.01959938555955887,0.75,0.75,0.008725802414119244,-0.20728302001953125
2026-08-17_23-48-36,/home/as22cq/Projects/Policy-RL-Peg_insertion/force_peg_rl/logs/rl_games/Forge/2026-08-17_23-48-36/nn/Forge.pth,2,nominal,1000,False,timeout,149,-60.60799789428711,0.10545596480369568,11.497213363647461,0.6565248370170593,0.008333333767950535,0.007940883748233318,0.513952910900116,0.01676381379365921,0.75,0.75,0.02318117953836918,-0.26434141397476196
2026-08-17_23-48-36,/home/as22cq/Projects/Policy-RL-Peg_insertion/force_peg_rl/logs/rl_games/Forge/2026-08-17_23-48-36/nn/Forge.pth,2,nominal,1000,False,timeout,149,-33.103023529052734,0.04516265541315079,5.433655738830566,0.808108389377594,0.0,0.042937446385622025,0.8616260886192322,0.018617698922753334,0.75,0.75,0.010049527511000633,-0.43480250239372253
2026-08-17_23-48-36,/home/as22cq/Projects/Policy-RL-Peg_insertion/force_peg_rl/logs/rl_games/Forge/2026-08-17_23-48-36/nn/Forge.pth,2,nominal,1000,False,timeout,149,-61.30681228637695,0.08493100106716156,0.3086055815219879,0.06296873092651367,0.0,0.02885274402797222,0.7583367228507996,0.023897871375083923,0.75,0.75,0.018173715099692345,0.13729806244373322
2026-08-17_23-48-36,/home/as22cq/Projects/Policy-RL-Peg_insertion/force_peg_rl/logs/rl_games/Forge/2026-08-17_23-48-36/nn/Forge.pth,2,nominal,1000,False,timeout,149,-64.43501281738281,0.08903883397579193,8.212353706359863,0.6230021119117737,0.0,0.016498764976859093,0.2962509095668793,0.021812450140714645,0.75,0.75,0.005449702497571707,-0.4867987334728241
2026-08-17_23-48-36,/home/as22cq/Projects/Policy-RL-Peg_insertion/force_peg_rl/logs/rl_games/Forge/2026-08-17_23-48-36/nn/Forge.pth,2,nominal,1000,False,timeout,149,-28.309398651123047,0.032369185239076614,23.756906509399414,1.6983999013900757,0.02500000223517418,0.08582617342472076,2.032750129699707,0.02134937047958374,0.75,0.75,0.020930200815200806,0.7350996732711792
2026-08-17_23-48-36,/home/as22cq/Projects/Policy-RL-Peg_insertion/force_peg_rl/logs/rl_games/Forge/2026-08-17_23-48-36/nn/Forge.pth,2,nominal,1000,False,timeout,149,-49.42171859741211,0.05087042599916458,5.527137756347656,1.0516419410705566,0.0,0.0954042449593544,1.6098873615264893,0.021089788526296616,0.75,0.75,0.012755047529935837,-0.14591597020626068
2026-08-17_23-48-36,/home/as22cq/Projects/Policy-RL-Peg_insertion/force_peg_rl/logs/rl_games/Forge/2026-08-17_23-48-36/nn/Forge.pth,2,nominal,1000,False,timeout,149,-67.44219970703125,0.20804421603679657,4.142738342285156,0.3274572491645813,0.0,0.05017316713929176,0.6272799968719482,0.018257219344377518,0.75,0.75,0.01698097214102745,-0.5630594491958618
2026-08-17_23-48-36,/home/as22cq/Projects/Policy-RL-Peg_insertion/force_peg_rl/logs/rl_games/Forge/2026-08-17_23-48-36/nn/Forge.pth,2,nominal,1000,False,timeout,149,-64.96012115478516,0.08746634423732758,8.043387413024902,0.5344079732894897,0.008333333767950535,0.0301086213439703,0.4998030662536621,0.02389443665742874,0.75,0.75,0.008508238010108471,-0.09283413738012314
2026-08-17_23-48-36,/home/as22cq/Projects/Policy-RL-Peg_insertion/force_peg_rl/logs/rl_games/Forge/2026-08-17_23-48-36/nn/Forge.pth,2,nominal,1000,False,timeout,149,-51.007450103759766,0.0840597003698349,8.072983741760254,0.884605884552002,0.10000000894069672,0.03797344118356705,0.6577038764953613,0.01434275507926941,0.75,0.75,0.018330039456486702,-0.004009596072137356
2026-08-17_23-48-36,/home/as22cq/Projects/Policy-RL-Peg_insertion/force_peg_rl/logs/rl_games/Forge/2026-08-17_23-48-36/nn/Forge.pth,2,nominal,1000,False,timeout,149,-46.06974411010742,0.08648641407489777,5.875438213348389,0.4377293884754181,0.0,0.07922228425741196,2.5435330867767334,0.01877862587571144,0.75,0.75,0.02176535129547119,0.15468282997608185
2026-08-17_23-48-36,/home/as22cq/Projects/Policy-RL-Peg_insertion/force_peg_rl/logs/rl_games/Forge/2026-08-17_23-48-36/nn/Forge.pth,2,nominal,1000,False,timeout,149,-62.58879470825195,0.06835220009088516,12.6920166015625,0.7146936655044556,0.01666666753590107,0.06877946853637695,0.9004849195480347,0.021160157397389412,0.75,0.75,0.02139127627015114,0.6004807949066162
2026-08-17_23-48-36,/home/as22cq/Projects/Policy-RL-Peg_insertion/force_peg_rl/logs/rl_games/Forge/2026-08-17_23-48-36/nn/Forge.pth,2,nominal,1000,False,timeout,149,-53.29025650024414,0.06974982470273972,16.71255874633789,2.2587294578552246,0.23333334922790527,0.09053114056587219,2.189396619796753,0.023499952629208565,0.75,0.75,0.01928936131298542,0.7430297136306763
2026-08-17_23-48-36,/home/as22cq/Projects/Policy-RL-Peg_insertion/force_peg_rl/logs/rl_games/Forge/2026-08-17_23-48-36/nn/Forge.pth,2,nominal,1000,False,timeout,149,-60.236759185791016,0.01743212714791298,14.509842872619629,0.8444706201553345,0.0416666679084301,0.05706951394677162,0.9887842535972595,0.02208162099123001,0.75,0.75,0.017008619382977486,-0.35491257905960083
2026-08-17_23-48-36,/home/as22cq/Projects/Policy-RL-Peg_insertion/force_peg_rl/logs/rl_games/Forge/2026-08-17_23-48-36/nn/Forge.pth,2,nominal,1000,False,timeout,149,-49.26331329345703,0.01643308997154236,7.308211803436279,0.6231414675712585,0.0,0.039528436958789825,0.5006594061851501,0.019956247881054878,0.75,0.75,0.01755394972860813,0.13986514508724213
2026-08-17_23-48-36,/home/as22cq/Projects/Policy-RL-Peg_insertion/force_peg_rl/logs/rl_games/Forge/2026-08-17_23-48-36/nn/Forge.pth,2,nominal,1000,False,timeout,149,-60.14625930786133,0.13848306238651276,14.383794784545898,3.2016050815582275,0.11666667461395264,0.0672859326004982,2.5327024459838867,0.016296397894620895,0.75,0.75,0.018527429550886154,0.7244347929954529
2026-08-17_23-48-36,/home/as22cq/Projects/Policy-RL-Peg_insertion/force_peg_rl/logs/rl_games/Forge/2026-08-17_23-48-36/nn/Forge.pth,2,nominal,1000,False,timeout,149,-82.02359771728516,0.024289656430482864,14.809309005737305,8.3154296875,0.8916667103767395,0.02032654359936714,1.8860951662063599,0.016626736149191856,0.75,0.75,0.01710171066224575,0.7117137908935547
2026-08-17_23-48-36,/home/as22cq/Projects/Policy-RL-Peg_insertion/force_peg_rl/logs/rl_games/Forge/2026-08-17_23-48-36/nn/Forge.pth,2,nominal,1000,False,timeout,149,-107.43212127685547,0.10283287614583969,14.110052108764648,3.7965502738952637,0.36666667461395264,0.06262875348329544,2.602482795715332,0.020225219428539276,0.75,0.75,0.016017749905586243,0.0034809454809874296
2026-08-17_23-48-36,/home/as22cq/Projects/Policy-RL-Peg_insertion/force_peg_rl/logs/rl_games/Forge/2026-08-17_23-48-36/nn/Forge.pth,2,nominal,1000,True,success,149,100.92367553710938,0.00015160441398620605,24.9191951751709,8.740368843078613,0.8583333492279053,0.0005643974291160703,1.4186447858810425,0.015488960780203342,0.75,0.75,0.02502834051847458,-0.7038906216621399
2026-08-17_23-48-36,/home/as22cq/Projects/Policy-RL-Peg_insertion/force_peg_rl/logs/rl_games/Forge/2026-08-17_23-48-36/nn/Forge.pth,2,nominal,1000,False,timeout,149,-66.5921859741211,0.12080073356628418,4.850293159484863,0.3781142234802246,0.0,0.0636594146490097,0.4446984529495239,0.022106576710939407,0.75,0.75,0.00516841746866703,-0.4852777123451233
2026-08-17_23-48-36,/home/as22cq/Projects/Policy-RL-Peg_insertion/force_peg_rl/logs/rl_games/Forge/2026-08-17_23-48-36/nn/Forge.pth,2,nominal,1000,False,timeout,149,-53.62492370605469,0.08937156945466995,8.317144393920898,0.8147096633911133,0.008333333767950535,0.03899817541241646,0.3146156370639801,0.017006417736411095,0.75,0.75,0.013639906421303749,0.48150819540023804
2026-08-17_23-48-36,/home/as22cq/Projects/Policy-RL-Peg_insertion/force_peg_rl/logs/rl_games/Forge/2026-08-17_23-48-36/nn/Forge.pth,2,nominal,1000,False,timeout,149,-58.36782455444336,0.031515926122665405,12.343501091003418,1.3213279247283936,0.0833333358168602,0.04661133885383606,0.8245584964752197,0.01710451766848564,0.75,0.75,0.013467268086969852,-0.3489978611469269
2026-08-17_23-48-36,/home/as22cq/Projects/Policy-RL-Peg_insertion/force_peg_rl/logs/rl_games/Forge/2026-08-17_23-48-36/nn/Forge.pth,2,nominal,1000,False,timeout,149,-54.5450439453125,0.06399449706077576,0.30054178833961487,0.08598767220973969,0.0,0.05421948805451393,0.7109036445617676,0.015928983688354492,0.75,0.75,0.02180388756096363,0.42929592728614807
2026-08-17_23-48-36,/home/as22cq/Projects/Policy-RL-Peg_insertion/force_peg_rl/logs/rl_games/Forge/2026-08-17_23-48-36/nn/Forge.pth,2,nominal,1000,False,timeout,149,-51.75943374633789,0.02728906273841858,12.55557632446289,2.9516608715057373,0.09166666865348816,0.07495914399623871,0.6121132373809814,0.021516626700758934,0.75,0.75,0.02926960401237011,-0.5342552065849304
2026-08-17_23-48-36,/home/as22cq/Projects/Policy-RL-Peg_insertion/force_peg_rl/logs/rl_games/Forge/2026-08-17_23-48-36/nn/Forge.pth,2,nominal,1000,False,timeout,149,-48.93009567260742,0.12628862261772156,13.770682334899902,1.9568843841552734,0.17500001192092896,0.043849579989910126,0.00455869734287262,0.023288067430257797,0.75,0.75,0.017657635733485222,-0.610683798789978
2026-08-17_23-48-36,/home/as22cq/Projects/Policy-RL-Peg_insertion/force_peg_rl/logs/rl_games/Forge/2026-08-17_23-48-36/nn/Forge.pth,2,nominal,1000,False,timeout,149,-60.27787780761719,0.0574515201151371,6.7731523513793945,1.5912843942642212,0.0,0.029355652630329132,0.5351405739784241,0.02208520472049713,0.75,0.75,0.0059074643068015575,-0.22996221482753754
2026-08-17_23-48-36,/home/as22cq/Projects/Policy-RL-Peg_insertion/force_peg_rl/logs/rl_games/Forge/2026-08-17_23-48-36/nn/Forge.pth,2,nominal,1000,False,timeout,149,-68.53226470947266,0.09117473661899567,4.632836818695068,0.084213025867939,0.0,0.0284122321754694,0.23081627488136292,0.020177297294139862,0.75,0.75,0.01687154546380043,-0.5151067972183228
2026-08-17_23-48-36,/home/as22cq/Projects/Policy-RL-Peg_insertion/force_peg_rl/logs/rl_games/Forge/2026-08-17_23-48-36/nn/Forge.pth,2,nominal,1000,False,timeout,149,-52.476295471191406,0.08314931392669678,8.654472351074219,0.9942857623100281,0.05000000447034836,0.026246238499879837,0.7093161940574646,0.021927693858742714,0.75,0.75,0.012710227631032467,0.1696503609418869
2026-08-17_23-48-36,/home/as22cq/Projects/Policy-RL-Peg_insertion/force_peg_rl/logs/rl_games/Forge/2026-08-17_23-48-36/nn/Forge.pth,2,nominal,1000,False,timeout,149,-37.082908630371094,0.01047777384519577,8.514666557312012,0.9912649989128113,0.02500000223517418,0.051778148859739304,1.9814229011535645,0.018010679632425308,0.75,0.75,0.017392847687005997,-0.19666120409965515
2026-08-17_23-48-36,/home/as22cq/Projects/Policy-RL-Peg_insertion/force_peg_rl/logs/rl_games/Forge/2026-08-17_23-48-36/nn/Forge.pth,2,nominal,1000,False,timeout,149,-33.50809860229492,0.05727463215589523,8.99402141571045,1.6715986728668213,0.0,0.022252816706895828,0.47267279028892517,0.02326672337949276,0.75,0.75,0.001741071231663227,0.7786034941673279
2026-08-17_23-48-36,/home/as22cq/Projects/Policy-RL-Peg_insertion/force_peg_rl/logs/rl_games/Forge/2026-08-17_23-48-36/nn/Forge.pth,2,nominal,1000,False,timeout,149,-41.4204216003418,0.12215851992368698,6.377660751342773,0.7531311511993408,0.0,0.03164254501461983,0.43425965309143066,0.015167709439992905,0.75,0.75,0.020970584824681282,-0.36637839674949646
2026-08-17_23-48-36,/home/as22cq/Projects/Policy-RL-Peg_insertion/force_peg_rl/logs/rl_games/Forge/2026-08-17_23-48-36/nn/Forge.pth,2,nominal,1000,False,timeout,149,-47.76483917236328,0.08018122613430023,5.644176483154297,1.2532340288162231,0.0,0.08718568086624146,2.399405002593994,0.018633289262652397,0.75,0.75,0.01637198030948639,0.6513102650642395
2026-08-17_23-48-36,/home/as22cq/Projects/Policy-RL-Peg_insertion/force_peg_rl/logs/rl_games/Forge/2026-08-17_23-48-36/nn/Forge.pth,2,nominal,1000,False,timeout,149,-101.48326873779297,0.11660895496606827,20.248079299926758,6.931331157684326,0.3750000298023224,0.08086560666561127,2.7940759658813477,0.015388816595077515,0.75,0.75,0.003921461757272482,0.7233932614326477
2026-08-17_23-48-36,/home/as22cq/Projects/Policy-RL-Peg_insertion/force_peg_rl/logs/rl_games/Forge/2026-08-17_23-48-36/nn/Forge.pth,2,nominal,1000,False,timeout,149,-38.309776306152344,0.1200123280286789,7.403018474578857,0.8887638449668884,0.0,0.029531458392739296,0.36412373185157776,0.02274537831544876,0.75,0.75,0.009313339367508888,-0.08680328726768494
2026-08-17_23-48-36,/home/as22cq/Projects/Policy-RL-Peg_insertion/force_peg_rl/logs/rl_games/Forge/2026-08-17_23-48-36/nn/Forge.pth,2,nominal,1000,False,timeout,149,-42.83051300048828,0.14040569961071014,8.228423118591309,0.8671368360519409,0.0833333358168602,0.045591000467538834,0.4442424774169922,0.015710577368736267,0.75,0.75,0.019425595179200172,-0.4838445484638214
2026-08-17_23-48-36,/home/as22cq/Projects/Policy-RL-Peg_insertion/force_peg_rl/logs/rl_games/Forge/2026-08-17_23-48-36/nn/Forge.pth,2,nominal,1000,False,timeout,149,-59.46823501586914,-0.01118544116616249,4.808098316192627,0.5370604991912842,0.0,0.05959002673625946,2.3098440170288086,0.02032092958688736,0.75,0.75,0.014182153157889843,0.6797966957092285
2026-08-17_23-48-36,/home/as22cq/Projects/Policy-RL-Peg_insertion/force_peg_rl/logs/rl_games/Forge/2026-08-17_23-48-36/nn/Forge.pth,2,nominal,1000,False,timeout,149,-59.97853469848633,0.0763513594865799,10.360291481018066,0.6885927319526672,0.0416666679084301,0.0326019749045372,0.5964940190315247,0.014849083498120308,0.75,0.75,0.018205173313617706,0.5930506587028503
2026-08-17_23-48-36,/home/as22cq/Projects/Policy-RL-Peg_insertion/force_peg_rl/logs/rl_games/Forge/2026-08-17_23-48-36/nn/Forge.pth,2,nominal,1000,False,timeout,149,86.16092681884766,0.01749318465590477,11.761743545532227,4.752570629119873,0.4833333492279053,0.0008253202540799975,1.1939363479614258,0.023617209866642952,0.75,0.75,0.01874152570962906,-0.013633453287184238
2026-08-17_23-48-36,/home/as22cq/Projects/Policy-RL-Peg_insertion/force_peg_rl/logs/rl_games/Forge/2026-08-17_23-48-36/nn/Forge.pth,2,nominal,1000,False,timeout,149,-42.84234619140625,0.034001030027866364,9.305171012878418,1.0931527614593506,0.008333333767950535,0.08120790868997574,2.5683236122131348,0.02065153233706951,0.75,0.75,0.003248911816626787,-0.5557721853256226
2026-08-17_23-48-36,/home/as22cq/Projects/Policy-RL-Peg_insertion/force_peg_rl/logs/rl_games/Forge/2026-08-17_23-48-36/nn/Forge.pth,2,nominal,1000,False,timeout,149,-42.334564208984375,0.06579165160655975,16.13469123840332,2.3040268421173096,0.125,0.06455177068710327,2.5132699012756348,0.014482613652944565,0.75,0.75,0.01868272013962269,0.7397307753562927
2026-08-17_23-48-36,/home/as22cq/Projects/Policy-RL-Peg_insertion/force_peg_rl/logs/rl_games/Forge/2026-08-17_23-48-36/nn/Forge.pth,2,nominal,1000,False,timeout,149,-60.93914794921875,0.2028767615556717,5.657756805419922,0.6154113411903381,0.008333333767950535,0.052493929862976074,0.4659724533557892,0.021722277626395226,0.75,0.75,0.01722043566405773,0.167257159948349
2026-08-17_23-48-36,/home/as22cq/Projects/Policy-RL-Peg_insertion/force_peg_rl/logs/rl_games/Forge/2026-08-17_23-48-36/nn/Forge.pth,2,nominal,1000,False,timeout,149,-27.081167221069336,-0.03908525034785271,21.05972671508789,3.2693076133728027,0.2083333432674408,0.6021344065666199,0.49284863471984863,0.020640037953853607,0.75,0.75,0.018936237320303917,0.622723400592804
2026-08-17_23-48-36,/home/as22cq/Projects/Policy-RL-Peg_insertion/force_peg_rl/logs/rl_games/Forge/2026-08-17_23-48-36/nn/Forge.pth,2,nominal,1000,False,timeout,149,112.41670227050781,0.005184385925531387,17.007869720458984,10.049928665161133,0.9000000357627869,0.000578440201934427,2.1141698360443115,0.022477203980088234,0.75,0.75,0.01925382763147354,-0.3056117296218872
2026-08-17_23-48-36,/home/as22cq/Projects/Policy-RL-Peg_insertion/force_peg_rl/logs/rl_games/Forge/2026-08-17_23-48-36/nn/Forge.pth,2,nominal,1000,False,timeout,149,-63.735076904296875,0.08491920679807663,0.4186137318611145,0.10275841504335403,0.0,0.026343239471316338,0.5447346568107605,0.021109554916620255,0.75,0.75,0.007974867708981037,-0.7287020683288574
2026-08-17_23-48-36,/home/as22cq/Projects/Policy-RL-Peg_insertion/force_peg_rl/logs/rl_games/Forge/2026-08-17_23-48-36/nn/Forge.pth,2,nominal,1000,False,timeout,149,-62.48986053466797,0.08519807457923889,2.5480260848999023,0.16277191042900085,0.0,0.019066089764237404,0.36092609167099,0.019211361184716225,0.75,0.75,0.01427096500992775,-0.4781971275806427
2026-08-17_23-48-36,/home/as22cq/Projects/Policy-RL-Peg_insertion/force_peg_rl/logs/rl_games/Forge/2026-08-17_23-48-36/nn/Forge.pth,2,nominal,1000,False,timeout,149,-53.71988296508789,0.02927134931087494,9.199902534484863,1.389662265777588,0.125,0.05286227911710739,2.587141990661621,0.021362097933888435,0.75,0.75,0.021569402888417244,0.3381204903125763
2026-08-17_23-48-36,/home/as22cq/Projects/Policy-RL-Peg_insertion/force_peg_rl/logs/rl_games/Forge/2026-08-17_23-48-36/nn/Forge.pth,2,nominal,1000,False,timeout,149,-67.5416030883789,0.06538371741771698,0.3748297691345215,0.06629987061023712,0.0,0.033099886029958725,0.5678093433380127,0.015144276432693005,0.75,0.75,0.014680529944598675,-0.5940676927566528
2026-08-17_23-48-36,/home/as22cq/Projects/Policy-RL-Peg_insertion/force_peg_rl/logs/rl_games/Forge/2026-08-17_23-48-36/nn/Forge.pth,2,nominal,1000,False,timeout,149,-46.95674133300781,0.02830614522099495,9.214936256408691,2.333534002304077,0.0,0.05084908381104469,0.9824898838996887,0.01819933019578457,0.75,0.75,0.016953997313976288,-0.6358877420425415
2026-08-17_23-48-36,/home/as22cq/Projects/Policy-RL-Peg_insertion/force_peg_rl/logs/rl_games/Forge/2026-08-17_23-48-36/nn/Forge.pth,2,nominal,1000,True,success,149,114.90312957763672,0.00017392635345458984,13.318657875061035,5.6892242431640625,0.24166667461395264,0.0006415254902094603,0.42632007598876953,0.01859634928405285,0.75,0.75,0.014810780063271523,0.5278699398040771
2026-08-17_23-48-36,/home/as22cq/Projects/Policy-RL-Peg_insertion/force_peg_rl/logs/rl_games/Forge/2026-08-17_23-48-36/nn/Forge.pth,2,nominal,1000,False,timeout,149,-44.73665237426758,0.06940346956253052,8.2352876663208,1.0216131210327148,0.01666666753590107,0.05940275639295578,0.6463941335678101,0.022616706788539886,0.75,0.75,0.023331528529524803,-0.09209977090358734
2026-08-17_23-48-36,/home/as22cq/Projects/Policy-RL-Peg_insertion/force_peg_rl/logs/rl_games/Forge/2026-08-17_23-48-36/nn/Forge.pth,2,nominal,1000,False,timeout,149,5.254239082336426,0.0024980977177619934,13.555145263671875,3.6950511932373047,0.03333333507180214,0.024040918797254562,0.8010490536689758,0.01667643152177334,0.75,0.75,0.008398529142141342,0.22906965017318726
2026-08-17_23-48-36,/home/as22cq/Projects/Policy-RL-Peg_insertion/force_peg_rl/logs/rl_games/Forge/2026-08-17_23-48-36/nn/Forge.pth,2,nominal,1000,False,timeout,149,-66.02015686035156,0.1189374029636383,16.294958114624023,0.7146360278129578,0.0416666679084301,0.038913924247026443,0.46628233790397644,0.020499691367149353,0.75,0.75,0.0212562158703804,-0.5556243062019348
2026-08-17_23-48-36,/home/as22cq/Projects/Policy-RL-Peg_insertion/force_peg_rl/logs/rl_games/Forge/2026-08-17_23-48-36/nn/Forge.pth,2,nominal,1000,False,timeout,149,-67.45499420166016,0.0688595250248909,3.047452688217163,0.29390448331832886,0.0,0.05335746333003044,0.7605965733528137,0.015302445739507675,0.75,0.75,0.0177607461810112,-0.1236727386713028
2026-08-17_23-48-36,/home/as22cq/Projects/Policy-RL-Peg_insertion/force_peg_rl/logs/rl_games/Forge/2026-08-17_23-48-36/nn/Forge.pth,2,nominal,1000,False,timeout,149,-56.27534103393555,0.030864238739013672,0.9359842538833618,0.08866718411445618,0.0,0.09507115930318832,1.924291729927063,0.017816666513681412,0.75,0.75,0.0242341086268425,0.5805005431175232
2026-08-17_23-48-36,/home/as22cq/Projects/Policy-RL-Peg_insertion/force_peg_rl/logs/rl_games/Forge/2026-08-17_23-48-36/nn/Forge.pth,2,nominal,1000,False,timeout,149,-57.93971633911133,0.0649852305650711,4.8178534507751465,0.5113075375556946,0.0,0.037875495851039886,0.9047297835350037,0.02044020965695381,0.75,0.75,0.00980942789465189,-0.3797054588794708
2026-08-17_23-48-36,/home/as22cq/Projects/Policy-RL-Peg_insertion/force_peg_rl/logs/rl_games/Forge/2026-08-17_23-48-36/nn/Forge.pth,2,nominal,1000,False,timeout,149,-48.81427764892578,0.08055020868778229,10.03628158569336,2.7081546783447266,0.23333334922790527,0.09956534951925278,2.9449095726013184,0.020616140216588974,0.75,0.75,0.011491778306663036,0.2706261873245239
2026-08-17_23-48-36,/home/as22cq/Projects/Policy-RL-Peg_insertion/force_peg_rl/logs/rl_games/Forge/2026-08-17_23-48-36/nn/Forge.pth,2,nominal,1000,False,timeout,149,-41.85741424560547,0.016350943595170975,4.397776126861572,0.8368993997573853,0.0,0.05409777909517288,1.243294596672058,0.01883445493876934,0.75,0.75,0.01786666177213192,0.03476588800549507
2026-08-17_23-48-36,/home/as22cq/Projects/Policy-RL-Peg_insertion/force_peg_rl/logs/rl_games/Forge/2026-08-17_23-48-36/nn/Forge.pth,2,nominal,1000,False,timeout,149,-37.39128112792969,0.008742460049688816,8.079139709472656,0.6955199837684631,0.0,0.049741797149181366,1.335997223854065,0.015616628341376781,0.75,0.75,0.019473176449537277,-0.489355206489563
2026-08-17_23-48-36,/home/as22cq/Projects/Policy-RL-Peg_insertion/force_peg_rl/logs/rl_games/Forge/2026-08-17_23-48-36/nn/Forge.pth,2,nominal,1000,False,timeout,149,-35.677093505859375,0.016132034361362457,6.755732536315918,0.8995883464813232,0.0,0.0516471229493618,1.0730465650558472,0.018137915059924126,0.75,0.75,0.01773584820330143,-0.3590361177921295
2026-08-17_23-48-36,/home/as22cq/Projects/Policy-RL-Peg_insertion/force_peg_rl/logs/rl_games/Forge/2026-08-17_23-48-36/nn/Forge.pth,2,nominal,1000,False,timeout,149,-51.64021301269531,0.010255001485347748,6.328038215637207,0.6092098951339722,0.0,0.07101557403802872,0.8189697861671448,0.016296008601784706,0.75,0.75,0.00981671642512083,0.0072858016937971115
2026-08-17_23-48-36,/home/as22cq/Projects/Policy-RL-Peg_insertion/force_peg_rl/logs/rl_games/Forge/2026-08-17_23-48-36/nn/Forge.pth,2,nominal,1000,False,timeout,149,-40.8581428527832,0.04729672148823738,7.407504558563232,1.2270618677139282,0.0,0.02295524626970291,0.38402238488197327,0.021955592557787895,0.75,0.75,0.016554847359657288,0.16270841658115387
2026-08-17_23-48-36,/home/as22cq/Projects/Policy-RL-Peg_insertion/force_peg_rl/logs/rl_games/Forge/2026-08-17_23-48-36/nn/Forge.pth,2,nominal,1000,False,timeout,149,-23.959896087646484,0.008771773427724838,9.497472763061523,1.2535340785980225,0.03333333507180214,0.07802889496088028,1.9114196300506592,0.017398741096258163,0.75,0.75,0.018239866942167282,0.24430878460407257
2026-08-17_23-48-36,/home/as22cq/Projects/Policy-RL-Peg_insertion/force_peg_rl/logs/rl_games/Forge/2026-08-17_23-48-36/nn/Forge.pth,2,nominal,1000,False,timeout,149,-63.37523651123047,0.05127454176545143,10.551412582397461,0.6824406385421753,0.008333333767950535,0.06387531757354736,0.8921155333518982,0.021526005119085312,0.75,0.75,0.027910269796848297,0.2353343665599823
2026-08-17_23-48-36,/home/as22cq/Projects/Policy-RL-Peg_insertion/force_peg_rl/logs/rl_games/Forge/2026-08-17_23-48-36/nn/Forge.pth,2,nominal,1000,False,timeout,149,-63.14602279663086,0.11463703960180283,0.3472747504711151,0.05924196541309357,0.0,0.04121388867497444,0.33421897888183594,0.02153584733605385,0.75,0.75,0.012768102809786797,-0.694214403629303
2026-08-17_23-48-36,/home/as22cq/Projects/Policy-RL-Peg_insertion/force_peg_rl/logs/rl_games/Forge/2026-08-17_23-48-36/nn/Forge.pth,2,nominal,1000,False,timeout,149,-70.37513732910156,0.1451592594385147,3.7967965602874756,0.2832164168357849,0.0,0.03185645863413811,0.7085008025169373,0.020107990130782127,0.75,0.75,0.012012415565550327,-0.019184185191988945
2026-08-17_23-48-36,/home/as22cq/Projects/Policy-RL-Peg_insertion/force_peg_rl/logs/rl_games/Forge/2026-08-17_23-48-36/nn/Forge.pth,2,nominal,1000,False,timeout,149,-53.50883102416992,0.0900929719209671,5.013935565948486,0.32606789469718933,0.0,0.012380336411297321,0.5021097660064697,0.016518810763955116,0.75,0.75,0.01345665194094181,0.7783546447753906
2026-08-17_23-48-36,/home/as22cq/Projects/Policy-RL-Peg_insertion/force_peg_rl/logs/rl_games/Forge/2026-08-17_23-48-36/nn/Forge.pth,2,nominal,1000,False,timeout,149,-57.25410079956055,0.017465122044086456,6.356679439544678,0.38527944684028625,0.008333333767950535,0.036036089062690735,0.7435646653175354,0.014285440556704998,0.75,0.75,0.013705601915717125,-0.0644080862402916
2026-08-17_23-48-36,/home/as22cq/Projects/Policy-RL-Peg_insertion/force_peg_rl/logs/rl_games/Forge/2026-08-17_23-48-36/nn/Forge.pth,2,nominal,1000,False,timeout,149,-61.83250427246094,0.045058637857437134,6.855175971984863,1.2004374265670776,0.0,0.03316580876708031,0.6640985608100891,0.018195345997810364,0.75,0.75,0.003924273420125246,-0.42383623123168945
2026-08-17_23-48-36,/home/as22cq/Projects/Policy-RL-Peg_insertion/force_peg_rl/logs/rl_games/Forge/2026-08-17_23-48-36/nn/Forge.pth,2,nominal,1000,False,timeout,149,-70.05313873291016,0.025620341300964355,0.7769179344177246,0.09562515467405319,0.0,0.047764405608177185,1.2433663606643677,0.016275029629468918,0.75,0.75,0.019192099571228027,-0.19189885258674622
2026-08-17_23-48-36,/home/as22cq/Projects/Policy-RL-Peg_insertion/force_peg_rl/logs/rl_games/Forge/2026-08-17_23-48-36/nn/Forge.pth,2,nominal,1000,False,timeout,149,-46.00822067260742,0.009959116578102112,1.8566232919692993,0.20209574699401855,0.0,0.07030339539051056,2.411051034927368,0.020610002800822258,0.75,0.75,0.019328998401761055,0.42787811160087585
2026-08-17_23-48-36,/home/as22cq/Projects/Policy-RL-Peg_insertion/force_peg_rl/logs/rl_games/Forge/2026-08-17_23-48-36/nn/Forge.pth,2,nominal,1000,False,timeout,149,-51.075462341308594,0.013528719544410706,9.739395141601562,0.8407933712005615,0.008333333767950535,0.049600422382354736,0.8143332600593567,0.014068891294300556,0.75,0.75,0.003883833298459649,-0.20936408638954163
2026-08-17_23-48-36,/home/as22cq/Projects/Policy-RL-Peg_insertion/force_peg_rl/logs/rl_games/Forge/2026-08-17_23-48-36/nn/Forge.pth,2,nominal,1000,False,timeout,149,-2.0009803771972656,0.014887107536196709,8.515705108642578,3.8389618396759033,0.0,0.017500225454568863,1.3656939268112183,0.01923026330769062,0.75,0.75,0.019818510860204697,0.6229040026664734
2026-08-17_23-48-36,/home/as22cq/Projects/Policy-RL-Peg_insertion/force_peg_rl/logs/rl_games/Forge/2026-08-17_23-48-36/nn/Forge.pth,2,nominal,1000,False,timeout,149,-57.882537841796875,0.007709816098213196,4.793210506439209,0.3057154417037964,0.0,0.05338738113641739,1.1223595142364502,0.01865246519446373,0.75,0.75,0.00997968576848507,-0.0895037055015564
2026-08-17_23-48-36,/home/as22cq/Projects/Policy-RL-Peg_insertion/force_peg_rl/logs/rl_games/Forge/2026-08-17_23-48-36/nn/Forge.pth,2,nominal,1000,False,timeout,149,-56.626502990722656,0.0159634780138731,5.180680751800537,0.5253291726112366,0.0,0.05206239968538284,1.1673390865325928,0.014611597172915936,0.75,0.75,0.012011678889393806,0.06948459893465042
2026-08-17_23-48-36,/home/as22cq/Projects/Policy-RL-Peg_insertion/force_peg_rl/logs/rl_games/Forge/2026-08-17_23-48-36/nn/Forge.pth,2,nominal,1000,False,timeout,149,-70.32269287109375,0.08370432257652283,2.228487491607666,0.1965346783399582,0.0,0.03378282114863396,0.827130138874054,0.02036285027861595,0.75,0.75,0.013305995613336563,-0.225971981883049
2026-08-17_23-48-36,/home/as22cq/Projects/Policy-RL-Peg_insertion/force_peg_rl/logs/rl_games/Forge/2026-08-17_23-48-36/nn/Forge.pth,2,nominal,1000,False,timeout,149,-46.72368621826172,0.026677481830120087,3.386568307876587,0.5947660803794861,0.0,0.05333544313907623,1.219535231590271,0.023796245455741882,0.75,0.75,0.012964023277163506,0.7164013385772705
2026-08-17_23-48-36,/home/as22cq/Projects/Policy-RL-Peg_insertion/force_peg_rl/logs/rl_games/Forge/2026-08-17_23-48-36/nn/Forge.pth,2,nominal,1000,False,timeout,149,-58.15264892578125,0.052344199270009995,0.3376816511154175,0.04598125442862511,0.0,0.0718442052602768,2.6856319904327393,0.01916254125535488,0.75,0.75,0.016366122290492058,0.5800651907920837
2026-08-17_23-48-36,/home/as22cq/Projects/Policy-RL-Peg_insertion/force_peg_rl/logs/rl_games/Forge/2026-08-17_23-48-36/nn/Forge.pth,2,nominal,1000,False,timeout,149,-40.698333740234375,0.07986783981323242,11.451868057250977,1.3946173191070557,0.03333333507180214,0.0898665189743042,2.8347959518432617,0.022074416279792786,0.75,0.75,0.007580036763101816,0.682048499584198
2026-08-17_23-48-36,/home/as22cq/Projects/Policy-RL-Peg_insertion/force_peg_rl/logs/rl_games/Forge/2026-08-17_23-48-36/nn/Forge.pth,2,nominal,1000,False,timeout,149,-72.74225616455078,0.24048256874084473,12.193714141845703,0.8327663540840149,0.07500000298023224,0.03682314231991768,0.5740925073623657,0.01404297724366188,0.75,0.75,0.01664602942764759,-0.041900698095560074
2026-08-17_23-48-36,/home/as22cq/Projects/Policy-RL-Peg_insertion/force_peg_rl/logs/rl_games/Forge/2026-08-17_23-48-36/nn/Forge.pth,2,nominal,1000,False,timeout,149,-54.167396545410156,0.02072010189294815,0.27430370450019836,0.04300450161099434,0.0,0.04094592481851578,1.8773409128189087,0.023470990359783173,0.75,0.75,0.0054255262948572636,0.4116021990776062
2026-08-17_23-48-36,/home/as22cq/Projects/Policy-RL-Peg_insertion/force_peg_rl/logs/rl_games/Forge/2026-08-17_23-48-36/nn/Forge.pth,2,nominal,1000,False,timeout,149,-62.460357666015625,0.03515148162841797,10.260111808776855,0.4069843292236328,0.03333333507180214,0.05709173530340195,1.0785027742385864,0.021821875125169754,0.75,0.75,0.02030687965452671,-0.16185137629508972
2026-08-17_23-48-36,/home/as22cq/Projects/Policy-RL-Peg_insertion/force_peg_rl/logs/rl_games/Forge/2026-08-17_23-48-36/nn/Forge.pth,2,nominal,1000,False,timeout,149,-67.23201751708984,0.08931942284107208,3.884145736694336,0.276766300201416,0.0,0.025301098823547363,0.3137580156326294,0.02154189720749855,0.75,0.75,0.019165348261594772,-0.45010051131248474
2026-08-17_23-48-36,/home/as22cq/Projects/Policy-RL-Peg_insertion/force_peg_rl/logs/rl_games/Forge/2026-08-17_23-48-36/nn/Forge.pth,2,nominal,1000,False,timeout,149,-62.39854049682617,0.045783232897520065,14.587297439575195,2.3008155822753906,0.05833333730697632,0.04568934440612793,2.207763910293579,0.02268923446536064,0.75,0.75,0.014607585035264492,0.7358390688896179
2026-08-17_23-48-36,/home/as22cq/Projects/Policy-RL-Peg_insertion/force_peg_rl/logs/rl_games/Forge/2026-08-17_23-48-36/nn/Forge.pth,2,nominal,1000,False,timeout,149,-62.31827163696289,0.10405838489532471,9.56901741027832,0.35230734944343567,0.008333333767950535,0.023938778787851334,0.5441203713417053,0.01819918304681778,0.75,0.75,0.02385641820728779,-0.3538558781147003
2026-08-17_23-48-36,/home/as22cq/Projects/Policy-RL-Peg_insertion/force_peg_rl/logs/rl_games/Forge/2026-08-17_23-48-36/nn/Forge.pth,2,nominal,1000,False,timeout,149,-59.67927932739258,0.0034094862639904022,8.22792911529541,0.35466381907463074,0.01666666753590107,0.054063983261585236,0.9713906645774841,0.02384127676486969,0.75,0.75,0.024223847314715385,-0.29439887404441833
2026-08-17_23-48-36,/home/as22cq/Projects/Policy-RL-Peg_insertion/force_peg_rl/logs/rl_games/Forge/2026-08-17_23-48-36/nn/Forge.pth,2,nominal,1000,False,timeout,149,-30.894235610961914,0.019862398505210876,5.7032575607299805,1.2310423851013184,0.0,0.06205567717552185,2.0717618465423584,0.019521426409482956,0.75,0.75,0.018769212067127228,0.46091803908348083
2026-08-17_23-48-36,/home/as22cq/Projects/Policy-RL-Peg_insertion/force_peg_rl/logs/rl_games/Forge/2026-08-17_23-48-36/nn/Forge.pth,2,nominal,1000,False,timeout,149,-39.95974349975586,0.03561495244503021,4.768622398376465,0.5664358735084534,0.0,0.06297178566455841,1.3056974411010742,0.017901703715324402,0.75,0.75,0.027143552899360657,-0.6785184144973755
2026-08-17_23-48-36,/home/as22cq/Projects/Policy-RL-Peg_insertion/force_peg_rl/logs/rl_games/Forge/2026-08-17_23-48-36/nn/Forge.pth,2,nominal,1000,False,timeout,149,-70.51066589355469,0.03502117097377777,0.3176303505897522,0.05833708494901657,0.0,0.02040071226656437,0.5410593748092651,0.01844656653702259,0.75,0.75,0.011389503255486488,-0.7289931178092957
2026-08-17_23-48-36,/home/as22cq/Projects/Policy-RL-Peg_insertion/force_peg_rl/logs/rl_games/Forge/2026-08-17_23-48-36/nn/Forge.pth,2,nominal,1000,True,success,149,183.3477783203125,0.00010746438056230545,6.317389488220215,3.0344388484954834,0.0,0.0002945337910205126,0.5427336692810059,0.01502446923404932,0.75,0.75,0.0017566080205142498,0.08035995811223984
2026-08-17_23-48-36,/home/as22cq/Projects/Policy-RL-Peg_insertion/force_peg_rl/logs/rl_games/Forge/2026-08-17_23-48-36/nn/Forge.pth,2,nominal,1000,False,timeout,149,105.9185791015625,0.031198471784591675,9.78148078918457,4.4705400466918945,0.25,0.04124319180846214,0.9715709090232849,0.02272612228989601,0.75,0.75,0.02078428864479065,-0.405960351228714
2026-08-17_23-48-36,/home/as22cq/Projects/Policy-RL-Peg_insertion/force_peg_rl/logs/rl_games/Forge/2026-08-17_23-48-36/nn/Forge.pth,2,nominal,1000,False,timeout,149,-55.05516815185547,0.0197480246424675,12.04598331451416,0.9778884649276733,0.05000000447034836,0.074464350938797,1.0521438121795654,0.017671700567007065,0.75,0.75,0.017524374648928642,0.5174781084060669
2026-08-17_23-48-36,/home/as22cq/Projects/Policy-RL-Peg_insertion/force_peg_rl/logs/rl_games/Forge/2026-08-17_23-48-36/nn/Forge.pth,2,nominal,1001,False,timeout,149,131.98599243164062,0.006749912165105343,18.848478317260742,8.001157760620117,0.44166669249534607,0.0005545747117139399,1.178152322769165,0.014582974836230278,0.75,0.75,0.010110991075634956,-0.07034808397293091
2026-08-17_23-48-36,/home/as22cq/Projects/Policy-RL-Peg_insertion/force_peg_rl/logs/rl_games/Forge/2026-08-17_23-48-36/nn/Forge.pth,2,nominal,1001,False,timeout,149,-52.664852142333984,0.11664511263370514,13.395353317260742,1.2995860576629639,0.008333333767950535,0.03156728297472,0.5559319257736206,0.02033928595483303,0.75,0.75,0.022193633019924164,-0.4973938465118408
2026-08-17_23-48-36,/home/as22cq/Projects/Policy-RL-Peg_insertion/force_peg_rl/logs/rl_games/Forge/2026-08-17_23-48-36/nn/Forge.pth,2,nominal,1001,False,timeout,149,39.13460922241211,0.007712148129940033,13.637589454650879,3.1691107749938965,0.10000000894069672,0.01941423863172531,0.9381904602050781,0.019945984706282616,0.75,0.75,0.01767636276781559,-0.5415600538253784
2026-08-17_23-48-36,/home/as22cq/Projects/Policy-RL-Peg_insertion/force_peg_rl/logs/rl_games/Forge/2026-08-17_23-48-36/nn/Forge.pth,2,nominal,1001,False,timeout,149,78.03428649902344,0.032630935311317444,11.709977149963379,6.061402797698975,0.7166666984558105,0.03935291990637779,2.321279287338257,0.02142946794629097,0.75,0.75,0.00800418108701706,-0.14980211853981018
2026-08-17_23-48-36,/home/as22cq/Projects/Policy-RL-Peg_insertion/force_peg_rl/logs/rl_games/Forge/2026-08-17_23-48-36/nn/Forge.pth,2,nominal,1001,False,timeout,149,-41.947383880615234,0.08848936855792999,5.43838357925415,0.9591774344444275,0.0,0.016054296866059303,0.4186406433582306,0.023519529029726982,0.75,0.75,0.01866862364113331,0.7537457346916199
2026-08-17_23-48-36,/home/as22cq/Projects/Policy-RL-Peg_insertion/force_peg_rl/logs/rl_games/Forge/2026-08-17_23-48-36/nn/Forge.pth,2,nominal,1001,True,success,149,252.59536743164062,7.286295294761658e-05,8.03676700592041,5.7880353927612305,0.0,5.947289173491299e-05,0.48598170280456543,0.022065134719014168,0.75,0.75,0.002766946330666542,0.6146127581596375
2026-08-17_23-48-36,/home/as22cq/Projects/Policy-RL-Peg_insertion/force_peg_rl/logs/rl_games/Forge/2026-08-17_23-48-36/nn/Forge.pth,2,nominal,1001,False,timeout,149,5.337191581726074,0.0628325417637825,13.681198120117188,8.414361953735352,0.9000000357627869,0.043921589851379395,2.4470419883728027,0.016289368271827698,0.75,0.75,0.011815238744020462,0.593267023563385
2026-08-17_23-48-36,/home/as22cq/Projects/Policy-RL-Peg_insertion/force_peg_rl/logs/rl_games/Forge/2026-08-17_23-48-36/nn/Forge.pth,2,nominal,1001,False,timeout,149,86.64338684082031,0.02058929204940796,15.33837890625,6.491428852081299,0.7666667103767395,0.0008808441925793886,0.3394712805747986,0.02117471769452095,0.75,0.75,0.021404411643743515,-0.29661664366722107
2026-08-17_23-48-36,/home/as22cq/Projects/Policy-RL-Peg_insertion/force_peg_rl/logs/rl_games/Forge/2026-08-17_23-48-36/nn/Forge.pth,2,nominal,1001,False,timeout,149,140.8024444580078,0.0066018253564834595,16.602338790893555,7.885508060455322,0.4833333492279053,0.0007233676151372492,0.8161830902099609,0.020500419661402702,0.75,0.75,0.007271798327565193,0.1795370876789093
2026-08-17_23-48-36,/home/as22cq/Projects/Policy-RL-Peg_insertion/force_peg_rl/logs/rl_games/Forge/2026-08-17_23-48-36/nn/Forge.pth,2,nominal,1001,True,success,149,114.00463104248047,0.0001377444714307785,14.142313957214355,7.672122478485107,0.5416666865348816,0.0006430511130020022,1.3601818084716797,0.014920365996658802,0.75,0.75,0.0033706058748066425,0.05625622719526291
2026-08-17_23-48-36,/home/as22cq/Projects/Policy-RL-Peg_insertion/force_peg_rl/logs/rl_games/Forge/2026-08-17_23-48-36/nn/Forge.pth,2,nominal,1001,False,timeout,149,-35.41232681274414,0.09222004562616348,11.572996139526367,1.5820759534835815,0.15000000596046448,0.05469363555312157,0.494113028049469,0.023447120562195778,0.75,0.75,0.008436107076704502,-0.5396464467048645
2026-08-17_23-48-36,/home/as22cq/Projects/Policy-RL-Peg_insertion/force_peg_rl/logs/rl_games/Forge/2026-08-17_23-48-36/nn/Forge.pth,2,nominal,1001,False,timeout,149,-43.511898040771484,-0.006585363298654556,10.192862510681152,1.0366055965423584,0.05000000447034836,0.06287872046232224,1.7675973176956177,0.021928714588284492,0.75,0.75,0.020921682938933372,-0.24840134382247925
2026-08-17_23-48-36,/home/as22cq/Projects/Policy-RL-Peg_insertion/force_peg_rl/logs/rl_games/Forge/2026-08-17_23-48-36/nn/Forge.pth,2,nominal,1001,False,timeout,149,-51.72200393676758,0.04284069687128067,7.220874786376953,0.6882032155990601,0.0,0.043631087988615036,0.779269814491272,0.021051546558737755,0.75,0.75,0.021711206063628197,-0.6493220925331116
2026-08-17_23-48-36,/home/as22cq/Projects/Policy-RL-Peg_insertion/force_peg_rl/logs/rl_games/Forge/2026-08-17_23-48-36/nn/Forge.pth,2,nominal,1001,False,timeout,149,-23.370716094970703,-0.013473019003868103,8.218603134155273,1.8501406908035278,0.0,0.05046908184885979,1.5235941410064697,0.023087522014975548,0.75,0.75,0.015144135802984238,-0.5551906824111938
2026-08-17_23-48-36,/home/as22cq/Projects/Policy-RL-Peg_insertion/force_peg_rl/logs/rl_games/Forge/2026-08-17_23-48-36/nn/Forge.pth,2,nominal,1001,False,timeout,149,-26.3199520111084,-0.03547574579715729,19.019811630249023,4.356644153594971,0.32500001788139343,0.1531227082014084,0.9244234561920166,0.01856512390077114,0.75,0.75,0.0171226654201746,0.29567739367485046
2026-08-17_23-48-36,/home/as22cq/Projects/Policy-RL-Peg_insertion/force_peg_rl/logs/rl_games/Forge/2026-08-17_23-48-36/nn/Forge.pth,2,nominal,1001,True,success,149,215.4486083984375,0.00011344067752361298,14.512476921081543,5.699968338012695,0.02500000223517418,0.0005462647532112896,0.5578402280807495,0.023324768990278244,0.75,0.75,0.020652227103710175,0.4007342457771301
2026-08-17_23-48-36,/home/as22cq/Projects/Policy-RL-Peg_insertion/force_peg_rl/logs/rl_games/Forge/2026-08-17_23-48-36/nn/Forge.pth,2,nominal,1001,False,timeout,149,-29.070280075073242,-0.0038672946393489838,6.155988693237305,0.8228647112846375,0.0,0.04495011270046234,1.8870137929916382,0.016495054587721825,0.75,0.75,0.018144112080335617,-0.46352580189704895
2026-08-17_23-48-36,/home/as22cq/Projects/Policy-RL-Peg_insertion/force_peg_rl/logs/rl_games/Forge/2026-08-17_23-48-36/nn/Forge.pth,2,nominal,1001,False,timeout,149,-23.698104858398438,0.1782701164484024,14.780135154724121,2.364640712738037,0.21666668355464935,0.05922292172908783,0.4727892279624939,0.019658973440527916,0.75,0.75,0.019881224259734154,-0.43698203563690186
2026-08-17_23-48-36,/home/as22cq/Projects/Policy-RL-Peg_insertion/force_peg_rl/logs/rl_games/Forge/2026-08-17_23-48-36/nn/Forge.pth,2,nominal,1001,True,success,149,262.7273254394531,4.7907233238220215e-05,16.9010066986084,4.872124195098877,0.05833333730697632,0.0002034293138422072,0.5526910424232483,0.023034047335386276,0.75,0.75,0.021829308941960335,0.07910413295030594
2026-08-17_23-48-36,/home/as22cq/Projects/Policy-RL-Peg_insertion/force_peg_rl/logs/rl_games/Forge/2026-08-17_23-48-36/nn/Forge.pth,2,nominal,1001,True,success,149,280.059814453125,0.0006636986508965492,11.289518356323242,4.417025566101074,0.008333333767950535,0.0007857215823605657,0.7639046311378479,0.018841315060853958,0.75,0.75,0.01778019405901432,0.35664674639701843
2026-08-17_23-48-36,/home/as22cq/Projects/Policy-RL-Peg_insertion/force_peg_rl/logs/rl_games/Forge/2026-08-17_23-48-36/nn/Forge.pth,2,nominal,1001,False,timeout,149,-56.315521240234375,0.22361740469932556,7.740779399871826,0.9346631169319153,0.0,0.049204450100660324,0.4819420874118805,0.019187122583389282,0.75,0.75,0.007226718124002218,-0.4442608654499054
2026-08-17_23-48-36,/home/as22cq/Projects/Policy-RL-Peg_insertion/force_peg_rl/logs/rl_games/Forge/2026-08-17_23-48-36/nn/Forge.pth,2,nominal,1001,False,timeout,149,3.060638666152954,0.026423748582601547,10.45313835144043,4.708099365234375,0.06666667014360428,0.012234645895659924,0.7177621126174927,0.020070508122444153,0.75,0.75,0.011614397168159485,-0.3421226143836975
2026-08-17_23-48-36,/home/as22cq/Projects/Policy-RL-Peg_insertion/force_peg_rl/logs/rl_games/Forge/2026-08-17_23-48-36/nn/Forge.pth,2,nominal,1001,False,timeout,149,-60.95466613769531,0.0545046366751194,12.687790870666504,1.8292211294174194,0.05833333730697632,0.038327187299728394,0.6140068769454956,0.019575979560613632,0.75,0.75,0.01174683403223753,-0.6820406317710876
2026-08-17_23-48-36,/home/as22cq/Projects/Policy-RL-Peg_insertion/force_peg_rl/logs/rl_games/Forge/2026-08-17_23-48-36/nn/Forge.pth,2,nominal,1001,False,timeout,149,-53.0571403503418,0.07477883994579315,16.193843841552734,1.2215651273727417,0.09166666865348816,0.061933040618896484,0.662257194519043,0.017884882166981697,0.75,0.75,0.021071406081318855,-0.5599067211151123
2026-08-17_23-48-36,/home/as22cq/Projects/Policy-RL-Peg_insertion/force_peg_rl/logs/rl_games/Forge/2026-08-17_23-48-36/nn/Forge.pth,2,nominal,1001,False,timeout,149,96.62006378173828,0.01671409420669079,14.110487937927246,7.390696048736572,0.550000011920929,0.000610210990998894,2.4881865978240967,0.01758422702550888,0.75,0.75,0.019610924646258354,-0.2691989243030548
2026-08-17_23-48-36,/home/as22cq/Projects/Policy-RL-Peg_insertion/force_peg_rl/logs/rl_games/Forge/2026-08-17_23-48-36/nn/Forge.pth,2,nominal,1001,False,timeout,149,-57.874637603759766,0.272685706615448,9.322319984436035,0.8527421355247498,0.02500000223517418,0.0659572035074234,0.3833971619606018,0.017869669944047928,0.75,0.75,0.012875811196863651,-0.618934690952301
2026-08-17_23-48-36,/home/as22cq/Projects/Policy-RL-Peg_insertion/force_peg_rl/logs/rl_games/Forge/2026-08-17_23-48-36/nn/Forge.pth,2,nominal,1001,False,timeout,149,-44.03389358520508,-0.01781037449836731,6.999388217926025,1.0020900964736938,0.0,0.04900107532739639,1.076931118965149,0.01962859369814396,0.75,0.75,0.011299483478069305,-0.2725750207901001
2026-08-17_23-48-36,/home/as22cq/Projects/Policy-RL-Peg_insertion/force_peg_rl/logs/rl_games/Forge/2026-08-17_23-48-36/nn/Forge.pth,2,nominal,1001,False,timeout,149,-56.33817672729492,0.11371302604675293,17.2957820892334,3.142251968383789,0.25833335518836975,0.03659891337156296,0.6280367374420166,0.016826501116156578,0.75,0.75,0.018575113266706467,-0.09378418326377869
2026-08-17_23-48-36,/home/as22cq/Projects/Policy-RL-Peg_insertion/force_peg_rl/logs/rl_games/Forge/2026-08-17_23-48-36/nn/Forge.pth,2,nominal,1001,False,timeout,149,-55.242820739746094,0.10355968773365021,9.954658508300781,0.7859965562820435,0.02500000223517418,0.02440797910094261,0.4208104908466339,0.020204121246933937,0.75,0.75,0.01512822974473238,-0.7818158864974976
2026-08-17_23-48-36,/home/as22cq/Projects/Policy-RL-Peg_insertion/force_peg_rl/logs/rl_games/Forge/2026-08-17_23-48-36/nn/Forge.pth,2,nominal,1001,False,timeout,149,-56.57686233520508,0.08287278562784195,8.905903816223145,0.8159468770027161,0.06666667014360428,0.01976700872182846,0.5008177757263184,0.019322259351611137,0.75,0.75,0.005391777493059635,-0.45521241426467896
2026-08-17_23-48-36,/home/as22cq/Projects/Policy-RL-Peg_insertion/force_peg_rl/logs/rl_games/Forge/2026-08-17_23-48-36/nn/Forge.pth,2,nominal,1001,False,timeout,149,-38.47603225708008,0.03949567675590515,10.492106437683105,1.5131784677505493,0.05000000447034836,0.04254605993628502,0.6517492532730103,0.015515419654548168,0.75,0.75,0.008893955498933792,-0.3283514976501465
2026-08-17_23-48-36,/home/as22cq/Projects/Policy-RL-Peg_insertion/force_peg_rl/logs/rl_games/Forge/2026-08-17_23-48-36/nn/Forge.pth,2,nominal,1001,False,timeout,149,-55.51776885986328,0.08428707718849182,11.472722053527832,0.8077718019485474,0.02500000223517418,0.05312393978238106,0.5715485215187073,0.016003001481294632,0.75,0.75,0.018350675702095032,0.7685384750366211
2026-08-17_23-48-36,/home/as22cq/Projects/Policy-RL-Peg_insertion/force_peg_rl/logs/rl_games/Forge/2026-08-17_23-48-36/nn/Forge.pth,2,nominal,1001,False,timeout,149,-56.32126235961914,0.09453292191028595,8.155837059020996,0.79015052318573,0.0416666679084301,0.041767895221710205,0.39914941787719727,0.023824989795684814,0.75,0.75,0.020526640117168427,-0.7491322755813599
2026-08-17_23-48-36,/home/as22cq/Projects/Policy-RL-Peg_insertion/force_peg_rl/logs/rl_games/Forge/2026-08-17_23-48-36/nn/Forge.pth,2,nominal,1001,True,success,149,273.787353515625,5.991943180561066e-05,11.040377616882324,6.754025936126709,0.4833333492279053,0.00044221215648576617,0.4495873749256134,0.021529115736484528,0.75,0.75,0.021493110805749893,-0.12146566063165665
2026-08-17_23-48-36,/home/as22cq/Projects/Policy-RL-Peg_insertion/force_peg_rl/logs/rl_games/Forge/2026-08-17_23-48-36/nn/Forge.pth,2,nominal,1001,True,success,149,310.003662109375,0.0002316683530807495,10.476499557495117,3.2414393424987793,0.008333333767950535,0.0008053583442233503,0.8996085524559021,0.017748845741152763,0.75,0.75,0.021931102499365807,0.38618290424346924
2026-08-17_23-48-36,/home/as22cq/Projects/Policy-RL-Peg_insertion/force_peg_rl/logs/rl_games/Forge/2026-08-17_23-48-36/nn/Forge.pth,2,nominal,1001,False,timeout,149,-23.387048721313477,0.11713127791881561,14.990612030029297,2.4136040210723877,0.24166667461395264,0.024019364267587662,0.6732339262962341,0.019194230437278748,0.75,0.75,0.019683752208948135,-0.13773249089717865
2026-08-17_23-48-36,/home/as22cq/Projects/Policy-RL-Peg_insertion/force_peg_rl/logs/rl_games/Forge/2026-08-17_23-48-36/nn/Forge.pth,2,nominal,1001,False,timeout,149,-43.80860900878906,0.09525524079799652,5.037189483642578,0.4936954081058502,0.0,0.05707700178027153,0.5603967905044556,0.015837624669075012,0.75,0.75,0.023288791999220848,-0.5399261116981506
2026-08-17_23-48-36,/home/as22cq/Projects/Policy-RL-Peg_insertion/force_peg_rl/logs/rl_games/Forge/2026-08-17_23-48-36/nn/Forge.pth,2,nominal,1001,False,timeout,149,-43.074710845947266,0.03138914704322815,10.168449401855469,1.3142657279968262,0.03333333507180214,0.05445883795619011,0.9491584897041321,0.021928710862994194,0.75,0.75,0.025848420336842537,-0.18032708764076233
2026-08-17_23-48-36,/home/as22cq/Projects/Policy-RL-Peg_insertion/force_peg_rl/logs/rl_games/Forge/2026-08-17_23-48-36/nn/Forge.pth,2,nominal,1001,False,timeout,149,121.52740478515625,0.02150411158800125,12.653080940246582,7.654350757598877,0.6333333849906921,0.0011346564861014485,2.386331081390381,0.01904228888452053,0.75,0.75,0.025460759177803993,0.33164212107658386
2026-08-17_23-48-36,/home/as22cq/Projects/Policy-RL-Peg_insertion/force_peg_rl/logs/rl_games/Forge/2026-08-17_23-48-36/nn/Forge.pth,2,nominal,1001,False,timeout,149,-55.313720703125,0.07967954874038696,12.743733406066895,1.2938432693481445,0.06666667014360428,0.030966633930802345,0.4620859622955322,0.01983124576508999,0.75,0.75,0.02251729741692543,-0.2691696584224701
2026-08-17_23-48-36,/home/as22cq/Projects/Policy-RL-Peg_insertion/force_peg_rl/logs/rl_games/Forge/2026-08-17_23-48-36/nn/Forge.pth,2,nominal,1001,False,timeout,149,61.055206298828125,0.07728336751461029,17.24658966064453,8.098380088806152,0.4833333492279053,0.04815344884991646,2.4542105197906494,0.02237432450056076,0.75,0.75,0.02148120291531086,-0.39416682720184326
2026-08-17_23-48-36,/home/as22cq/Projects/Policy-RL-Peg_insertion/force_peg_rl/logs/rl_games/Forge/2026-08-17_23-48-36/nn/Forge.pth,2,nominal,1001,False,timeout,149,90.37738800048828,0.07387939840555191,12.946146011352539,8.30648136138916,0.44166669249534607,0.03738660365343094,2.47074818611145,0.020307006314396858,0.75,0.75,0.025398768484592438,0.14865505695343018
2026-08-17_23-48-36,/home/as22cq/Projects/Policy-RL-Peg_insertion/force_peg_rl/logs/rl_games/Forge/2026-08-17_23-48-36/nn/Forge.pth,2,nominal,1001,False,timeout,149,-48.48684310913086,0.08072280883789062,8.715363502502441,1.4558311700820923,0.02500000223517418,0.01662725768983364,0.3747422695159912,0.018703695386648178,0.75,0.75,0.009076794609427452,-0.7004092335700989
2026-08-17_23-48-36,/home/as22cq/Projects/Policy-RL-Peg_insertion/force_peg_rl/logs/rl_games/Forge/2026-08-17_23-48-36/nn/Forge.pth,2,nominal,1001,False,timeout,149,-53.28059005737305,0.0823087990283966,9.925397872924805,1.047480583190918,0.10833334177732468,0.012745632790029049,0.5906636118888855,0.02388438582420349,0.75,0.75,0.022991864010691643,-0.5532423257827759
2026-08-17_23-48-36,/home/as22cq/Projects/Policy-RL-Peg_insertion/force_peg_rl/logs/rl_games/Forge/2026-08-17_23-48-36/nn/Forge.pth,2,nominal,1001,False,timeout,149,-14.347344398498535,0.06777361035346985,6.46347188949585,1.2049012184143066,0.0,0.031798362731933594,0.6841112971305847,0.023065969347953796,0.75,0.75,0.018991924822330475,0.20743392407894135
2026-08-17_23-48-36,/home/as22cq/Projects/Policy-RL-Peg_insertion/force_peg_rl/logs/rl_games/Forge/2026-08-17_23-48-36/nn/Forge.pth,2,nominal,1001,False,timeout,149,5.976012229919434,0.04345621168613434,11.251442909240723,4.787693977355957,0.5833333730697632,0.07359301298856735,1.844164252281189,0.022870369255542755,0.75,0.75,0.017809879034757614,0.6315240263938904
2026-08-17_23-48-36,/home/as22cq/Projects/Policy-RL-Peg_insertion/force_peg_rl/logs/rl_games/Forge/2026-08-17_23-48-36/nn/Forge.pth,2,nominal,1001,True,success,149,127.87638854980469,0.00011749938130378723,11.232681274414062,6.614768028259277,0.6500000357627869,0.0005414277547970414,0.3998290002346039,0.022785302251577377,0.75,0.75,0.00510643282905221,0.09131362289190292
2026-08-17_23-48-36,/home/as22cq/Projects/Policy-RL-Peg_insertion/force_peg_rl/logs/rl_games/Forge/2026-08-17_23-48-36/nn/Forge.pth,2,nominal,1001,False,timeout,149,-29.25503921508789,0.023163648322224617,7.359091281890869,1.9872111082077026,0.0,0.06593253463506699,2.414592981338501,0.023870799690485,0.75,0.75,0.015833258628845215,0.3663131892681122
2026-08-17_23-48-36,/home/as22cq/Projects/Policy-RL-Peg_insertion/force_peg_rl/logs/rl_games/Forge/2026-08-17_23-48-36/nn/Forge.pth,2,nominal,1001,False,timeout,149,44.025089263916016,0.017824668437242508,14.937089920043945,9.593935012817383,1.125,0.0009028443018905818,1.8599165678024292,0.014620817266404629,0.75,0.75,0.010411480441689491,-0.14587116241455078
2026-08-17_23-48-36,/home/as22cq/Projects/Policy-RL-Peg_insertion/force_peg_rl/logs/rl_games/Forge/2026-08-17_23-48-36/nn/Forge.pth,2,nominal,1001,False,timeout,149,43.5428352355957,0.060698091983795166,18.126771926879883,7.426019668579102,0.7583333849906921,0.026429135352373123,1.0437657833099365,0.02186746895313263,0.75,0.75,0.012933487072587013,-0.44119328260421753
2026-08-17_23-48-36,/home/as22cq/Projects/Policy-RL-Peg_insertion/force_peg_rl/logs/rl_games/Forge/2026-08-17_23-48-36/nn/Forge.pth,2,nominal,1001,False,timeout,149,-40.686859130859375,0.01492997258901596,6.204310894012451,0.7135488390922546,0.02500000223517418,0.03868403658270836,0.9842095971107483,0.016157617792487144,0.75,0.75,0.023202423006296158,-0.3652269244194031
2026-08-17_23-48-36,/home/as22cq/Projects/Policy-RL-Peg_insertion/force_peg_rl/logs/rl_games/Forge/2026-08-17_23-48-36/nn/Forge.pth,2,nominal,1001,False,timeout,149,60.229488372802734,0.0013208650052547455,18.34947967529297,9.78486156463623,0.9083333611488342,0.0006295413477346301,0.9893170595169067,0.021059606224298477,0.75,0.75,0.01897650584578514,0.38433027267456055
2026-08-17_23-48-36,/home/as22cq/Projects/Policy-RL-Peg_insertion/force_peg_rl/logs/rl_games/Forge/2026-08-17_23-48-36/nn/Forge.pth,2,nominal,1001,True,success,149,71.09022521972656,5.4813921451568604e-05,16.95067024230957,10.048155784606934,1.058333396911621,0.00038212191429920495,1.8342599868774414,0.020258717238903046,0.75,0.75,0.008386467583477497,0.2316727638244629
2026-08-17_23-48-36,/home/as22cq/Projects/Policy-RL-Peg_insertion/force_peg_rl/logs/rl_games/Forge/2026-08-17_23-48-36/nn/Forge.pth,2,nominal,1001,False,timeout,149,-51.053592681884766,0.14929357171058655,6.771761417388916,0.7024481892585754,0.0,0.043640121817588806,0.5009799599647522,0.018845554441213608,0.75,0.75,0.015989072620868683,0.055705513805150986
2026-08-17_23-48-36,/home/as22cq/Projects/Policy-RL-Peg_insertion/force_peg_rl/logs/rl_games/Forge/2026-08-17_23-48-36/nn/Forge.pth,2,nominal,1001,False,timeout,149,-30.62328338623047,0.06791931390762329,9.898122787475586,1.3624686002731323,0.10833334177732468,0.08220178633928299,2.509840250015259,0.018838200718164444,0.75,0.75,0.01841791719198227,-0.03332448750734329
2026-08-17_23-48-36,/home/as22cq/Projects/Policy-RL-Peg_insertion/force_peg_rl/logs/rl_games/Forge/2026-08-17_23-48-36/nn/Forge.pth,2,nominal,1001,False,timeout,149,34.76844024658203,0.01389138400554657,15.62147331237793,10.09457015991211,1.1083333492279053,0.000544933311175555,1.0174256563186646,0.017856061458587646,0.75,0.75,0.011731645092368126,0.13897450268268585
2026-08-17_23-48-36,/home/as22cq/Projects/Policy-RL-Peg_insertion/force_peg_rl/logs/rl_games/Forge/2026-08-17_23-48-36/nn/Forge.pth,2,nominal,1001,False,timeout,149,83.05816650390625,0.02016499638557434,18.019472122192383,10.346397399902344,0.8333333730697632,0.0011530873598530889,1.7899041175842285,0.01571701653301716,0.75,0.75,0.01608235202729702,-0.16532404720783234
2026-08-17_23-48-36,/home/as22cq/Projects/Policy-RL-Peg_insertion/force_peg_rl/logs/rl_games/Forge/2026-08-17_23-48-36/nn/Forge.pth,2,nominal,1001,False,timeout,149,-46.232208251953125,0.0942593663930893,8.49205493927002,0.9438667893409729,0.01666666753590107,0.023838713765144348,0.2783801853656769,0.01593594066798687,0.75,0.75,0.013790109194815159,-0.305357426404953
2026-08-17_23-48-36,/home/as22cq/Projects/Policy-RL-Peg_insertion/force_peg_rl/logs/rl_games/Forge/2026-08-17_23-48-36/nn/Forge.pth,2,nominal,1001,False,timeout,149,-33.432373046875,0.11575061082839966,8.618623733520508,2.1251111030578613,0.0,0.055605363100767136,0.3563738167285919,0.020774684846401215,0.75,0.75,0.017013665288686752,0.23199039697647095
2026-08-17_23-48-36,/home/as22cq/Projects/Policy-RL-Peg_insertion/force_peg_rl/logs/rl_games/Forge/2026-08-17_23-48-36/nn/Forge.pth,2,nominal,1001,True,success,149,260.35943603515625,0.000490797683596611,8.65511417388916,2.3743631839752197,0.008333333767950535,0.0008317083120346069,0.7435358166694641,0.01568693108856678,0.75,0.75,0.010746468789875507,0.1386077105998993
2026-08-17_23-48-36,/home/as22cq/Projects/Policy-RL-Peg_insertion/force_peg_rl/logs/rl_games/Forge/2026-08-17_23-48-36/nn/Forge.pth,2,nominal,1001,True,success,149,255.3212127685547,0.00011929124593734741,12.442741394042969,5.346242427825928,0.13333334028720856,0.0003541106707416475,0.5806159973144531,0.018006887286901474,0.75,0.75,0.006974481511861086,0.6974660754203796
2026-08-17_23-48-36,/home/as22cq/Projects/Policy-RL-Peg_insertion/force_peg_rl/logs/rl_games/Forge/2026-08-17_23-48-36/nn/Forge.pth,2,nominal,1001,True,success,149,166.70465087890625,0.0010896623134613037,13.721695899963379,7.886009216308594,0.8750000596046448,0.0005275144940242171,0.6568145751953125,0.018772847950458527,0.75,0.75,0.013196922838687897,-0.19503475725650787
2026-08-17_23-48-36,/home/as22cq/Projects/Policy-RL-Peg_insertion/force_peg_rl/logs/rl_games/Forge/2026-08-17_23-48-36/nn/Forge.pth,2,nominal,1001,True,success,149,289.9125061035156,6.837397813796997e-05,6.70592737197876,3.6314196586608887,0.0,0.00022693541541229934,0.6141395568847656,0.017154736444354057,0.75,0.75,0.02121230587363243,0.5288159251213074
2026-08-17_23-48-36,/home/as22cq/Projects/Policy-RL-Peg_insertion/force_peg_rl/logs/rl_games/Forge/2026-08-17_23-48-36/nn/Forge.pth,2,nominal,1001,True,success,149,263.55230712890625,0.00038972124457359314,13.419075965881348,6.108786582946777,0.4583333432674408,0.0008506354060955346,0.8899220824241638,0.017057888209819794,0.75,0.75,0.01905035600066185,0.2469227910041809
2026-08-17_23-48-36,/home/as22cq/Projects/Policy-RL-Peg_insertion/force_peg_rl/logs/rl_games/Forge/2026-08-17_23-48-36/nn/Forge.pth,2,nominal,1001,False,timeout,149,1.9488799571990967,0.01716962270438671,15.987018585205078,4.240869522094727,0.11666667461395264,0.02750604785978794,1.6024888753890991,0.02164911851286888,0.75,0.75,0.01484785694628954,0.4333549439907074
2026-08-17_23-48-36,/home/as22cq/Projects/Policy-RL-Peg_insertion/force_peg_rl/logs/rl_games/Forge/2026-08-17_23-48-36/nn/Forge.pth,2,nominal,1001,False,timeout,149,-62.880680084228516,0.018423546105623245,1.2123676538467407,0.08195114880800247,0.0,0.07136855274438858,2.303476572036743,0.019485317170619965,0.75,0.75,0.015334457159042358,0.15942102670669556
2026-08-17_23-48-36,/home/as22cq/Projects/Policy-RL-Peg_insertion/force_peg_rl/logs/rl_games/Forge/2026-08-17_23-48-36/nn/Forge.pth,2,nominal,1001,False,timeout,149,-73.43606567382812,0.22868642210960388,7.696709632873535,2.255986452102661,0.0,0.0746077299118042,2.0289130210876465,0.01732698082923889,0.75,0.75,0.005018469877541065,0.7659934163093567
2026-08-17_23-48-36,/home/as22cq/Projects/Policy-RL-Peg_insertion/force_peg_rl/logs/rl_games/Forge/2026-08-17_23-48-36/nn/Forge.pth,2,nominal,1001,False,timeout,149,-59.2943000793457,0.08200639486312866,3.61775279045105,0.12033480405807495,0.0,0.027041779831051826,0.6929978132247925,0.017195260152220726,0.75,0.75,0.009747069329023361,-0.3258456885814667
2026-08-17_23-48-36,/home/as22cq/Projects/Policy-RL-Peg_insertion/force_peg_rl/logs/rl_games/Forge/2026-08-17_23-48-36/nn/Forge.pth,2,nominal,1001,False,timeout,149,-45.69148254394531,-0.012758148834109306,2.861647367477417,0.1444726288318634,0.0,0.03790605440735817,1.6956725120544434,0.019713807851076126,0.75,0.75,0.002150452695786953,0.25809046626091003
2026-08-17_23-48-36,/home/as22cq/Projects/Policy-RL-Peg_insertion/force_peg_rl/logs/rl_games/Forge/2026-08-17_23-48-36/nn/Forge.pth,2,nominal,1001,False,timeout,149,-46.2325325012207,0.09320925176143646,21.60697364807129,4.313023090362549,0.3583333492279053,0.3211838901042938,0.8162698745727539,0.016470789909362793,0.75,0.75,0.02108541689813137,0.6555227041244507
2026-08-17_23-48-36,/home/as22cq/Projects/Policy-RL-Peg_insertion/force_peg_rl/logs/rl_games/Forge/2026-08-17_23-48-36/nn/Forge.pth,2,nominal,1001,False,timeout,149,-67.65253448486328,0.22280985116958618,5.526618003845215,0.4821888506412506,0.0,0.06066001579165459,0.5823153853416443,0.02107066474854946,0.75,0.75,0.021301236003637314,-0.6772103905677795
2026-08-17_23-48-36,/home/as22cq/Projects/Policy-RL-Peg_insertion/force_peg_rl/logs/rl_games/Forge/2026-08-17_23-48-36/nn/Forge.pth,2,nominal,1001,False,timeout,149,-66.35143280029297,0.11529020965099335,1.0624586343765259,0.0774521753191948,0.0,0.03259321674704552,0.42527633905410767,0.019642818719148636,0.75,0.75,0.02282714657485485,-0.6422103643417358
2026-08-17_23-48-36,/home/as22cq/Projects/Policy-RL-Peg_insertion/force_peg_rl/logs/rl_games/Forge/2026-08-17_23-48-36/nn/Forge.pth,2,nominal,1001,False,timeout,149,-67.85733795166016,0.10528241097927094,8.876450538635254,0.5694156885147095,0.01666666753590107,0.03824591636657715,0.4284863770008087,0.016166212037205696,0.75,0.75,0.014402458444237709,0.1898675113916397
2026-08-17_23-48-36,/home/as22cq/Projects/Policy-RL-Peg_insertion/force_peg_rl/logs/rl_games/Forge/2026-08-17_23-48-36/nn/Forge.pth,2,nominal,1001,False,timeout,149,136.73826599121094,0.0205543152987957,12.201635360717773,6.325490951538086,0.45000001788139343,0.0008813102613203228,0.7339078187942505,0.02291574329137802,0.75,0.75,0.016527259722352028,-0.6966042518615723
2026-08-17_23-48-36,/home/as22cq/Projects/Policy-RL-Peg_insertion/force_peg_rl/logs/rl_games/Forge/2026-08-17_23-48-36/nn/Forge.pth,2,nominal,1001,False,timeout,149,-68.08518981933594,0.14867080748081207,0.8458901047706604,0.08738836646080017,0.0,0.04151357337832451,0.5499347448348999,0.015569858253002167,0.75,0.75,0.022438734769821167,-0.7281140089035034
2026-08-17_23-48-36,/home/as22cq/Projects/Policy-RL-Peg_insertion/force_peg_rl/logs/rl_games/Forge/2026-08-17_23-48-36/nn/Forge.pth,2,nominal,1001,False,timeout,149,-55.00871658325195,0.11063588410615921,2.469850778579712,0.2454943060874939,0.0,0.018708396703004837,0.3637458086013794,0.016166362911462784,0.75,0.75,0.019842974841594696,0.295145720243454
2026-08-17_23-48-36,/home/as22cq/Projects/Policy-RL-Peg_insertion/force_peg_rl/logs/rl_games/Forge/2026-08-17_23-48-36/nn/Forge.pth,2,nominal,1001,False,timeout,149,-65.18899536132812,0.09575477242469788,10.889422416687012,0.8715618848800659,0.05000000447034836,0.025631336495280266,0.4207841157913208,0.023370862007141113,0.75,0.75,0.002932425821200013,-0.711712121963501
2026-08-17_23-48-36,/home/as22cq/Projects/Policy-RL-Peg_insertion/force_peg_rl/logs/rl_games/Forge/2026-08-17_23-48-36/nn/Forge.pth,2,nominal,1001,False,timeout,149,-45.46875762939453,0.004522470757365227,10.745530128479004,1.3033461570739746,0.03333333507180214,0.03353819623589516,1.176253080368042,0.015642669051885605,0.75,0.75,0.02164832130074501,-0.22570373117923737
2026-08-17_23-48-36,/home/as22cq/Projects/Policy-RL-Peg_insertion/force_peg_rl/logs/rl_games/Forge/2026-08-17_23-48-36/nn/Forge.pth,2,nominal,1001,False,timeout,149,-53.146217346191406,0.004908517003059387,5.96032190322876,0.4059681296348572,0.008333333767950535,0.04383246228098869,1.070802092552185,0.018210183829069138,0.75,0.75,0.015350107103586197,0.31937673687934875
2026-08-17_23-48-36,/home/as22cq/Projects/Policy-RL-Peg_insertion/force_peg_rl/logs/rl_games/Forge/2026-08-17_23-48-36/nn/Forge.pth,2,nominal,1001,False,timeout,149,-49.02259063720703,0.095950648188591,6.913235187530518,1.144101858139038,0.0,0.010910190641880035,0.3912048637866974,0.016150567680597305,0.75,0.75,0.019974714145064354,0.13439245522022247
2026-08-17_23-48-36,/home/as22cq/Projects/Policy-RL-Peg_insertion/force_peg_rl/logs/rl_games/Forge/2026-08-17_23-48-36/nn/Forge.pth,2,nominal,1001,False,timeout,149,-56.89598846435547,0.06903967261314392,10.662906646728516,0.7700844407081604,0.008333333767950535,0.03313851356506348,0.5901319980621338,0.021775322034955025,0.75,0.75,0.009201427921652794,0.4407072365283966
2026-08-17_23-48-36,/home/as22cq/Projects/Policy-RL-Peg_insertion/force_peg_rl/logs/rl_games/Forge/2026-08-17_23-48-36/nn/Forge.pth,2,nominal,1001,False,timeout,149,-48.98944854736328,0.007756352424621582,8.940192222595215,1.066171646118164,0.0,0.02279425784945488,0.7449460029602051,0.02289941906929016,0.75,0.75,0.01390113029628992,-0.7715246081352234
2026-08-17_23-48-36,/home/as22cq/Projects/Policy-RL-Peg_insertion/force_peg_rl/logs/rl_games/Forge/2026-08-17_23-48-36/nn/Forge.pth,2,nominal,1001,False,timeout,149,-12.648587226867676,0.004252329468727112,12.865798950195312,2.7066197395324707,0.28333336114883423,0.05511040985584259,2.003000497817993,0.019238904118537903,0.75,0.75,0.01882363297045231,0.18654686212539673
2026-08-17_23-48-36,/home/as22cq/Projects/Policy-RL-Peg_insertion/force_peg_rl/logs/rl_games/Forge/2026-08-17_23-48-36/nn/Forge.pth,2,nominal,1001,False,timeout,149,-36.72873306274414,0.017444364726543427,6.624106407165527,1.7848448753356934,0.0,0.06624416261911392,1.6216609477996826,0.018931817263364792,0.75,0.75,0.01968681439757347,-0.23151953518390656
2026-08-17_23-48-36,/home/as22cq/Projects/Policy-RL-Peg_insertion/force_peg_rl/logs/rl_games/Forge/2026-08-17_23-48-36/nn/Forge.pth,2,nominal,1001,False,timeout,149,-60.24028015136719,0.11101390421390533,11.723409652709961,3.6894407272338867,0.17500001192092896,0.07348515093326569,0.44361838698387146,0.02240586280822754,0.75,0.75,0.012530215084552765,0.13043104112148285
2026-08-17_23-48-36,/home/as22cq/Projects/Policy-RL-Peg_insertion/force_peg_rl/logs/rl_games/Forge/2026-08-17_23-48-36/nn/Forge.pth,2,nominal,1001,False,timeout,149,-35.058143615722656,0.018174678087234497,3.5952320098876953,0.4143424928188324,0.0,0.06523650139570236,1.3253029584884644,0.02098115161061287,0.75,0.75,0.01623188517987728,-0.19918975234031677
2026-08-17_23-48-36,/home/as22cq/Projects/Policy-RL-Peg_insertion/force_peg_rl/logs/rl_games/Forge/2026-08-17_23-48-36/nn/Forge.pth,2,nominal,1001,False,timeout,149,-54.7974739074707,0.011992618441581726,5.2257161140441895,0.2803196310997009,0.0,0.05166655778884888,1.0117294788360596,0.022938724607229233,0.75,0.75,0.009694133885204792,-0.0808091089129448
2026-08-17_23-48-36,/home/as22cq/Projects/Policy-RL-Peg_insertion/force_peg_rl/logs/rl_games/Forge/2026-08-17_23-48-36/nn/Forge.pth,2,nominal,1001,False,timeout,149,-62.44098663330078,0.07940362393856049,0.43226513266563416,0.12048342078924179,0.0,0.006497649010270834,0.6348966360092163,0.016873560845851898,0.75,0.75,0.015161111019551754,-0.5265071392059326
2026-08-17_23-48-36,/home/as22cq/Projects/Policy-RL-Peg_insertion/force_peg_rl/logs/rl_games/Forge/2026-08-17_23-48-36/nn/Forge.pth,2,nominal,1001,False,timeout,149,-32.99357223510742,0.018072515726089478,2.3544061183929443,0.17505718767642975,0.0,0.06062775105237961,2.492934226989746,0.0156350526958704,0.75,0.75,0.01933639869093895,0.31334957480430603
2026-08-17_23-48-36,/home/as22cq/Projects/Policy-RL-Peg_insertion/force_peg_rl/logs/rl_games/Forge/2026-08-17_23-48-36/nn/Forge.pth,2,nominal,1001,False,timeout,149,-21.411724090576172,0.06637005507946014,9.113832473754883,1.2683473825454712,0.15000000596046448,0.031248165294528008,0.643851101398468,0.020158756524324417,0.75,0.75,0.013035551644861698,0.5365958213806152
2026-08-17_23-48-36,/home/as22cq/Projects/Policy-RL-Peg_insertion/force_peg_rl/logs/rl_games/Forge/2026-08-17_23-48-36/nn/Forge.pth,2,nominal,1001,False,timeout,149,-43.480224609375,0.0814419835805893,4.615886688232422,0.3605912923812866,0.0,0.0296055618673563,0.5573974847793579,0.019965898245573044,0.75,0.75,0.00671359384432435,-0.4505034387111664
2026-08-17_23-48-36,/home/as22cq/Projects/Policy-RL-Peg_insertion/force_peg_rl/logs/rl_games/Forge/2026-08-17_23-48-36/nn/Forge.pth,2,nominal,1001,False,timeout,149,-85.89247131347656,0.07795529067516327,14.5536470413208,2.3090786933898926,0.19166667759418488,0.08120765537023544,2.2919676303863525,0.02355351112782955,0.75,0.75,0.027021802961826324,0.15036511421203613
2026-08-17_23-48-36,/home/as22cq/Projects/Policy-RL-Peg_insertion/force_peg_rl/logs/rl_games/Forge/2026-08-17_23-48-36/nn/Forge.pth,2,nominal,1001,False,timeout,149,-59.86530303955078,-0.0016024056822061539,5.496732234954834,0.7416147589683533,0.0,0.0601867251098156,2.034994125366211,0.0174166988581419,0.75,0.75,0.015642458572983742,-0.5607950687408447
2026-08-17_23-48-36,/home/as22cq/Projects/Policy-RL-Peg_insertion/force_peg_rl/logs/rl_games/Forge/2026-08-17_23-48-36/nn/Forge.pth,2,nominal,1001,False,timeout,149,-46.31306838989258,0.006773993372917175,16.916484832763672,1.6293789148330688,0.02500000223517418,0.03163568675518036,1.973850965499878,0.01682325080037117,0.75,0.75,0.013652815483510494,0.028686435893177986
2026-08-17_23-48-36,/home/as22cq/Projects/Policy-RL-Peg_insertion/force_peg_rl/logs/rl_games/Forge/2026-08-17_23-48-36/nn/Forge.pth,2,nominal,1001,False,timeout,149,-58.25189208984375,0.003445439040660858,7.17674446105957,1.3683249950408936,0.0,0.016573557630181313,0.5902289748191833,0.01520598866045475,0.75,0.75,0.012353871949017048,0.11279333382844925
2026-08-17_23-48-36,/home/as22cq/Projects/Policy-RL-Peg_insertion/force_peg_rl/logs/rl_games/Forge/2026-08-17_23-48-36/nn/Forge.pth,2,nominal,1001,False,timeout,149,-46.022682189941406,0.037555430084466934,5.511643409729004,0.5638328790664673,0.0,0.06991220265626907,2.702461004257202,0.022262301295995712,0.75,0.75,0.012130232527852058,0.15834899246692657
2026-08-17_23-48-36,/home/as22cq/Projects/Policy-RL-Peg_insertion/force_peg_rl/logs/rl_games/Forge/2026-08-17_23-48-36/nn/Forge.pth,2,nominal,1001,False,timeout,149,-73.13261413574219,0.2428208440542221,3.7701632976531982,0.17306695878505707,0.0,0.0507587231695652,0.6884588599205017,0.014059549197554588,0.75,0.75,0.014119738712906837,-0.4990970492362976
2026-08-17_23-48-36,/home/as22cq/Projects/Policy-RL-Peg_insertion/force_peg_rl/logs/rl_games/Forge/2026-08-17_23-48-36/nn/Forge.pth,2,nominal,1001,False,timeout,149,-92.05564880371094,0.11268147826194763,12.525565147399902,2.6189043521881104,0.31666669249534607,0.025626925751566887,0.4081721305847168,0.021552711725234985,0.75,0.75,0.020876480266451836,-0.5127936601638794
2026-08-17_23-48-36,/home/as22cq/Projects/Policy-RL-Peg_insertion/force_peg_rl/logs/rl_games/Forge/2026-08-17_23-48-36/nn/Forge.pth,2,nominal,1001,False,timeout,149,-56.2652702331543,0.08681946992874146,10.524789810180664,1.1516051292419434,0.05000000447034836,0.012472600676119328,0.601069986820221,0.020665738731622696,0.75,0.75,0.016821373254060745,0.06334131956100464
2026-08-17_23-48-36,/home/as22cq/Projects/Policy-RL-Peg_insertion/force_peg_rl/logs/rl_games/Forge/2026-08-17_23-48-36/nn/Forge.pth,2,nominal,1001,False,timeout,149,-55.310264587402344,0.05550456792116165,4.899433135986328,0.8654887676239014,0.0,0.07974336296319962,2.45845103263855,0.021153850480914116,0.75,0.75,0.00891163945198059,0.2165878862142563
2026-08-17_23-48-36,/home/as22cq/Projects/Policy-RL-Peg_insertion/force_peg_rl/logs/rl_games/Forge/2026-08-17_23-48-36/nn/Forge.pth,2,nominal,1001,False,timeout,149,-67.1867904663086,0.07698245346546173,3.6496798992156982,0.47063252329826355,0.0,0.05185212567448616,0.8139798641204834,0.021385658532381058,0.75,0.75,0.008229159750044346,-0.28635331988334656
2026-08-17_23-48-36,/home/as22cq/Projects/Policy-RL-Peg_insertion/force_peg_rl/logs/rl_games/Forge/2026-08-17_23-48-36/nn/Forge.pth,2,nominal,1001,False,timeout,149,-59.311676025390625,0.11037848889827728,3.931076765060425,0.25703179836273193,0.0,0.030638238415122032,0.61154705286026,0.016053400933742523,0.75,0.75,0.01621880568563938,0.11821167916059494
2026-08-17_23-48-36,/home/as22cq/Projects/Policy-RL-Peg_insertion/force_peg_rl/logs/rl_games/Forge/2026-08-17_23-48-36/nn/Forge.pth,2,nominal,1001,False,timeout,149,-16.6036319732666,-0.005770888179540634,8.671857833862305,1.4588842391967773,0.008333333767950535,0.06052720174193382,1.4132474660873413,0.020496314391493797,0.75,0.75,0.0072102658450603485,-0.7670652866363525
2026-08-17_23-48-36,/home/as22cq/Projects/Policy-RL-Peg_insertion/force_peg_rl/logs/rl_games/Forge/2026-08-17_23-48-36/nn/Forge.pth,2,nominal,1001,False,timeout,149,-12.998849868774414,0.025156058371067047,7.787408828735352,1.1336535215377808,0.06666667014360428,0.020247945562005043,0.4932059049606323,0.020682819187641144,0.75,0.75,0.009847824461758137,-0.3959408104419708
2026-08-17_23-48-36,/home/as22cq/Projects/Policy-RL-Peg_insertion/force_peg_rl/logs/rl_games/Forge/2026-08-17_23-48-36/nn/Forge.pth,2,nominal,1001,False,timeout,149,-61.80337905883789,0.043229859322309494,4.8992204666137695,1.7822171449661255,0.0,0.050034984946250916,1.1243253946304321,0.023266304284334183,0.75,0.75,0.023187637329101562,0.4895193874835968
2026-08-17_23-48-36,/home/as22cq/Projects/Policy-RL-Peg_insertion/force_peg_rl/logs/rl_games/Forge/2026-08-17_23-48-36/nn/Forge.pth,2,nominal,1001,False,timeout,149,-53.332603454589844,0.15467624366283417,7.044808864593506,0.29891684651374817,0.0,0.04839595407247543,0.5550675988197327,0.018296927213668823,0.75,0.75,0.0075696674175560474,0.4345397353172302
2026-08-17_23-48-36,/home/as22cq/Projects/Policy-RL-Peg_insertion/force_peg_rl/logs/rl_games/Forge/2026-08-17_23-48-36/nn/Forge.pth,2,nominal,1001,False,timeout,149,-41.07234573364258,0.063576340675354,8.694448471069336,1.2924302816390991,0.05833333730697632,0.08347751945257187,2.576702833175659,0.022931180894374847,0.75,0.75,0.0144522525370121,0.41410335898399353
2026-08-17_23-48-36,/home/as22cq/Projects/Policy-RL-Peg_insertion/force_peg_rl/logs/rl_games/Forge/2026-08-17_23-48-36/nn/Forge.pth,2,nominal,1001,False,timeout,149,-55.20415496826172,0.06615179777145386,10.042304039001465,1.0881749391555786,0.05000000447034836,0.023922573775053024,0.6224251389503479,0.018306290730834007,0.75,0.75,0.011412709951400757,0.376802921295166
2026-08-17_23-48-36,/home/as22cq/Projects/Policy-RL-Peg_insertion/force_peg_rl/logs/rl_games/Forge/2026-08-17_23-48-36/nn/Forge.pth,2,nominal,1001,False,timeout,149,-63.6844482421875,0.04355929419398308,4.775906562805176,0.6167131662368774,0.0,0.055778343230485916,1.2757207155227661,0.016289347782731056,0.75,0.75,0.020338712260127068,-0.6465989351272583
2026-08-17_23-48-36,/home/as22cq/Projects/Policy-RL-Peg_insertion/force_peg_rl/logs/rl_games/Forge/2026-08-17_23-48-36/nn/Forge.pth,2,nominal,1001,False,timeout,149,-69.82546997070312,0.24899324774742126,11.327691078186035,0.2904605269432068,0.008333333767950535,0.043779406696558,0.30215153098106384,0.02268315851688385,0.75,0.75,0.0179225355386734,-0.476485013961792
2026-08-17_23-48-36,/home/as22cq/Projects/Policy-RL-Peg_insertion/force_peg_rl/logs/rl_games/Forge/2026-08-17_23-48-36/nn/Forge.pth,2,nominal,1001,False,timeout,149,-56.53370666503906,0.1084790825843811,6.194396018981934,0.873676061630249,0.0,0.023199670016765594,0.5761997699737549,0.016915027052164078,0.75,0.75,0.02115846611559391,0.36377328634262085
2026-08-17_23-48-36,/home/as22cq/Projects/Policy-RL-Peg_insertion/force_peg_rl/logs/rl_games/Forge/2026-08-17_23-48-36/nn/Forge.pth,2,nominal,1001,False,timeout,149,-50.79191207885742,0.04714835062623024,6.101476669311523,0.46538636088371277,0.0,0.041838862001895905,0.5890370607376099,0.018898047506809235,0.75,0.75,0.012265103869140148,-0.3618459701538086
2026-08-17_23-48-36,/home/as22cq/Projects/Policy-RL-Peg_insertion/force_peg_rl/logs/rl_games/Forge/2026-08-17_23-48-36/nn/Forge.pth,2,nominal,1001,False,timeout,149,-71.2119369506836,0.12520483136177063,10.788249015808105,0.8271063566207886,0.05000000447034836,0.05491429567337036,0.29301023483276367,0.017300201579928398,0.75,0.75,0.021430961787700653,-0.6492890119552612
2026-08-17_23-48-36,/home/as22cq/Projects/Policy-RL-Peg_insertion/force_peg_rl/logs/rl_games/Forge/2026-08-17_23-48-36/nn/Forge.pth,2,nominal,1001,False,timeout,149,-58.115394592285156,0.020210839807987213,0.810615599155426,0.10218323767185211,0.0,0.06337807327508926,2.107785940170288,0.017231246456503868,0.75,0.75,0.013714263215661049,0.15870985388755798
2026-08-17_23-48-36,/home/as22cq/Projects/Policy-RL-Peg_insertion/force_peg_rl/logs/rl_games/Forge/2026-08-17_23-48-36/nn/Forge.pth,2,nominal,1001,False,timeout,149,-61.58854293823242,0.1727699339389801,6.818763256072998,0.5165010094642639,0.0,0.0580776184797287,0.7331823110580444,0.014061514288187027,0.75,0.75,0.008627437055110931,0.485250860452652
2026-08-17_23-48-36,/home/as22cq/Projects/Policy-RL-Peg_insertion/force_peg_rl/logs/rl_games/Forge/2026-08-17_23-48-36/nn/Forge.pth,2,nominal,1001,False,timeout,149,-68.16707611083984,0.0013298597186803818,13.548251152038574,0.9894781708717346,0.05000000447034836,0.07074093073606491,2.3126838207244873,0.018452759832143784,0.75,0.75,0.017599990591406822,0.7177645564079285
2026-08-17_23-48-36,/home/as22cq/Projects/Policy-RL-Peg_insertion/force_peg_rl/logs/rl_games/Forge/2026-08-17_23-48-36/nn/Forge.pth,2,nominal,1001,False,timeout,149,-104.92374420166016,0.04579417407512665,22.41474151611328,4.8609700202941895,0.25,0.08399681001901627,2.095771312713623,0.019890470430254936,0.75,0.75,0.018946925178170204,0.7266778945922852
2026-08-17_23-48-36,/home/as22cq/Projects/Policy-RL-Peg_insertion/force_peg_rl/logs/rl_games/Forge/2026-08-17_23-48-36/nn/Forge.pth,2,nominal,1001,False,timeout,149,-58.76434326171875,0.07232120633125305,8.094355583190918,0.19466643035411835,0.008333333767950535,0.03252248838543892,0.5808817148208618,0.018977031111717224,0.75,0.75,0.017995428293943405,-0.21558690071105957
2026-08-17_23-48-36,/home/as22cq/Projects/Policy-RL-Peg_insertion/force_peg_rl/logs/rl_games/Forge/2026-08-17_23-48-36/nn/Forge.pth,2,nominal,1001,False,timeout,149,-54.30927658081055,0.05449618399143219,5.425108432769775,0.7055356502532959,0.0,0.0818028599023819,2.5995123386383057,0.01557972189038992,0.75,0.75,0.012333977967500687,0.3208732604980469
2026-08-17_23-48-36,/home/as22cq/Projects/Policy-RL-Peg_insertion/force_peg_rl/logs/rl_games/Forge/2026-08-17_23-48-36/nn/Forge.pth,2,nominal,1001,False,timeout,149,-44.24374771118164,0.027446232736110687,16.36445426940918,6.71213960647583,0.4833333492279053,0.020420469343662262,0.9231213927268982,0.017802242189645767,0.75,0.75,0.021507157012820244,-0.464180588722229
2026-08-17_23-48-36,/home/as22cq/Projects/Policy-RL-Peg_insertion/force_peg_rl/logs/rl_games/Forge/2026-08-17_23-48-36/nn/Forge.pth,2,nominal,1001,True,success,149,255.4718780517578,0.0018787737935781479,14.122817993164062,3.1407971382141113,0.1666666716337204,0.000813348451629281,0.9541515111923218,0.017767682671546936,0.75,0.75,0.0027543501928448677,-0.31682145595550537
2026-08-17_23-48-36,/home/as22cq/Projects/Policy-RL-Peg_insertion/force_peg_rl/logs/rl_games/Forge/2026-08-17_23-48-36/nn/Forge.pth,2,nominal,1001,False,timeout,149,-51.30657958984375,0.030537258833646774,9.07555103302002,1.1496366262435913,0.05833333730697632,0.08214324712753296,2.5238606929779053,0.015009330585598946,0.75,0.75,0.012256965972483158,0.399362176656723
2026-08-17_23-48-36,/home/as22cq/Projects/Policy-RL-Peg_insertion/force_peg_rl/logs/rl_games/Forge/2026-08-17_23-48-36/nn/Forge.pth,2,nominal,1001,False,timeout,149,-62.30681228637695,0.011366941034793854,10.387262344360352,0.9271933436393738,0.07500000298023224,0.019999442622065544,0.9576594829559326,0.02253558859229088,0.75,0.75,0.018683847039937973,0.2690579295158386
2026-08-17_23-48-36,/home/as22cq/Projects/Policy-RL-Peg_insertion/force_peg_rl/logs/rl_games/Forge/2026-08-17_23-48-36/nn/Forge.pth,2,nominal,1001,False,timeout,149,-52.91640853881836,0.001712525263428688,13.90351390838623,2.5641026496887207,0.008333333767950535,0.031528081744909286,0.9321162700653076,0.016178205609321594,0.75,0.75,0.01242130808532238,-0.5786872506141663
2026-08-17_23-48-36,/home/as22cq/Projects/Policy-RL-Peg_insertion/force_peg_rl/logs/rl_games/Forge/2026-08-17_23-48-36/nn/Forge.pth,2,nominal,1001,False,timeout,149,-54.302650451660156,0.10185198485851288,9.807377815246582,1.0193339586257935,0.05833333730697632,0.03264673054218292,0.516747236251831,0.021530838683247566,0.75,0.75,0.015110381878912449,0.05560506880283356
2026-08-17_23-48-36,/home/as22cq/Projects/Policy-RL-Peg_insertion/force_peg_rl/logs/rl_games/Forge/2026-08-17_23-48-36/nn/Forge.pth,2,nominal,1001,False,timeout,149,-68.83877563476562,0.18804168701171875,7.770724296569824,0.466349720954895,0.0416666679084301,0.03927486017346382,0.4126167595386505,0.014759902842342854,0.75,0.75,0.01829526387155056,-0.7175599336624146
2026-08-17_23-48-36,/home/as22cq/Projects/Policy-RL-Peg_insertion/force_peg_rl/logs/rl_games/Forge/2026-08-17_23-48-36/nn/Forge.pth,2,nominal,1001,False,timeout,149,-57.1115837097168,0.11295390129089355,9.521178245544434,0.9406150579452515,0.03333333507180214,0.031038573011755943,0.29994282126426697,0.023537378758192062,0.75,0.75,0.02001100219786167,-0.00426830817013979
2026-08-17_23-48-36,/home/as22cq/Projects/Policy-RL-Peg_insertion/force_peg_rl/logs/rl_games/Forge/2026-08-17_23-48-36/nn/Forge.pth,2,nominal,1001,False,timeout,149,-28.072145462036133,0.09715396165847778,6.18782901763916,1.3323549032211304,0.0,0.04380252584815025,0.775890588760376,0.021453145891427994,0.75,0.75,0.005087940488010645,-0.41542989015579224
2026-08-17_23-48-36,/home/as22cq/Projects/Policy-RL-Peg_insertion/force_peg_rl/logs/rl_games/Forge/2026-08-17_23-48-36/nn/Forge.pth,2,nominal,1001,False,timeout,149,-23.264385223388672,0.06737791746854782,11.640604972839355,2.570549726486206,0.15833334624767303,0.08676885068416595,2.833550453186035,0.023269906640052795,0.75,0.75,0.018342526629567146,0.7181453704833984
2026-08-17_23-48-36,/home/as22cq/Projects/Policy-RL-Peg_insertion/force_peg_rl/logs/rl_games/Forge/2026-08-17_23-48-36/nn/Forge.pth,2,nominal,1001,False,timeout,149,-16.575868606567383,0.08183442801237106,9.547114372253418,2.2924535274505615,0.1666666716337204,0.04384993761777878,0.5746506452560425,0.02015027217566967,0.75,0.75,0.009213525801897049,0.2632787823677063
2026-08-17_23-48-36,/home/as22cq/Projects/Policy-RL-Peg_insertion/force_peg_rl/logs/rl_games/Forge/2026-08-17_23-48-36/nn/Forge.pth,2,nominal,1001,False,timeout,149,-65.73821258544922,0.2242611050605774,0.4409092366695404,0.08158213645219803,0.0,0.053675174713134766,0.6920733451843262,0.01780351623892784,0.75,0.75,0.019182290881872177,-0.29874444007873535
2026-08-17_23-48-36,/home/as22cq/Projects/Policy-RL-Peg_insertion/force_peg_rl/logs/rl_games/Forge/2026-08-17_23-48-36/nn/Forge.pth,2,nominal,1001,False,timeout,149,-47.35361862182617,0.11170046031475067,6.654929161071777,0.7238332629203796,0.0,0.021139539778232574,0.43204134702682495,0.016263706609606743,0.75,0.75,0.013175632804632187,0.35033491253852844
2026-08-17_23-48-36,/home/as22cq/Projects/Policy-RL-Peg_insertion/force_peg_rl/logs/rl_games/Forge/2026-08-17_23-48-36/nn/Forge.pth,2,nominal,1001,False,timeout,149,-57.21563720703125,0.09238012880086899,3.7892544269561768,0.2772480845451355,0.0,0.0338907316327095,0.7441279888153076,0.016402853652834892,0.75,0.75,0.013304097577929497,0.19915515184402466
2026-08-17_23-48-36,/home/as22cq/Projects/Policy-RL-Peg_insertion/force_peg_rl/logs/rl_games/Forge/2026-08-17_23-48-36/nn/Forge.pth,2,nominal,1001,False,timeout,149,-55.74766540527344,0.02250838279724121,4.667026996612549,0.19444791972637177,0.0,0.05936967581510544,0.8006072044372559,0.02295359969139099,0.75,0.75,0.013419264927506447,0.39455029368400574
2026-08-17_23-48-36,/home/as22cq/Projects/Policy-RL-Peg_insertion/force_peg_rl/logs/rl_games/Forge/2026-08-17_23-48-36/nn/Forge.pth,2,nominal,1001,False,timeout,149,-53.098907470703125,0.07161520421504974,4.448921203613281,0.3627449572086334,0.0,0.038207028061151505,0.5091321468353271,0.01770959608256817,0.75,0.75,0.014691845513880253,-0.5404009222984314
2026-08-17_23-48-36,/home/as22cq/Projects/Policy-RL-Peg_insertion/force_peg_rl/logs/rl_games/Forge/2026-08-17_23-48-36/nn/Forge.pth,2,nominal,1001,False,timeout,149,-74.51233673095703,0.10722381621599197,9.877433776855469,0.7251701354980469,0.06666667014360428,0.05650506913661957,0.4209740459918976,0.016356922686100006,0.75,0.75,0.017856009304523468,-0.33245620131492615
2026-08-17_23-48-36,/home/as22cq/Projects/Policy-RL-Peg_insertion/force_peg_rl/logs/rl_games/Forge/2026-08-17_23-48-36/nn/Forge.pth,2,nominal,1001,False,timeout,149,-51.26818084716797,0.013442318886518478,0.4278930723667145,0.10114851593971252,0.0,0.050055649131536484,1.3886547088623047,0.02057572640478611,0.75,0.75,0.015976805239915848,-0.3307815492153168
2026-08-17_23-48-36,/home/as22cq/Projects/Policy-RL-Peg_insertion/force_peg_rl/logs/rl_games/Forge/2026-08-17_23-48-36/nn/Forge.pth,2,nominal,1001,False,timeout,149,-56.2641716003418,0.03369239717721939,6.150888442993164,0.3498235046863556,0.0,0.00652983458712697,0.4150884449481964,0.01646830514073372,0.75,0.75,0.021247239783406258,-0.2188536822795868
2026-08-17_23-48-36,/home/as22cq/Projects/Policy-RL-Peg_insertion/force_peg_rl/logs/rl_games/Forge/2026-08-17_23-48-36/nn/Forge.pth,2,nominal,1001,False,timeout,149,38.325923919677734,0.08928696811199188,17.104219436645508,7.513960361480713,0.45000001788139343,0.06048821285367012,2.933986186981201,0.016161106526851654,0.75,0.75,0.01631709188222885,0.30144909024238586
2026-08-17_23-48-36,/home/as22cq/Projects/Policy-RL-Peg_insertion/force_peg_rl/logs/rl_games/Forge/2026-08-17_23-48-36/nn/Forge.pth,2,nominal,1001,False,timeout,149,-62.75637435913086,0.05624498426914215,0.5393543243408203,0.13521692156791687,0.0,0.04295702651143074,0.5404229164123535,0.01702846586704254,0.75,0.75,0.014140252023935318,-0.15462133288383484
2026-08-17_23-48-36,/home/as22cq/Projects/Policy-RL-Peg_insertion/force_peg_rl/logs/rl_games/Forge/2026-08-17_23-48-36/nn/Forge.pth,2,nominal,1001,False,timeout,149,-69.32015228271484,0.012850139290094376,1.6664894819259644,0.1230849102139473,0.0,0.07853107154369354,2.289127826690674,0.014587434940040112,0.75,0.75,0.020949913188815117,0.40289273858070374
2026-08-17_23-48-36,/home/as22cq/Projects/Policy-RL-Peg_insertion/force_peg_rl/logs/rl_games/Forge/2026-08-17_23-48-36/nn/Forge.pth,2,nominal,1001,False,timeout,149,-59.5344352722168,0.12537327408790588,5.996168613433838,0.30298128724098206,0.0,0.03560391440987587,0.3270384669303894,0.018362728878855705,0.75,0.75,0.01223105750977993,-0.4435054361820221
2026-08-17_23-48-36,/home/as22cq/Projects/Policy-RL-Peg_insertion/force_peg_rl/logs/rl_games/Forge/2026-08-17_23-48-36/nn/Forge.pth,2,nominal,1001,False,timeout,149,-62.060935974121094,0.06836596131324768,4.332778453826904,0.3646632730960846,0.0,0.04237149655818939,0.9233090877532959,0.01855064183473587,0.75,0.75,0.01869184523820877,-0.6091059446334839
2026-08-17_23-48-36,/home/as22cq/Projects/Policy-RL-Peg_insertion/force_peg_rl/logs/rl_games/Forge/2026-08-17_23-48-36/nn/Forge.pth,2,nominal,1001,False,timeout,149,-62.903717041015625,0.053565263748168945,0.6649526357650757,0.11603239178657532,0.0,0.04991762712597847,0.7167236804962158,0.018471993505954742,0.75,0.75,0.016589105129241943,-0.029500886797904968
2026-08-17_23-48-36,/home/as22cq/Projects/Policy-RL-Peg_insertion/force_peg_rl/logs/rl_games/Forge/2026-08-17_23-48-36/nn/Forge.pth,2,nominal,1001,False,timeout,149,-57.867984771728516,0.19140063226222992,1.328589916229248,0.11073843389749527,0.0,0.05274190753698349,0.6704921722412109,0.02168460376560688,0.75,0.75,0.019233984872698784,-0.3934597969055176
2026-08-17_23-48-36,/home/as22cq/Projects/Policy-RL-Peg_insertion/force_peg_rl/logs/rl_games/Forge/2026-08-17_23-48-36/nn/Forge.pth,2,nominal,1001,False,timeout,149,-56.180973052978516,0.03779241815209389,1.6132851839065552,0.13527348637580872,0.0,0.07242534309625626,2.380885601043701,0.01885201781988144,0.75,0.75,0.019675159826874733,0.6522115468978882
2026-08-17_23-48-36,/home/as22cq/Projects/Policy-RL-Peg_insertion/force_peg_rl/logs/rl_games/Forge/2026-08-17_23-48-36/nn/Forge.pth,2,nominal,1001,False,timeout,149,-39.794639587402344,0.00874648243188858,8.968474388122559,1.1387311220169067,0.0,0.055763401091098785,2.5388967990875244,0.017903078347444534,0.75,0.75,0.01722608506679535,0.5483886003494263
2026-08-17_23-48-36,/home/as22cq/Projects/Policy-RL-Peg_insertion/force_peg_rl/logs/rl_games/Forge/2026-08-17_23-48-36/nn/Forge.pth,2,nominal,1001,False,timeout,149,-60.42019271850586,0.04286113753914833,5.954206466674805,0.296878844499588,0.008333333767950535,0.07875318825244904,1.5245684385299683,0.01591614820063114,0.75,0.75,0.014896406792104244,0.42344486713409424
2026-08-17_23-48-36,/home/as22cq/Projects/Policy-RL-Peg_insertion/force_peg_rl/logs/rl_games/Forge/2026-08-17_23-48-36/nn/Forge.pth,2,nominal,1001,False,timeout,149,125.9360580444336,0.01823515072464943,14.786057472229004,6.463559150695801,0.20000001788139343,0.0005427109426818788,2.4997200965881348,0.02119617350399494,0.75,0.75,0.024552397429943085,0.7525647282600403
2026-08-17_23-48-36,/home/as22cq/Projects/Policy-RL-Peg_insertion/force_peg_rl/logs/rl_games/Forge/2026-08-17_23-48-36/nn/Forge.pth,2,nominal,1001,False,timeout,149,-48.08163070678711,0.15396088361740112,5.357206344604492,0.45015189051628113,0.0,0.025797391310334206,0.2891381084918976,0.022429121658205986,0.75,0.75,0.018510691821575165,-0.4727274775505066
2026-08-17_23-48-36,/home/as22cq/Projects/Policy-RL-Peg_insertion/force_peg_rl/logs/rl_games/Forge/2026-08-17_23-48-36/nn/Forge.pth,2,nominal,1001,False,timeout,149,-50.97915267944336,0.09332618862390518,11.826233863830566,3.138537883758545,0.03333333507180214,0.08071932941675186,2.7114171981811523,0.01488218829035759,0.75,0.75,0.01386965997517109,0.4944983422756195
2026-08-17_23-48-36,/home/as22cq/Projects/Policy-RL-Peg_insertion/force_peg_rl/logs/rl_games/Forge/2026-08-17_23-48-36/nn/Forge.pth,2,nominal,1001,False,timeout,149,79.97711944580078,0.017932862043380737,8.709282875061035,3.3223958015441895,0.11666667461395264,0.0018845392623916268,2.1329591274261475,0.017609914764761925,0.75,0.75,0.020818792283535004,0.1502843201160431
2026-08-17_23-48-36,/home/as22cq/Projects/Policy-RL-Peg_insertion/force_peg_rl/logs/rl_games/Forge/2026-08-17_23-48-36/nn/Forge.pth,2,nominal,1001,False,timeout,149,45.891334533691406,0.12662887573242188,13.850341796875,4.947037220001221,0.3916666805744171,0.27819889783859253,0.7037238478660583,0.014196322299540043,0.75,0.75,0.018837006762623787,-0.6462771892547607
2026-08-17_23-48-36,/home/as22cq/Projects/Policy-RL-Peg_insertion/force_peg_rl/logs/rl_games/Forge/2026-08-17_23-48-36/nn/Forge.pth,2,nominal,1001,False,timeout,149,46.38715362548828,0.010609161108732224,15.802103042602539,7.895483016967773,0.8750000596046448,0.0007586677675135434,1.4807945489883423,0.01995878294110298,0.75,0.75,0.021841170266270638,0.6344282031059265
2026-08-17_23-48-36,/home/as22cq/Projects/Policy-RL-Peg_insertion/force_peg_rl/logs/rl_games/Forge/2026-08-17_23-48-36/nn/Forge.pth,2,nominal,1001,False,timeout,149,-43.71971130371094,0.08154436945915222,9.284092903137207,3.0319883823394775,0.20000001788139343,0.07686745375394821,2.7586188316345215,0.02250853180885315,0.75,0.75,0.018767455592751503,0.6043733358383179
2026-08-17_23-48-36,/home/as22cq/Projects/Policy-RL-Peg_insertion/force_peg_rl/logs/rl_games/Forge/2026-08-17_23-48-36/nn/Forge.pth,2,nominal,1001,False,timeout,149,-69.22386932373047,0.07522032409906387,7.263084888458252,1.4077048301696777,0.0,0.07803921401500702,2.3252029418945312,0.018876703456044197,0.75,0.75,0.019832029938697815,0.632672131061554
2026-08-17_23-48-36,/home/as22cq/Projects/Policy-RL-Peg_insertion/force_peg_rl/logs/rl_games/Forge/2026-08-17_23-48-36/nn/Forge.pth,2,nominal,1001,False,timeout,149,-57.74980926513672,0.018644094467163086,7.63580322265625,0.4522620737552643,0.0,0.058180779218673706,0.9696771502494812,0.018970340490341187,0.75,0.75,0.019398557022213936,-0.38063299655914307
2026-08-17_23-48-36,/home/as22cq/Projects/Policy-RL-Peg_insertion/force_peg_rl/logs/rl_games/Forge/2026-08-17_23-48-36/nn/Forge.pth,2,nominal,1001,False,timeout,149,-36.675750732421875,0.01860591024160385,5.839970588684082,0.8779702186584473,0.05833333730697632,0.05087193846702576,2.42728328704834,0.014674588106572628,0.75,0.75,0.016571562737226486,-0.01652820035815239
2026-08-17_23-48-36,/home/as22cq/Projects/Policy-RL-Peg_insertion/force_peg_rl/logs/rl_games/Forge/2026-08-17_23-48-36/nn/Forge.pth,2,nominal,1001,False,timeout,149,-47.41985321044922,0.09377357363700867,5.733919143676758,0.6979168653488159,0.0,0.019488757476210594,0.6128438115119934,0.021122463047504425,0.75,0.75,0.007517548743635416,0.4541884958744049
2026-08-17_23-48-36,/home/as22cq/Projects/Policy-RL-Peg_insertion/force_peg_rl/logs/rl_games/Forge/2026-08-17_23-48-36/nn/Forge.pth,2,nominal,1001,False,timeout,149,-55.323299407958984,0.006897822022438049,8.00256061553955,1.1179871559143066,0.008333333767950535,0.016248416155576706,0.6765722632408142,0.020548122003674507,0.75,0.75,0.022836808115243912,-0.5218984484672546
2026-08-17_23-48-36,/home/as22cq/Projects/Policy-RL-Peg_insertion/force_peg_rl/logs/rl_games/Forge/2026-08-17_23-48-36/nn/Forge.pth,2,nominal,1001,False,timeout,149,-68.57978057861328,0.0885666012763977,1.0389803647994995,0.14045093953609467,0.0,0.03448419272899628,0.5021737813949585,0.0146819818764925,0.75,0.75,0.009932360611855984,-0.3420926630496979
2026-08-17_23-48-36,/home/as22cq/Projects/Policy-RL-Peg_insertion/force_peg_rl/logs/rl_games/Forge/2026-08-17_23-48-36/nn/Forge.pth,2,nominal,1001,False,timeout,149,-62.432430267333984,0.10519865155220032,5.92010498046875,1.8675967454910278,0.0,0.07689321041107178,0.7649304866790771,0.016416696831583977,0.75,0.75,0.015543580055236816,0.12891027331352234
2026-08-17_23-48-36,/home/as22cq/Projects/Policy-RL-Peg_insertion/force_peg_rl/logs/rl_games/Forge/2026-08-17_23-48-36/nn/Forge.pth,2,nominal,1001,False,timeout,149,-49.41046905517578,0.08206188678741455,5.393252849578857,0.6555721163749695,0.0,0.04774145036935806,0.6993369460105896,0.02037438005208969,0.75,0.75,0.019716428592801094,-0.7546032667160034
2026-08-17_23-48-36,/home/as22cq/Projects/Policy-RL-Peg_insertion/force_peg_rl/logs/rl_games/Forge/2026-08-17_23-48-36/nn/Forge.pth,2,nominal,1001,False,timeout,149,-47.01105499267578,0.029295139014720917,5.073744773864746,1.126571536064148,0.0,0.06808067113161087,2.3601582050323486,0.02104412019252777,0.75,0.75,0.02434394508600235,0.4898701012134552
2026-08-17_23-48-36,/home/as22cq/Projects/Policy-RL-Peg_insertion/force_peg_rl/logs/rl_games/Forge/2026-08-17_23-48-36/nn/Forge.pth,2,nominal,1001,False,timeout,149,-43.75049591064453,0.07808437198400497,6.128959655761719,0.8398764133453369,0.0,0.08466975390911102,2.4672276973724365,0.021495122462511063,0.75,0.75,0.008821305818855762,0.3837381899356842
2026-08-17_23-48-36,/home/as22cq/Projects/Policy-RL-Peg_insertion/force_peg_rl/logs/rl_games/Forge/2026-08-17_23-48-36/nn/Forge.pth,2,nominal,1001,False,timeout,149,-68.87346649169922,0.12598386406898499,9.400972366333008,1.099900484085083,0.0833333358168602,0.08371155709028244,0.5203874111175537,0.0181379783898592,0.75,0.75,0.0077208103612065315,-0.0785929337143898
2026-08-17_23-48-36,/home/as22cq/Projects/Policy-RL-Peg_insertion/force_peg_rl/logs/rl_games/Forge/2026-08-17_23-48-36/nn/Forge.pth,2,nominal,1001,False,timeout,149,-72.86670684814453,0.10488034784793854,10.048311233520508,0.4538978636264801,0.03333333507180214,0.05143337324261665,0.23914982378482819,0.016820821911096573,0.75,0.75,0.020627807825803757,-0.6109328866004944
2026-08-17_23-48-36,/home/as22cq/Projects/Policy-RL-Peg_insertion/force_peg_rl/logs/rl_games/Forge/2026-08-17_23-48-36/nn/Forge.pth,2,nominal,1002,False,timeout,149,-18.254730224609375,0.023783020675182343,13.33576774597168,6.214773654937744,1.1166666746139526,0.0013489797711372375,0.7240617871284485,0.019413884729146957,0.75,0.75,0.01789960265159607,0.45074665546417236
2026-08-17_23-48-36,/home/as22cq/Projects/Policy-RL-Peg_insertion/force_peg_rl/logs/rl_games/Forge/2026-08-17_23-48-36/nn/Forge.pth,2,nominal,1002,False,timeout,149,-51.44839859008789,0.04233969375491142,8.389262199401855,1.0821226835250854,0.0833333358168602,0.047475945204496384,0.8940457701683044,0.01712241768836975,0.75,0.75,0.00903177447617054,-0.6292104721069336
2026-08-17_23-48-36,/home/as22cq/Projects/Policy-RL-Peg_insertion/force_peg_rl/logs/rl_games/Forge/2026-08-17_23-48-36/nn/Forge.pth,2,nominal,1002,False,timeout,149,-43.860382080078125,0.07428736239671707,6.5531206130981445,0.6603878736495972,0.0,0.053319841623306274,0.6257154941558838,0.01554050762206316,0.75,0.75,0.013464132323861122,-0.32392194867134094
2026-08-17_23-48-36,/home/as22cq/Projects/Policy-RL-Peg_insertion/force_peg_rl/logs/rl_games/Forge/2026-08-17_23-48-36/nn/Forge.pth,2,nominal,1002,False,timeout,149,56.774227142333984,0.01582978665828705,19.552371978759766,11.094531059265137,0.9916667342185974,0.0010919708292931318,1.8809876441955566,0.018758801743388176,0.75,0.75,0.020801255479454994,0.5808753371238708
2026-08-17_23-48-36,/home/as22cq/Projects/Policy-RL-Peg_insertion/force_peg_rl/logs/rl_games/Forge/2026-08-17_23-48-36/nn/Forge.pth,2,nominal,1002,False,timeout,149,55.409996032714844,-0.04552400857210159,23.910547256469727,4.9249444007873535,0.30000001192092896,0.18918883800506592,0.5075715184211731,0.014345498755574226,0.75,0.75,0.021153444424271584,0.22044812142848969
2026-08-17_23-48-36,/home/as22cq/Projects/Policy-RL-Peg_insertion/force_peg_rl/logs/rl_games/Forge/2026-08-17_23-48-36/nn/Forge.pth,2,nominal,1002,False,timeout,149,-22.18531608581543,0.019569911062717438,7.12347412109375,1.365824818611145,0.07500000298023224,0.04353395849466324,1.147824764251709,0.015388447791337967,0.75,0.75,0.01370332483202219,-0.33679747581481934
2026-08-17_23-48-36,/home/as22cq/Projects/Policy-RL-Peg_insertion/force_peg_rl/logs/rl_games/Forge/2026-08-17_23-48-36/nn/Forge.pth,2,nominal,1002,False,timeout,149,-24.033491134643555,0.6839619278907776,21.098878860473633,10.206595420837402,0.9416667222976685,1.2216695547103882,0.5773952007293701,0.020567502826452255,0.75,0.75,0.018199071288108826,-0.2882532477378845
2026-08-17_23-48-36,/home/as22cq/Projects/Policy-RL-Peg_insertion/force_peg_rl/logs/rl_games/Forge/2026-08-17_23-48-36/nn/Forge.pth,2,nominal,1002,False,timeout,149,42.20996856689453,0.0031474269926548004,14.979779243469238,9.320046424865723,1.133333444595337,0.000529722310602665,2.1200976371765137,0.018307818099856377,0.75,0.75,0.010578595101833344,-0.5181620717048645
2026-08-17_23-48-36,/home/as22cq/Projects/Policy-RL-Peg_insertion/force_peg_rl/logs/rl_games/Forge/2026-08-17_23-48-36/nn/Forge.pth,2,nominal,1002,False,timeout,149,-8.891816139221191,0.06510448455810547,16.116823196411133,7.481164932250977,0.5916666984558105,0.04340694472193718,0.99509197473526,0.02321643754839897,0.75,0.75,0.005322881042957306,0.06376909464597702
2026-08-17_23-48-36,/home/as22cq/Projects/Policy-RL-Peg_insertion/force_peg_rl/logs/rl_games/Forge/2026-08-17_23-48-36/nn/Forge.pth,2,nominal,1002,False,timeout,149,-36.73899841308594,0.1458558440208435,7.062625885009766,0.7097843289375305,0.0,0.049799706786870956,0.34200921654701233,0.014807280153036118,0.75,0.75,0.0191887766122818,-0.3304016888141632
2026-08-17_23-48-36,/home/as22cq/Projects/Policy-RL-Peg_insertion/force_peg_rl/logs/rl_games/Forge/2026-08-17_23-48-36/nn/Forge.pth,2,nominal,1002,False,timeout,149,-48.92116928100586,0.18352633714675903,7.157528877258301,0.8134567737579346,0.008333333767950535,0.03909807652235031,0.33892083168029785,0.02122945338487625,0.75,0.75,0.0049608671106398106,-0.6119070649147034
2026-08-17_23-48-36,/home/as22cq/Projects/Policy-RL-Peg_insertion/force_peg_rl/logs/rl_games/Forge/2026-08-17_23-48-36/nn/Forge.pth,2,nominal,1002,False,timeout,149,-42.32412338256836,0.09136888384819031,9.246685981750488,1.0916073322296143,0.02500000223517418,0.019132399931550026,0.6565852165222168,0.015919752418994904,0.75,0.75,0.013480856083333492,0.15796928107738495
2026-08-17_23-48-36,/home/as22cq/Projects/Policy-RL-Peg_insertion/force_peg_rl/logs/rl_games/Forge/2026-08-17_23-48-36/nn/Forge.pth,2,nominal,1002,True,success,149,245.68495178222656,3.65525484085083e-05,14.658439636230469,5.701119899749756,0.02500000223517418,0.00022518126934301108,0.5172765851020813,0.02155010960996151,0.75,0.75,0.010217918083071709,0.07179664820432663
2026-08-17_23-48-36,/home/as22cq/Projects/Policy-RL-Peg_insertion/force_peg_rl/logs/rl_games/Forge/2026-08-17_23-48-36/nn/Forge.pth,2,nominal,1002,True,success,149,268.7931213378906,7.580220699310303e-05,16.845426559448242,5.2134013175964355,0.19166667759418488,0.0003497255966067314,0.35652709007263184,0.015309987589716911,0.75,0.75,0.01897512748837471,0.4430526793003082
2026-08-17_23-48-36,/home/as22cq/Projects/Policy-RL-Peg_insertion/force_peg_rl/logs/rl_games/Forge/2026-08-17_23-48-36/nn/Forge.pth,2,nominal,1002,True,success,149,271.7282409667969,5.61736524105072e-05,15.877859115600586,4.275243282318115,0.25,0.00033184749190695584,0.5942781567573547,0.017588315531611443,0.75,0.75,0.011249029077589512,-0.15198840200901031
2026-08-17_23-48-36,/home/as22cq/Projects/Policy-RL-Peg_insertion/force_peg_rl/logs/rl_games/Forge/2026-08-17_23-48-36/nn/Forge.pth,2,nominal,1002,False,timeout,149,-51.19812774658203,0.029435649514198303,10.38760757446289,0.8700719475746155,0.03333333507180214,0.034604448825120926,0.743462085723877,0.017348863184452057,0.75,0.75,0.001999589381739497,0.7696378231048584
2026-08-17_23-48-36,/home/as22cq/Projects/Policy-RL-Peg_insertion/force_peg_rl/logs/rl_games/Forge/2026-08-17_23-48-36/nn/Forge.pth,2,nominal,1002,False,timeout,149,93.68952178955078,0.017152924090623856,15.941141128540039,9.291648864746094,0.8750000596046448,0.0015810226323083043,2.114851236343384,0.01678197830915451,0.75,0.75,0.018876828253269196,-0.28883111476898193
2026-08-17_23-48-36,/home/as22cq/Projects/Policy-RL-Peg_insertion/force_peg_rl/logs/rl_games/Forge/2026-08-17_23-48-36/nn/Forge.pth,2,nominal,1002,False,timeout,149,-27.101184844970703,0.07594090700149536,12.189899444580078,4.152595043182373,0.21666668355464935,0.09489282965660095,1.4367878437042236,0.020639784634113312,0.75,0.75,0.017401155084371567,0.698418378829956
2026-08-17_23-48-36,/home/as22cq/Projects/Policy-RL-Peg_insertion/force_peg_rl/logs/rl_games/Forge/2026-08-17_23-48-36/nn/Forge.pth,2,nominal,1002,False,timeout,149,98.55947875976562,0.10987834632396698,11.812828063964844,6.486001014709473,0.5916666984558105,0.05425124987959862,2.6802978515625,0.02195141091942787,0.75,0.75,0.0175413116812706,0.5204441547393799
2026-08-17_23-48-36,/home/as22cq/Projects/Policy-RL-Peg_insertion/force_peg_rl/logs/rl_games/Forge/2026-08-17_23-48-36/nn/Forge.pth,2,nominal,1002,True,success,149,228.7218780517578,0.0021846499294042587,21.00948715209961,4.831698894500732,0.19166667759418488,0.000662031932733953,1.0615257024765015,0.021944817155599594,0.75,0.75,0.02279234118759632,0.2631632387638092
2026-08-17_23-48-36,/home/as22cq/Projects/Policy-RL-Peg_insertion/force_peg_rl/logs/rl_games/Forge/2026-08-17_23-48-36/nn/Forge.pth,2,nominal,1002,False,timeout,149,-5.266057968139648,0.017456814646720886,33.57676315307617,6.965211391448975,0.9000000357627869,0.0013658382231369615,1.2936447858810425,0.01506362110376358,0.75,0.75,0.021574553102254868,0.7122719883918762
2026-08-17_23-48-36,/home/as22cq/Projects/Policy-RL-Peg_insertion/force_peg_rl/logs/rl_games/Forge/2026-08-17_23-48-36/nn/Forge.pth,2,nominal,1002,False,timeout,149,-50.26791763305664,0.020216330885887146,11.531249046325684,0.884576678276062,0.0416666679084301,0.0714540109038353,2.3892264366149902,0.021246735006570816,0.75,0.75,0.013246471993625164,0.34015482664108276
2026-08-17_23-48-36,/home/as22cq/Projects/Policy-RL-Peg_insertion/force_peg_rl/logs/rl_games/Forge/2026-08-17_23-48-36/nn/Forge.pth,2,nominal,1002,False,timeout,149,-46.72106170654297,0.03189508616924286,8.639609336853027,0.6200965046882629,0.008333333767950535,0.07866071909666061,2.169830322265625,0.02387821674346924,0.75,0.75,0.006745174527168274,0.5512175559997559
2026-08-17_23-48-36,/home/as22cq/Projects/Policy-RL-Peg_insertion/force_peg_rl/logs/rl_games/Forge/2026-08-17_23-48-36/nn/Forge.pth,2,nominal,1002,False,timeout,149,-34.772518157958984,0.005359955132007599,7.868716716766357,0.9675317406654358,0.0,0.05639401078224182,2.0411245822906494,0.018176956102252007,0.75,0.75,0.012507934123277664,0.07099486142396927
2026-08-17_23-48-36,/home/as22cq/Projects/Policy-RL-Peg_insertion/force_peg_rl/logs/rl_games/Forge/2026-08-17_23-48-36/nn/Forge.pth,2,nominal,1002,False,timeout,149,-61.715789794921875,0.029270555824041367,11.713166236877441,0.7185196876525879,0.05000000447034836,0.047853998839855194,0.8945017457008362,0.023027971386909485,0.75,0.75,0.01797373779118061,-0.4308236539363861
2026-08-17_23-48-36,/home/as22cq/Projects/Policy-RL-Peg_insertion/force_peg_rl/logs/rl_games/Forge/2026-08-17_23-48-36/nn/Forge.pth,2,nominal,1002,False,timeout,149,24.666519165039062,0.08035383373498917,31.00420379638672,8.538131713867188,0.7750000357627869,0.08882253617048264,2.1640422344207764,0.02109156735241413,0.75,0.75,0.009917382150888443,-0.3720260262489319
2026-08-17_23-48-36,/home/as22cq/Projects/Policy-RL-Peg_insertion/force_peg_rl/logs/rl_games/Forge/2026-08-17_23-48-36/nn/Forge.pth,2,nominal,1002,False,timeout,149,16.028873443603516,-0.005565643310546875,11.197818756103516,3.3395822048187256,0.24166667461395264,0.050789300352334976,1.1231626272201538,0.019174015149474144,0.75,0.75,0.017250249162316322,0.518789529800415
2026-08-17_23-48-36,/home/as22cq/Projects/Policy-RL-Peg_insertion/force_peg_rl/logs/rl_games/Forge/2026-08-17_23-48-36/nn/Forge.pth,2,nominal,1002,False,timeout,149,-34.57866668701172,0.04419149458408356,11.26555061340332,2.240511655807495,0.0833333358168602,0.06546694785356522,0.8830647468566895,0.019366687163710594,0.75,0.75,0.011414960958063602,0.21932949125766754
2026-08-17_23-48-36,/home/as22cq/Projects/Policy-RL-Peg_insertion/force_peg_rl/logs/rl_games/Forge/2026-08-17_23-48-36/nn/Forge.pth,2,nominal,1002,False,timeout,149,-43.66084289550781,0.11969208717346191,16.330978393554688,3.510000228881836,0.05833333730697632,0.10296989232301712,0.5268320441246033,0.016690043732523918,0.75,0.75,0.02096317522227764,-0.5644876956939697
2026-08-17_23-48-36,/home/as22cq/Projects/Policy-RL-Peg_insertion/force_peg_rl/logs/rl_games/Forge/2026-08-17_23-48-36/nn/Forge.pth,2,nominal,1002,True,success,149,298.8468017578125,0.00020560063421726227,13.748234748840332,4.148806095123291,0.05833333730697632,0.0008612781530246139,0.8778760433197021,0.021030575037002563,0.75,0.75,0.01157835591584444,0.2417273372411728
2026-08-17_23-48-36,/home/as22cq/Projects/Policy-RL-Peg_insertion/force_peg_rl/logs/rl_games/Forge/2026-08-17_23-48-36/nn/Forge.pth,2,nominal,1002,False,timeout,149,-59.48000717163086,0.09026157110929489,10.296921730041504,0.4865175187587738,0.008333333767950535,0.01980855129659176,0.6890020966529846,0.014745257794857025,0.75,0.75,0.024253567680716515,0.7098237872123718
2026-08-17_23-48-36,/home/as22cq/Projects/Policy-RL-Peg_insertion/force_peg_rl/logs/rl_games/Forge/2026-08-17_23-48-36/nn/Forge.pth,2,nominal,1002,False,timeout,149,-65.5164794921875,0.13481344282627106,11.525437355041504,1.104060411453247,0.07500000298023224,0.017357705160975456,0.49337390065193176,0.017925405874848366,0.75,0.75,0.020939335227012634,-0.5799182653427124
2026-08-17_23-48-36,/home/as22cq/Projects/Policy-RL-Peg_insertion/force_peg_rl/logs/rl_games/Forge/2026-08-17_23-48-36/nn/Forge.pth,2,nominal,1002,True,success,149,275.6130065917969,7.011741399765015e-05,10.32418441772461,4.6361799240112305,0.0833333358168602,0.00016509040142409503,0.5247179865837097,0.023400066420435905,0.75,0.75,0.01801287941634655,-0.2945553660392761
2026-08-17_23-48-36,/home/as22cq/Projects/Policy-RL-Peg_insertion/force_peg_rl/logs/rl_games/Forge/2026-08-17_23-48-36/nn/Forge.pth,2,nominal,1002,False,timeout,149,-49.73995590209961,0.03913372755050659,10.750001907348633,1.0837657451629639,0.008333333767950535,0.01870136708021164,0.6219939589500427,0.016221296042203903,0.75,0.75,0.013299291953444481,0.49062493443489075
2026-08-17_23-48-36,/home/as22cq/Projects/Policy-RL-Peg_insertion/force_peg_rl/logs/rl_games/Forge/2026-08-17_23-48-36/nn/Forge.pth,2,nominal,1002,False,timeout,149,6.637235641479492,0.006294935941696167,8.365473747253418,4.253050327301025,0.0,0.04361044615507126,1.931780219078064,0.019461337476968765,0.75,0.75,0.009287179447710514,0.7294746041297913
2026-08-17_23-48-36,/home/as22cq/Projects/Policy-RL-Peg_insertion/force_peg_rl/logs/rl_games/Forge/2026-08-17_23-48-36/nn/Forge.pth,2,nominal,1002,False,timeout,149,19.144439697265625,0.02512141689658165,10.56268310546875,6.8653693199157715,0.09166666865348816,0.002622569678351283,0.4553700089454651,0.016258444637060165,0.75,0.75,0.009436296299099922,-0.49849066138267517
2026-08-17_23-48-36,/home/as22cq/Projects/Policy-RL-Peg_insertion/force_peg_rl/logs/rl_games/Forge/2026-08-17_23-48-36/nn/Forge.pth,2,nominal,1002,True,success,149,292.8110046386719,0.00015388429164886475,14.236737251281738,5.058368682861328,0.1666666716337204,0.0005302600911818445,0.5129496455192566,0.018716946244239807,0.75,0.75,0.018816489726305008,0.10864932835102081
2026-08-17_23-48-36,/home/as22cq/Projects/Policy-RL-Peg_insertion/force_peg_rl/logs/rl_games/Forge/2026-08-17_23-48-36/nn/Forge.pth,2,nominal,1002,False,timeout,149,-57.483154296875,0.08182074129581451,9.919090270996094,1.3610732555389404,0.01666666753590107,0.029192518442869186,0.6438807249069214,0.01746673509478569,0.75,0.75,0.023673661053180695,-0.16187995672225952
2026-08-17_23-48-36,/home/as22cq/Projects/Policy-RL-Peg_insertion/force_peg_rl/logs/rl_games/Forge/2026-08-17_23-48-36/nn/Forge.pth,2,nominal,1002,False,timeout,149,-43.433197021484375,-0.0016553662717342377,8.864407539367676,1.668502688407898,0.13333334028720856,0.03855672851204872,1.524991512298584,0.01440645195543766,0.75,0.75,0.012244898825883865,-0.5447081327438354
2026-08-17_23-48-36,/home/as22cq/Projects/Policy-RL-Peg_insertion/force_peg_rl/logs/rl_games/Forge/2026-08-17_23-48-36/nn/Forge.pth,2,nominal,1002,False,timeout,149,-49.631752014160156,0.0189744234085083,13.744169235229492,1.8662041425704956,0.09166666865348816,0.045566000044345856,0.7894025444984436,0.021889936178922653,0.75,0.75,0.02116028591990471,-0.7573469877243042
2026-08-17_23-48-36,/home/as22cq/Projects/Policy-RL-Peg_insertion/force_peg_rl/logs/rl_games/Forge/2026-08-17_23-48-36/nn/Forge.pth,2,nominal,1002,False,timeout,149,108.77790069580078,0.016010576859116554,17.726720809936523,8.92890453338623,0.7416667342185974,0.0014168770285323262,2.2899506092071533,0.016589166596531868,0.75,0.75,0.010192293673753738,-0.14078155159950256
2026-08-17_23-48-36,/home/as22cq/Projects/Policy-RL-Peg_insertion/force_peg_rl/logs/rl_games/Forge/2026-08-17_23-48-36/nn/Forge.pth,2,nominal,1002,False,timeout,149,-36.43846893310547,0.050353020429611206,14.159374237060547,5.270772933959961,0.5916666984558105,0.5203220248222351,0.15614007413387299,0.018467051908373833,0.75,0.75,0.006955091841518879,-0.23734819889068604
2026-08-17_23-48-36,/home/as22cq/Projects/Policy-RL-Peg_insertion/force_peg_rl/logs/rl_games/Forge/2026-08-17_23-48-36/nn/Forge.pth,2,nominal,1002,False,timeout,149,-26.163360595703125,0.07504720985889435,15.42318344116211,1.615298867225647,0.15000000596046448,0.027564752846956253,0.8977864980697632,0.020759839564561844,0.75,0.75,0.014341910369694233,-0.05237210914492607
2026-08-17_23-48-36,/home/as22cq/Projects/Policy-RL-Peg_insertion/force_peg_rl/logs/rl_games/Forge/2026-08-17_23-48-36/nn/Forge.pth,2,nominal,1002,False,timeout,149,141.87435913085938,0.02232201397418976,20.297048568725586,8.022971153259277,0.31666669249534607,0.0011898844968527555,0.6438916325569153,0.01720079593360424,0.75,0.75,0.009458223357796669,-0.17536109685897827
2026-08-17_23-48-36,/home/as22cq/Projects/Policy-RL-Peg_insertion/force_peg_rl/logs/rl_games/Forge/2026-08-17_23-48-36/nn/Forge.pth,2,nominal,1002,False,timeout,149,-17.605676651000977,0.12036432325839996,14.588536262512207,1.4551026821136475,0.008333333767950535,0.035209957510232925,0.5192558765411377,0.021759364753961563,0.75,0.75,0.00609875563532114,0.7530428171157837
2026-08-17_23-48-36,/home/as22cq/Projects/Policy-RL-Peg_insertion/force_peg_rl/logs/rl_games/Forge/2026-08-17_23-48-36/nn/Forge.pth,2,nominal,1002,False,timeout,149,-50.28401184082031,0.1702093482017517,6.372507095336914,0.7056759595870972,0.0,0.03638821467757225,0.6810908317565918,0.0233331099152565,0.75,0.75,0.007744076196104288,0.17208805680274963
2026-08-17_23-48-36,/home/as22cq/Projects/Policy-RL-Peg_insertion/force_peg_rl/logs/rl_games/Forge/2026-08-17_23-48-36/nn/Forge.pth,2,nominal,1002,False,timeout,149,77.84300231933594,0.007239192724227905,19.638242721557617,7.783928871154785,0.44166669249534607,0.0006660179351456463,1.8883730173110962,0.021477200090885162,0.75,0.75,0.012040233239531517,0.2449764758348465
2026-08-17_23-48-36,/home/as22cq/Projects/Policy-RL-Peg_insertion/force_peg_rl/logs/rl_games/Forge/2026-08-17_23-48-36/nn/Forge.pth,2,nominal,1002,False,timeout,149,-27.102645874023438,0.023364923894405365,11.080680847167969,2.402316093444824,0.10000000894069672,0.06529184430837631,2.554516553878784,0.023808356374502182,0.75,0.75,0.017729900777339935,0.6457738876342773
2026-08-17_23-48-36,/home/as22cq/Projects/Policy-RL-Peg_insertion/force_peg_rl/logs/rl_games/Forge/2026-08-17_23-48-36/nn/Forge.pth,2,nominal,1002,True,success,149,156.95826721191406,5.832500755786896e-05,13.159356117248535,8.128201484680176,0.5250000357627869,0.0002869692107196897,2.217592716217041,0.01721891015768051,0.75,0.75,0.014140610583126545,0.13803786039352417
2026-08-17_23-48-36,/home/as22cq/Projects/Policy-RL-Peg_insertion/force_peg_rl/logs/rl_games/Forge/2026-08-17_23-48-36/nn/Forge.pth,2,nominal,1002,False,timeout,149,-61.58049011230469,0.10831242799758911,12.021757125854492,1.051937460899353,0.10833334177732468,0.030663680285215378,0.5521288514137268,0.018824348226189613,0.75,0.75,0.02334660291671753,0.06929180771112442
2026-08-17_23-48-36,/home/as22cq/Projects/Policy-RL-Peg_insertion/force_peg_rl/logs/rl_games/Forge/2026-08-17_23-48-36/nn/Forge.pth,2,nominal,1002,False,timeout,149,-36.17533493041992,0.13520565629005432,10.117769241333008,0.7224512696266174,0.01666666753590107,0.052974049001932144,0.6444903612136841,0.021324120461940765,0.75,0.75,0.023754483088850975,-0.6461846232414246
2026-08-17_23-48-36,/home/as22cq/Projects/Policy-RL-Peg_insertion/force_peg_rl/logs/rl_games/Forge/2026-08-17_23-48-36/nn/Forge.pth,2,nominal,1002,False,timeout,149,-16.2635440826416,0.005023986101150513,6.569034576416016,1.9801617860794067,0.0,0.054281532764434814,2.1038734912872314,0.01423654519021511,0.75,0.75,0.018009386956691742,0.523815393447876
2026-08-17_23-48-36,/home/as22cq/Projects/Policy-RL-Peg_insertion/force_peg_rl/logs/rl_games/Forge/2026-08-17_23-48-36/nn/Forge.pth,2,nominal,1002,False,timeout,149,-46.57319641113281,0.0763576328754425,8.878488540649414,1.158871054649353,0.008333333767950535,0.028562651947140694,0.6562622785568237,0.022238317877054214,0.75,0.75,0.015628768131136894,-0.3721763789653778
2026-08-17_23-48-36,/home/as22cq/Projects/Policy-RL-Peg_insertion/force_peg_rl/logs/rl_games/Forge/2026-08-17_23-48-36/nn/Forge.pth,2,nominal,1002,False,timeout,149,-56.988563537597656,0.0905933678150177,14.38003921508789,0.8139632344245911,0.0416666679084301,0.02954292856156826,0.44038283824920654,0.023817339912056923,0.75,0.75,0.012229286134243011,-0.33388614654541016
2026-08-17_23-48-36,/home/as22cq/Projects/Policy-RL-Peg_insertion/force_peg_rl/logs/rl_games/Forge/2026-08-17_23-48-36/nn/Forge.pth,2,nominal,1002,False,timeout,149,102.90052795410156,0.019580896943807602,16.53217887878418,8.116080284118652,0.46666669845581055,0.0007084177923388779,1.6959048509597778,0.015604325570166111,0.75,0.75,0.013054702430963516,0.442440390586853
2026-08-17_23-48-36,/home/as22cq/Projects/Policy-RL-Peg_insertion/force_peg_rl/logs/rl_games/Forge/2026-08-17_23-48-36/nn/Forge.pth,2,nominal,1002,False,timeout,149,-52.03800582885742,0.0848490446805954,9.880908012390137,1.5768368244171143,0.008333333767950535,0.015158266760408878,0.4612659513950348,0.01654166355729103,0.75,0.75,0.007180836051702499,-0.6129394173622131
2026-08-17_23-48-36,/home/as22cq/Projects/Policy-RL-Peg_insertion/force_peg_rl/logs/rl_games/Forge/2026-08-17_23-48-36/nn/Forge.pth,2,nominal,1002,False,timeout,149,0.47690147161483765,0.11202603578567505,7.134090423583984,2.5427355766296387,0.0,0.009885418228805065,0.2383008450269699,0.015367625281214714,0.75,0.75,0.009681761264801025,-0.702483057975769
2026-08-17_23-48-36,/home/as22cq/Projects/Policy-RL-Peg_insertion/force_peg_rl/logs/rl_games/Forge/2026-08-17_23-48-36/nn/Forge.pth,2,nominal,1002,True,success,149,298.63250732421875,6.610434502363205e-05,13.097434043884277,4.09593391418457,0.15000000596046448,0.0005163257010281086,0.6310378909111023,0.016587311401963234,0.75,0.75,0.004191722720861435,-0.3138895034790039
2026-08-17_23-48-36,/home/as22cq/Projects/Policy-RL-Peg_insertion/force_peg_rl/logs/rl_games/Forge/2026-08-17_23-48-36/nn/Forge.pth,2,nominal,1002,True,success,149,200.0078887939453,0.00016058608889579773,20.612192153930664,7.39397668838501,0.4750000238418579,0.0006945337518118322,1.5507580041885376,0.02069450542330742,0.75,0.75,0.007109863217920065,-0.7241960763931274
2026-08-17_23-48-36,/home/as22cq/Projects/Policy-RL-Peg_insertion/force_peg_rl/logs/rl_games/Forge/2026-08-17_23-48-36/nn/Forge.pth,2,nominal,1002,False,timeout,149,-89.53888702392578,0.1096775233745575,20.767059326171875,3.4655025005340576,0.2083333432674408,0.006232952233403921,0.23214776813983917,0.014911415986716747,0.75,0.75,0.017646677792072296,-0.08787451684474945
2026-08-17_23-48-36,/home/as22cq/Projects/Policy-RL-Peg_insertion/force_peg_rl/logs/rl_games/Forge/2026-08-17_23-48-36/nn/Forge.pth,2,nominal,1002,False,timeout,149,-34.050140380859375,0.0013713464140892029,5.705821514129639,0.6903829574584961,0.0,0.04701761528849602,1.4021536111831665,0.023175688460469246,0.75,0.75,0.01900392398238182,-0.21887314319610596
2026-08-17_23-48-36,/home/as22cq/Projects/Policy-RL-Peg_insertion/force_peg_rl/logs/rl_games/Forge/2026-08-17_23-48-36/nn/Forge.pth,2,nominal,1002,False,timeout,149,-53.60051727294922,0.024684935808181763,9.32801628112793,0.9839372038841248,0.01666666753590107,0.02158108353614807,0.4075101613998413,0.020305711776018143,0.75,0.75,0.017524760216474533,0.28504395484924316
2026-08-17_23-48-36,/home/as22cq/Projects/Policy-RL-Peg_insertion/force_peg_rl/logs/rl_games/Forge/2026-08-17_23-48-36/nn/Forge.pth,2,nominal,1002,False,timeout,149,-14.2606840133667,0.08559899032115936,11.315686225891113,3.6752748489379883,0.46666669845581055,0.020457053557038307,0.6215350031852722,0.022102581337094307,0.75,0.75,0.021724561229348183,-0.1555425226688385
2026-08-17_23-48-36,/home/as22cq/Projects/Policy-RL-Peg_insertion/force_peg_rl/logs/rl_games/Forge/2026-08-17_23-48-36/nn/Forge.pth,2,nominal,1002,False,timeout,149,-56.8819465637207,0.09402954578399658,6.634730339050293,0.68977290391922,0.0,0.020449209958314896,0.7089703679084778,0.020468013361096382,0.75,0.75,0.013485435396432877,-0.6150318384170532
2026-08-17_23-48-36,/home/as22cq/Projects/Policy-RL-Peg_insertion/force_peg_rl/logs/rl_games/Forge/2026-08-17_23-48-36/nn/Forge.pth,2,nominal,1002,True,success,149,199.01199340820312,0.0001983344554901123,11.696756362915039,4.867876052856445,0.10000000894069672,0.0007353193941526115,0.6019917726516724,0.02053002640604973,0.75,0.75,0.016058651730418205,0.19814160466194153
2026-08-17_23-48-36,/home/as22cq/Projects/Policy-RL-Peg_insertion/force_peg_rl/logs/rl_games/Forge/2026-08-17_23-48-36/nn/Forge.pth,2,nominal,1002,False,timeout,149,-40.6297607421875,0.042990922927856445,8.299522399902344,1.844767689704895,0.0,0.02335035242140293,0.6995576024055481,0.023736361414194107,0.75,0.75,0.019898032769560814,-0.0350927971303463
2026-08-17_23-48-36,/home/as22cq/Projects/Policy-RL-Peg_insertion/force_peg_rl/logs/rl_games/Forge/2026-08-17_23-48-36/nn/Forge.pth,2,nominal,1002,False,timeout,149,-76.0516586303711,0.10100983083248138,12.97928524017334,0.9547176361083984,0.09166666865348816,0.07647989690303802,2.3396222591400146,0.014548050239682198,0.75,0.75,0.02143809013068676,0.5012869238853455
2026-08-17_23-48-36,/home/as22cq/Projects/Policy-RL-Peg_insertion/force_peg_rl/logs/rl_games/Forge/2026-08-17_23-48-36/nn/Forge.pth,2,nominal,1002,False,timeout,149,26.87646484375,0.02560754120349884,8.721375465393066,5.262235641479492,0.03333333507180214,0.009575007483363152,0.556940495967865,0.01885204203426838,0.75,0.75,0.020396744832396507,0.27641141414642334
2026-08-17_23-48-36,/home/as22cq/Projects/Policy-RL-Peg_insertion/force_peg_rl/logs/rl_games/Forge/2026-08-17_23-48-36/nn/Forge.pth,2,nominal,1002,False,timeout,149,-51.46135330200195,0.11958047747612,10.555305480957031,2.1103274822235107,0.11666667461395264,0.027591969817876816,0.5927422642707825,0.021734148263931274,0.75,0.75,0.017300695180892944,0.6408067345619202
2026-08-17_23-48-36,/home/as22cq/Projects/Policy-RL-Peg_insertion/force_peg_rl/logs/rl_games/Forge/2026-08-17_23-48-36/nn/Forge.pth,2,nominal,1002,False,timeout,149,-61.822654724121094,0.08033187687397003,5.457111835479736,0.39045920968055725,0.0,0.016617177054286003,0.5208349227905273,0.018596237525343895,0.75,0.75,0.015298552811145782,-0.7737395763397217
2026-08-17_23-48-36,/home/as22cq/Projects/Policy-RL-Peg_insertion/force_peg_rl/logs/rl_games/Forge/2026-08-17_23-48-36/nn/Forge.pth,2,nominal,1002,False,timeout,149,-54.845062255859375,0.024528227746486664,0.4726111888885498,0.07161001116037369,0.0,0.06722329556941986,1.0941087007522583,0.01577061414718628,0.75,0.75,0.011489741504192352,0.16696347296237946
2026-08-17_23-48-36,/home/as22cq/Projects/Policy-RL-Peg_insertion/force_peg_rl/logs/rl_games/Forge/2026-08-17_23-48-36/nn/Forge.pth,2,nominal,1002,False,timeout,149,-61.834720611572266,0.07183906435966492,23.995506286621094,2.608393430709839,0.25,0.1211668848991394,1.7652679681777954,0.018703607842326164,0.75,0.75,0.021246062591671944,0.5655451416969299
2026-08-17_23-48-36,/home/as22cq/Projects/Policy-RL-Peg_insertion/force_peg_rl/logs/rl_games/Forge/2026-08-17_23-48-36/nn/Forge.pth,2,nominal,1002,False,timeout,149,-14.381494522094727,0.03101470321416855,9.945333480834961,3.1180877685546875,0.0416666679084301,0.04928478226065636,1.6286145448684692,0.019381504505872726,0.75,0.75,0.0044946433044970036,0.5515233278274536
2026-08-17_23-48-36,/home/as22cq/Projects/Policy-RL-Peg_insertion/force_peg_rl/logs/rl_games/Forge/2026-08-17_23-48-36/nn/Forge.pth,2,nominal,1002,False,timeout,149,-44.41457748413086,0.0783873125910759,5.623995780944824,0.5800572633743286,0.0,0.09581481665372849,1.0902663469314575,0.021511338651180267,0.75,0.75,0.0011889978777617216,0.7508190274238586
2026-08-17_23-48-36,/home/as22cq/Projects/Policy-RL-Peg_insertion/force_peg_rl/logs/rl_games/Forge/2026-08-17_23-48-36/nn/Forge.pth,2,nominal,1002,False,timeout,149,-63.58091354370117,0.08194468915462494,4.71965217590332,1.2257826328277588,0.0,0.030784545466303825,0.6594449281692505,0.019358016550540924,0.75,0.75,0.015158694237470627,0.2870752513408661
2026-08-17_23-48-36,/home/as22cq/Projects/Policy-RL-Peg_insertion/force_peg_rl/logs/rl_games/Forge/2026-08-17_23-48-36/nn/Forge.pth,2,nominal,1002,False,timeout,149,176.8079376220703,0.00933963805437088,6.00062894821167,1.8879739046096802,0.01666666753590107,0.0008582141599617898,1.9411401748657227,0.022733323276042938,0.75,0.75,0.022289497777819633,0.44051793217658997
2026-08-17_23-48-36,/home/as22cq/Projects/Policy-RL-Peg_insertion/force_peg_rl/logs/rl_games/Forge/2026-08-17_23-48-36/nn/Forge.pth,2,nominal,1002,True,success,149,278.35284423828125,0.00011324137449264526,11.79511547088623,3.3194267749786377,0.07500000298023224,0.0004860714834649116,0.39503008127212524,0.01642218418419361,0.75,0.75,0.009232597425580025,0.7070070505142212
2026-08-17_23-48-36,/home/as22cq/Projects/Policy-RL-Peg_insertion/force_peg_rl/logs/rl_games/Forge/2026-08-17_23-48-36/nn/Forge.pth,2,nominal,1002,False,timeout,149,-35.11924743652344,-0.0061861127614974976,7.586483955383301,0.7229585647583008,0.0416666679084301,0.05609529837965965,1.0703126192092896,0.015317823737859726,0.75,0.75,0.014742102473974228,-0.3844355344772339
2026-08-17_23-48-36,/home/as22cq/Projects/Policy-RL-Peg_insertion/force_peg_rl/logs/rl_games/Forge/2026-08-17_23-48-36/nn/Forge.pth,2,nominal,1002,False,timeout,149,-33.52003479003906,0.09976091980934143,6.979245662689209,0.9527897238731384,0.0,0.0078664505854249,0.3581946790218353,0.016590312123298645,0.75,0.75,0.02550971880555153,-0.5185555219650269
2026-08-17_23-48-36,/home/as22cq/Projects/Policy-RL-Peg_insertion/force_peg_rl/logs/rl_games/Forge/2026-08-17_23-48-36/nn/Forge.pth,2,nominal,1002,False,timeout,149,-77.3249282836914,0.12302640080451965,14.391761779785156,4.588247776031494,0.3333333432674408,0.07353878021240234,2.525411605834961,0.015047406777739525,0.75,0.75,0.01568080298602581,0.6058513522148132
2026-08-17_23-48-36,/home/as22cq/Projects/Policy-RL-Peg_insertion/force_peg_rl/logs/rl_games/Forge/2026-08-17_23-48-36/nn/Forge.pth,2,nominal,1002,False,timeout,149,-55.45270919799805,0.07987668365240097,7.73239278793335,1.7290503978729248,0.0,0.041977591812610626,0.35403570532798767,0.014026084914803505,0.75,0.75,0.012493644841015339,-0.2704593241214752
2026-08-17_23-48-36,/home/as22cq/Projects/Policy-RL-Peg_insertion/force_peg_rl/logs/rl_games/Forge/2026-08-17_23-48-36/nn/Forge.pth,2,nominal,1002,False,timeout,149,-60.18904113769531,0.03595436364412308,5.83059549331665,1.202073335647583,0.0,0.025355348363518715,0.6827844977378845,0.020672863349318504,0.75,0.75,0.01109415851533413,-0.182298481464386
2026-08-17_23-48-36,/home/as22cq/Projects/Policy-RL-Peg_insertion/force_peg_rl/logs/rl_games/Forge/2026-08-17_23-48-36/nn/Forge.pth,2,nominal,1002,False,timeout,149,-45.986751556396484,0.00624983012676239,8.301606178283691,0.25095006823539734,0.0,0.036362770944833755,1.7806367874145508,0.020923325791954994,0.75,0.75,0.02172861434519291,-0.12418424338102341
2026-08-17_23-48-36,/home/as22cq/Projects/Policy-RL-Peg_insertion/force_peg_rl/logs/rl_games/Forge/2026-08-17_23-48-36/nn/Forge.pth,2,nominal,1002,False,timeout,149,-55.59512710571289,0.029501356184482574,9.319029808044434,1.155310869216919,0.09166666865348816,0.051795244216918945,0.8160977363586426,0.01654907315969467,0.75,0.75,0.009351993910968304,0.3263722062110901
2026-08-17_23-48-36,/home/as22cq/Projects/Policy-RL-Peg_insertion/force_peg_rl/logs/rl_games/Forge/2026-08-17_23-48-36/nn/Forge.pth,2,nominal,1002,False,timeout,149,-73.05107879638672,0.11785289645195007,8.551511764526367,1.132138967514038,0.1666666716337204,0.041139885783195496,0.14276476204395294,0.023344505578279495,0.75,0.75,0.02266090176999569,-0.20683889091014862
2026-08-17_23-48-36,/home/as22cq/Projects/Policy-RL-Peg_insertion/force_peg_rl/logs/rl_games/Forge/2026-08-17_23-48-36/nn/Forge.pth,2,nominal,1002,False,timeout,149,-60.809383392333984,0.07700610160827637,7.7985124588012695,1.4009568691253662,0.0,0.08102016150951385,2.356858968734741,0.019707199186086655,0.75,0.75,0.01050792820751667,0.621483325958252
2026-08-17_23-48-36,/home/as22cq/Projects/Policy-RL-Peg_insertion/force_peg_rl/logs/rl_games/Forge/2026-08-17_23-48-36/nn/Forge.pth,2,nominal,1002,False,timeout,149,-56.13302230834961,0.07034114003181458,5.0555419921875,0.3114750385284424,0.0,0.14092682301998138,1.6031506061553955,0.019654061645269394,0.75,0.75,0.016545040532946587,0.710380494594574
2026-08-17_23-48-36,/home/as22cq/Projects/Policy-RL-Peg_insertion/force_peg_rl/logs/rl_games/Forge/2026-08-17_23-48-36/nn/Forge.pth,2,nominal,1002,False,timeout,149,-21.633136749267578,0.09556865692138672,9.89749526977539,1.6296604871749878,0.03333333507180214,0.020007146522402763,0.565707802772522,0.021721793338656425,0.75,0.75,0.015264233574271202,0.21833260357379913
2026-08-17_23-48-36,/home/as22cq/Projects/Policy-RL-Peg_insertion/force_peg_rl/logs/rl_games/Forge/2026-08-17_23-48-36/nn/Forge.pth,2,nominal,1002,False,timeout,149,-66.33562469482422,0.10814614593982697,10.523109436035156,2.1211798191070557,0.1666666716337204,0.010190139524638653,0.5883551239967346,0.018091605976223946,0.75,0.75,0.01784517429769039,0.7442202568054199
2026-08-17_23-48-36,/home/as22cq/Projects/Policy-RL-Peg_insertion/force_peg_rl/logs/rl_games/Forge/2026-08-17_23-48-36/nn/Forge.pth,2,nominal,1002,False,timeout,149,-48.88813018798828,0.20046116411685944,2.4211108684539795,0.16658304631710052,0.0,0.04990104213356972,0.6529695987701416,0.01590709574520588,0.75,0.75,0.009809640236198902,-0.3752845823764801
2026-08-17_23-48-36,/home/as22cq/Projects/Policy-RL-Peg_insertion/force_peg_rl/logs/rl_games/Forge/2026-08-17_23-48-36/nn/Forge.pth,2,nominal,1002,False,timeout,149,-64.91163635253906,0.012835700064897537,11.173309326171875,0.9009209871292114,0.0833333358168602,0.03109206259250641,1.5599446296691895,0.019022222608327866,0.75,0.75,0.021388383582234383,-0.6673644185066223
2026-08-17_23-48-36,/home/as22cq/Projects/Policy-RL-Peg_insertion/force_peg_rl/logs/rl_games/Forge/2026-08-17_23-48-36/nn/Forge.pth,2,nominal,1002,False,timeout,149,-54.314613342285156,0.03784293681383133,1.724416971206665,0.08438526839017868,0.0,0.08301068097352982,2.6691415309906006,0.01803026907145977,0.75,0.75,0.012830269522964954,0.23435941338539124
2026-08-17_23-48-36,/home/as22cq/Projects/Policy-RL-Peg_insertion/force_peg_rl/logs/rl_games/Forge/2026-08-17_23-48-36/nn/Forge.pth,2,nominal,1002,False,timeout,149,-58.93044662475586,0.10648179054260254,9.385028839111328,1.1315463781356812,0.05833333730697632,0.060317929834127426,0.604054868221283,0.016793452203273773,0.75,0.75,0.007269416470080614,0.7183584570884705
2026-08-17_23-48-36,/home/as22cq/Projects/Policy-RL-Peg_insertion/force_peg_rl/logs/rl_games/Forge/2026-08-17_23-48-36/nn/Forge.pth,2,nominal,1002,False,timeout,149,-20.317686080932617,0.11441200971603394,10.178927421569824,0.8096032738685608,0.03333333507180214,0.021180903539061546,0.35429275035858154,0.02392515353858471,0.75,0.75,0.01636715605854988,0.6574069261550903
2026-08-17_23-48-36,/home/as22cq/Projects/Policy-RL-Peg_insertion/force_peg_rl/logs/rl_games/Forge/2026-08-17_23-48-36/nn/Forge.pth,2,nominal,1002,False,timeout,149,-57.414764404296875,0.010434795171022415,6.058804512023926,1.0762536525726318,0.0,0.05439107120037079,1.2733098268508911,0.015425212681293488,0.75,0.75,0.010845507495105267,-0.17294622957706451
2026-08-17_23-48-36,/home/as22cq/Projects/Policy-RL-Peg_insertion/force_peg_rl/logs/rl_games/Forge/2026-08-17_23-48-36/nn/Forge.pth,2,nominal,1002,False,timeout,149,-53.63468551635742,0.05098550766706467,6.5611443519592285,0.6161845326423645,0.01666666753590107,0.09780187159776688,1.58250093460083,0.022415950894355774,0.75,0.75,0.0048272497951984406,0.5737558603286743
2026-08-17_23-48-36,/home/as22cq/Projects/Policy-RL-Peg_insertion/force_peg_rl/logs/rl_games/Forge/2026-08-17_23-48-36/nn/Forge.pth,2,nominal,1002,False,timeout,149,-7.2156901359558105,-0.01257924735546112,8.887251853942871,1.6760070323944092,0.0,0.05309369042515755,1.2239567041397095,0.019533030688762665,0.75,0.75,0.006909668445587158,-0.18373343348503113
2026-08-17_23-48-36,/home/as22cq/Projects/Policy-RL-Peg_insertion/force_peg_rl/logs/rl_games/Forge/2026-08-17_23-48-36/nn/Forge.pth,2,nominal,1002,False,timeout,149,-52.47506332397461,0.06912688910961151,4.05461311340332,0.434765100479126,0.0,0.06374610215425491,0.565407931804657,0.0217991191893816,0.75,0.75,0.01416313648223877,-0.5923187136650085
2026-08-17_23-48-36,/home/as22cq/Projects/Policy-RL-Peg_insertion/force_peg_rl/logs/rl_games/Forge/2026-08-17_23-48-36/nn/Forge.pth,2,nominal,1002,False,timeout,149,-39.367855072021484,0.01938236877322197,14.403042793273926,2.453214168548584,0.14166668057441711,0.09603400528430939,1.9597582817077637,0.01697712019085884,0.75,0.75,0.009546847082674503,0.31992393732070923
2026-08-17_23-48-36,/home/as22cq/Projects/Policy-RL-Peg_insertion/force_peg_rl/logs/rl_games/Forge/2026-08-17_23-48-36/nn/Forge.pth,2,nominal,1002,False,timeout,149,54.14213562011719,-0.09807975590229034,13.02551555633545,4.773364067077637,0.30000001192092896,0.20323653519153595,0.5983229279518127,0.019805314019322395,0.75,0.75,0.006348778493702412,-0.3202236592769623
2026-08-17_23-48-36,/home/as22cq/Projects/Policy-RL-Peg_insertion/force_peg_rl/logs/rl_games/Forge/2026-08-17_23-48-36/nn/Forge.pth,2,nominal,1002,False,timeout,149,-55.41960906982422,0.046725183725357056,10.862592697143555,1.877955436706543,0.05833333730697632,0.06834486126899719,0.6907548308372498,0.021873950958251953,0.75,0.75,0.022342020645737648,-0.4531630277633667
2026-08-17_23-48-36,/home/as22cq/Projects/Policy-RL-Peg_insertion/force_peg_rl/logs/rl_games/Forge/2026-08-17_23-48-36/nn/Forge.pth,2,nominal,1002,False,timeout,149,-58.437355041503906,0.08021991699934006,4.739670753479004,0.15337401628494263,0.0,0.03648309037089348,0.5688072443008423,0.01411090325564146,0.75,0.75,0.02148091420531273,0.3342389762401581
2026-08-17_23-48-36,/home/as22cq/Projects/Policy-RL-Peg_insertion/force_peg_rl/logs/rl_games/Forge/2026-08-17_23-48-36/nn/Forge.pth,2,nominal,1002,False,timeout,149,-50.7036247253418,0.031131040304899216,9.565229415893555,1.3023896217346191,0.008333333767950535,0.054296765476465225,1.0443780422210693,0.01805630885064602,0.75,0.75,0.0029500052332878113,-0.7209979891777039
2026-08-17_23-48-36,/home/as22cq/Projects/Policy-RL-Peg_insertion/force_peg_rl/logs/rl_games/Forge/2026-08-17_23-48-36/nn/Forge.pth,2,nominal,1002,False,timeout,149,-62.40214538574219,0.05420644208788872,11.422964096069336,1.788486361503601,0.008333333767950535,0.026841191574931145,0.7060967683792114,0.01963941752910614,0.75,0.75,0.016916904598474503,-0.45636430382728577
2026-08-17_23-48-36,/home/as22cq/Projects/Policy-RL-Peg_insertion/force_peg_rl/logs/rl_games/Forge/2026-08-17_23-48-36/nn/Forge.pth,2,nominal,1002,False,timeout,149,-48.37250518798828,0.010948963463306427,9.66114330291748,0.6241201162338257,0.05000000447034836,0.03926752507686615,1.3937469720840454,0.015725543722510338,0.75,0.75,0.013111275620758533,0.5106745362281799
2026-08-17_23-48-36,/home/as22cq/Projects/Policy-RL-Peg_insertion/force_peg_rl/logs/rl_games/Forge/2026-08-17_23-48-36/nn/Forge.pth,2,nominal,1002,False,timeout,149,-58.97383117675781,-0.0024262070655822754,0.5121685266494751,0.13647869229316711,0.0,0.03921092674136162,1.6424957513809204,0.016262071207165718,0.75,0.75,0.018508827313780785,-0.4194827973842621
2026-08-17_23-48-36,/home/as22cq/Projects/Policy-RL-Peg_insertion/force_peg_rl/logs/rl_games/Forge/2026-08-17_23-48-36/nn/Forge.pth,2,nominal,1002,False,timeout,149,17.011077880859375,0.011245567351579666,6.094066619873047,2.8603429794311523,0.0,0.01716631092131138,0.8176664113998413,0.019523851573467255,0.75,0.75,0.02659216709434986,0.6881676912307739
2026-08-17_23-48-36,/home/as22cq/Projects/Policy-RL-Peg_insertion/force_peg_rl/logs/rl_games/Forge/2026-08-17_23-48-36/nn/Forge.pth,2,nominal,1002,False,timeout,149,-31.97675323486328,0.01916709914803505,12.626154899597168,1.007178544998169,0.008333333767950535,0.09944986552000046,1.4922508001327515,0.023978736251592636,0.75,0.75,0.010294116102159023,0.4520481824874878
2026-08-17_23-48-36,/home/as22cq/Projects/Policy-RL-Peg_insertion/force_peg_rl/logs/rl_games/Forge/2026-08-17_23-48-36/nn/Forge.pth,2,nominal,1002,False,timeout,149,-60.964473724365234,0.023653872311115265,0.24437710642814636,0.04883601516485214,0.0,0.05730706825852394,1.3941357135772705,0.01972881145775318,0.75,0.75,0.01685616746544838,-0.04973386600613594
2026-08-17_23-48-36,/home/as22cq/Projects/Policy-RL-Peg_insertion/force_peg_rl/logs/rl_games/Forge/2026-08-17_23-48-36/nn/Forge.pth,2,nominal,1002,False,timeout,149,-53.23839569091797,0.0771465003490448,2.2254981994628906,0.1830255687236786,0.0,0.04679105430841446,0.571891188621521,0.02226528339087963,0.75,0.75,0.018473954871296883,0.11260611563920975
2026-08-17_23-48-36,/home/as22cq/Projects/Policy-RL-Peg_insertion/force_peg_rl/logs/rl_games/Forge/2026-08-17_23-48-36/nn/Forge.pth,2,nominal,1002,False,timeout,149,-24.181123733520508,0.01692216284573078,11.244573593139648,3.8125762939453125,0.07500000298023224,0.04937290400266647,1.3845824003219604,0.020357154309749603,0.75,0.75,0.017040489241480827,0.5075076222419739
2026-08-17_23-48-36,/home/as22cq/Projects/Policy-RL-Peg_insertion/force_peg_rl/logs/rl_games/Forge/2026-08-17_23-48-36/nn/Forge.pth,2,nominal,1002,False,timeout,149,-49.99259948730469,0.020951783284544945,7.815023422241211,1.8048923015594482,0.14166668057441711,0.018584920093417168,1.7184059619903564,0.023756520822644234,0.75,0.75,0.020336158573627472,-0.575778603553772
2026-08-17_23-48-36,/home/as22cq/Projects/Policy-RL-Peg_insertion/force_peg_rl/logs/rl_games/Forge/2026-08-17_23-48-36/nn/Forge.pth,2,nominal,1002,False,timeout,149,-70.74575805664062,0.10219968855381012,9.512672424316406,0.6489515900611877,0.06666667014360428,0.040237974375486374,0.481720507144928,0.02381220832467079,0.75,0.75,0.0032188454642891884,-0.05061739683151245
2026-08-17_23-48-36,/home/as22cq/Projects/Policy-RL-Peg_insertion/force_peg_rl/logs/rl_games/Forge/2026-08-17_23-48-36/nn/Forge.pth,2,nominal,1002,False,timeout,149,-61.367584228515625,0.066786989569664,0.4969736337661743,0.0849796012043953,0.0,0.11349479854106903,1.1531507968902588,0.015532228164374828,0.75,0.75,0.019695384427905083,0.449902206659317
2026-08-17_23-48-36,/home/as22cq/Projects/Policy-RL-Peg_insertion/force_peg_rl/logs/rl_games/Forge/2026-08-17_23-48-36/nn/Forge.pth,2,nominal,1002,False,timeout,149,-71.50408172607422,0.1368330717086792,0.46078401803970337,0.06929159164428711,0.0,0.049228038638830185,0.20569127798080444,0.022354457527399063,0.75,0.75,0.005603870376944542,0.07000891119241714
2026-08-17_23-48-36,/home/as22cq/Projects/Policy-RL-Peg_insertion/force_peg_rl/logs/rl_games/Forge/2026-08-17_23-48-36/nn/Forge.pth,2,nominal,1002,False,timeout,149,-52.19525146484375,0.011771328747272491,13.887885093688965,2.1135590076446533,0.03333333507180214,0.025721242651343346,1.017372488975525,0.016362875699996948,0.75,0.75,0.010596600361168385,-0.09549438208341599
2026-08-17_23-48-36,/home/as22cq/Projects/Policy-RL-Peg_insertion/force_peg_rl/logs/rl_games/Forge/2026-08-17_23-48-36/nn/Forge.pth,2,nominal,1002,False,timeout,149,-56.782676696777344,0.08141877502202988,8.07459545135498,0.9595662355422974,0.0,0.020266877487301826,0.41981416940689087,0.018567224964499474,0.75,0.75,0.01895197667181492,0.3644522428512573
2026-08-17_23-48-36,/home/as22cq/Projects/Policy-RL-Peg_insertion/force_peg_rl/logs/rl_games/Forge/2026-08-17_23-48-36/nn/Forge.pth,2,nominal,1002,False,timeout,149,-35.08559036254883,-0.00940433144569397,7.888061046600342,1.7528600692749023,0.0,0.053977612406015396,1.1426812410354614,0.01460939645767212,0.75,0.75,0.022799989208579063,0.5209661722183228
2026-08-17_23-48-36,/home/as22cq/Projects/Policy-RL-Peg_insertion/force_peg_rl/logs/rl_games/Forge/2026-08-17_23-48-36/nn/Forge.pth,2,nominal,1002,True,success,149,215.9510955810547,6.748735904693604e-05,10.25203800201416,7.06401252746582,0.0416666679084301,0.0004470022104214877,0.4344649016857147,0.01592688448727131,0.75,0.75,0.017749905586242676,0.579164445400238
2026-08-17_23-48-36,/home/as22cq/Projects/Policy-RL-Peg_insertion/force_peg_rl/logs/rl_games/Forge/2026-08-17_23-48-36/nn/Forge.pth,2,nominal,1002,False,timeout,149,-50.449825286865234,0.030159637331962585,6.990759372711182,0.516372799873352,0.008333333767950535,0.06094512715935707,2.591937303543091,0.015028892084956169,0.75,0.75,0.017709312960505486,-0.08008729666471481
2026-08-17_23-48-36,/home/as22cq/Projects/Policy-RL-Peg_insertion/force_peg_rl/logs/rl_games/Forge/2026-08-17_23-48-36/nn/Forge.pth,2,nominal,1002,False,timeout,149,-35.653682708740234,0.010797291994094849,4.882608413696289,0.35609638690948486,0.0,0.06928777694702148,1.6438159942626953,0.021021177992224693,0.75,0.75,0.004467600490897894,0.20197007060050964
2026-08-17_23-48-36,/home/as22cq/Projects/Policy-RL-Peg_insertion/force_peg_rl/logs/rl_games/Forge/2026-08-17_23-48-36/nn/Forge.pth,2,nominal,1002,False,timeout,149,-32.887977600097656,0.06992959976196289,4.5196757316589355,0.5905148386955261,0.0,0.037158261984586716,0.665503203868866,0.022016379982233047,0.75,0.75,0.018406836315989494,0.17480923235416412
2026-08-17_23-48-36,/home/as22cq/Projects/Policy-RL-Peg_insertion/force_peg_rl/logs/rl_games/Forge/2026-08-17_23-48-36/nn/Forge.pth,2,nominal,1002,False,timeout,149,-44.327552795410156,0.07523523271083832,18.0126953125,2.7077040672302246,0.15000000596046448,0.060094140470027924,0.6841873526573181,0.015933562070131302,0.75,0.75,0.024951457977294922,-0.07270640879869461
2026-08-17_23-48-36,/home/as22cq/Projects/Policy-RL-Peg_insertion/force_peg_rl/logs/rl_games/Forge/2026-08-17_23-48-36/nn/Forge.pth,2,nominal,1002,False,timeout,149,-60.285274505615234,0.05359017103910446,0.40978729724884033,0.12225779891014099,0.0,0.033689241856336594,0.43509534001350403,0.023076172918081284,0.75,0.75,0.02335609868168831,0.06091705709695816
2026-08-17_23-48-36,/home/as22cq/Projects/Policy-RL-Peg_insertion/force_peg_rl/logs/rl_games/Forge/2026-08-17_23-48-36/nn/Forge.pth,2,nominal,1002,False,timeout,149,-45.70226287841797,0.10406376421451569,9.21192455291748,1.0327497720718384,0.008333333767950535,0.04967041313648224,0.4386277496814728,0.01642117276787758,0.75,0.75,0.015851473435759544,-0.5388689041137695
2026-08-17_23-48-36,/home/as22cq/Projects/Policy-RL-Peg_insertion/force_peg_rl/logs/rl_games/Forge/2026-08-17_23-48-36/nn/Forge.pth,2,nominal,1002,False,timeout,149,-48.06454849243164,0.020274542272090912,10.552935600280762,0.9537058472633362,0.09166666865348816,0.06993412226438522,2.337827444076538,0.016180263832211494,0.75,0.75,0.009678642265498638,0.5390855073928833
2026-08-17_23-48-36,/home/as22cq/Projects/Policy-RL-Peg_insertion/force_peg_rl/logs/rl_games/Forge/2026-08-17_23-48-36/nn/Forge.pth,2,nominal,1002,False,timeout,149,-54.67253875732422,0.006923288106918335,3.2481069564819336,0.1116032600402832,0.0,0.07781289517879486,2.493154764175415,0.020893197506666183,0.75,0.75,0.0029747106600552797,0.12710297107696533
2026-08-17_23-48-36,/home/as22cq/Projects/Policy-RL-Peg_insertion/force_peg_rl/logs/rl_games/Forge/2026-08-17_23-48-36/nn/Forge.pth,2,nominal,1002,False,timeout,149,-69.1954574584961,0.05680171027779579,9.246817588806152,1.954899787902832,0.008333333767950535,0.04954112321138382,1.0599708557128906,0.014635894447565079,0.75,0.75,0.011362913995981216,-0.0016678259707987309
2026-08-17_23-48-36,/home/as22cq/Projects/Policy-RL-Peg_insertion/force_peg_rl/logs/rl_games/Forge/2026-08-17_23-48-36/nn/Forge.pth,2,nominal,1002,True,success,149,196.07803344726562,0.0013880692422389984,10.824777603149414,3.792987585067749,0.42500001192092896,0.0007014584261924028,1.298538088798523,0.01674528792500496,0.75,0.75,0.018491854891180992,0.5650649070739746
2026-08-17_23-48-36,/home/as22cq/Projects/Policy-RL-Peg_insertion/force_peg_rl/logs/rl_games/Forge/2026-08-17_23-48-36/nn/Forge.pth,2,nominal,1002,False,timeout,149,-65.598876953125,0.04693872481584549,5.512012958526611,0.538750946521759,0.0,0.014239732176065445,0.4426872432231903,0.018671730533242226,0.75,0.75,0.0020025954581797123,-0.46526697278022766
2026-08-17_23-48-36,/home/as22cq/Projects/Policy-RL-Peg_insertion/force_peg_rl/logs/rl_games/Forge/2026-08-17_23-48-36/nn/Forge.pth,2,nominal,1002,False,timeout,149,-55.87717819213867,0.1389850676059723,0.4497841000556946,0.045873936265707016,0.0,0.040501754730939865,0.4869298040866852,0.01972299814224243,0.75,0.75,0.020995372906327248,-0.2710346579551697
2026-08-17_23-48-36,/home/as22cq/Projects/Policy-RL-Peg_insertion/force_peg_rl/logs/rl_games/Forge/2026-08-17_23-48-36/nn/Forge.pth,2,nominal,1002,False,timeout,149,30.077783584594727,0.025102421641349792,12.640664100646973,6.634646415710449,0.01666666753590107,0.003996989224106073,0.3914971351623535,0.018812652677297592,0.75,0.75,0.016727140173316002,-0.2101122885942459
2026-08-17_23-48-36,/home/as22cq/Projects/Policy-RL-Peg_insertion/force_peg_rl/logs/rl_games/Forge/2026-08-17_23-48-36/nn/Forge.pth,2,nominal,1002,False,timeout,149,-42.400543212890625,0.025824014097452164,8.840412139892578,1.3725417852401733,0.01666666753590107,0.04992137476801872,1.5686804056167603,0.014468837529420853,0.75,0.75,0.017557278275489807,0.13569100201129913
2026-08-17_23-48-36,/home/as22cq/Projects/Policy-RL-Peg_insertion/force_peg_rl/logs/rl_games/Forge/2026-08-17_23-48-36/nn/Forge.pth,2,nominal,1002,False,timeout,149,90.45429229736328,0.015361718833446503,13.614100456237793,6.378971099853516,0.3333333432674408,0.0009037306881509721,2.033931016921997,0.016042886301875114,0.75,0.75,0.010237060487270355,0.16949419677257538
2026-08-17_23-48-36,/home/as22cq/Projects/Policy-RL-Peg_insertion/force_peg_rl/logs/rl_games/Forge/2026-08-17_23-48-36/nn/Forge.pth,2,nominal,1002,False,timeout,149,-42.2225341796875,0.06854869425296783,5.707108497619629,1.0874359607696533,0.0,0.09537668526172638,0.8797979950904846,0.017942892387509346,0.75,0.75,0.010930529795587063,0.33859768509864807
2026-08-17_23-48-36,/home/as22cq/Projects/Policy-RL-Peg_insertion/force_peg_rl/logs/rl_games/Forge/2026-08-17_23-48-36/nn/Forge.pth,2,nominal,1002,False,timeout,149,-59.44586181640625,0.10359670966863632,6.618882656097412,1.4821608066558838,0.0,0.036413807421922684,0.7248092889785767,0.021644577383995056,0.75,0.75,0.018884098157286644,-0.5090925693511963
2026-08-17_23-48-36,/home/as22cq/Projects/Policy-RL-Peg_insertion/force_peg_rl/logs/rl_games/Forge/2026-08-17_23-48-36/nn/Forge.pth,2,nominal,1002,False,timeout,149,-35.77092361450195,0.005900822579860687,9.408387184143066,2.035933494567871,0.15833334624767303,0.06299199163913727,1.1832252740859985,0.01763828843832016,0.75,0.75,0.017109686508774757,0.7830051779747009
2026-08-17_23-48-36,/home/as22cq/Projects/Policy-RL-Peg_insertion/force_peg_rl/logs/rl_games/Forge/2026-08-17_23-48-36/nn/Forge.pth,2,nominal,1002,False,timeout,149,-61.24354553222656,0.055209290236234665,1.6229828596115112,0.20406202971935272,0.0,0.03429458662867546,0.6049914956092834,0.019849169999361038,0.75,0.75,0.00843892339617014,-0.3602277934551239
2026-08-17_23-48-36,/home/as22cq/Projects/Policy-RL-Peg_insertion/force_peg_rl/logs/rl_games/Forge/2026-08-17_23-48-36/nn/Forge.pth,2,nominal,1002,False,timeout,149,-63.963539123535156,0.08073034137487411,4.802952289581299,0.5256653428077698,0.0,0.038080308586359024,0.6990309953689575,0.014026327058672905,0.75,0.75,0.018167346715927124,0.02429848350584507
2026-08-17_23-48-36,/home/as22cq/Projects/Policy-RL-Peg_insertion/force_peg_rl/logs/rl_games/Forge/2026-08-17_23-48-36/nn/Forge.pth,2,nominal,1002,False,timeout,149,-54.10840606689453,0.0665222778916359,9.231138229370117,2.2817814350128174,0.008333333767950535,0.09759459644556046,2.615947723388672,0.021752428263425827,0.75,0.75,0.0048210895620286465,-0.455463171005249
2026-08-17_23-48-36,/home/as22cq/Projects/Policy-RL-Peg_insertion/force_peg_rl/logs/rl_games/Forge/2026-08-17_23-48-36/nn/Forge.pth,2,nominal,1002,False,timeout,149,-39.395118713378906,0.03631840646266937,5.037318229675293,1.118984341621399,0.0,0.05746990442276001,1.0912095308303833,0.02350851520895958,0.75,0.75,0.01819613203406334,-0.005416392348706722
2026-08-17_23-48-36,/home/as22cq/Projects/Policy-RL-Peg_insertion/force_peg_rl/logs/rl_games/Forge/2026-08-17_23-48-36/nn/Forge.pth,2,nominal,1002,False,timeout,149,-58.68437576293945,0.12393392622470856,7.9636077880859375,0.8072808980941772,0.0,0.04431868717074394,0.39475375413894653,0.02101442776620388,0.75,0.75,0.009414990432560444,-0.6090927720069885
2026-08-17_23-48-36,/home/as22cq/Projects/Policy-RL-Peg_insertion/force_peg_rl/logs/rl_games/Forge/2026-08-17_23-48-36/nn/Forge.pth,2,nominal,1002,False,timeout,149,-49.95759963989258,0.013108920305967331,5.6756272315979,0.5435125827789307,0.0,0.041965167969465256,1.128333330154419,0.015875333920121193,0.75,0.75,0.011569038964807987,-0.7177769541740417
2026-08-17_23-48-36,/home/as22cq/Projects/Policy-RL-Peg_insertion/force_peg_rl/logs/rl_games/Forge/2026-08-17_23-48-36/nn/Forge.pth,2,nominal,1002,False,timeout,149,-58.5330696105957,0.07294945418834686,9.8382568359375,1.8881011009216309,0.06666667014360428,0.08572202920913696,2.3640987873077393,0.015258326195180416,0.75,0.75,0.018379611894488335,0.7811346054077148
2026-08-17_23-48-36,/home/as22cq/Projects/Policy-RL-Peg_insertion/force_peg_rl/logs/rl_games/Forge/2026-08-17_23-48-36/nn/Forge.pth,2,nominal,1002,True,success,149,269.87274169921875,0.00016824156045913696,14.307817459106445,5.440659523010254,0.5,0.0008135283715091646,2.17646861076355,0.02088913694024086,0.75,0.75,0.022543538361787796,0.610447883605957
2026-08-17_23-48-36,/home/as22cq/Projects/Policy-RL-Peg_insertion/force_peg_rl/logs/rl_games/Forge/2026-08-17_23-48-36/nn/Forge.pth,2,nominal,1002,False,timeout,149,-67.04611206054688,0.07577208429574966,5.626854419708252,0.3071431517601013,0.01666666753590107,0.0165570005774498,0.5874388217926025,0.018048662692308426,0.75,0.75,0.017558418214321136,-0.6706448793411255
2026-08-17_23-48-36,/home/as22cq/Projects/Policy-RL-Peg_insertion/force_peg_rl/logs/rl_games/Forge/2026-08-17_23-48-36/nn/Forge.pth,2,nominal,1002,False,timeout,149,-40.80976486206055,0.01861570216715336,7.79491662979126,0.7137947082519531,0.0,0.07551713287830353,2.3151707649230957,0.01943502202630043,0.75,0.75,0.01972445659339428,0.34388330578804016
2026-08-17_23-48-36,/home/as22cq/Projects/Policy-RL-Peg_insertion/force_peg_rl/logs/rl_games/Forge/2026-08-17_23-48-36/nn/Forge.pth,2,nominal,1002,False,timeout,149,-26.871191024780273,0.08022340387105942,13.07265567779541,2.821531057357788,0.31666669249534607,0.02082265540957451,0.6356604099273682,0.022645199671387672,0.75,0.75,0.023847145959734917,0.5307522416114807
2026-08-17_23-48-36,/home/as22cq/Projects/Policy-RL-Peg_insertion/force_peg_rl/logs/rl_games/Forge/2026-08-17_23-48-36/nn/Forge.pth,2,nominal,1002,False,timeout,149,-72.76246643066406,0.2066216766834259,8.869091987609863,0.35576438903808594,0.02500000223517418,0.05654771253466606,0.5515666604042053,0.018944377079606056,0.75,0.75,0.006309390068054199,-0.7669963836669922
2026-08-17_23-48-36,/home/as22cq/Projects/Policy-RL-Peg_insertion/force_peg_rl/logs/rl_games/Forge/2026-08-17_23-48-36/nn/Forge.pth,2,nominal,1002,False,timeout,149,-63.772796630859375,0.05852038040757179,0.5238658785820007,0.1122436374425888,0.0,0.04674016684293747,0.6684950590133667,0.018863949924707413,0.75,0.75,0.01144767738878727,-0.6433558464050293
2026-08-17_23-48-36,/home/as22cq/Projects/Policy-RL-Peg_insertion/force_peg_rl/logs/rl_games/Forge/2026-08-17_23-48-36/nn/Forge.pth,2,nominal,1002,False,timeout,149,-40.205501556396484,0.00486951507627964,9.365835189819336,1.2677419185638428,0.0416666679084301,0.047493211925029755,1.3258349895477295,0.01667553372681141,0.75,0.75,0.02061265893280506,-0.4601648151874542
2026-08-17_23-48-36,/home/as22cq/Projects/Policy-RL-Peg_insertion/force_peg_rl/logs/rl_games/Forge/2026-08-17_23-48-36/nn/Forge.pth,2,nominal,1002,False,timeout,149,-69.46765899658203,0.06739354133605957,3.746128559112549,0.3111846446990967,0.0,0.08898356556892395,1.5740104913711548,0.016353605315089226,0.75,0.75,0.006426599342375994,0.5460515022277832
2026-08-17_23-48-36,/home/as22cq/Projects/Policy-RL-Peg_insertion/force_peg_rl/logs/rl_games/Forge/2026-08-17_23-48-36/nn/Forge.pth,2,nominal,1002,False,timeout,149,-74.4898910522461,0.232218936085701,17.045513153076172,0.38337117433547974,0.01666666753590107,0.0453985296189785,0.7966300249099731,0.0231495201587677,0.75,0.75,0.018361076712608337,-0.6144851446151733
2026-08-17_23-48-36,/home/as22cq/Projects/Policy-RL-Peg_insertion/force_peg_rl/logs/rl_games/Forge/2026-08-17_23-48-36/nn/Forge.pth,2,nominal,1002,False,timeout,149,-68.00841522216797,0.14210490882396698,8.27575397491455,0.7124813199043274,0.05000000447034836,0.03494839742779732,0.640676736831665,0.017960816621780396,0.75,0.75,0.024453148245811462,-0.4762102961540222
2026-08-17_23-48-36,/home/as22cq/Projects/Policy-RL-Peg_insertion/force_peg_rl/logs/rl_games/Forge/2026-08-17_23-48-36/nn/Forge.pth,2,nominal,1002,False,timeout,149,-54.229148864746094,0.08305956423282623,17.81127166748047,0.9257370829582214,0.03333333507180214,0.08001607656478882,2.3606905937194824,0.019579095765948296,0.75,0.75,0.020004894584417343,0.5039832592010498
2026-08-17_23-48-36,/home/as22cq/Projects/Policy-RL-Peg_insertion/force_peg_rl/logs/rl_games/Forge/2026-08-17_23-48-36/nn/Forge.pth,2,nominal,1002,False,timeout,149,-59.19642639160156,0.03708852455019951,0.28706344962120056,0.066670261323452,0.0,0.03770611062645912,0.7945168614387512,0.015213627368211746,0.75,0.75,0.019050033763051033,-0.4809843897819519
2026-08-17_23-48-36,/home/as22cq/Projects/Policy-RL-Peg_insertion/force_peg_rl/logs/rl_games/Forge/2026-08-17_23-48-36/nn/Forge.pth,2,nominal,1002,False,timeout,149,-13.75567626953125,0.07830736041069031,10.958151817321777,1.2099148035049438,0.02500000223517418,0.02315378375351429,0.4060214161872864,0.02348879724740982,0.75,0.75,0.009959964081645012,0.6031556725502014
2026-08-17_23-48-36,/home/as22cq/Projects/Policy-RL-Peg_insertion/force_peg_rl/logs/rl_games/Forge/2026-08-17_23-48-36/nn/Forge.pth,2,nominal,1002,False,timeout,149,-61.81378936767578,0.08068831264972687,7.329198360443115,0.2571372985839844,0.008333333767950535,0.03325631842017174,0.6597789525985718,0.018472418189048767,0.75,0.75,0.021738998591899872,0.2531190812587738
2026-08-17_23-48-36,/home/as22cq/Projects/Policy-RL-Peg_insertion/force_peg_rl/logs/rl_games/Forge/2026-08-17_23-48-36/nn/Forge.pth,2,nominal,1002,False,timeout,149,-54.330204010009766,0.02214799076318741,11.443868637084961,0.7843080759048462,0.008333333767950535,0.03411300852894783,0.8625102639198303,0.01925172284245491,0.75,0.75,0.00961276050657034,0.052236493676900864
2026-08-17_23-48-36,/home/as22cq/Projects/Policy-RL-Peg_insertion/force_peg_rl/logs/rl_games/Forge/2026-08-17_23-48-36/nn/Forge.pth,2,nominal,1002,False,timeout,149,-34.49771499633789,-0.012037880718708038,7.815078258514404,2.2794835567474365,0.0,0.02735397405922413,1.482801914215088,0.019380442798137665,0.75,0.75,0.016822820529341698,0.6261430382728577
2026-08-17_23-48-36,/home/as22cq/Projects/Policy-RL-Peg_insertion/force_peg_rl/logs/rl_games/Forge/2026-08-17_23-48-36/nn/Forge.pth,2,nominal,1002,False,timeout,149,-66.37786865234375,0.14988496899604797,9.196181297302246,0.23736757040023804,0.01666666753590107,0.05114162713289261,0.7912576794624329,0.016794543713331223,0.75,0.75,0.018017223104834557,0.46408531069755554
2026-08-17_23-48-36,/home/as22cq/Projects/Policy-RL-Peg_insertion/force_peg_rl/logs/rl_games/Forge/2026-08-17_23-48-36/nn/Forge.pth,2,nominal,1002,False,timeout,149,-60.75276565551758,0.14307071268558502,0.515243649482727,0.1362692415714264,0.0,0.03770186007022858,0.3324631154537201,0.019242651760578156,0.75,0.75,0.022035354748368263,0.34101155400276184
2026-08-17_23-48-36,/home/as22cq/Projects/Policy-RL-Peg_insertion/force_peg_rl/logs/rl_games/Forge/2026-08-17_23-48-36/nn/Forge.pth,2,nominal,1002,False,timeout,149,-47.21387481689453,0.07647807896137238,5.410158634185791,0.7506047487258911,0.0,0.09631314128637314,0.907463788986206,0.015795283019542694,0.75,0.75,0.020367883145809174,0.34260889887809753
2026-08-17_23-48-36,/home/as22cq/Projects/Policy-RL-Peg_insertion/force_peg_rl/logs/rl_games/Forge/2026-08-17_23-48-36/nn/Forge.pth,2,nominal,1002,False,timeout,149,-61.768070220947266,0.016993224620819092,5.238745212554932,0.2581448256969452,0.0,0.06276579946279526,2.3098199367523193,0.019948218017816544,0.75,0.75,0.016364311799407005,-0.2797790467739105
2026-08-17_23-48-36,/home/as22cq/Projects/Policy-RL-Peg_insertion/force_peg_rl/logs/rl_games/Forge/2026-08-17_23-48-36/nn/Forge.pth,2,nominal,1002,False,timeout,149,-42.2098274230957,0.030155498534440994,6.925863742828369,0.36378011107444763,0.0,0.07776187360286713,2.674276351928711,0.01647849753499031,0.75,0.75,0.012738442979753017,0.524593710899353
2026-08-17_23-48-36,/home/as22cq/Projects/Policy-RL-Peg_insertion/force_peg_rl/logs/rl_games/Forge/2026-08-17_23-48-36/nn/Forge.pth,2,nominal,1002,False,timeout,149,-65.42223358154297,0.07745526731014252,5.19936466217041,0.6258025765419006,0.0,0.09510874003171921,0.9924003481864929,0.022872261703014374,0.75,0.75,0.0053299725987017155,0.7188141345977783
