run_id,checkpoint,training_seed,evaluation_suite,episode_seed,success,termination_reason,episode_steps,episode_return,final_insertion_depth,max_contact_force,mean_contact_force,force_above_threshold_duration,lateral_error_final,orientation_error_final,peg_mass,peg_friction,socket_friction,initial_xy_offset,initial_orientation_error
2026-08-16_10-25-48,/home/as22cq/Projects/Policy-RL-Peg_insertion/force_peg_rl/logs/rl_games/Forge/2026-08-16_10-25-48/nn/Forge.pth,2,nominal,1000,False,timeout,149,64.07170867919922,0.00011631287634372711,8.158384323120117,3.6680290699005127,0.25,0.017798712477087975,0.29454103112220764,0.023561738431453705,0.75,0.75,0.01671551913022995,0.7032023668289185
2026-08-16_10-25-48,/home/as22cq/Projects/Policy-RL-Peg_insertion/force_peg_rl/logs/rl_games/Forge/2026-08-16_10-25-48/nn/Forge.pth,2,nominal,1000,False,timeout,149,74.5303726196289,0.0012246035039424896,8.438720703125,4.193384170532227,0.008333333767950535,0.018040798604488373,0.26056796312332153,0.017124135047197342,0.75,0.75,0.008148709312081337,0.36910954117774963
2026-08-16_10-25-48,/home/as22cq/Projects/Policy-RL-Peg_insertion/force_peg_rl/logs/rl_games/Forge/2026-08-16_10-25-48/nn/Forge.pth,2,nominal,1000,False,timeout,149,80.55012512207031,0.00018121302127838135,5.951486110687256,1.1581846475601196,0.0,0.017017414793372154,0.24404394626617432,0.014178655110299587,0.75,0.75,0.023647740483283997,0.1123204231262207
2026-08-16_10-25-48,/home/as22cq/Projects/Policy-RL-Peg_insertion/force_peg_rl/logs/rl_games/Forge/2026-08-16_10-25-48/nn/Forge.pth,2,nominal,1000,False,timeout,149,50.2744255065918,0.0016086595132946968,5.8226165771484375,1.3368970155715942,0.0,0.017129456624388695,1.3601170778274536,0.014822219498455524,0.75,0.75,0.014952776953577995,-0.2009725421667099
2026-08-16_10-25-48,/home/as22cq/Projects/Policy-RL-Peg_insertion/force_peg_rl/logs/rl_games/Forge/2026-08-16_10-25-48/nn/Forge.pth,2,nominal,1000,False,timeout,149,37.61913299560547,0.026982702314853668,4.617603302001953,1.427924394607544,0.0,0.015102998353540897,0.5735567212104797,0.015191162936389446,0.75,0.75,0.018248779699206352,0.5954028964042664
2026-08-16_10-25-48,/home/as22cq/Projects/Policy-RL-Peg_insertion/force_peg_rl/logs/rl_games/Forge/2026-08-16_10-25-48/nn/Forge.pth,2,nominal,1000,False,timeout,149,41.28310775756836,0.07818068563938141,6.144731044769287,1.101348876953125,0.0,0.03830669820308685,0.7604584097862244,0.02277202531695366,0.75,0.75,0.018479695543646812,-0.7605499029159546
2026-08-16_10-25-48,/home/as22cq/Projects/Policy-RL-Peg_insertion/force_peg_rl/logs/rl_games/Forge/2026-08-16_10-25-48/nn/Forge.pth,2,nominal,1000,False,timeout,149,54.2860221862793,-0.002529554069042206,9.354249000549316,3.013840436935425,0.07500000298023224,0.02401197887957096,1.3581671714782715,0.01734333485364914,0.75,0.75,0.013883262872695923,-0.4561724364757538
2026-08-16_10-25-48,/home/as22cq/Projects/Policy-RL-Peg_insertion/force_peg_rl/logs/rl_games/Forge/2026-08-16_10-25-48/nn/Forge.pth,2,nominal,1000,False,timeout,149,38.71538543701172,0.015991203486919403,4.662263870239258,0.6257500648498535,0.0,0.018514718860387802,0.426200270652771,0.015605839900672436,0.75,0.75,0.021147767081856728,-0.5716313123703003
2026-08-16_10-25-48,/home/as22cq/Projects/Policy-RL-Peg_insertion/force_peg_rl/logs/rl_games/Forge/2026-08-16_10-25-48/nn/Forge.pth,2,nominal,1000,False,timeout,149,25.00318145751953,0.17581111192703247,13.098991394042969,0.6824967265129089,0.0416666679084301,0.07604903727769852,-0.08549083769321442,0.01608586497604847,0.75,0.75,0.02124195732176304,0.4941501319408417
2026-08-16_10-25-48,/home/as22cq/Projects/Policy-RL-Peg_insertion/force_peg_rl/logs/rl_games/Forge/2026-08-16_10-25-48/nn/Forge.pth,2,nominal,1000,False,timeout,149,53.18116760253906,0.0026710359379649162,5.342658042907715,0.7818241119384766,0.0,0.014938893727958202,1.2291547060012817,0.01495019905269146,0.75,0.75,0.019088279455900192,-0.26723089814186096
2026-08-16_10-25-48,/home/as22cq/Projects/Policy-RL-Peg_insertion/force_peg_rl/logs/rl_games/Forge/2026-08-16_10-25-48/nn/Forge.pth,2,nominal,1000,False,timeout,149,77.79884338378906,0.0004811137914657593,5.326433181762695,2.4206957817077637,0.0,0.0178560521453619,-0.09577791392803192,0.018377695232629776,0.75,0.75,0.014740400947630405,0.10799532383680344
2026-08-16_10-25-48,/home/as22cq/Projects/Policy-RL-Peg_insertion/force_peg_rl/logs/rl_games/Forge/2026-08-16_10-25-48/nn/Forge.pth,2,nominal,1000,False,timeout,149,74.88285827636719,0.0001469254493713379,11.325669288635254,3.1706314086914062,0.008333333767950535,0.016857299953699112,0.05098438635468483,0.022335082292556763,0.75,0.75,0.017694538459181786,0.3291117548942566
2026-08-16_10-25-48,/home/as22cq/Projects/Policy-RL-Peg_insertion/force_peg_rl/logs/rl_games/Forge/2026-08-16_10-25-48/nn/Forge.pth,2,nominal,1000,False,timeout,149,35.14215850830078,0.09134295582771301,5.06184720993042,0.7498294115066528,0.0,0.05095807462930679,0.13514545559883118,0.020029595121741295,0.75,0.75,0.015316269360482693,-0.7804366946220398
2026-08-16_10-25-48,/home/as22cq/Projects/Policy-RL-Peg_insertion/force_peg_rl/logs/rl_games/Forge/2026-08-16_10-25-48/nn/Forge.pth,2,nominal,1000,False,timeout,149,61.718265533447266,0.007181568071246147,6.436676502227783,1.7530933618545532,0.008333333767950535,0.01615041121840477,1.1234174966812134,0.021023107692599297,0.75,0.75,0.009634340181946754,-0.2115703970193863
2026-08-16_10-25-48,/home/as22cq/Projects/Policy-RL-Peg_insertion/force_peg_rl/logs/rl_games/Forge/2026-08-16_10-25-48/nn/Forge.pth,2,nominal,1000,False,timeout,149,38.97538375854492,0.004349187016487122,6.897943019866943,0.7730020880699158,0.05000000447034836,0.019531648606061935,0.8906443119049072,0.022172287106513977,0.75,0.75,0.012548491358757019,-0.137803852558136
2026-08-16_10-25-48,/home/as22cq/Projects/Policy-RL-Peg_insertion/force_peg_rl/logs/rl_games/Forge/2026-08-16_10-25-48/nn/Forge.pth,2,nominal,1000,False,timeout,149,32.74925231933594,0.13362032175064087,9.24197006225586,0.7930088043212891,0.0,0.07854937762022018,0.19632235169410706,0.01987394317984581,0.75,0.75,0.022480687126517296,-0.10681559145450592
2026-08-16_10-25-48,/home/as22cq/Projects/Policy-RL-Peg_insertion/force_peg_rl/logs/rl_games/Forge/2026-08-16_10-25-48/nn/Forge.pth,2,nominal,1000,False,timeout,149,73.89038848876953,0.0022567324340343475,7.246832370758057,3.7304887771606445,0.0,0.017925789579749107,0.19535671174526215,0.016976987943053246,0.75,0.75,0.017675256356596947,0.7056381702423096
2026-08-16_10-25-48,/home/as22cq/Projects/Policy-RL-Peg_insertion/force_peg_rl/logs/rl_games/Forge/2026-08-16_10-25-48/nn/Forge.pth,2,nominal,1000,False,timeout,149,71.83475494384766,0.002234145998954773,3.950317144393921,0.8761999011039734,0.0,0.0198983084410429,0.5155014395713806,0.023760249838232994,0.75,0.75,0.020208759233355522,0.34764203429222107
2026-08-16_10-25-48,/home/as22cq/Projects/Policy-RL-Peg_insertion/force_peg_rl/logs/rl_games/Forge/2026-08-16_10-25-48/nn/Forge.pth,2,nominal,1000,False,timeout,149,50.2302360534668,0.01051604375243187,10.96823501586914,0.9115486145019531,0.008333333767950535,0.019365260377526283,1.4975290298461914,0.016569796949625015,0.75,0.75,0.015312105417251587,0.7492011189460754
2026-08-16_10-25-48,/home/as22cq/Projects/Policy-RL-Peg_insertion/force_peg_rl/logs/rl_games/Forge/2026-08-16_10-25-48/nn/Forge.pth,2,nominal,1000,False,timeout,149,42.633541107177734,0.019331105053424835,13.928967475891113,1.788008689880371,0.008333333767950535,0.021680021658539772,0.7540717124938965,0.015117974020540714,0.75,0.75,0.02137409895658493,0.21661613881587982
2026-08-16_10-25-48,/home/as22cq/Projects/Policy-RL-Peg_insertion/force_peg_rl/logs/rl_games/Forge/2026-08-16_10-25-48/nn/Forge.pth,2,nominal,1000,False,timeout,149,36.04188537597656,0.0744289755821228,5.560373306274414,0.5824287533760071,0.0,0.03210924565792084,0.6376463174819946,0.014010193757712841,0.75,0.75,0.015321405604481697,-0.5128018260002136
2026-08-16_10-25-48,/home/as22cq/Projects/Policy-RL-Peg_insertion/force_peg_rl/logs/rl_games/Forge/2026-08-16_10-25-48/nn/Forge.pth,2,nominal,1000,False,timeout,149,40.57464599609375,0.0767722874879837,6.336964130401611,0.9879305958747864,0.0,0.01428354810923338,0.38222742080688477,0.02174752950668335,0.75,0.75,0.02025887742638588,-0.6327519416809082
2026-08-16_10-25-48,/home/as22cq/Projects/Policy-RL-Peg_insertion/force_peg_rl/logs/rl_games/Forge/2026-08-16_10-25-48/nn/Forge.pth,2,nominal,1000,False,timeout,149,33.083740234375,0.16309013962745667,5.706560134887695,1.0792371034622192,0.0,0.08563359081745148,-0.007654402405023575,0.017311863601207733,0.75,0.75,0.007682320196181536,-0.4939928650856018
2026-08-16_10-25-48,/home/as22cq/Projects/Policy-RL-Peg_insertion/force_peg_rl/logs/rl_games/Forge/2026-08-16_10-25-48/nn/Forge.pth,2,nominal,1000,False,timeout,149,34.0838623046875,0.041122958064079285,3.400263786315918,0.3222987949848175,0.0,0.02404135838150978,0.46517062187194824,0.020803755149245262,0.75,0.75,0.018430469557642937,0.4884280562400818
2026-08-16_10-25-48,/home/as22cq/Projects/Policy-RL-Peg_insertion/force_peg_rl/logs/rl_games/Forge/2026-08-16_10-25-48/nn/Forge.pth,2,nominal,1000,False,timeout,149,36.6988525390625,0.08655418455600739,7.665220737457275,0.9772869348526001,0.14166668057441711,0.01041310466825962,0.39206060767173767,0.015124655328691006,0.75,0.75,0.01683112047612667,0.37920117378234863
2026-08-16_10-25-48,/home/as22cq/Projects/Policy-RL-Peg_insertion/force_peg_rl/logs/rl_games/Forge/2026-08-16_10-25-48/nn/Forge.pth,2,nominal,1000,False,timeout,149,73.36019897460938,0.00027284398674964905,10.162814140319824,3.2078685760498047,0.008333333767950535,0.017774129286408424,0.21210956573486328,0.01879996247589588,0.75,0.75,0.00936125684529543,0.27571365237236023
2026-08-16_10-25-48,/home/as22cq/Projects/Policy-RL-Peg_insertion/force_peg_rl/logs/rl_games/Forge/2026-08-16_10-25-48/nn/Forge.pth,2,nominal,1000,False,timeout,149,39.408329010009766,0.017882615327835083,15.90988826751709,3.597867965698242,0.09166666865348816,0.029074950143694878,0.9294523000717163,0.015738019719719887,0.75,0.75,0.013880397193133831,0.12686221301555634
2026-08-16_10-25-48,/home/as22cq/Projects/Policy-RL-Peg_insertion/force_peg_rl/logs/rl_games/Forge/2026-08-16_10-25-48/nn/Forge.pth,2,nominal,1000,False,timeout,149,41.840858459472656,0.002193145453929901,9.459253311157227,1.6480563879013062,0.07500000298023224,0.016897842288017273,1.3529720306396484,0.019555186852812767,0.75,0.75,0.008305797353386879,0.0697137787938118
2026-08-16_10-25-48,/home/as22cq/Projects/Policy-RL-Peg_insertion/force_peg_rl/logs/rl_games/Forge/2026-08-16_10-25-48/nn/Forge.pth,2,nominal,1000,False,timeout,149,39.43100357055664,0.02708045020699501,5.131984710693359,1.5830142498016357,0.0,0.020863527432084084,0.5009655356407166,0.02124733291566372,0.75,0.75,0.007223862688988447,-0.6261898875236511
2026-08-16_10-25-48,/home/as22cq/Projects/Policy-RL-Peg_insertion/force_peg_rl/logs/rl_games/Forge/2026-08-16_10-25-48/nn/Forge.pth,2,nominal,1000,False,timeout,149,35.44926834106445,0.011032849550247192,13.820170402526855,1.7625455856323242,0.0416666679084301,0.018157975748181343,0.6601157784461975,0.01970910094678402,0.75,0.75,0.007939568720757961,-0.4622341990470886
2026-08-16_10-25-48,/home/as22cq/Projects/Policy-RL-Peg_insertion/force_peg_rl/logs/rl_games/Forge/2026-08-16_10-25-48/nn/Forge.pth,2,nominal,1000,False,timeout,149,77.04606628417969,0.0020252056419849396,6.541929244995117,4.411843299865723,0.0,0.016922414302825928,0.1060003712773323,0.02351207286119461,0.75,0.75,0.01979965902864933,0.24725523591041565
2026-08-16_10-25-48,/home/as22cq/Projects/Policy-RL-Peg_insertion/force_peg_rl/logs/rl_games/Forge/2026-08-16_10-25-48/nn/Forge.pth,2,nominal,1000,False,timeout,149,41.7283935546875,0.006791282445192337,3.0488438606262207,0.672331690788269,0.0,0.019383536651730537,1.3653244972229004,0.01648496463894844,0.75,0.75,0.017878403887152672,0.7256836891174316
2026-08-16_10-25-48,/home/as22cq/Projects/Policy-RL-Peg_insertion/force_peg_rl/logs/rl_games/Forge/2026-08-16_10-25-48/nn/Forge.pth,2,nominal,1000,False,timeout,149,76.26446533203125,0.00046876445412635803,4.880356311798096,2.0856659412384033,0.0,0.017308309674263,0.06152058765292168,0.01584630087018013,0.75,0.75,0.011824360117316246,-0.6743318438529968
2026-08-16_10-25-48,/home/as22cq/Projects/Policy-RL-Peg_insertion/force_peg_rl/logs/rl_games/Forge/2026-08-16_10-25-48/nn/Forge.pth,2,nominal,1000,False,timeout,149,76.13733673095703,0.00017552822828292847,4.909599304199219,1.8774510622024536,0.0,0.016369426622986794,0.0645633339881897,0.022326525300741196,0.75,0.75,0.018539348617196083,0.5196216702461243
2026-08-16_10-25-48,/home/as22cq/Projects/Policy-RL-Peg_insertion/force_peg_rl/logs/rl_games/Forge/2026-08-16_10-25-48/nn/Forge.pth,2,nominal,1000,False,timeout,149,69.29488372802734,0.0005148034542798996,9.138495445251465,2.691612482070923,0.01666666753590107,0.018567854538559914,0.12517419457435608,0.023398861289024353,0.75,0.75,0.017740091308951378,0.14715668559074402
2026-08-16_10-25-48,/home/as22cq/Projects/Policy-RL-Peg_insertion/force_peg_rl/logs/rl_games/Forge/2026-08-16_10-25-48/nn/Forge.pth,2,nominal,1000,False,timeout,149,75.55660247802734,0.00037790462374687195,9.893101692199707,2.94604754447937,0.008333333767950535,0.01699160970747471,0.2185087949037552,0.02174619771540165,0.75,0.75,0.021507401019334793,0.24911685287952423
2026-08-16_10-25-48,/home/as22cq/Projects/Policy-RL-Peg_insertion/force_peg_rl/logs/rl_games/Forge/2026-08-16_10-25-48/nn/Forge.pth,2,nominal,1000,False,timeout,149,75.51719665527344,0.00602014921605587,5.338168621063232,1.6662827730178833,0.0,0.01862594671547413,0.011261331848800182,0.01563699170947075,0.75,0.75,0.0176797304302454,0.26284798979759216
2026-08-16_10-25-48,/home/as22cq/Projects/Policy-RL-Peg_insertion/force_peg_rl/logs/rl_games/Forge/2026-08-16_10-25-48/nn/Forge.pth,2,nominal,1000,False,timeout,149,41.78672790527344,0.011692219413816929,3.4510316848754883,0.46062061190605164,0.0,0.01900698058307171,1.3792651891708374,0.01573294587433338,0.75,0.75,0.02198193036019802,0.6111094951629639
2026-08-16_10-25-48,/home/as22cq/Projects/Policy-RL-Peg_insertion/force_peg_rl/logs/rl_games/Forge/2026-08-16_10-25-48/nn/Forge.pth,2,nominal,1000,False,timeout,149,70.39026641845703,0.0017844624817371368,6.28129768371582,1.8312113285064697,0.0,0.01818186603486538,0.2957030236721039,0.014003502205014229,0.75,0.75,0.012955267913639545,-0.5995081067085266
2026-08-16_10-25-48,/home/as22cq/Projects/Policy-RL-Peg_insertion/force_peg_rl/logs/rl_games/Forge/2026-08-16_10-25-48/nn/Forge.pth,2,nominal,1000,False,timeout,149,75.128662109375,0.00025611743330955505,7.87143087387085,2.8217644691467285,0.05000000447034836,0.017572414129972458,0.2921232283115387,0.02039811573922634,0.75,0.75,0.005036104936152697,0.553692102432251
2026-08-16_10-25-48,/home/as22cq/Projects/Policy-RL-Peg_insertion/force_peg_rl/logs/rl_games/Forge/2026-08-16_10-25-48/nn/Forge.pth,2,nominal,1000,False,timeout,149,77.55804443359375,0.0001773834228515625,9.197392463684082,4.776519298553467,0.01666666753590107,0.01737169548869133,0.17478719353675842,0.020300574600696564,0.75,0.75,0.00431095901876688,-0.09634539484977722
2026-08-16_10-25-48,/home/as22cq/Projects/Policy-RL-Peg_insertion/force_peg_rl/logs/rl_games/Forge/2026-08-16_10-25-48/nn/Forge.pth,2,nominal,1000,False,timeout,149,42.05083084106445,0.003180474042892456,6.5390191078186035,2.2642481327056885,0.0,0.037227097898721695,1.238385558128357,0.016163671389222145,0.75,0.75,0.00822652317583561,0.26826703548431396
2026-08-16_10-25-48,/home/as22cq/Projects/Policy-RL-Peg_insertion/force_peg_rl/logs/rl_games/Forge/2026-08-16_10-25-48/nn/Forge.pth,2,nominal,1000,False,timeout,149,35.36952590942383,0.11426477134227753,6.274480819702148,0.49428972601890564,0.0,0.07090868055820465,0.1148175522685051,0.017122630029916763,0.75,0.75,0.018836958333849907,-0.18231983482837677
2026-08-16_10-25-48,/home/as22cq/Projects/Policy-RL-Peg_insertion/force_peg_rl/logs/rl_games/Forge/2026-08-16_10-25-48/nn/Forge.pth,2,nominal,1000,False,timeout,149,38.70050048828125,0.01869770884513855,11.910038948059082,1.6686509847640991,0.06666667014360428,0.024431388825178146,0.6600050926208496,0.014354829676449299,0.75,0.75,0.017511136829853058,-0.36224284768104553
2026-08-16_10-25-48,/home/as22cq/Projects/Policy-RL-Peg_insertion/force_peg_rl/logs/rl_games/Forge/2026-08-16_10-25-48/nn/Forge.pth,2,nominal,1000,False,timeout,149,34.15835952758789,0.12976102530956268,7.736710548400879,0.44220682978630066,0.0,0.06801027059555054,0.1785908043384552,0.01863621547818184,0.75,0.75,0.006828145124018192,-0.2768303155899048
2026-08-16_10-25-48,/home/as22cq/Projects/Policy-RL-Peg_insertion/force_peg_rl/logs/rl_games/Forge/2026-08-16_10-25-48/nn/Forge.pth,2,nominal,1000,False,timeout,149,38.30461502075195,0.027044016867876053,6.209705352783203,2.654151201248169,0.0416666679084301,0.022366458550095558,0.7125034332275391,0.018752261996269226,0.75,0.75,0.016032904386520386,-0.5150390267372131
2026-08-16_10-25-48,/home/as22cq/Projects/Policy-RL-Peg_insertion/force_peg_rl/logs/rl_games/Forge/2026-08-16_10-25-48/nn/Forge.pth,2,nominal,1000,False,timeout,149,50.338035583496094,0.0033257901668548584,8.399065017700195,0.9040175080299377,0.0,0.017531875520944595,1.2464150190353394,0.015378267504274845,0.75,0.75,0.00031635010964237154,-0.4822777211666107
2026-08-16_10-25-48,/home/as22cq/Projects/Policy-RL-Peg_insertion/force_peg_rl/logs/rl_games/Forge/2026-08-16_10-25-48/nn/Forge.pth,2,nominal,1000,False,timeout,149,74.76383209228516,0.004628237336874008,4.90497350692749,1.5786575078964233,0.0,0.01699252799153328,-0.43555617332458496,0.014141926541924477,0.75,0.75,0.006866457872092724,-0.336221307516098
2026-08-16_10-25-48,/home/as22cq/Projects/Policy-RL-Peg_insertion/force_peg_rl/logs/rl_games/Forge/2026-08-16_10-25-48/nn/Forge.pth,2,nominal,1000,False,timeout,149,65.70015716552734,0.005518976598978043,7.375632286071777,4.919214248657227,0.15833334624767303,0.017705705016851425,0.3133307695388794,0.018745511770248413,0.75,0.75,0.024047987535595894,0.6444141268730164
2026-08-16_10-25-48,/home/as22cq/Projects/Policy-RL-Peg_insertion/force_peg_rl/logs/rl_games/Forge/2026-08-16_10-25-48/nn/Forge.pth,2,nominal,1000,False,timeout,149,30.61288070678711,0.08765339851379395,6.3421783447265625,0.4582810401916504,0.0,0.04709365591406822,0.33529096841812134,0.0173479113727808,0.75,0.75,0.009062601253390312,-0.15511783957481384
2026-08-16_10-25-48,/home/as22cq/Projects/Policy-RL-Peg_insertion/force_peg_rl/logs/rl_games/Forge/2026-08-16_10-25-48/nn/Forge.pth,2,nominal,1000,False,timeout,149,41.42626190185547,0.023700810968875885,6.524427890777588,1.4249446392059326,0.0,0.03294990211725235,0.8013960719108582,0.01403332781046629,0.75,0.75,0.005143217276781797,-0.5621067881584167
2026-08-16_10-25-48,/home/as22cq/Projects/Policy-RL-Peg_insertion/force_peg_rl/logs/rl_games/Forge/2026-08-16_10-25-48/nn/Forge.pth,2,nominal,1000,False,timeout,149,42.764984130859375,0.0037075281143188477,7.198911190032959,0.7496007084846497,0.0,0.023100722581148148,0.5163082480430603,0.018756166100502014,0.75,0.75,0.010409687645733356,0.5376743078231812
2026-08-16_10-25-48,/home/as22cq/Projects/Policy-RL-Peg_insertion/force_peg_rl/logs/rl_games/Forge/2026-08-16_10-25-48/nn/Forge.pth,2,nominal,1000,False,timeout,149,79.69270324707031,0.00014832429587841034,6.248415470123291,2.641666889190674,0.0,0.016753530129790306,0.11930252611637115,0.02340727485716343,0.75,0.75,0.01523620169609785,-0.31428906321525574
2026-08-16_10-25-48,/home/as22cq/Projects/Policy-RL-Peg_insertion/force_peg_rl/logs/rl_games/Forge/2026-08-16_10-25-48/nn/Forge.pth,2,nominal,1000,False,timeout,149,31.617595672607422,0.21963214874267578,8.67479133605957,2.313734531402588,0.05833333730697632,0.07200636714696884,0.03823844715952873,0.022075120359659195,0.75,0.75,0.018452828750014305,-0.513257622718811
2026-08-16_10-25-48,/home/as22cq/Projects/Policy-RL-Peg_insertion/force_peg_rl/logs/rl_games/Forge/2026-08-16_10-25-48/nn/Forge.pth,2,nominal,1000,False,timeout,149,73.32775115966797,0.00036745890974998474,8.484823226928711,2.595823049545288,0.0,0.016494594514369965,0.5660294890403748,0.015387878753244877,0.75,0.75,0.0012650977587327361,0.562414288520813
2026-08-16_10-25-48,/home/as22cq/Projects/Policy-RL-Peg_insertion/force_peg_rl/logs/rl_games/Forge/2026-08-16_10-25-48/nn/Forge.pth,2,nominal,1000,False,timeout,149,40.416378021240234,0.011572524905204773,4.498620986938477,0.233206108212471,0.0,0.028768008574843407,1.2797327041625977,0.022252220660448074,0.75,0.75,0.016547856852412224,0.2977694571018219
2026-08-16_10-25-48,/home/as22cq/Projects/Policy-RL-Peg_insertion/force_peg_rl/logs/rl_games/Forge/2026-08-16_10-25-48/nn/Forge.pth,2,nominal,1000,False,timeout,149,40.217315673828125,0.03452502563595772,4.734128475189209,0.49848148226737976,0.0,0.02732740342617035,0.5948643684387207,0.016298748552799225,0.75,0.75,0.010977409780025482,-0.5985468029975891
2026-08-16_10-25-48,/home/as22cq/Projects/Policy-RL-Peg_insertion/force_peg_rl/logs/rl_games/Forge/2026-08-16_10-25-48/nn/Forge.pth,2,nominal,1000,False,timeout,149,35.91773986816406,0.0738542377948761,6.3059587478637695,0.44919970631599426,0.01666666753590107,0.04786206781864166,0.27841076254844666,0.015881797298789024,0.75,0.75,0.001004559569992125,-0.3111740052700043
2026-08-16_10-25-48,/home/as22cq/Projects/Policy-RL-Peg_insertion/force_peg_rl/logs/rl_games/Forge/2026-08-16_10-25-48/nn/Forge.pth,2,nominal,1000,False,timeout,149,74.88573455810547,0.00015457719564437866,4.983227252960205,3.2083513736724854,0.0,0.01841895654797554,0.18937897682189941,0.020506881177425385,0.75,0.75,0.0052452669478952885,0.23343375325202942
2026-08-16_10-25-48,/home/as22cq/Projects/Policy-RL-Peg_insertion/force_peg_rl/logs/rl_games/Forge/2026-08-16_10-25-48/nn/Forge.pth,2,nominal,1000,False,timeout,149,38.47428894042969,0.00044751912355422974,9.793801307678223,0.6682042479515076,0.01666666753590107,0.024613630026578903,1.0283814668655396,0.02275972068309784,0.75,0.75,0.023412443697452545,-0.6498783230781555
2026-08-16_10-25-48,/home/as22cq/Projects/Policy-RL-Peg_insertion/force_peg_rl/logs/rl_games/Forge/2026-08-16_10-25-48/nn/Forge.pth,2,nominal,1000,False,timeout,149,30.55316925048828,0.1023758053779602,5.636879920959473,0.33024919033050537,0.008333333767950535,0.07089821249246597,0.02635660208761692,0.01545441523194313,0.75,0.75,0.019387586042284966,-0.5489272475242615
2026-08-16_10-25-48,/home/as22cq/Projects/Policy-RL-Peg_insertion/force_peg_rl/logs/rl_games/Forge/2026-08-16_10-25-48/nn/Forge.pth,2,nominal,1000,False,timeout,149,77.02749633789062,0.0010143741965293884,6.683830261230469,1.8590331077575684,0.0,0.01634007878601551,0.24495820701122284,0.015694985166192055,0.75,0.75,0.016368405893445015,0.5531549453735352
2026-08-16_10-25-48,/home/as22cq/Projects/Policy-RL-Peg_insertion/force_peg_rl/logs/rl_games/Forge/2026-08-16_10-25-48/nn/Forge.pth,2,nominal,1000,False,timeout,149,74.50189971923828,0.0006828978657722473,4.709389686584473,1.6306973695755005,0.0,0.016970686614513397,0.33990517258644104,0.016468822956085205,0.75,0.75,0.016171017661690712,0.044991713017225266
2026-08-16_10-25-48,/home/as22cq/Projects/Policy-RL-Peg_insertion/force_peg_rl/logs/rl_games/Forge/2026-08-16_10-25-48/nn/Forge.pth,2,nominal,1000,False,timeout,149,41.241512298583984,0.003263900987803936,3.4385509490966797,0.34659987688064575,0.0,0.019403589889407158,1.4112273454666138,0.019007405266165733,0.75,0.75,0.016064055263996124,0.47414377331733704
2026-08-16_10-25-48,/home/as22cq/Projects/Policy-RL-Peg_insertion/force_peg_rl/logs/rl_games/Forge/2026-08-16_10-25-48/nn/Forge.pth,2,nominal,1000,False,timeout,149,65.9004135131836,0.012053649872541428,7.862218856811523,5.099979877471924,0.0,0.016413148492574692,0.26467159390449524,0.018118543550372124,0.75,0.75,0.01802942156791687,0.7498461008071899
2026-08-16_10-25-48,/home/as22cq/Projects/Policy-RL-Peg_insertion/force_peg_rl/logs/rl_games/Forge/2026-08-16_10-25-48/nn/Forge.pth,2,nominal,1000,False,timeout,149,28.591983795166016,0.10121310502290726,8.772574424743652,1.6235747337341309,0.05000000447034836,0.03042781539261341,0.30029574036598206,0.01966632716357708,0.75,0.75,0.007557578384876251,-0.09815933555364609
2026-08-16_10-25-48,/home/as22cq/Projects/Policy-RL-Peg_insertion/force_peg_rl/logs/rl_games/Forge/2026-08-16_10-25-48/nn/Forge.pth,2,nominal,1000,False,timeout,149,35.20384216308594,0.018824733793735504,4.387359619140625,1.2978490591049194,0.0,0.026686515659093857,0.7278812527656555,0.023308061063289642,0.75,0.75,0.012412076815962791,-0.5530489087104797
2026-08-16_10-25-48,/home/as22cq/Projects/Policy-RL-Peg_insertion/force_peg_rl/logs/rl_games/Forge/2026-08-16_10-25-48/nn/Forge.pth,2,nominal,1000,False,timeout,149,79.04871368408203,0.0006121732294559479,6.485468864440918,2.609830379486084,0.0,0.01671239733695984,0.3299248516559601,0.0215561892837286,0.75,0.75,0.01169957872480154,0.7156596779823303
2026-08-16_10-25-48,/home/as22cq/Projects/Policy-RL-Peg_insertion/force_peg_rl/logs/rl_games/Forge/2026-08-16_10-25-48/nn/Forge.pth,2,nominal,1000,False,timeout,149,41.44308090209961,0.03288102522492409,9.137330055236816,1.6579004526138306,0.008333333767950535,0.017342811450362206,0.326788067817688,0.020947342738509178,0.75,0.75,0.014580048620700836,-0.5432584285736084
2026-08-16_10-25-48,/home/as22cq/Projects/Policy-RL-Peg_insertion/force_peg_rl/logs/rl_games/Forge/2026-08-16_10-25-48/nn/Forge.pth,2,nominal,1000,False,timeout,149,28.429412841796875,0.19350706040859222,4.097097873687744,0.420431524515152,0.0,0.08134444802999496,0.11400569975376129,0.01947927102446556,0.75,0.75,0.020112982019782066,-0.3255522549152374
2026-08-16_10-25-48,/home/as22cq/Projects/Policy-RL-Peg_insertion/force_peg_rl/logs/rl_games/Forge/2026-08-16_10-25-48/nn/Forge.pth,2,nominal,1000,False,timeout,149,28.88407325744629,0.11274084448814392,6.703351974487305,0.21909454464912415,0.008333333767950535,0.061178725212812424,0.26591163873672485,0.023776449263095856,0.75,0.75,0.008903895504772663,-0.46175509691238403
2026-08-16_10-25-48,/home/as22cq/Projects/Policy-RL-Peg_insertion/force_peg_rl/logs/rl_games/Forge/2026-08-16_10-25-48/nn/Forge.pth,2,nominal,1000,False,timeout,149,41.001522064208984,0.011727338656783104,5.611392974853516,1.3223001956939697,0.0,0.026864496991038322,1.2763255834579468,0.020117316395044327,0.75,0.75,0.010707366280257702,-0.48739689588546753
2026-08-16_10-25-48,/home/as22cq/Projects/Policy-RL-Peg_insertion/force_peg_rl/logs/rl_games/Forge/2026-08-16_10-25-48/nn/Forge.pth,2,nominal,1000,False,timeout,149,25.879764556884766,0.11474496126174927,0.23772701621055603,0.04958409443497658,0.0,0.06144023686647415,-1.0240516662597656,0.020863723009824753,0.75,0.75,0.021311189979314804,0.07904361933469772
2026-08-16_10-25-48,/home/as22cq/Projects/Policy-RL-Peg_insertion/force_peg_rl/logs/rl_games/Forge/2026-08-16_10-25-48/nn/Forge.pth,2,nominal,1000,False,timeout,149,28.07803726196289,0.18299274146556854,3.252098321914673,0.5472928285598755,0.0,0.10391329228878021,-0.07749231904745102,0.018675675615668297,0.75,0.75,0.013937028124928474,-0.2979695796966553
2026-08-16_10-25-48,/home/as22cq/Projects/Policy-RL-Peg_insertion/force_peg_rl/logs/rl_games/Forge/2026-08-16_10-25-48/nn/Forge.pth,2,nominal,1000,False,timeout,149,30.820575714111328,0.14624649286270142,5.610116958618164,0.7235096096992493,0.0,0.13347727060317993,-0.13149714469909668,0.01725655607879162,0.75,0.75,0.020735424011945724,-0.5086582899093628
2026-08-16_10-25-48,/home/as22cq/Projects/Policy-RL-Peg_insertion/force_peg_rl/logs/rl_games/Forge/2026-08-16_10-25-48/nn/Forge.pth,2,nominal,1000,False,timeout,149,30.79298210144043,0.10573134571313858,8.497663497924805,1.4326207637786865,0.03333333507180214,0.06890138238668442,-0.045453574508428574,0.017080988734960556,0.75,0.75,0.02362671308219433,-0.36425384879112244
2026-08-16_10-25-48,/home/as22cq/Projects/Policy-RL-Peg_insertion/force_peg_rl/logs/rl_games/Forge/2026-08-16_10-25-48/nn/Forge.pth,2,nominal,1000,False,timeout,149,37.260780334472656,0.0640653669834137,3.388953924179077,0.481557697057724,0.0,0.03405695781111717,0.8117637038230896,0.01959938555955887,0.75,0.75,0.008725802414119244,-0.20728302001953125
2026-08-16_10-25-48,/home/as22cq/Projects/Policy-RL-Peg_insertion/force_peg_rl/logs/rl_games/Forge/2026-08-16_10-25-48/nn/Forge.pth,2,nominal,1000,False,timeout,149,29.77120590209961,0.08317498862743378,4.894925117492676,0.45220568776130676,0.0,0.060203030705451965,0.21239914000034332,0.01676381379365921,0.75,0.75,0.02318117953836918,-0.26434141397476196
2026-08-16_10-25-48,/home/as22cq/Projects/Policy-RL-Peg_insertion/force_peg_rl/logs/rl_games/Forge/2026-08-16_10-25-48/nn/Forge.pth,2,nominal,1000,False,timeout,149,40.63536834716797,0.004784427583217621,5.772193431854248,1.0393821001052856,0.0,0.01911526918411255,0.7555276155471802,0.018617698922753334,0.75,0.75,0.010049527511000633,-0.43480250239372253
2026-08-16_10-25-48,/home/as22cq/Projects/Policy-RL-Peg_insertion/force_peg_rl/logs/rl_games/Forge/2026-08-16_10-25-48/nn/Forge.pth,2,nominal,1000,False,timeout,149,26.438358306884766,0.11543923616409302,0.3006123900413513,0.05853576958179474,0.0,0.0555674284696579,0.4430909752845764,0.023897871375083923,0.75,0.75,0.018173715099692345,0.13729806244373322
2026-08-16_10-25-48,/home/as22cq/Projects/Policy-RL-Peg_insertion/force_peg_rl/logs/rl_games/Forge/2026-08-16_10-25-48/nn/Forge.pth,2,nominal,1000,False,timeout,149,32.164981842041016,0.0887935608625412,4.695776462554932,0.5353394150733948,0.0,0.029466820880770683,0.3497122526168823,0.021812450140714645,0.75,0.75,0.005449702497571707,-0.4867987334728241
2026-08-16_10-25-48,/home/as22cq/Projects/Policy-RL-Peg_insertion/force_peg_rl/logs/rl_games/Forge/2026-08-16_10-25-48/nn/Forge.pth,2,nominal,1000,False,timeout,149,37.92140579223633,0.0219232477247715,3.0676918029785156,0.5591962933540344,0.0,0.01626746729016304,0.7803671360015869,0.02134937047958374,0.75,0.75,0.020930200815200806,0.7350996732711792
2026-08-16_10-25-48,/home/as22cq/Projects/Policy-RL-Peg_insertion/force_peg_rl/logs/rl_games/Forge/2026-08-16_10-25-48/nn/Forge.pth,2,nominal,1000,False,timeout,149,70.87576293945312,0.0034730229526758194,7.196545600891113,3.8819427490234375,0.0,0.017330849543213844,0.30249497294425964,0.021089788526296616,0.75,0.75,0.012755047529935837,-0.14591597020626068
2026-08-16_10-25-48,/home/as22cq/Projects/Policy-RL-Peg_insertion/force_peg_rl/logs/rl_games/Forge/2026-08-16_10-25-48/nn/Forge.pth,2,nominal,1000,False,timeout,149,33.404624938964844,0.14284750819206238,6.812692642211914,1.0747404098510742,0.0,0.08630640059709549,-0.0692262202501297,0.018257219344377518,0.75,0.75,0.01698097214102745,-0.5630594491958618
2026-08-16_10-25-48,/home/as22cq/Projects/Policy-RL-Peg_insertion/force_peg_rl/logs/rl_games/Forge/2026-08-16_10-25-48/nn/Forge.pth,2,nominal,1000,False,timeout,149,29.96575164794922,0.09155821800231934,3.100442409515381,0.36021924018859863,0.0,0.01728876307606697,0.4442794620990753,0.02389443665742874,0.75,0.75,0.008508238010108471,-0.09283413738012314
2026-08-16_10-25-48,/home/as22cq/Projects/Policy-RL-Peg_insertion/force_peg_rl/logs/rl_games/Forge/2026-08-16_10-25-48/nn/Forge.pth,2,nominal,1000,False,timeout,149,35.14595031738281,0.021868743002414703,5.538454055786133,0.7911592721939087,0.008333333767950535,0.018429316580295563,0.6954039335250854,0.01434275507926941,0.75,0.75,0.018330039456486702,-0.004009596072137356
2026-08-16_10-25-48,/home/as22cq/Projects/Policy-RL-Peg_insertion/force_peg_rl/logs/rl_games/Forge/2026-08-16_10-25-48/nn/Forge.pth,2,nominal,1000,False,timeout,149,26.824840545654297,0.1085699200630188,0.8569127917289734,0.05997014418244362,0.0,0.08246879279613495,-1.5475965738296509,0.01877862587571144,0.75,0.75,0.02176535129547119,0.15468282997608185
2026-08-16_10-25-48,/home/as22cq/Projects/Policy-RL-Peg_insertion/force_peg_rl/logs/rl_games/Forge/2026-08-16_10-25-48/nn/Forge.pth,2,nominal,1000,False,timeout,149,45.06145095825195,0.00598762184381485,7.739469051361084,0.9315738677978516,0.05000000447034836,0.023598039522767067,0.7257017493247986,0.021160157397389412,0.75,0.75,0.02139127627015114,0.6004807949066162
2026-08-16_10-25-48,/home/as22cq/Projects/Policy-RL-Peg_insertion/force_peg_rl/logs/rl_games/Forge/2026-08-16_10-25-48/nn/Forge.pth,2,nominal,1000,False,timeout,149,37.408267974853516,0.005352288484573364,10.768004417419434,2.0230746269226074,0.19166667759418488,0.01645975187420845,0.8587557077407837,0.023499952629208565,0.75,0.75,0.01928936131298542,0.7430297136306763
2026-08-16_10-25-48,/home/as22cq/Projects/Policy-RL-Peg_insertion/force_peg_rl/logs/rl_games/Forge/2026-08-16_10-25-48/nn/Forge.pth,2,nominal,1000,False,timeout,149,39.10392761230469,0.009470030665397644,6.718113422393799,0.46383604407310486,0.02500000223517418,0.030078239738941193,1.022905945777893,0.02208162099123001,0.75,0.75,0.017008619382977486,-0.35491257905960083
2026-08-16_10-25-48,/home/as22cq/Projects/Policy-RL-Peg_insertion/force_peg_rl/logs/rl_games/Forge/2026-08-16_10-25-48/nn/Forge.pth,2,nominal,1000,False,timeout,149,46.800785064697266,0.025225535035133362,9.89051342010498,1.2921507358551025,0.01666666753590107,0.027261940762400627,0.898385226726532,0.019956247881054878,0.75,0.75,0.01755394972860813,0.13986514508724213
2026-08-16_10-25-48,/home/as22cq/Projects/Policy-RL-Peg_insertion/force_peg_rl/logs/rl_games/Forge/2026-08-16_10-25-48/nn/Forge.pth,2,nominal,1000,False,timeout,149,42.497623443603516,0.0627901703119278,8.906816482543945,1.5532515048980713,0.0,0.05398056283593178,1.0277938842773438,0.016296397894620895,0.75,0.75,0.018527429550886154,0.7244347929954529
2026-08-16_10-25-48,/home/as22cq/Projects/Policy-RL-Peg_insertion/force_peg_rl/logs/rl_games/Forge/2026-08-16_10-25-48/nn/Forge.pth,2,nominal,1000,False,timeout,149,77.77356719970703,0.0007014013826847076,7.719128131866455,3.2431559562683105,0.008333333767950535,0.017465906217694283,0.3857938349246979,0.016626736149191856,0.75,0.75,0.01710171066224575,0.7117137908935547
2026-08-16_10-25-48,/home/as22cq/Projects/Policy-RL-Peg_insertion/force_peg_rl/logs/rl_games/Forge/2026-08-16_10-25-48/nn/Forge.pth,2,nominal,1000,False,timeout,149,34.406185150146484,0.025648310780525208,10.056159973144531,2.3297300338745117,0.03333333507180214,0.02977408654987812,1.3447998762130737,0.020225219428539276,0.75,0.75,0.016017749905586243,0.0034809454809874296
2026-08-16_10-25-48,/home/as22cq/Projects/Policy-RL-Peg_insertion/force_peg_rl/logs/rl_games/Forge/2026-08-16_10-25-48/nn/Forge.pth,2,nominal,1000,False,timeout,149,40.46063995361328,-0.006186425685882568,5.6775312423706055,1.1179912090301514,0.0,0.03087981976568699,0.8731127381324768,0.015488960780203342,0.75,0.75,0.02502834051847458,-0.7038906216621399
2026-08-16_10-25-48,/home/as22cq/Projects/Policy-RL-Peg_insertion/force_peg_rl/logs/rl_games/Forge/2026-08-16_10-25-48/nn/Forge.pth,2,nominal,1000,False,timeout,149,32.08918762207031,0.12739185988903046,4.120759963989258,1.1779316663742065,0.0,0.06775981187820435,-0.057863544672727585,0.022106576710939407,0.75,0.75,0.00516841746866703,-0.4852777123451233
2026-08-16_10-25-48,/home/as22cq/Projects/Policy-RL-Peg_insertion/force_peg_rl/logs/rl_games/Forge/2026-08-16_10-25-48/nn/Forge.pth,2,nominal,1000,False,timeout,149,62.02122116088867,0.0008221343159675598,9.665511131286621,4.8186798095703125,0.8333333730697632,0.017268572002649307,0.20057648420333862,0.017006417736411095,0.75,0.75,0.013639906421303749,0.48150819540023804
2026-08-16_10-25-48,/home/as22cq/Projects/Policy-RL-Peg_insertion/force_peg_rl/logs/rl_games/Forge/2026-08-16_10-25-48/nn/Forge.pth,2,nominal,1000,False,timeout,149,39.7038688659668,-0.0006688684225082397,6.70891809463501,1.3593251705169678,0.05000000447034836,0.02538357302546501,0.6490983366966248,0.01710451766848564,0.75,0.75,0.013467268086969852,-0.3489978611469269
2026-08-16_10-25-48,/home/as22cq/Projects/Policy-RL-Peg_insertion/force_peg_rl/logs/rl_games/Forge/2026-08-16_10-25-48/nn/Forge.pth,2,nominal,1000,False,timeout,149,46.88950729370117,0.022870901972055435,8.150160789489746,1.539574384689331,0.05833333730697632,0.02215132862329483,0.6084694266319275,0.015928983688354492,0.75,0.75,0.02180388756096363,0.42929592728614807
2026-08-16_10-25-48,/home/as22cq/Projects/Policy-RL-Peg_insertion/force_peg_rl/logs/rl_games/Forge/2026-08-16_10-25-48/nn/Forge.pth,2,nominal,1000,False,timeout,149,43.78631591796875,0.009514503180980682,3.72359561920166,0.8701700568199158,0.0,0.019284598529338837,0.7969736456871033,0.021516626700758934,0.75,0.75,0.02926960401237011,-0.5342552065849304
2026-08-16_10-25-48,/home/as22cq/Projects/Policy-RL-Peg_insertion/force_peg_rl/logs/rl_games/Forge/2026-08-16_10-25-48/nn/Forge.pth,2,nominal,1000,False,timeout,149,26.72515296936035,0.10826906561851501,8.081474304199219,1.7735954523086548,0.13333334028720856,0.028319919481873512,0.04917968064546585,0.023288067430257797,0.75,0.75,0.017657635733485222,-0.610683798789978
2026-08-16_10-25-48,/home/as22cq/Projects/Policy-RL-Peg_insertion/force_peg_rl/logs/rl_games/Forge/2026-08-16_10-25-48/nn/Forge.pth,2,nominal,1000,False,timeout,149,38.484249114990234,0.011229356750845909,8.910172462463379,4.2712812423706055,0.28333336114883423,0.045123565942049026,1.0339102745056152,0.02208520472049713,0.75,0.75,0.0059074643068015575,-0.22996221482753754
2026-08-16_10-25-48,/home/as22cq/Projects/Policy-RL-Peg_insertion/force_peg_rl/logs/rl_games/Forge/2026-08-16_10-25-48/nn/Forge.pth,2,nominal,1000,False,timeout,149,25.862878799438477,0.007982730865478516,9.271602630615234,2.4419593811035156,0.31666669249534607,0.026917973533272743,0.5250391364097595,0.020177297294139862,0.75,0.75,0.01687154546380043,-0.5151067972183228
2026-08-16_10-25-48,/home/as22cq/Projects/Policy-RL-Peg_insertion/force_peg_rl/logs/rl_games/Forge/2026-08-16_10-25-48/nn/Forge.pth,2,nominal,1000,False,timeout,149,34.58290100097656,0.03494269400835037,4.809464931488037,0.37109220027923584,0.0,0.03066112846136093,0.7363085746765137,0.021927693858742714,0.75,0.75,0.012710227631032467,0.1696503609418869
2026-08-16_10-25-48,/home/as22cq/Projects/Policy-RL-Peg_insertion/force_peg_rl/logs/rl_games/Forge/2026-08-16_10-25-48/nn/Forge.pth,2,nominal,1000,False,timeout,149,39.39340591430664,-0.0010131970047950745,5.466119766235352,0.906683623790741,0.0,0.026189938187599182,1.2756388187408447,0.018010679632425308,0.75,0.75,0.017392847687005997,-0.19666120409965515
2026-08-16_10-25-48,/home/as22cq/Projects/Policy-RL-Peg_insertion/force_peg_rl/logs/rl_games/Forge/2026-08-16_10-25-48/nn/Forge.pth,2,nominal,1000,False,timeout,149,74.99866485595703,0.0019344985485076904,5.677343845367432,2.3114941120147705,0.0,0.01637519896030426,0.641858696937561,0.02326672337949276,0.75,0.75,0.001741071231663227,0.7786034941673279
2026-08-16_10-25-48,/home/as22cq/Projects/Policy-RL-Peg_insertion/force_peg_rl/logs/rl_games/Forge/2026-08-16_10-25-48/nn/Forge.pth,2,nominal,1000,False,timeout,149,30.590532302856445,0.10941501706838608,1.2013522386550903,0.12661921977996826,0.0,0.08990906178951263,0.030548419803380966,0.015167709439992905,0.75,0.75,0.020970584824681282,-0.36637839674949646
2026-08-16_10-25-48,/home/as22cq/Projects/Policy-RL-Peg_insertion/force_peg_rl/logs/rl_games/Forge/2026-08-16_10-25-48/nn/Forge.pth,2,nominal,1000,False,timeout,149,41.8115234375,0.006203744560480118,5.401401042938232,0.3365449011325836,0.0,0.01927785947918892,1.4044488668441772,0.018633289262652397,0.75,0.75,0.01637198030948639,0.6513102650642395
2026-08-16_10-25-48,/home/as22cq/Projects/Policy-RL-Peg_insertion/force_peg_rl/logs/rl_games/Forge/2026-08-16_10-25-48/nn/Forge.pth,2,nominal,1000,False,timeout,149,30.68759536743164,0.029404163360595703,10.417839050292969,3.1352524757385254,0.07500000298023224,0.045622292906045914,1.2249553203582764,0.015388816595077515,0.75,0.75,0.003921461757272482,0.7233932614326477
2026-08-16_10-25-48,/home/as22cq/Projects/Policy-RL-Peg_insertion/force_peg_rl/logs/rl_games/Forge/2026-08-16_10-25-48/nn/Forge.pth,2,nominal,1000,False,timeout,149,33.4041633605957,0.08966889977455139,4.370440483093262,0.9289770126342773,0.0,0.03611252084374428,0.06308785080909729,0.02274537831544876,0.75,0.75,0.009313339367508888,-0.08680328726768494
2026-08-16_10-25-48,/home/as22cq/Projects/Policy-RL-Peg_insertion/force_peg_rl/logs/rl_games/Forge/2026-08-16_10-25-48/nn/Forge.pth,2,nominal,1000,False,timeout,149,28.99461555480957,0.1267533004283905,2.952016830444336,0.08927085250616074,0.0,0.09737847000360489,-0.021417777985334396,0.015710577368736267,0.75,0.75,0.019425595179200172,-0.4838445484638214
2026-08-16_10-25-48,/home/as22cq/Projects/Policy-RL-Peg_insertion/force_peg_rl/logs/rl_games/Forge/2026-08-16_10-25-48/nn/Forge.pth,2,nominal,1000,False,timeout,149,45.145015716552734,0.00231730192899704,7.126525402069092,2.0324018001556396,0.0,0.01624407432973385,1.3623604774475098,0.02032092958688736,0.75,0.75,0.014182153157889843,0.6797966957092285
2026-08-16_10-25-48,/home/as22cq/Projects/Policy-RL-Peg_insertion/force_peg_rl/logs/rl_games/Forge/2026-08-16_10-25-48/nn/Forge.pth,2,nominal,1000,False,timeout,149,35.7801628112793,0.06749659776687622,7.7286906242370605,0.5412904620170593,0.01666666753590107,0.037921417504549026,0.7228273749351501,0.014849083498120308,0.75,0.75,0.018205173313617706,0.5930506587028503
2026-08-16_10-25-48,/home/as22cq/Projects/Policy-RL-Peg_insertion/force_peg_rl/logs/rl_games/Forge/2026-08-16_10-25-48/nn/Forge.pth,2,nominal,1000,False,timeout,149,51.30403518676758,0.010982189327478409,4.386806011199951,0.9352907538414001,0.0,0.021193940192461014,1.0549564361572266,0.023617209866642952,0.75,0.75,0.01874152570962906,-0.013633453287184238
2026-08-16_10-25-48,/home/as22cq/Projects/Policy-RL-Peg_insertion/force_peg_rl/logs/rl_games/Forge/2026-08-16_10-25-48/nn/Forge.pth,2,nominal,1000,False,timeout,149,74.00110626220703,0.003357287496328354,5.371056079864502,1.8142374753952026,0.0,0.016468361020088196,-0.1050654724240303,0.02065153233706951,0.75,0.75,0.003248911816626787,-0.5557721853256226
2026-08-16_10-25-48,/home/as22cq/Projects/Policy-RL-Peg_insertion/force_peg_rl/logs/rl_games/Forge/2026-08-16_10-25-48/nn/Forge.pth,2,nominal,1000,False,timeout,149,41.48371887207031,0.007917091250419617,7.066365718841553,0.7359453439712524,0.008333333767950535,0.03734863921999931,1.0826741456985474,0.014482613652944565,0.75,0.75,0.01868272013962269,0.7397307753562927
2026-08-16_10-25-48,/home/as22cq/Projects/Policy-RL-Peg_insertion/force_peg_rl/logs/rl_games/Forge/2026-08-16_10-25-48/nn/Forge.pth,2,nominal,1000,False,timeout,149,31.24930191040039,0.1619877964258194,5.329103469848633,0.36366960406303406,0.0,0.09430907666683197,-0.09299862384796143,0.021722277626395226,0.75,0.75,0.01722043566405773,0.167257159948349
2026-08-16_10-25-48,/home/as22cq/Projects/Policy-RL-Peg_insertion/force_peg_rl/logs/rl_games/Forge/2026-08-16_10-25-48/nn/Forge.pth,2,nominal,1000,False,timeout,149,33.26264572143555,0.08322373032569885,5.629062652587891,0.27171316742897034,0.0,0.032879769802093506,0.2402361035346985,0.020640037953853607,0.75,0.75,0.018936237320303917,0.622723400592804
2026-08-16_10-25-48,/home/as22cq/Projects/Policy-RL-Peg_insertion/force_peg_rl/logs/rl_games/Forge/2026-08-16_10-25-48/nn/Forge.pth,2,nominal,1000,False,timeout,149,38.57816696166992,0.03184536471962929,10.073943138122559,2.189802646636963,0.03333333507180214,0.036926429718732834,1.0442065000534058,0.022477203980088234,0.75,0.75,0.01925382763147354,-0.3056117296218872
2026-08-16_10-25-48,/home/as22cq/Projects/Policy-RL-Peg_insertion/force_peg_rl/logs/rl_games/Forge/2026-08-16_10-25-48/nn/Forge.pth,2,nominal,1000,False,timeout,149,36.35592269897461,0.056797049939632416,6.168776988983154,1.0146465301513672,0.0,0.017952732741832733,0.42852234840393066,0.021109554916620255,0.75,0.75,0.007974867708981037,-0.7287020683288574
2026-08-16_10-25-48,/home/as22cq/Projects/Policy-RL-Peg_insertion/force_peg_rl/logs/rl_games/Forge/2026-08-16_10-25-48/nn/Forge.pth,2,nominal,1000,False,timeout,149,30.319766998291016,0.08964358270168304,15.028955459594727,1.700469732284546,0.03333333507180214,0.038128484040498734,0.15802328288555145,0.019211361184716225,0.75,0.75,0.01427096500992775,-0.4781971275806427
2026-08-16_10-25-48,/home/as22cq/Projects/Policy-RL-Peg_insertion/force_peg_rl/logs/rl_games/Forge/2026-08-16_10-25-48/nn/Forge.pth,2,nominal,1000,False,timeout,149,36.295772552490234,0.0024794116616249084,2.7133629322052,0.259683758020401,0.0,0.020545179024338722,1.354999303817749,0.021362097933888435,0.75,0.75,0.021569402888417244,0.3381204903125763
2026-08-16_10-25-48,/home/as22cq/Projects/Policy-RL-Peg_insertion/force_peg_rl/logs/rl_games/Forge/2026-08-16_10-25-48/nn/Forge.pth,2,nominal,1000,False,timeout,149,37.86042785644531,0.043585434556007385,6.2183027267456055,0.3747216761112213,0.0,0.014199561439454556,0.46672323346138,0.015144276432693005,0.75,0.75,0.014680529944598675,-0.5940676927566528
2026-08-16_10-25-48,/home/as22cq/Projects/Policy-RL-Peg_insertion/force_peg_rl/logs/rl_games/Forge/2026-08-16_10-25-48/nn/Forge.pth,2,nominal,1000,False,timeout,149,43.84324645996094,0.013252831995487213,9.047204971313477,1.5776901245117188,0.0,0.026621662080287933,1.231560230255127,0.01819933019578457,0.75,0.75,0.016953997313976288,-0.6358877420425415
2026-08-16_10-25-48,/home/as22cq/Projects/Policy-RL-Peg_insertion/force_peg_rl/logs/rl_games/Forge/2026-08-16_10-25-48/nn/Forge.pth,2,nominal,1000,False,timeout,149,39.69443893432617,0.0008970964699983597,3.4539763927459717,0.4881044924259186,0.0,0.020524973049759865,1.3490204811096191,0.01859634928405285,0.75,0.75,0.014810780063271523,0.5278699398040771
2026-08-16_10-25-48,/home/as22cq/Projects/Policy-RL-Peg_insertion/force_peg_rl/logs/rl_games/Forge/2026-08-16_10-25-48/nn/Forge.pth,2,nominal,1000,False,timeout,149,37.957366943359375,0.044893328100442886,4.968470573425293,0.5790576934814453,0.0,0.02551966905593872,0.6212615370750427,0.022616706788539886,0.75,0.75,0.023331528529524803,-0.09209977090358734
2026-08-16_10-25-48,/home/as22cq/Projects/Policy-RL-Peg_insertion/force_peg_rl/logs/rl_games/Forge/2026-08-16_10-25-48/nn/Forge.pth,2,nominal,1000,False,timeout,149,37.98535919189453,0.01523987203836441,16.823993682861328,2.4337501525878906,0.13333334028720856,0.018090160563588142,1.1049063205718994,0.01667643152177334,0.75,0.75,0.008398529142141342,0.22906965017318726
2026-08-16_10-25-48,/home/as22cq/Projects/Policy-RL-Peg_insertion/force_peg_rl/logs/rl_games/Forge/2026-08-16_10-25-48/nn/Forge.pth,2,nominal,1000,False,timeout,149,33.48448181152344,0.09049834311008453,8.949417114257812,1.6458123922348022,0.0416666679084301,0.024817487224936485,0.2954055070877075,0.020499691367149353,0.75,0.75,0.0212562158703804,-0.5556243062019348
2026-08-16_10-25-48,/home/as22cq/Projects/Policy-RL-Peg_insertion/force_peg_rl/logs/rl_games/Forge/2026-08-16_10-25-48/nn/Forge.pth,2,nominal,1000,False,timeout,149,32.1868896484375,0.0035706479102373123,12.266942024230957,1.435867190361023,0.15000000596046448,0.02319471165537834,1.3657450675964355,0.015302445739507675,0.75,0.75,0.0177607461810112,-0.1236727386713028
2026-08-16_10-25-48,/home/as22cq/Projects/Policy-RL-Peg_insertion/force_peg_rl/logs/rl_games/Forge/2026-08-16_10-25-48/nn/Forge.pth,2,nominal,1000,False,timeout,149,36.03363800048828,-0.004527613520622253,7.782915115356445,3.0618834495544434,0.09166666865348816,0.028085067868232727,1.1326688528060913,0.017816666513681412,0.75,0.75,0.0242341086268425,0.5805005431175232
2026-08-16_10-25-48,/home/as22cq/Projects/Policy-RL-Peg_insertion/force_peg_rl/logs/rl_games/Forge/2026-08-16_10-25-48/nn/Forge.pth,2,nominal,1000,False,timeout,149,14.579960823059082,0.0314762219786644,8.986776351928711,3.7463066577911377,0.40000003576278687,0.042482949793338776,1.2374110221862793,0.02044020965695381,0.75,0.75,0.00980942789465189,-0.3797054588794708
2026-08-16_10-25-48,/home/as22cq/Projects/Policy-RL-Peg_insertion/force_peg_rl/logs/rl_games/Forge/2026-08-16_10-25-48/nn/Forge.pth,2,nominal,1000,False,timeout,149,42.13592529296875,0.009740740060806274,9.309099197387695,1.4357858896255493,0.008333333767950535,0.02319503016769886,1.240639328956604,0.020616140216588974,0.75,0.75,0.011491778306663036,0.2706261873245239
2026-08-16_10-25-48,/home/as22cq/Projects/Policy-RL-Peg_insertion/force_peg_rl/logs/rl_games/Forge/2026-08-16_10-25-48/nn/Forge.pth,2,nominal,1000,False,timeout,149,47.429290771484375,0.008208885788917542,5.60161018371582,1.1591562032699585,0.0,0.02604442834854126,1.0388177633285522,0.01883445493876934,0.75,0.75,0.01786666177213192,0.03476588800549507
2026-08-16_10-25-48,/home/as22cq/Projects/Policy-RL-Peg_insertion/force_peg_rl/logs/rl_games/Forge/2026-08-16_10-25-48/nn/Forge.pth,2,nominal,1000,False,timeout,149,24.194461822509766,0.14548614621162415,12.657846450805664,1.0886766910552979,0.05833333730697632,0.0868801400065422,-1.5257112979888916,0.015616628341376781,0.75,0.75,0.019473176449537277,-0.489355206489563
2026-08-16_10-25-48,/home/as22cq/Projects/Policy-RL-Peg_insertion/force_peg_rl/logs/rl_games/Forge/2026-08-16_10-25-48/nn/Forge.pth,2,nominal,1000,False,timeout,149,45.25072479248047,0.0022325068712234497,1.7580453157424927,0.2782098054885864,0.0,0.03899643197655678,0.838901698589325,0.018137915059924126,0.75,0.75,0.01773584820330143,-0.3590361177921295
2026-08-16_10-25-48,/home/as22cq/Projects/Policy-RL-Peg_insertion/force_peg_rl/logs/rl_games/Forge/2026-08-16_10-25-48/nn/Forge.pth,2,nominal,1000,False,timeout,149,73.40980529785156,0.005894862115383148,4.71807336807251,0.7337746620178223,0.0,0.016314683482050896,0.050672657787799835,0.016296008601784706,0.75,0.75,0.00981671642512083,0.0072858016937971115
2026-08-16_10-25-48,/home/as22cq/Projects/Policy-RL-Peg_insertion/force_peg_rl/logs/rl_games/Forge/2026-08-16_10-25-48/nn/Forge.pth,2,nominal,1000,False,timeout,149,29.386796951293945,0.07806144654750824,0.33303871750831604,0.04281805828213692,0.0,0.021023085340857506,0.25805822014808655,0.021955592557787895,0.75,0.75,0.016554847359657288,0.16270841658115387
2026-08-16_10-25-48,/home/as22cq/Projects/Policy-RL-Peg_insertion/force_peg_rl/logs/rl_games/Forge/2026-08-16_10-25-48/nn/Forge.pth,2,nominal,1000,False,timeout,149,31.983856201171875,0.010943736881017685,0.20465080440044403,0.0408569872379303,0.0,0.029971910640597343,1.0132924318313599,0.017398741096258163,0.75,0.75,0.018239866942167282,0.24430878460407257
2026-08-16_10-25-48,/home/as22cq/Projects/Policy-RL-Peg_insertion/force_peg_rl/logs/rl_games/Forge/2026-08-16_10-25-48/nn/Forge.pth,2,nominal,1000,False,timeout,149,26.356931686401367,0.08870641887187958,2.0272018909454346,0.06155700236558914,0.0,0.05172264203429222,-1.25356125831604,0.021526005119085312,0.75,0.75,0.027910269796848297,0.2353343665599823
2026-08-16_10-25-48,/home/as22cq/Projects/Policy-RL-Peg_insertion/force_peg_rl/logs/rl_games/Forge/2026-08-16_10-25-48/nn/Forge.pth,2,nominal,1000,False,timeout,149,23.94170570373535,0.10737564414739609,6.752349853515625,1.181207299232483,0.125,0.029170049354434013,-0.9989675879478455,0.02153584733605385,0.75,0.75,0.012768102809786797,-0.694214403629303
2026-08-16_10-25-48,/home/as22cq/Projects/Policy-RL-Peg_insertion/force_peg_rl/logs/rl_games/Forge/2026-08-16_10-25-48/nn/Forge.pth,2,nominal,1000,False,timeout,149,28.64573097229004,0.14004452526569366,3.793828248977661,0.26373666524887085,0.0,0.07296323776245117,0.3564554750919342,0.020107990130782127,0.75,0.75,0.012012415565550327,-0.019184185191988945
2026-08-16_10-25-48,/home/as22cq/Projects/Policy-RL-Peg_insertion/force_peg_rl/logs/rl_games/Forge/2026-08-16_10-25-48/nn/Forge.pth,2,nominal,1000,False,timeout,149,32.52101135253906,0.04328407347202301,3.857722043991089,0.7810958623886108,0.0,0.034825585782527924,0.36762693524360657,0.016518810763955116,0.75,0.75,0.01345665194094181,0.7783546447753906
2026-08-16_10-25-48,/home/as22cq/Projects/Policy-RL-Peg_insertion/force_peg_rl/logs/rl_games/Forge/2026-08-16_10-25-48/nn/Forge.pth,2,nominal,1000,False,timeout,149,39.32954025268555,0.010663963854312897,7.7980756759643555,1.956433653831482,0.125,0.016774898394942284,0.7841631770133972,0.014285440556704998,0.75,0.75,0.013705601915717125,-0.0644080862402916
2026-08-16_10-25-48,/home/as22cq/Projects/Policy-RL-Peg_insertion/force_peg_rl/logs/rl_games/Forge/2026-08-16_10-25-48/nn/Forge.pth,2,nominal,1000,False,timeout,149,26.531856536865234,0.10943861305713654,9.197807312011719,0.13731440901756287,0.008333333767950535,0.04994262382388115,-1.2275851964950562,0.018195345997810364,0.75,0.75,0.003924273420125246,-0.42383623123168945
2026-08-16_10-25-48,/home/as22cq/Projects/Policy-RL-Peg_insertion/force_peg_rl/logs/rl_games/Forge/2026-08-16_10-25-48/nn/Forge.pth,2,nominal,1000,False,timeout,149,32.94864273071289,0.06309765577316284,5.256133079528809,0.23584263026714325,0.0,0.019966905936598778,0.733506441116333,0.016275029629468918,0.75,0.75,0.019192099571228027,-0.19189885258674622
2026-08-16_10-25-48,/home/as22cq/Projects/Policy-RL-Peg_insertion/force_peg_rl/logs/rl_games/Forge/2026-08-16_10-25-48/nn/Forge.pth,2,nominal,1000,False,timeout,149,41.489662170410156,0.006189942359924316,12.884271621704102,3.2624518871307373,0.10833334177732468,0.0200014878064394,1.4333921670913696,0.020610002800822258,0.75,0.75,0.019328998401761055,0.42787811160087585
2026-08-16_10-25-48,/home/as22cq/Projects/Policy-RL-Peg_insertion/force_peg_rl/logs/rl_games/Forge/2026-08-16_10-25-48/nn/Forge.pth,2,nominal,1000,False,timeout,149,39.179908752441406,0.01131727546453476,12.414463996887207,1.1123273372650146,0.03333333507180214,0.02775089628994465,0.8484204411506653,0.014068891294300556,0.75,0.75,0.003883833298459649,-0.20936408638954163
2026-08-16_10-25-48,/home/as22cq/Projects/Policy-RL-Peg_insertion/force_peg_rl/logs/rl_games/Forge/2026-08-16_10-25-48/nn/Forge.pth,2,nominal,1000,False,timeout,149,28.434036254882812,0.10573422163724899,8.61018180847168,1.2636744976043701,0.0,0.06981374323368073,0.49015793204307556,0.01923026330769062,0.75,0.75,0.019818510860204697,0.6229040026664734
2026-08-16_10-25-48,/home/as22cq/Projects/Policy-RL-Peg_insertion/force_peg_rl/logs/rl_games/Forge/2026-08-16_10-25-48/nn/Forge.pth,2,nominal,1000,False,timeout,149,33.22953414916992,0.03604784607887268,5.760678768157959,0.46935081481933594,0.0,0.01564829610288143,0.7094417214393616,0.01865246519446373,0.75,0.75,0.00997968576848507,-0.0895037055015564
2026-08-16_10-25-48,/home/as22cq/Projects/Policy-RL-Peg_insertion/force_peg_rl/logs/rl_games/Forge/2026-08-16_10-25-48/nn/Forge.pth,2,nominal,1000,False,timeout,149,37.54243850708008,0.011361457407474518,7.759754180908203,1.1074577569961548,0.01666666753590107,0.027330510318279266,1.028865933418274,0.014611597172915936,0.75,0.75,0.012011678889393806,0.06948459893465042
2026-08-16_10-25-48,/home/as22cq/Projects/Policy-RL-Peg_insertion/force_peg_rl/logs/rl_games/Forge/2026-08-16_10-25-48/nn/Forge.pth,2,nominal,1000,False,timeout,149,25.583053588867188,0.12151141464710236,7.045290470123291,0.31967976689338684,0.008333333767950535,0.06549826264381409,-0.8626134395599365,0.02036285027861595,0.75,0.75,0.013305995613336563,-0.225971981883049
2026-08-16_10-25-48,/home/as22cq/Projects/Policy-RL-Peg_insertion/force_peg_rl/logs/rl_games/Forge/2026-08-16_10-25-48/nn/Forge.pth,2,nominal,1000,False,timeout,149,44.443782806396484,0.001474086195230484,4.481557369232178,1.1903386116027832,0.0,0.01724969409406185,1.2585638761520386,0.023796245455741882,0.75,0.75,0.012964023277163506,0.7164013385772705
2026-08-16_10-25-48,/home/as22cq/Projects/Policy-RL-Peg_insertion/force_peg_rl/logs/rl_games/Forge/2026-08-16_10-25-48/nn/Forge.pth,2,nominal,1000,False,timeout,149,47.74672317504883,0.01665818691253662,5.476770877838135,1.3291000127792358,0.0,0.017205746844410896,1.3071504831314087,0.01916254125535488,0.75,0.75,0.016366122290492058,0.5800651907920837
2026-08-16_10-25-48,/home/as22cq/Projects/Policy-RL-Peg_insertion/force_peg_rl/logs/rl_games/Forge/2026-08-16_10-25-48/nn/Forge.pth,2,nominal,1000,False,timeout,149,58.63536071777344,0.001705855131149292,9.423782348632812,0.7769996523857117,0.008333333767950535,0.021123012527823448,1.3810296058654785,0.022074416279792786,0.75,0.75,0.007580036763101816,0.682048499584198
2026-08-16_10-25-48,/home/as22cq/Projects/Policy-RL-Peg_insertion/force_peg_rl/logs/rl_games/Forge/2026-08-16_10-25-48/nn/Forge.pth,2,nominal,1000,False,timeout,149,26.23849868774414,0.1835308074951172,12.374878883361816,1.731216549873352,0.17500001192092896,0.09523878246545792,0.04549780115485191,0.01404297724366188,0.75,0.75,0.01664602942764759,-0.041900698095560074
2026-08-16_10-25-48,/home/as22cq/Projects/Policy-RL-Peg_insertion/force_peg_rl/logs/rl_games/Forge/2026-08-16_10-25-48/nn/Forge.pth,2,nominal,1000,False,timeout,149,73.81698608398438,0.00010420382022857666,6.976408958435059,3.1912682056427,0.0,0.018040698021650314,0.24049243330955505,0.023470990359783173,0.75,0.75,0.0054255262948572636,0.4116021990776062
2026-08-16_10-25-48,/home/as22cq/Projects/Policy-RL-Peg_insertion/force_peg_rl/logs/rl_games/Forge/2026-08-16_10-25-48/nn/Forge.pth,2,nominal,1000,False,timeout,149,77.51668548583984,0.0013779979199171066,5.208226203918457,2.493121862411499,0.0,0.01673770323395729,0.24056164920330048,0.021821875125169754,0.75,0.75,0.02030687965452671,-0.16185137629508972
2026-08-16_10-25-48,/home/as22cq/Projects/Policy-RL-Peg_insertion/force_peg_rl/logs/rl_games/Forge/2026-08-16_10-25-48/nn/Forge.pth,2,nominal,1000,False,timeout,149,36.18388366699219,0.07845645397901535,4.750885009765625,0.9845612645149231,0.0,0.046365004032850266,0.44704416394233704,0.02154189720749855,0.75,0.75,0.019165348261594772,-0.45010051131248474
2026-08-16_10-25-48,/home/as22cq/Projects/Policy-RL-Peg_insertion/force_peg_rl/logs/rl_games/Forge/2026-08-16_10-25-48/nn/Forge.pth,2,nominal,1000,False,timeout,149,77.26174926757812,0.0019539780914783478,6.42790412902832,2.1963231563568115,0.0,0.017460186034440994,0.11714135110378265,0.02268923446536064,0.75,0.75,0.014607585035264492,0.7358390688896179
2026-08-16_10-25-48,/home/as22cq/Projects/Policy-RL-Peg_insertion/force_peg_rl/logs/rl_games/Forge/2026-08-16_10-25-48/nn/Forge.pth,2,nominal,1000,False,timeout,149,26.204330444335938,0.16348451375961304,0.5962210893630981,0.06365238130092621,0.0,0.0829758420586586,-1.5384268760681152,0.01819918304681778,0.75,0.75,0.02385641820728779,-0.3538558781147003
2026-08-16_10-25-48,/home/as22cq/Projects/Policy-RL-Peg_insertion/force_peg_rl/logs/rl_games/Forge/2026-08-16_10-25-48/nn/Forge.pth,2,nominal,1000,False,timeout,149,77.45416259765625,0.001072816550731659,7.9143524169921875,3.4214062690734863,0.06666667014360428,0.016503868624567986,0.017370741814374924,0.02384127676486969,0.75,0.75,0.024223847314715385,-0.29439887404441833
2026-08-16_10-25-48,/home/as22cq/Projects/Policy-RL-Peg_insertion/force_peg_rl/logs/rl_games/Forge/2026-08-16_10-25-48/nn/Forge.pth,2,nominal,1000,False,timeout,149,62.49116897583008,0.007746942341327667,6.871143817901611,1.8904013633728027,0.03333333507180214,0.01669473946094513,1.114781141281128,0.019521426409482956,0.75,0.75,0.018769212067127228,0.46091803908348083
2026-08-16_10-25-48,/home/as22cq/Projects/Policy-RL-Peg_insertion/force_peg_rl/logs/rl_games/Forge/2026-08-16_10-25-48/nn/Forge.pth,2,nominal,1000,False,timeout,149,41.489646911621094,0.004766061902046204,4.61163330078125,0.4353524446487427,0.0,0.0248488187789917,1.1971724033355713,0.017901703715324402,0.75,0.75,0.027143552899360657,-0.6785184144973755
2026-08-16_10-25-48,/home/as22cq/Projects/Policy-RL-Peg_insertion/force_peg_rl/logs/rl_games/Forge/2026-08-16_10-25-48/nn/Forge.pth,2,nominal,1000,False,timeout,149,40.95375442504883,-0.007244586944580078,6.021335601806641,0.64292311668396,0.0,0.022659551352262497,0.8206182718276978,0.01844656653702259,0.75,0.75,0.011389503255486488,-0.7289931178092957
2026-08-16_10-25-48,/home/as22cq/Projects/Policy-RL-Peg_insertion/force_peg_rl/logs/rl_games/Forge/2026-08-16_10-25-48/nn/Forge.pth,2,nominal,1000,False,timeout,149,72.0239486694336,0.0001673651859164238,3.316790819168091,1.3012093305587769,0.0,0.016853902488946915,0.11930003017187119,0.01502446923404932,0.75,0.75,0.0017566080205142498,0.08035995811223984
2026-08-16_10-25-48,/home/as22cq/Projects/Policy-RL-Peg_insertion/force_peg_rl/logs/rl_games/Forge/2026-08-16_10-25-48/nn/Forge.pth,2,nominal,1000,False,timeout,149,29.873689651489258,0.026560179889202118,4.719351768493652,0.14927303791046143,0.0,0.019323043525218964,0.6604162454605103,0.02272612228989601,0.75,0.75,0.02078428864479065,-0.405960351228714
2026-08-16_10-25-48,/home/as22cq/Projects/Policy-RL-Peg_insertion/force_peg_rl/logs/rl_games/Forge/2026-08-16_10-25-48/nn/Forge.pth,2,nominal,1000,False,timeout,149,28.156444549560547,0.0216066837310791,13.904050827026367,4.199480056762695,0.25833335518836975,0.02896309830248356,0.932031512260437,0.017671700567007065,0.75,0.75,0.017524374648928642,0.5174781084060669
2026-08-16_10-25-48,/home/as22cq/Projects/Policy-RL-Peg_insertion/force_peg_rl/logs/rl_games/Forge/2026-08-16_10-25-48/nn/Forge.pth,2,nominal,1001,False,timeout,149,77.09241485595703,0.0009760847315192223,5.851624488830566,2.4550302028656006,0.0,0.0166487917304039,-0.02429223246872425,0.014582974836230278,0.75,0.75,0.010110991075634956,-0.07034808397293091
2026-08-16_10-25-48,/home/as22cq/Projects/Policy-RL-Peg_insertion/force_peg_rl/logs/rl_games/Forge/2026-08-16_10-25-48/nn/Forge.pth,2,nominal,1001,False,timeout,149,42.06968307495117,0.08897176384925842,7.104397773742676,2.3329036235809326,0.0,0.02745547704398632,0.4489845633506775,0.02033928595483303,0.75,0.75,0.022193633019924164,-0.4973938465118408
2026-08-16_10-25-48,/home/as22cq/Projects/Policy-RL-Peg_insertion/force_peg_rl/logs/rl_games/Forge/2026-08-16_10-25-48/nn/Forge.pth,2,nominal,1001,False,timeout,149,36.19258499145508,0.0144125297665596,12.270209312438965,0.9827679991722107,0.008333333767950535,0.026309659704566002,0.6349870562553406,0.019945984706282616,0.75,0.75,0.01767636276781559,-0.5415600538253784
2026-08-16_10-25-48,/home/as22cq/Projects/Policy-RL-Peg_insertion/force_peg_rl/logs/rl_games/Forge/2026-08-16_10-25-48/nn/Forge.pth,2,nominal,1001,False,timeout,149,47.227195739746094,0.004349991679191589,5.7034759521484375,1.4904367923736572,0.07500000298023224,0.016947994008660316,1.4334204196929932,0.02142946794629097,0.75,0.75,0.00800418108701706,-0.14980211853981018
2026-08-16_10-25-48,/home/as22cq/Projects/Policy-RL-Peg_insertion/force_peg_rl/logs/rl_games/Forge/2026-08-16_10-25-48/nn/Forge.pth,2,nominal,1001,False,timeout,149,71.26984405517578,0.0010090917348861694,6.175780296325684,2.245666265487671,0.0,0.018530823290348053,0.26938319206237793,0.023519529029726982,0.75,0.75,0.01866862364113331,0.7537457346916199
2026-08-16_10-25-48,/home/as22cq/Projects/Policy-RL-Peg_insertion/force_peg_rl/logs/rl_games/Forge/2026-08-16_10-25-48/nn/Forge.pth,2,nominal,1001,False,timeout,149,73.21832275390625,0.005164904519915581,7.0754828453063965,4.027323246002197,0.0,0.01671745441854,0.32441455125808716,0.022065134719014168,0.75,0.75,0.002766946330666542,0.6146127581596375
2026-08-16_10-25-48,/home/as22cq/Projects/Policy-RL-Peg_insertion/force_peg_rl/logs/rl_games/Forge/2026-08-16_10-25-48/nn/Forge.pth,2,nominal,1001,False,timeout,149,43.24226379394531,0.016409166157245636,6.680580139160156,0.7452392578125,0.008333333767950535,0.03120424784719944,1.448298454284668,0.016289368271827698,0.75,0.75,0.011815238744020462,0.593267023563385
2026-08-16_10-25-48,/home/as22cq/Projects/Policy-RL-Peg_insertion/force_peg_rl/logs/rl_games/Forge/2026-08-16_10-25-48/nn/Forge.pth,2,nominal,1001,False,timeout,149,76.88336181640625,0.0001466125249862671,9.170160293579102,2.257200241088867,0.008333333767950535,0.017064891755580902,0.12489502876996994,0.02117471769452095,0.75,0.75,0.021404411643743515,-0.29661664366722107
2026-08-16_10-25-48,/home/as22cq/Projects/Policy-RL-Peg_insertion/force_peg_rl/logs/rl_games/Forge/2026-08-16_10-25-48/nn/Forge.pth,2,nominal,1001,False,timeout,149,33.75382995605469,0.03876099735498428,12.728540420532227,0.780205249786377,0.008333333767950535,0.009618730284273624,0.4923721253871918,0.020500419661402702,0.75,0.75,0.007271798327565193,0.1795370876789093
2026-08-16_10-25-48,/home/as22cq/Projects/Policy-RL-Peg_insertion/force_peg_rl/logs/rl_games/Forge/2026-08-16_10-25-48/nn/Forge.pth,2,nominal,1001,False,timeout,149,45.82920837402344,0.006770459935069084,8.029252052307129,1.0074560642242432,0.008333333767950535,0.024447834119200706,1.2587400674819946,0.014920365996658802,0.75,0.75,0.0033706058748066425,0.05625622719526291
2026-08-16_10-25-48,/home/as22cq/Projects/Policy-RL-Peg_insertion/force_peg_rl/logs/rl_games/Forge/2026-08-16_10-25-48/nn/Forge.pth,2,nominal,1001,False,timeout,149,40.73905563354492,0.07903803139925003,8.778850555419922,1.6500685214996338,0.0416666679084301,0.0069020953960716724,0.3713740110397339,0.023447120562195778,0.75,0.75,0.008436107076704502,-0.5396464467048645
2026-08-16_10-25-48,/home/as22cq/Projects/Policy-RL-Peg_insertion/force_peg_rl/logs/rl_games/Forge/2026-08-16_10-25-48/nn/Forge.pth,2,nominal,1001,False,timeout,149,48.37919998168945,-0.0002739652991294861,5.132523059844971,1.8514924049377441,0.0,0.02503032423555851,1.2673289775848389,0.021928714588284492,0.75,0.75,0.020921682938933372,-0.24840134382247925
2026-08-16_10-25-48,/home/as22cq/Projects/Policy-RL-Peg_insertion/force_peg_rl/logs/rl_games/Forge/2026-08-16_10-25-48/nn/Forge.pth,2,nominal,1001,False,timeout,149,38.35300064086914,0.02478395774960518,6.3317461013793945,1.4789183139801025,0.0,0.02927277237176895,0.7549666166305542,0.021051546558737755,0.75,0.75,0.021711206063628197,-0.6493220925331116
2026-08-16_10-25-48,/home/as22cq/Projects/Policy-RL-Peg_insertion/force_peg_rl/logs/rl_games/Forge/2026-08-16_10-25-48/nn/Forge.pth,2,nominal,1001,False,timeout,149,39.83897399902344,0.00813300535082817,4.469528675079346,0.6164734959602356,0.0,0.02404233068227768,0.9903930425643921,0.023087522014975548,0.75,0.75,0.015144135802984238,-0.5551906824111938
2026-08-16_10-25-48,/home/as22cq/Projects/Policy-RL-Peg_insertion/force_peg_rl/logs/rl_games/Forge/2026-08-16_10-25-48/nn/Forge.pth,2,nominal,1001,False,timeout,149,39.53348922729492,0.0022784732282161713,10.250626564025879,2.7462644577026367,0.0416666679084301,0.017876921221613884,1.4153683185577393,0.01856512390077114,0.75,0.75,0.0171226654201746,0.29567739367485046
2026-08-16_10-25-48,/home/as22cq/Projects/Policy-RL-Peg_insertion/force_peg_rl/logs/rl_games/Forge/2026-08-16_10-25-48/nn/Forge.pth,2,nominal,1001,False,timeout,149,68.37944030761719,0.005263008177280426,5.784921646118164,1.7560762166976929,0.0,0.039951685816049576,1.2881556749343872,0.023324768990278244,0.75,0.75,0.020652227103710175,0.4007342457771301
2026-08-16_10-25-48,/home/as22cq/Projects/Policy-RL-Peg_insertion/force_peg_rl/logs/rl_games/Forge/2026-08-16_10-25-48/nn/Forge.pth,2,nominal,1001,False,timeout,149,70.7903823852539,0.00015186145901679993,6.607511043548584,2.8881423473358154,0.0,0.017551757395267487,-0.055685389786958694,0.016495054587721825,0.75,0.75,0.018144112080335617,-0.46352580189704895
2026-08-16_10-25-48,/home/as22cq/Projects/Policy-RL-Peg_insertion/force_peg_rl/logs/rl_games/Forge/2026-08-16_10-25-48/nn/Forge.pth,2,nominal,1001,False,timeout,149,32.083377838134766,0.13113239407539368,7.835592269897461,0.6103259325027466,0.0,0.0837797299027443,0.07323534786701202,0.019658973440527916,0.75,0.75,0.019881224259734154,-0.43698203563690186
2026-08-16_10-25-48,/home/as22cq/Projects/Policy-RL-Peg_insertion/force_peg_rl/logs/rl_games/Forge/2026-08-16_10-25-48/nn/Forge.pth,2,nominal,1001,False,timeout,149,73.07999420166016,0.005803421139717102,8.833072662353516,3.761357545852661,0.0,0.016583548858761787,0.2086496204137802,0.023034047335386276,0.75,0.75,0.021829308941960335,0.07910413295030594
2026-08-16_10-25-48,/home/as22cq/Projects/Policy-RL-Peg_insertion/force_peg_rl/logs/rl_games/Forge/2026-08-16_10-25-48/nn/Forge.pth,2,nominal,1001,False,timeout,149,70.28035736083984,0.009810707531869411,6.644399642944336,1.8506033420562744,0.0,0.01628822274506092,0.3493608832359314,0.018841315060853958,0.75,0.75,0.01778019405901432,0.35664674639701843
2026-08-16_10-25-48,/home/as22cq/Projects/Policy-RL-Peg_insertion/force_peg_rl/logs/rl_games/Forge/2026-08-16_10-25-48/nn/Forge.pth,2,nominal,1001,False,timeout,149,33.76738739013672,0.1597028374671936,10.811760902404785,1.7077443599700928,0.008333333767950535,0.08122529089450836,0.012819007970392704,0.019187122583389282,0.75,0.75,0.007226718124002218,-0.4442608654499054
2026-08-16_10-25-48,/home/as22cq/Projects/Policy-RL-Peg_insertion/force_peg_rl/logs/rl_games/Forge/2026-08-16_10-25-48/nn/Forge.pth,2,nominal,1001,False,timeout,149,52.060829162597656,0.037805378437042236,8.248047828674316,3.5396459102630615,0.09166666865348816,0.029233427718281746,0.5949701070785522,0.020070508122444153,0.75,0.75,0.011614397168159485,-0.3421226143836975
2026-08-16_10-25-48,/home/as22cq/Projects/Policy-RL-Peg_insertion/force_peg_rl/logs/rl_games/Forge/2026-08-16_10-25-48/nn/Forge.pth,2,nominal,1001,False,timeout,149,75.69925689697266,0.0036312639713287354,7.8829803466796875,3.83744215965271,0.0,0.017168626189231873,0.015528314746916294,0.019575979560613632,0.75,0.75,0.01174683403223753,-0.6820406317710876
2026-08-16_10-25-48,/home/as22cq/Projects/Policy-RL-Peg_insertion/force_peg_rl/logs/rl_games/Forge/2026-08-16_10-25-48/nn/Forge.pth,2,nominal,1001,False,timeout,149,75.27877044677734,0.00103098526597023,8.594504356384277,4.1459641456604,0.23333334922790527,0.01705458201467991,0.020627260208129883,0.017884882166981697,0.75,0.75,0.021071406081318855,-0.5599067211151123
2026-08-16_10-25-48,/home/as22cq/Projects/Policy-RL-Peg_insertion/force_peg_rl/logs/rl_games/Forge/2026-08-16_10-25-48/nn/Forge.pth,2,nominal,1001,False,timeout,149,39.86375045776367,0.004185561090707779,13.206502914428711,1.0296467542648315,0.008333333767950535,0.02190004289150238,1.3616472482681274,0.01758422702550888,0.75,0.75,0.019610924646258354,-0.2691989243030548
2026-08-16_10-25-48,/home/as22cq/Projects/Policy-RL-Peg_insertion/force_peg_rl/logs/rl_games/Forge/2026-08-16_10-25-48/nn/Forge.pth,2,nominal,1001,False,timeout,149,23.196022033691406,0.2633401155471802,8.677974700927734,1.2787197828292847,0.05833333730697632,0.11681176722049713,-0.14992301166057587,0.017869669944047928,0.75,0.75,0.012875811196863651,-0.618934690952301
2026-08-16_10-25-48,/home/as22cq/Projects/Policy-RL-Peg_insertion/force_peg_rl/logs/rl_games/Forge/2026-08-16_10-25-48/nn/Forge.pth,2,nominal,1001,False,timeout,149,39.781925201416016,0.025981441140174866,5.196150302886963,0.3727622330188751,0.0,0.051434475928545,1.1609729528427124,0.01962859369814396,0.75,0.75,0.011299483478069305,-0.2725750207901001
2026-08-16_10-25-48,/home/as22cq/Projects/Policy-RL-Peg_insertion/force_peg_rl/logs/rl_games/Forge/2026-08-16_10-25-48/nn/Forge.pth,2,nominal,1001,False,timeout,149,28.743478775024414,0.0874691754579544,6.514560699462891,1.683356761932373,0.1666666716337204,0.031108519062399864,0.6278977394104004,0.016826501116156578,0.75,0.75,0.018575113266706467,-0.09378418326377869
2026-08-16_10-25-48,/home/as22cq/Projects/Policy-RL-Peg_insertion/force_peg_rl/logs/rl_games/Forge/2026-08-16_10-25-48/nn/Forge.pth,2,nominal,1001,False,timeout,149,39.08430480957031,0.04823578894138336,6.277008533477783,2.3962819576263428,0.0,0.015767952427268028,0.45837435126304626,0.020204121246933937,0.75,0.75,0.01512822974473238,-0.7818158864974976
2026-08-16_10-25-48,/home/as22cq/Projects/Policy-RL-Peg_insertion/force_peg_rl/logs/rl_games/Forge/2026-08-16_10-25-48/nn/Forge.pth,2,nominal,1001,False,timeout,149,33.64479064941406,0.05408506840467453,3.53273606300354,0.27119457721710205,0.0,0.03393959626555443,0.3859758973121643,0.019322259351611137,0.75,0.75,0.005391777493059635,-0.45521241426467896
2026-08-16_10-25-48,/home/as22cq/Projects/Policy-RL-Peg_insertion/force_peg_rl/logs/rl_games/Forge/2026-08-16_10-25-48/nn/Forge.pth,2,nominal,1001,False,timeout,149,39.2223014831543,0.026760436594486237,8.3760986328125,1.289007306098938,0.0,0.02285650186240673,0.4280517101287842,0.015515419654548168,0.75,0.75,0.008893955498933792,-0.3283514976501465
2026-08-16_10-25-48,/home/as22cq/Projects/Policy-RL-Peg_insertion/force_peg_rl/logs/rl_games/Forge/2026-08-16_10-25-48/nn/Forge.pth,2,nominal,1001,False,timeout,149,69.24332427978516,0.006172705441713333,8.458487510681152,3.872169017791748,0.13333334028720856,0.017226973548531532,0.316993772983551,0.016003001481294632,0.75,0.75,0.018350675702095032,0.7685384750366211
2026-08-16_10-25-48,/home/as22cq/Projects/Policy-RL-Peg_insertion/force_peg_rl/logs/rl_games/Forge/2026-08-16_10-25-48/nn/Forge.pth,2,nominal,1001,False,timeout,149,36.57472229003906,0.06102018058300018,2.27583384513855,0.13518200814723969,0.0,0.05471038445830345,0.3128166198730469,0.023824989795684814,0.75,0.75,0.020526640117168427,-0.7491322755813599
2026-08-16_10-25-48,/home/as22cq/Projects/Policy-RL-Peg_insertion/force_peg_rl/logs/rl_games/Forge/2026-08-16_10-25-48/nn/Forge.pth,2,nominal,1001,False,timeout,149,72.9546890258789,0.0007912162691354752,3.5815353393554688,1.5790739059448242,0.0,0.017326228320598602,0.0321648009121418,0.021529115736484528,0.75,0.75,0.021493110805749893,-0.12146566063165665
2026-08-16_10-25-48,/home/as22cq/Projects/Policy-RL-Peg_insertion/force_peg_rl/logs/rl_games/Forge/2026-08-16_10-25-48/nn/Forge.pth,2,nominal,1001,False,timeout,149,74.60184478759766,0.0006897673010826111,6.366778373718262,1.9298609495162964,0.0,0.01784852333366871,0.09238037467002869,0.017748845741152763,0.75,0.75,0.021931102499365807,0.38618290424346924
2026-08-16_10-25-48,/home/as22cq/Projects/Policy-RL-Peg_insertion/force_peg_rl/logs/rl_games/Forge/2026-08-16_10-25-48/nn/Forge.pth,2,nominal,1001,False,timeout,149,32.53455352783203,0.10238654911518097,14.063948631286621,0.7486754059791565,0.008333333767950535,0.0450240783393383,0.43907973170280457,0.019194230437278748,0.75,0.75,0.019683752208948135,-0.13773249089717865
2026-08-16_10-25-48,/home/as22cq/Projects/Policy-RL-Peg_insertion/force_peg_rl/logs/rl_games/Forge/2026-08-16_10-25-48/nn/Forge.pth,2,nominal,1001,False,timeout,149,30.163816452026367,0.05219237878918648,9.569694519042969,2.7507522106170654,0.23333334922790527,0.024413418024778366,0.30939942598342896,0.015837624669075012,0.75,0.75,0.023288791999220848,-0.5399261116981506
2026-08-16_10-25-48,/home/as22cq/Projects/Policy-RL-Peg_insertion/force_peg_rl/logs/rl_games/Forge/2026-08-16_10-25-48/nn/Forge.pth,2,nominal,1001,False,timeout,149,31.685955047607422,0.013593912124633789,11.514358520507812,1.2622982263565063,0.05833333730697632,0.017585376277565956,0.6118608117103577,0.021928710862994194,0.75,0.75,0.025848420336842537,-0.18032708764076233
2026-08-16_10-25-48,/home/as22cq/Projects/Policy-RL-Peg_insertion/force_peg_rl/logs/rl_games/Forge/2026-08-16_10-25-48/nn/Forge.pth,2,nominal,1001,False,timeout,149,50.11714172363281,0.0016258284449577332,9.123022079467773,2.425189733505249,0.02500000223517418,0.015622491016983986,1.416640281677246,0.01904228888452053,0.75,0.75,0.025460759177803993,0.33164212107658386
2026-08-16_10-25-48,/home/as22cq/Projects/Policy-RL-Peg_insertion/force_peg_rl/logs/rl_games/Forge/2026-08-16_10-25-48/nn/Forge.pth,2,nominal,1001,False,timeout,149,45.444889068603516,0.017299611121416092,5.51448392868042,1.506061315536499,0.0,0.017436854541301727,0.36887940764427185,0.01983124576508999,0.75,0.75,0.02251729741692543,-0.2691696584224701
2026-08-16_10-25-48,/home/as22cq/Projects/Policy-RL-Peg_insertion/force_peg_rl/logs/rl_games/Forge/2026-08-16_10-25-48/nn/Forge.pth,2,nominal,1001,False,timeout,149,38.12895584106445,0.01999153569340706,5.572442054748535,0.719734251499176,0.0,0.025927221402525902,1.0092251300811768,0.02237432450056076,0.75,0.75,0.02148120291531086,-0.39416682720184326
2026-08-16_10-25-48,/home/as22cq/Projects/Policy-RL-Peg_insertion/force_peg_rl/logs/rl_games/Forge/2026-08-16_10-25-48/nn/Forge.pth,2,nominal,1001,False,timeout,149,43.36491012573242,0.008028990589082241,16.28326416015625,2.2866718769073486,0.008333333767950535,0.028701910749077797,1.289697527885437,0.020307006314396858,0.75,0.75,0.025398768484592438,0.14865505695343018
2026-08-16_10-25-48,/home/as22cq/Projects/Policy-RL-Peg_insertion/force_peg_rl/logs/rl_games/Forge/2026-08-16_10-25-48/nn/Forge.pth,2,nominal,1001,False,timeout,149,49.903167724609375,0.014809788204729557,6.251927852630615,1.8023490905761719,0.0,0.026012372225522995,0.9904924631118774,0.018703695386648178,0.75,0.75,0.009076794609427452,-0.7004092335700989
2026-08-16_10-25-48,/home/as22cq/Projects/Policy-RL-Peg_insertion/force_peg_rl/logs/rl_games/Forge/2026-08-16_10-25-48/nn/Forge.pth,2,nominal,1001,False,timeout,149,39.045654296875,0.004417695105075836,8.0993070602417,0.9008516669273376,0.008333333767950535,0.035008955746889114,1.2228611707687378,0.02388438582420349,0.75,0.75,0.022991864010691643,-0.5532423257827759
2026-08-16_10-25-48,/home/as22cq/Projects/Policy-RL-Peg_insertion/force_peg_rl/logs/rl_games/Forge/2026-08-16_10-25-48/nn/Forge.pth,2,nominal,1001,False,timeout,149,36.77363586425781,0.017680034041404724,0.9869089722633362,0.13261686265468597,0.0,0.01763179711997509,0.5164093971252441,0.023065969347953796,0.75,0.75,0.018991924822330475,0.20743392407894135
2026-08-16_10-25-48,/home/as22cq/Projects/Policy-RL-Peg_insertion/force_peg_rl/logs/rl_games/Forge/2026-08-16_10-25-48/nn/Forge.pth,2,nominal,1001,False,timeout,149,37.99405288696289,0.01167837530374527,7.013296127319336,1.3954886198043823,0.09166666865348816,0.030418507754802704,1.3088709115982056,0.022870369255542755,0.75,0.75,0.017809879034757614,0.6315240263938904
2026-08-16_10-25-48,/home/as22cq/Projects/Policy-RL-Peg_insertion/force_peg_rl/logs/rl_games/Forge/2026-08-16_10-25-48/nn/Forge.pth,2,nominal,1001,False,timeout,149,47.99387741088867,0.00495927594602108,4.388698577880859,0.6373108625411987,0.0,0.023709455505013466,1.3107655048370361,0.022785302251577377,0.75,0.75,0.00510643282905221,0.09131362289190292
2026-08-16_10-25-48,/home/as22cq/Projects/Policy-RL-Peg_insertion/force_peg_rl/logs/rl_games/Forge/2026-08-16_10-25-48/nn/Forge.pth,2,nominal,1001,False,timeout,149,76.52146911621094,0.0005227476358413696,7.351485252380371,3.8847005367279053,0.0,0.01722368597984314,0.19318872690200806,0.023870799690485,0.75,0.75,0.015833258628845215,0.3663131892681122
2026-08-16_10-25-48,/home/as22cq/Projects/Policy-RL-Peg_insertion/force_peg_rl/logs/rl_games/Forge/2026-08-16_10-25-48/nn/Forge.pth,2,nominal,1001,False,timeout,149,38.108299255371094,0.05131268501281738,3.7016472816467285,0.24962837994098663,0.0,0.018235551193356514,0.6657529473304749,0.014620817266404629,0.75,0.75,0.010411480441689491,-0.14587116241455078
2026-08-16_10-25-48,/home/as22cq/Projects/Policy-RL-Peg_insertion/force_peg_rl/logs/rl_games/Forge/2026-08-16_10-25-48/nn/Forge.pth,2,nominal,1001,False,timeout,149,40.06199264526367,0.006979517638683319,3.7067835330963135,0.2724175453186035,0.0,0.02055647037923336,0.6847450733184814,0.02186746895313263,0.75,0.75,0.012933487072587013,-0.44119328260421753
2026-08-16_10-25-48,/home/as22cq/Projects/Policy-RL-Peg_insertion/force_peg_rl/logs/rl_games/Forge/2026-08-16_10-25-48/nn/Forge.pth,2,nominal,1001,False,timeout,149,39.008262634277344,0.010950088500976562,4.75142765045166,0.9383478164672852,0.0,0.02350323647260666,1.0360133647918701,0.016157617792487144,0.75,0.75,0.023202423006296158,-0.3652269244194031
2026-08-16_10-25-48,/home/as22cq/Projects/Policy-RL-Peg_insertion/force_peg_rl/logs/rl_games/Forge/2026-08-16_10-25-48/nn/Forge.pth,2,nominal,1001,False,timeout,149,29.608755111694336,0.09947733581066132,12.363391876220703,0.25808078050613403,0.008333333767950535,0.021836714819073677,0.5777192711830139,0.021059606224298477,0.75,0.75,0.01897650584578514,0.38433027267456055
2026-08-16_10-25-48,/home/as22cq/Projects/Policy-RL-Peg_insertion/force_peg_rl/logs/rl_games/Forge/2026-08-16_10-25-48/nn/Forge.pth,2,nominal,1001,False,timeout,149,35.76982879638672,-0.0030558928847312927,2.3923065662384033,0.20971816778182983,0.0,0.024065380915999413,1.2274882793426514,0.020258717238903046,0.75,0.75,0.008386467583477497,0.2316727638244629
2026-08-16_10-25-48,/home/as22cq/Projects/Policy-RL-Peg_insertion/force_peg_rl/logs/rl_games/Forge/2026-08-16_10-25-48/nn/Forge.pth,2,nominal,1001,False,timeout,149,79.76790618896484,0.0007764473557472229,6.66672420501709,2.922649621963501,0.0,0.01685936003923416,0.1091650053858757,0.018845554441213608,0.75,0.75,0.015989072620868683,0.055705513805150986
2026-08-16_10-25-48,/home/as22cq/Projects/Policy-RL-Peg_insertion/force_peg_rl/logs/rl_games/Forge/2026-08-16_10-25-48/nn/Forge.pth,2,nominal,1001,False,timeout,149,47.515987396240234,0.0018097348511219025,7.95050573348999,0.8780936598777771,0.008333333767950535,0.02564876340329647,1.396407127380371,0.018838200718164444,0.75,0.75,0.01841791719198227,-0.03332448750734329
2026-08-16_10-25-48,/home/as22cq/Projects/Policy-RL-Peg_insertion/force_peg_rl/logs/rl_games/Forge/2026-08-16_10-25-48/nn/Forge.pth,2,nominal,1001,False,timeout,149,36.99734878540039,0.0033677220344543457,11.458316802978516,0.8352656960487366,0.01666666753590107,0.021465787664055824,0.5968170762062073,0.017856061458587646,0.75,0.75,0.011731645092368126,0.13897450268268585
2026-08-16_10-25-48,/home/as22cq/Projects/Policy-RL-Peg_insertion/force_peg_rl/logs/rl_games/Forge/2026-08-16_10-25-48/nn/Forge.pth,2,nominal,1001,False,timeout,149,43.01483154296875,0.002763025462627411,7.682816028594971,1.4757744073867798,0.0,0.02290010079741478,1.3752292394638062,0.01571701653301716,0.75,0.75,0.01608235202729702,-0.16532404720783234
2026-08-16_10-25-48,/home/as22cq/Projects/Policy-RL-Peg_insertion/force_peg_rl/logs/rl_games/Forge/2026-08-16_10-25-48/nn/Forge.pth,2,nominal,1001,False,timeout,149,29.710519790649414,0.09108102321624756,13.67101001739502,0.6713860034942627,0.01666666753590107,0.06463818997144699,0.08160503208637238,0.01593594066798687,0.75,0.75,0.013790109194815159,-0.305357426404953
2026-08-16_10-25-48,/home/as22cq/Projects/Policy-RL-Peg_insertion/force_peg_rl/logs/rl_games/Forge/2026-08-16_10-25-48/nn/Forge.pth,2,nominal,1001,False,timeout,149,74.27896118164062,0.001997050829231739,7.799729347229004,3.7907183170318604,0.0,0.0167484600096941,-0.3175145983695984,0.020774684846401215,0.75,0.75,0.017013665288686752,0.23199039697647095
2026-08-16_10-25-48,/home/as22cq/Projects/Policy-RL-Peg_insertion/force_peg_rl/logs/rl_games/Forge/2026-08-16_10-25-48/nn/Forge.pth,2,nominal,1001,False,timeout,149,77.78398895263672,0.0003901775926351547,6.671454429626465,2.981487274169922,0.0,0.01685147173702717,0.23205046355724335,0.01568693108856678,0.75,0.75,0.010746468789875507,0.1386077105998993
2026-08-16_10-25-48,/home/as22cq/Projects/Policy-RL-Peg_insertion/force_peg_rl/logs/rl_games/Forge/2026-08-16_10-25-48/nn/Forge.pth,2,nominal,1001,False,timeout,149,78.28470611572266,0.0025642812252044678,4.32077169418335,2.1410603523254395,0.0,0.0174750667065382,0.2743115723133087,0.018006887286901474,0.75,0.75,0.006974481511861086,0.6974660754203796
2026-08-16_10-25-48,/home/as22cq/Projects/Policy-RL-Peg_insertion/force_peg_rl/logs/rl_games/Forge/2026-08-16_10-25-48/nn/Forge.pth,2,nominal,1001,False,timeout,149,68.20153045654297,0.00047874078154563904,9.582765579223633,5.334981918334961,0.550000011920929,0.017226995900273323,0.12480922788381577,0.018772847950458527,0.75,0.75,0.013196922838687897,-0.19503475725650787
2026-08-16_10-25-48,/home/as22cq/Projects/Policy-RL-Peg_insertion/force_peg_rl/logs/rl_games/Forge/2026-08-16_10-25-48/nn/Forge.pth,2,nominal,1001,False,timeout,149,76.69385528564453,0.00021348893642425537,6.561468601226807,2.79445743560791,0.0,0.016901930794119835,0.17667758464813232,0.017154736444354057,0.75,0.75,0.02121230587363243,0.5288159251213074
2026-08-16_10-25-48,/home/as22cq/Projects/Policy-RL-Peg_insertion/force_peg_rl/logs/rl_games/Forge/2026-08-16_10-25-48/nn/Forge.pth,2,nominal,1001,False,timeout,149,74.21931457519531,0.0006519705057144165,5.774332523345947,1.588236689567566,0.0,0.01725696213543415,0.11397435516119003,0.017057888209819794,0.75,0.75,0.01905035600066185,0.2469227910041809
2026-08-16_10-25-48,/home/as22cq/Projects/Policy-RL-Peg_insertion/force_peg_rl/logs/rl_games/Forge/2026-08-16_10-25-48/nn/Forge.pth,2,nominal,1001,False,timeout,149,74.08788299560547,0.0001243632286787033,6.927287578582764,3.173288106918335,0.0,0.017342910170555115,0.19939830899238586,0.02164911851286888,0.75,0.75,0.01484785694628954,0.4333549439907074
2026-08-16_10-25-48,/home/as22cq/Projects/Policy-RL-Peg_insertion/force_peg_rl/logs/rl_games/Forge/2026-08-16_10-25-48/nn/Forge.pth,2,nominal,1001,False,timeout,149,36.991729736328125,0.00854003056883812,2.9345595836639404,0.5464323163032532,0.0,0.016542965546250343,1.2306331396102905,0.019485317170619965,0.75,0.75,0.015334457159042358,0.15942102670669556
2026-08-16_10-25-48,/home/as22cq/Projects/Policy-RL-Peg_insertion/force_peg_rl/logs/rl_games/Forge/2026-08-16_10-25-48/nn/Forge.pth,2,nominal,1001,False,timeout,149,35.83622741699219,0.07455174624919891,11.704423904418945,2.903480291366577,0.0416666679084301,0.013286600820720196,0.6889543533325195,0.01732698082923889,0.75,0.75,0.005018469877541065,0.7659934163093567
2026-08-16_10-25-48,/home/as22cq/Projects/Policy-RL-Peg_insertion/force_peg_rl/logs/rl_games/Forge/2026-08-16_10-25-48/nn/Forge.pth,2,nominal,1001,False,timeout,149,38.235294342041016,0.032531678676605225,4.854197025299072,0.5960575342178345,0.0,0.026137130334973335,0.6987118721008301,0.017195260152220726,0.75,0.75,0.009747069329023361,-0.3258456885814667
2026-08-16_10-25-48,/home/as22cq/Projects/Policy-RL-Peg_insertion/force_peg_rl/logs/rl_games/Forge/2026-08-16_10-25-48/nn/Forge.pth,2,nominal,1001,False,timeout,149,76.62443542480469,0.001078493893146515,5.687411308288574,3.0871763229370117,0.0,0.017015188932418823,0.09376642853021622,0.019713807851076126,0.75,0.75,0.002150452695786953,0.25809046626091003
2026-08-16_10-25-48,/home/as22cq/Projects/Policy-RL-Peg_insertion/force_peg_rl/logs/rl_games/Forge/2026-08-16_10-25-48/nn/Forge.pth,2,nominal,1001,False,timeout,149,46.83277893066406,0.007055390626192093,8.206971168518066,1.613326072692871,0.02500000223517418,0.021592486649751663,1.1287250518798828,0.016470789909362793,0.75,0.75,0.02108541689813137,0.6555227041244507
2026-08-16_10-25-48,/home/as22cq/Projects/Policy-RL-Peg_insertion/force_peg_rl/logs/rl_games/Forge/2026-08-16_10-25-48/nn/Forge.pth,2,nominal,1001,False,timeout,149,27.990177154541016,0.18121623992919922,3.798210859298706,0.25725728273391724,0.0,0.09371550381183624,0.0002954443043563515,0.02107066474854946,0.75,0.75,0.021301236003637314,-0.6772103905677795
2026-08-16_10-25-48,/home/as22cq/Projects/Policy-RL-Peg_insertion/force_peg_rl/logs/rl_games/Forge/2026-08-16_10-25-48/nn/Forge.pth,2,nominal,1001,False,timeout,149,31.5978946685791,0.10206742584705353,5.685153961181641,0.9639931321144104,0.0,0.07377351075410843,-0.02368640899658203,0.019642818719148636,0.75,0.75,0.02282714657485485,-0.6422103643417358
2026-08-16_10-25-48,/home/as22cq/Projects/Policy-RL-Peg_insertion/force_peg_rl/logs/rl_games/Forge/2026-08-16_10-25-48/nn/Forge.pth,2,nominal,1001,False,timeout,149,38.5871467590332,0.06901071965694427,5.896592617034912,1.115867257118225,0.0,0.010860919952392578,0.3671436607837677,0.016166212037205696,0.75,0.75,0.014402458444237709,0.1898675113916397
2026-08-16_10-25-48,/home/as22cq/Projects/Policy-RL-Peg_insertion/force_peg_rl/logs/rl_games/Forge/2026-08-16_10-25-48/nn/Forge.pth,2,nominal,1001,False,timeout,149,47.42171859741211,0.012592021375894547,6.6645073890686035,1.0160892009735107,0.0,0.02451689913868904,0.7524831295013428,0.02291574329137802,0.75,0.75,0.016527259722352028,-0.6966042518615723
2026-08-16_10-25-48,/home/as22cq/Projects/Policy-RL-Peg_insertion/force_peg_rl/logs/rl_games/Forge/2026-08-16_10-25-48/nn/Forge.pth,2,nominal,1001,False,timeout,149,26.820083618164062,0.1232471913099289,1.6946924924850464,0.06888936460018158,0.0,0.07049775123596191,-1.5777982473373413,0.015569858253002167,0.75,0.75,0.022438734769821167,-0.7281140089035034
2026-08-16_10-25-48,/home/as22cq/Projects/Policy-RL-Peg_insertion/force_peg_rl/logs/rl_games/Forge/2026-08-16_10-25-48/nn/Forge.pth,2,nominal,1001,False,timeout,149,32.73488235473633,0.1120816096663475,9.408788681030273,0.3156868517398834,0.02500000223517418,0.060185499489307404,0.17891532182693481,0.016166362911462784,0.75,0.75,0.019842974841594696,0.295145720243454
2026-08-16_10-25-48,/home/as22cq/Projects/Policy-RL-Peg_insertion/force_peg_rl/logs/rl_games/Forge/2026-08-16_10-25-48/nn/Forge.pth,2,nominal,1001,False,timeout,149,37.12166976928711,0.08096201717853546,7.592068195343018,0.8089489340782166,0.008333333767950535,0.036940980702638626,0.4985494315624237,0.023370862007141113,0.75,0.75,0.002932425821200013,-0.711712121963501
2026-08-16_10-25-48,/home/as22cq/Projects/Policy-RL-Peg_insertion/force_peg_rl/logs/rl_games/Forge/2026-08-16_10-25-48/nn/Forge.pth,2,nominal,1001,False,timeout,149,73.88864135742188,0.0031899064779281616,6.521289348602295,1.8886247873306274,0.0,0.01572572812438011,0.5386451482772827,0.015642669051885605,0.75,0.75,0.02164832130074501,-0.22570373117923737
2026-08-16_10-25-48,/home/as22cq/Projects/Policy-RL-Peg_insertion/force_peg_rl/logs/rl_games/Forge/2026-08-16_10-25-48/nn/Forge.pth,2,nominal,1001,False,timeout,149,39.69121551513672,-0.009443946182727814,8.146379470825195,2.401918649673462,0.25,0.033116597682237625,1.1801018714904785,0.018210183829069138,0.75,0.75,0.015350107103586197,0.31937673687934875
2026-08-16_10-25-48,/home/as22cq/Projects/Policy-RL-Peg_insertion/force_peg_rl/logs/rl_games/Forge/2026-08-16_10-25-48/nn/Forge.pth,2,nominal,1001,False,timeout,149,34.697322845458984,0.05171816051006317,9.447583198547363,1.9461575746536255,0.0,0.03137557581067085,0.22743850946426392,0.016150567680597305,0.75,0.75,0.019974714145064354,0.13439245522022247
2026-08-16_10-25-48,/home/as22cq/Projects/Policy-RL-Peg_insertion/force_peg_rl/logs/rl_games/Forge/2026-08-16_10-25-48/nn/Forge.pth,2,nominal,1001,False,timeout,149,38.17262649536133,0.02547026053071022,5.155726909637451,0.5274267792701721,0.0,0.026802290230989456,0.5433350801467896,0.021775322034955025,0.75,0.75,0.009201427921652794,0.4407072365283966
2026-08-16_10-25-48,/home/as22cq/Projects/Policy-RL-Peg_insertion/force_peg_rl/logs/rl_games/Forge/2026-08-16_10-25-48/nn/Forge.pth,2,nominal,1001,False,timeout,149,25.855772018432617,0.09201036393642426,0.31085824966430664,0.06034275144338608,0.0,0.05492337793111801,-1.160986065864563,0.02289941906929016,0.75,0.75,0.01390113029628992,-0.7715246081352234
2026-08-16_10-25-48,/home/as22cq/Projects/Policy-RL-Peg_insertion/force_peg_rl/logs/rl_games/Forge/2026-08-16_10-25-48/nn/Forge.pth,2,nominal,1001,False,timeout,149,58.76487350463867,0.006210237741470337,5.087318420410156,1.256506323814392,0.0,0.02604277804493904,1.2967437505722046,0.019238904118537903,0.75,0.75,0.01882363297045231,0.18654686212539673
2026-08-16_10-25-48,/home/as22cq/Projects/Policy-RL-Peg_insertion/force_peg_rl/logs/rl_games/Forge/2026-08-16_10-25-48/nn/Forge.pth,2,nominal,1001,False,timeout,149,40.504859924316406,0.013965067453682423,7.619778633117676,0.5476149320602417,0.0,0.023951271548867226,1.4456450939178467,0.018931817263364792,0.75,0.75,0.01968681439757347,-0.23151953518390656
2026-08-16_10-25-48,/home/as22cq/Projects/Policy-RL-Peg_insertion/force_peg_rl/logs/rl_games/Forge/2026-08-16_10-25-48/nn/Forge.pth,2,nominal,1001,False,timeout,149,14.03942584991455,0.13835731148719788,16.299266815185547,1.5962375402450562,0.0833333358168602,0.032016973942518234,-0.6309475302696228,0.02240586280822754,0.75,0.75,0.012530215084552765,0.13043104112148285
2026-08-16_10-25-48,/home/as22cq/Projects/Policy-RL-Peg_insertion/force_peg_rl/logs/rl_games/Forge/2026-08-16_10-25-48/nn/Forge.pth,2,nominal,1001,False,timeout,149,36.837120056152344,0.003987014293670654,4.897260665893555,0.13979627192020416,0.0,0.022814268246293068,0.9569025039672852,0.02098115161061287,0.75,0.75,0.01623188517987728,-0.19918975234031677
2026-08-16_10-25-48,/home/as22cq/Projects/Policy-RL-Peg_insertion/force_peg_rl/logs/rl_games/Forge/2026-08-16_10-25-48/nn/Forge.pth,2,nominal,1001,False,timeout,149,36.736080169677734,0.006224282085895538,12.033881187438965,0.4075525999069214,0.02500000223517418,0.02661046013236046,0.7276455163955688,0.022938724607229233,0.75,0.75,0.009694133885204792,-0.0808091089129448
2026-08-16_10-25-48,/home/as22cq/Projects/Policy-RL-Peg_insertion/force_peg_rl/logs/rl_games/Forge/2026-08-16_10-25-48/nn/Forge.pth,2,nominal,1001,False,timeout,149,37.987327575683594,0.02741493284702301,4.119190216064453,0.7019443511962891,0.0,0.014763052575290203,0.5771950483322144,0.016873560845851898,0.75,0.75,0.015161111019551754,-0.5265071392059326
2026-08-16_10-25-48,/home/as22cq/Projects/Policy-RL-Peg_insertion/force_peg_rl/logs/rl_games/Forge/2026-08-16_10-25-48/nn/Forge.pth,2,nominal,1001,False,timeout,149,72.24378967285156,0.006168520078063011,8.385623931884766,3.7302086353302,0.02500000223517418,0.01799296773970127,0.33701303601264954,0.0156350526958704,0.75,0.75,0.01933639869093895,0.31334957480430603
2026-08-16_10-25-48,/home/as22cq/Projects/Policy-RL-Peg_insertion/force_peg_rl/logs/rl_games/Forge/2026-08-16_10-25-48/nn/Forge.pth,2,nominal,1001,False,timeout,149,39.05162811279297,0.007846947759389877,3.8848302364349365,0.575568675994873,0.0,0.019638951867818832,0.8372524976730347,0.020158756524324417,0.75,0.75,0.013035551644861698,0.5365958213806152
2026-08-16_10-25-48,/home/as22cq/Projects/Policy-RL-Peg_insertion/force_peg_rl/logs/rl_games/Forge/2026-08-16_10-25-48/nn/Forge.pth,2,nominal,1001,False,timeout,149,33.52896499633789,0.04334443807601929,6.601526737213135,1.0177603960037231,0.0,0.034632354974746704,0.2545824348926544,0.019965898245573044,0.75,0.75,0.00671359384432435,-0.4505034387111664
2026-08-16_10-25-48,/home/as22cq/Projects/Policy-RL-Peg_insertion/force_peg_rl/logs/rl_games/Forge/2026-08-16_10-25-48/nn/Forge.pth,2,nominal,1001,False,timeout,149,8.44206714630127,0.002836786210536957,25.395505905151367,4.586429119110107,0.2916666865348816,0.016807377338409424,1.2624938488006592,0.02355351112782955,0.75,0.75,0.027021802961826324,0.15036511421203613
2026-08-16_10-25-48,/home/as22cq/Projects/Policy-RL-Peg_insertion/force_peg_rl/logs/rl_games/Forge/2026-08-16_10-25-48/nn/Forge.pth,2,nominal,1001,False,timeout,149,42.26925277709961,0.007300198078155518,6.408332824707031,0.7389494776725769,0.0,0.01872655749320984,1.422592282295227,0.0174166988581419,0.75,0.75,0.015642458572983742,-0.5607950687408447
2026-08-16_10-25-48,/home/as22cq/Projects/Policy-RL-Peg_insertion/force_peg_rl/logs/rl_games/Forge/2026-08-16_10-25-48/nn/Forge.pth,2,nominal,1001,False,timeout,149,45.24228286743164,0.0046507567167282104,10.274103164672852,2.7777585983276367,0.03333333507180214,0.016649093478918076,1.3315587043762207,0.01682325080037117,0.75,0.75,0.013652815483510494,0.028686435893177986
2026-08-16_10-25-48,/home/as22cq/Projects/Policy-RL-Peg_insertion/force_peg_rl/logs/rl_games/Forge/2026-08-16_10-25-48/nn/Forge.pth,2,nominal,1001,False,timeout,149,35.245452880859375,0.008042614907026291,7.199320316314697,1.964631199836731,0.0,0.015197638422250748,0.47445619106292725,0.01520598866045475,0.75,0.75,0.012353871949017048,0.11279333382844925
2026-08-16_10-25-48,/home/as22cq/Projects/Policy-RL-Peg_insertion/force_peg_rl/logs/rl_games/Forge/2026-08-16_10-25-48/nn/Forge.pth,2,nominal,1001,False,timeout,149,66.64888763427734,0.003331530839204788,7.050333023071289,1.354798436164856,0.0,0.039926011115312576,1.1683493852615356,0.022262301295995712,0.75,0.75,0.012130232527852058,0.15834899246692657
2026-08-16_10-25-48,/home/as22cq/Projects/Policy-RL-Peg_insertion/force_peg_rl/logs/rl_games/Forge/2026-08-16_10-25-48/nn/Forge.pth,2,nominal,1001,False,timeout,149,24.587196350097656,0.2263658195734024,8.153707504272461,0.8830177187919617,0.05833333730697632,0.050592388957738876,-0.5171019434928894,0.014059549197554588,0.75,0.75,0.014119738712906837,-0.4990970492362976
2026-08-16_10-25-48,/home/as22cq/Projects/Policy-RL-Peg_insertion/force_peg_rl/logs/rl_games/Forge/2026-08-16_10-25-48/nn/Forge.pth,2,nominal,1001,False,timeout,149,36.93771743774414,0.07931531965732574,8.316018104553223,1.215527057647705,0.125,0.05923931673169136,0.13838064670562744,0.021552711725234985,0.75,0.75,0.020876480266451836,-0.5127936601638794
2026-08-16_10-25-48,/home/as22cq/Projects/Policy-RL-Peg_insertion/force_peg_rl/logs/rl_games/Forge/2026-08-16_10-25-48/nn/Forge.pth,2,nominal,1001,False,timeout,149,32.85520935058594,0.04643445089459419,10.845255851745605,0.31028157472610474,0.008333333767950535,0.009282544255256653,0.5318788886070251,0.020665738731622696,0.75,0.75,0.016821373254060745,0.06334131956100464
2026-08-16_10-25-48,/home/as22cq/Projects/Policy-RL-Peg_insertion/force_peg_rl/logs/rl_games/Forge/2026-08-16_10-25-48/nn/Forge.pth,2,nominal,1001,False,timeout,149,33.698387145996094,0.007499469444155693,4.346996784210205,1.0347025394439697,0.0,0.022761549800634384,1.234124779701233,0.021153850480914116,0.75,0.75,0.00891163945198059,0.2165878862142563
2026-08-16_10-25-48,/home/as22cq/Projects/Policy-RL-Peg_insertion/force_peg_rl/logs/rl_games/Forge/2026-08-16_10-25-48/nn/Forge.pth,2,nominal,1001,False,timeout,149,32.473602294921875,0.06814271956682205,5.904232501983643,1.417866826057434,0.0,0.027836717665195465,0.7689908146858215,0.021385658532381058,0.75,0.75,0.008229159750044346,-0.28635331988334656
2026-08-16_10-25-48,/home/as22cq/Projects/Policy-RL-Peg_insertion/force_peg_rl/logs/rl_games/Forge/2026-08-16_10-25-48/nn/Forge.pth,2,nominal,1001,False,timeout,149,31.822681427001953,0.10189524292945862,5.2778544425964355,0.8613141179084778,0.0,0.05943845957517624,0.36334437131881714,0.016053400933742523,0.75,0.75,0.01621880568563938,0.11821167916059494
2026-08-16_10-25-48,/home/as22cq/Projects/Policy-RL-Peg_insertion/force_peg_rl/logs/rl_games/Forge/2026-08-16_10-25-48/nn/Forge.pth,2,nominal,1001,False,timeout,149,42.006046295166016,0.002399638295173645,3.914348840713501,0.3944040536880493,0.0,0.02456032671034336,1.1293079853057861,0.020496314391493797,0.75,0.75,0.0072102658450603485,-0.7670652866363525
2026-08-16_10-25-48,/home/as22cq/Projects/Policy-RL-Peg_insertion/force_peg_rl/logs/rl_games/Forge/2026-08-16_10-25-48/nn/Forge.pth,2,nominal,1001,False,timeout,149,42.371490478515625,0.0022044703364372253,4.843226432800293,1.151695728302002,0.0,0.027638284489512444,0.6400375962257385,0.020682819187641144,0.75,0.75,0.009847824461758137,-0.3959408104419708
2026-08-16_10-25-48,/home/as22cq/Projects/Policy-RL-Peg_insertion/force_peg_rl/logs/rl_games/Forge/2026-08-16_10-25-48/nn/Forge.pth,2,nominal,1001,False,timeout,149,40.99689865112305,0.029341276735067368,7.2753448486328125,2.163274049758911,0.0,0.029380498453974724,1.145379900932312,0.023266304284334183,0.75,0.75,0.023187637329101562,0.4895193874835968
2026-08-16_10-25-48,/home/as22cq/Projects/Policy-RL-Peg_insertion/force_peg_rl/logs/rl_games/Forge/2026-08-16_10-25-48/nn/Forge.pth,2,nominal,1001,False,timeout,149,67.18792724609375,0.005712762475013733,6.733592510223389,4.229470252990723,0.0,0.017196817323565483,0.2878197133541107,0.018296927213668823,0.75,0.75,0.0075696674175560474,0.4345397353172302
2026-08-16_10-25-48,/home/as22cq/Projects/Policy-RL-Peg_insertion/force_peg_rl/logs/rl_games/Forge/2026-08-16_10-25-48/nn/Forge.pth,2,nominal,1001,False,timeout,149,57.37913131713867,0.005429871380329132,8.86097240447998,6.628376007080078,0.5833333730697632,0.017133541405200958,0.13550704717636108,0.022931180894374847,0.75,0.75,0.0144522525370121,0.41410335898399353
2026-08-16_10-25-48,/home/as22cq/Projects/Policy-RL-Peg_insertion/force_peg_rl/logs/rl_games/Forge/2026-08-16_10-25-48/nn/Forge.pth,2,nominal,1001,False,timeout,149,39.763153076171875,0.011850178241729736,7.703666687011719,0.45006299018859863,0.01666666753590107,0.01601674035191536,0.537540078163147,0.018306290730834007,0.75,0.75,0.011412709951400757,0.376802921295166
2026-08-16_10-25-48,/home/as22cq/Projects/Policy-RL-Peg_insertion/force_peg_rl/logs/rl_games/Forge/2026-08-16_10-25-48/nn/Forge.pth,2,nominal,1001,False,timeout,149,28.11605453491211,0.030491087585687637,9.029379844665527,2.3990097045898438,0.21666668355464935,0.03696614131331444,1.0698882341384888,0.016289347782731056,0.75,0.75,0.020338712260127068,-0.6465989351272583
2026-08-16_10-25-48,/home/as22cq/Projects/Policy-RL-Peg_insertion/force_peg_rl/logs/rl_games/Forge/2026-08-16_10-25-48/nn/Forge.pth,2,nominal,1001,False,timeout,149,29.626203536987305,0.21226179599761963,11.182363510131836,1.4599813222885132,0.01666666753590107,0.07097349315881729,-0.1512957513332367,0.02268315851688385,0.75,0.75,0.0179225355386734,-0.476485013961792
2026-08-16_10-25-48,/home/as22cq/Projects/Policy-RL-Peg_insertion/force_peg_rl/logs/rl_games/Forge/2026-08-16_10-25-48/nn/Forge.pth,2,nominal,1001,False,timeout,149,34.435428619384766,0.0650879293680191,1.7554560899734497,0.19193647801876068,0.0,0.03125130757689476,0.4438972771167755,0.016915027052164078,0.75,0.75,0.02115846611559391,0.36377328634262085
2026-08-16_10-25-48,/home/as22cq/Projects/Policy-RL-Peg_insertion/force_peg_rl/logs/rl_games/Forge/2026-08-16_10-25-48/nn/Forge.pth,2,nominal,1001,False,timeout,149,77.37674713134766,0.0004548691213130951,6.125462055206299,3.6506035327911377,0.0,0.016734937205910683,-0.03013085201382637,0.018898047506809235,0.75,0.75,0.012265103869140148,-0.3618459701538086
2026-08-16_10-25-48,/home/as22cq/Projects/Policy-RL-Peg_insertion/force_peg_rl/logs/rl_games/Forge/2026-08-16_10-25-48/nn/Forge.pth,2,nominal,1001,False,timeout,149,35.71027755737305,0.0684288963675499,5.992119312286377,0.9106106162071228,0.0,0.036975666880607605,0.1335698664188385,0.017300201579928398,0.75,0.75,0.021430961787700653,-0.6492890119552612
2026-08-16_10-25-48,/home/as22cq/Projects/Policy-RL-Peg_insertion/force_peg_rl/logs/rl_games/Forge/2026-08-16_10-25-48/nn/Forge.pth,2,nominal,1001,False,timeout,149,44.631404876708984,0.004579545930027962,7.240800857543945,1.6476507186889648,0.06666667014360428,0.01834283024072647,1.2227623462677002,0.017231246456503868,0.75,0.75,0.013714263215661049,0.15870985388755798
2026-08-16_10-25-48,/home/as22cq/Projects/Policy-RL-Peg_insertion/force_peg_rl/logs/rl_games/Forge/2026-08-16_10-25-48/nn/Forge.pth,2,nominal,1001,False,timeout,149,30.606111526489258,0.12244623899459839,1.7201943397521973,0.1535140872001648,0.0,0.0882745012640953,0.1789361834526062,0.014061514288187027,0.75,0.75,0.008627437055110931,0.485250860452652
2026-08-16_10-25-48,/home/as22cq/Projects/Policy-RL-Peg_insertion/force_peg_rl/logs/rl_games/Forge/2026-08-16_10-25-48/nn/Forge.pth,2,nominal,1001,False,timeout,149,50.35689926147461,0.004825098440051079,19.665319442749023,0.8970596194267273,0.01666666753590107,0.02743256837129593,1.3060868978500366,0.018452759832143784,0.75,0.75,0.017599990591406822,0.7177645564079285
2026-08-16_10-25-48,/home/as22cq/Projects/Policy-RL-Peg_insertion/force_peg_rl/logs/rl_games/Forge/2026-08-16_10-25-48/nn/Forge.pth,2,nominal,1001,False,timeout,149,72.47785186767578,0.00041753053665161133,3.9209792613983154,1.2368346452713013,0.0,0.016394849866628647,0.23249663412570953,0.019890470430254936,0.75,0.75,0.018946925178170204,0.7266778945922852
2026-08-16_10-25-48,/home/as22cq/Projects/Policy-RL-Peg_insertion/force_peg_rl/logs/rl_games/Forge/2026-08-16_10-25-48/nn/Forge.pth,2,nominal,1001,False,timeout,149,73.615966796875,0.0012728720903396606,7.787769794464111,3.204704761505127,0.03333333507180214,0.018168210983276367,0.14111387729644775,0.018977031111717224,0.75,0.75,0.017995428293943405,-0.21558690071105957
2026-08-16_10-25-48,/home/as22cq/Projects/Policy-RL-Peg_insertion/force_peg_rl/logs/rl_games/Forge/2026-08-16_10-25-48/nn/Forge.pth,2,nominal,1001,False,timeout,149,39.40116500854492,-0.0029631908982992172,6.319665431976318,0.9513068199157715,0.008333333767950535,0.029055755585432053,1.3021804094314575,0.01557972189038992,0.75,0.75,0.012333977967500687,0.3208732604980469
2026-08-16_10-25-48,/home/as22cq/Projects/Policy-RL-Peg_insertion/force_peg_rl/logs/rl_games/Forge/2026-08-16_10-25-48/nn/Forge.pth,2,nominal,1001,False,timeout,149,31.9231014251709,0.054208770394325256,4.91099739074707,0.8269032835960388,0.0,0.02790909819304943,0.5204387903213501,0.017802242189645767,0.75,0.75,0.021507157012820244,-0.464180588722229
2026-08-16_10-25-48,/home/as22cq/Projects/Policy-RL-Peg_insertion/force_peg_rl/logs/rl_games/Forge/2026-08-16_10-25-48/nn/Forge.pth,2,nominal,1001,False,timeout,149,44.32002639770508,0.02608213946223259,3.5889790058135986,0.43710142374038696,0.0,0.022044165059924126,0.7406397461891174,0.017767682671546936,0.75,0.75,0.0027543501928448677,-0.31682145595550537
2026-08-16_10-25-48,/home/as22cq/Projects/Policy-RL-Peg_insertion/force_peg_rl/logs/rl_games/Forge/2026-08-16_10-25-48/nn/Forge.pth,2,nominal,1001,False,timeout,149,46.898292541503906,-0.006071280688047409,5.648454189300537,2.22479510307312,0.0,0.022856419906020164,1.1682368516921997,0.015009330585598946,0.75,0.75,0.012256965972483158,0.399362176656723
2026-08-16_10-25-48,/home/as22cq/Projects/Policy-RL-Peg_insertion/force_peg_rl/logs/rl_games/Forge/2026-08-16_10-25-48/nn/Forge.pth,2,nominal,1001,False,timeout,149,37.21406936645508,0.00019716471433639526,8.369556427001953,0.9529226422309875,0.01666666753590107,0.02685808576643467,1.3203415870666504,0.02253558859229088,0.75,0.75,0.018683847039937973,0.2690579295158386
2026-08-16_10-25-48,/home/as22cq/Projects/Policy-RL-Peg_insertion/force_peg_rl/logs/rl_games/Forge/2026-08-16_10-25-48/nn/Forge.pth,2,nominal,1001,False,timeout,149,48.122013092041016,0.002188693732023239,9.334595680236816,1.5587542057037354,0.0,0.016997382044792175,1.252586007118225,0.016178205609321594,0.75,0.75,0.01242130808532238,-0.5786872506141663
2026-08-16_10-25-48,/home/as22cq/Projects/Policy-RL-Peg_insertion/force_peg_rl/logs/rl_games/Forge/2026-08-16_10-25-48/nn/Forge.pth,2,nominal,1001,False,timeout,149,27.67412757873535,0.07908087968826294,9.306437492370605,2.537781238555908,0.2083333432674408,0.029171107336878777,0.4943998456001282,0.021530838683247566,0.75,0.75,0.015110381878912449,0.05560506880283356
2026-08-16_10-25-48,/home/as22cq/Projects/Policy-RL-Peg_insertion/force_peg_rl/logs/rl_games/Forge/2026-08-16_10-25-48/nn/Forge.pth,2,nominal,1001,False,timeout,149,33.94344711303711,0.093608058989048,6.816357135772705,1.7667871713638306,0.22500000894069672,0.059992849826812744,0.11371617764234543,0.014759902842342854,0.75,0.75,0.01829526387155056,-0.7175599336624146
2026-08-16_10-25-48,/home/as22cq/Projects/Policy-RL-Peg_insertion/force_peg_rl/logs/rl_games/Forge/2026-08-16_10-25-48/nn/Forge.pth,2,nominal,1001,False,timeout,149,31.806346893310547,0.07964581251144409,9.599270820617676,1.50017511844635,0.008333333767950535,0.0445997416973114,0.10522344708442688,0.023537378758192062,0.75,0.75,0.02001100219786167,-0.00426830817013979
2026-08-16_10-25-48,/home/as22cq/Projects/Policy-RL-Peg_insertion/force_peg_rl/logs/rl_games/Forge/2026-08-16_10-25-48/nn/Forge.pth,2,nominal,1001,False,timeout,149,74.25359344482422,0.00505916029214859,5.9042487144470215,2.6723034381866455,0.0,0.016838910058140755,0.017216185107827187,0.021453145891427994,0.75,0.75,0.005087940488010645,-0.41542989015579224
2026-08-16_10-25-48,/home/as22cq/Projects/Policy-RL-Peg_insertion/force_peg_rl/logs/rl_games/Forge/2026-08-16_10-25-48/nn/Forge.pth,2,nominal,1001,False,timeout,149,47.63853454589844,0.007548343390226364,7.956937313079834,0.7969405055046082,0.008333333767950535,0.01820061169564724,1.426437258720398,0.023269906640052795,0.75,0.75,0.018342526629567146,0.7181453704833984
2026-08-16_10-25-48,/home/as22cq/Projects/Policy-RL-Peg_insertion/force_peg_rl/logs/rl_games/Forge/2026-08-16_10-25-48/nn/Forge.pth,2,nominal,1001,False,timeout,149,34.73576354980469,0.02498175948858261,10.449056625366211,6.0174455642700195,0.5250000357627869,0.015889419242739677,0.2751289904117584,0.02015027217566967,0.75,0.75,0.009213525801897049,0.2632787823677063
2026-08-16_10-25-48,/home/as22cq/Projects/Policy-RL-Peg_insertion/force_peg_rl/logs/rl_games/Forge/2026-08-16_10-25-48/nn/Forge.pth,2,nominal,1001,False,timeout,149,29.174833297729492,0.16403278708457947,7.457284450531006,0.3642199635505676,0.01666666753590107,0.08387579023838043,-0.2624722719192505,0.01780351623892784,0.75,0.75,0.019182290881872177,-0.29874444007873535
2026-08-16_10-25-48,/home/as22cq/Projects/Policy-RL-Peg_insertion/force_peg_rl/logs/rl_games/Forge/2026-08-16_10-25-48/nn/Forge.pth,2,nominal,1001,False,timeout,149,37.14826583862305,0.07417851686477661,5.296743392944336,0.8342312574386597,0.0,0.04919890686869621,0.15941424667835236,0.016263706609606743,0.75,0.75,0.013175632804632187,0.35033491253852844
2026-08-16_10-25-48,/home/as22cq/Projects/Policy-RL-Peg_insertion/force_peg_rl/logs/rl_games/Forge/2026-08-16_10-25-48/nn/Forge.pth,2,nominal,1001,False,timeout,149,35.90339279174805,0.08103366941213608,5.019431114196777,0.6829524636268616,0.0,0.012279863469302654,0.5763255953788757,0.016402853652834892,0.75,0.75,0.013304097577929497,0.19915515184402466
2026-08-16_10-25-48,/home/as22cq/Projects/Policy-RL-Peg_insertion/force_peg_rl/logs/rl_games/Forge/2026-08-16_10-25-48/nn/Forge.pth,2,nominal,1001,False,timeout,149,45.002079010009766,0.01445649191737175,10.140262603759766,1.1662817001342773,0.01666666753590107,0.025968456640839577,0.6223137974739075,0.02295359969139099,0.75,0.75,0.013419264927506447,0.39455029368400574
2026-08-16_10-25-48,/home/as22cq/Projects/Policy-RL-Peg_insertion/force_peg_rl/logs/rl_games/Forge/2026-08-16_10-25-48/nn/Forge.pth,2,nominal,1001,False,timeout,149,26.490528106689453,0.10457256436347961,7.056839942932129,0.9203592538833618,0.07500000298023224,0.06153586879372597,-0.9971736669540405,0.01770959608256817,0.75,0.75,0.014691845513880253,-0.5404009222984314
2026-08-16_10-25-48,/home/as22cq/Projects/Policy-RL-Peg_insertion/force_peg_rl/logs/rl_games/Forge/2026-08-16_10-25-48/nn/Forge.pth,2,nominal,1001,False,timeout,149,25.314363479614258,0.11431970447301865,9.996441841125488,0.5244865417480469,0.02500000223517418,0.04233060032129288,0.07297057658433914,0.016356922686100006,0.75,0.75,0.017856009304523468,-0.33245620131492615
2026-08-16_10-25-48,/home/as22cq/Projects/Policy-RL-Peg_insertion/force_peg_rl/logs/rl_games/Forge/2026-08-16_10-25-48/nn/Forge.pth,2,nominal,1001,False,timeout,149,36.24604415893555,0.0023003146052360535,2.3582687377929688,0.20368866622447968,0.0,0.025209670886397362,1.218205213546753,0.02057572640478611,0.75,0.75,0.015976805239915848,-0.3307815492153168
2026-08-16_10-25-48,/home/as22cq/Projects/Policy-RL-Peg_insertion/force_peg_rl/logs/rl_games/Forge/2026-08-16_10-25-48/nn/Forge.pth,2,nominal,1001,False,timeout,149,35.84112548828125,0.011201776564121246,6.3539252281188965,1.0897904634475708,0.0,0.01558918971568346,0.6104989051818848,0.01646830514073372,0.75,0.75,0.021247239783406258,-0.2188536822795868
2026-08-16_10-25-48,/home/as22cq/Projects/Policy-RL-Peg_insertion/force_peg_rl/logs/rl_games/Forge/2026-08-16_10-25-48/nn/Forge.pth,2,nominal,1001,False,timeout,149,-1.5494028329849243,0.12029946595430374,15.210881233215332,3.5230066776275635,0.30000001192092896,0.12588244676589966,-1.073868989944458,0.016161106526851654,0.75,0.75,0.01631709188222885,0.30144909024238586
2026-08-16_10-25-48,/home/as22cq/Projects/Policy-RL-Peg_insertion/force_peg_rl/logs/rl_games/Forge/2026-08-16_10-25-48/nn/Forge.pth,2,nominal,1001,False,timeout,149,26.623872756958008,0.07785672694444656,0.31998857855796814,0.05328690633177757,0.0,0.07086390256881714,0.5593860745429993,0.01702846586704254,0.75,0.75,0.014140252023935318,-0.15462133288383484
2026-08-16_10-25-48,/home/as22cq/Projects/Policy-RL-Peg_insertion/force_peg_rl/logs/rl_games/Forge/2026-08-16_10-25-48/nn/Forge.pth,2,nominal,1001,False,timeout,149,41.93576431274414,0.009285952895879745,12.045644760131836,1.8490006923675537,0.03333333507180214,0.023407964035868645,1.252484917640686,0.014587434940040112,0.75,0.75,0.020949913188815117,0.40289273858070374
2026-08-16_10-25-48,/home/as22cq/Projects/Policy-RL-Peg_insertion/force_peg_rl/logs/rl_games/Forge/2026-08-16_10-25-48/nn/Forge.pth,2,nominal,1001,False,timeout,149,33.695411682128906,0.10716861486434937,6.611658573150635,0.28133276104927063,0.0,0.05078703537583351,0.033643338829278946,0.018362728878855705,0.75,0.75,0.01223105750977993,-0.4435054361820221
2026-08-16_10-25-48,/home/as22cq/Projects/Policy-RL-Peg_insertion/force_peg_rl/logs/rl_games/Forge/2026-08-16_10-25-48/nn/Forge.pth,2,nominal,1001,False,timeout,149,44.84561538696289,0.007686935365200043,6.44204568862915,1.6660550832748413,0.02500000223517418,0.027553383260965347,1.130346417427063,0.01855064183473587,0.75,0.75,0.01869184523820877,-0.6091059446334839
2026-08-16_10-25-48,/home/as22cq/Projects/Policy-RL-Peg_insertion/force_peg_rl/logs/rl_games/Forge/2026-08-16_10-25-48/nn/Forge.pth,2,nominal,1001,False,timeout,149,35.09431076049805,0.017895586788654327,8.700445175170898,1.8662508726119995,0.14166668057441711,0.027371807023882866,0.5643997192382812,0.018471993505954742,0.75,0.75,0.016589105129241943,-0.029500886797904968
2026-08-16_10-25-48,/home/as22cq/Projects/Policy-RL-Peg_insertion/force_peg_rl/logs/rl_games/Forge/2026-08-16_10-25-48/nn/Forge.pth,2,nominal,1001,False,timeout,149,31.292325973510742,0.14192350208759308,5.241572380065918,0.8649352192878723,0.0,0.08928509056568146,0.18164873123168945,0.02168460376560688,0.75,0.75,0.019233984872698784,-0.3934597969055176
2026-08-16_10-25-48,/home/as22cq/Projects/Policy-RL-Peg_insertion/force_peg_rl/logs/rl_games/Forge/2026-08-16_10-25-48/nn/Forge.pth,2,nominal,1001,False,timeout,149,34.05910110473633,0.010540581308305264,0.3119248151779175,0.05263723433017731,0.0,0.019806912168860435,1.3703242540359497,0.01885201781988144,0.75,0.75,0.019675159826874733,0.6522115468978882
2026-08-16_10-25-48,/home/as22cq/Projects/Policy-RL-Peg_insertion/force_peg_rl/logs/rl_games/Forge/2026-08-16_10-25-48/nn/Forge.pth,2,nominal,1001,False,timeout,149,49.45333480834961,0.006598830223083496,7.134222507476807,1.1556365489959717,0.0,0.016916366294026375,1.4517322778701782,0.017903078347444534,0.75,0.75,0.01722608506679535,0.5483886003494263
2026-08-16_10-25-48,/home/as22cq/Projects/Policy-RL-Peg_insertion/force_peg_rl/logs/rl_games/Forge/2026-08-16_10-25-48/nn/Forge.pth,2,nominal,1001,False,timeout,149,75.91476440429688,0.00016788765788078308,12.943117141723633,1.7811615467071533,0.02500000223517418,0.01764216274023056,0.25043073296546936,0.01591614820063114,0.75,0.75,0.014896406792104244,0.42344486713409424
2026-08-16_10-25-48,/home/as22cq/Projects/Policy-RL-Peg_insertion/force_peg_rl/logs/rl_games/Forge/2026-08-16_10-25-48/nn/Forge.pth,2,nominal,1001,False,timeout,149,26.886350631713867,0.13149261474609375,10.389364242553711,2.7896082401275635,0.008333333767950535,0.051852960139513016,-0.8020970225334167,0.02119617350399494,0.75,0.75,0.024552397429943085,0.7525647282600403
2026-08-16_10-25-48,/home/as22cq/Projects/Policy-RL-Peg_insertion/force_peg_rl/logs/rl_games/Forge/2026-08-16_10-25-48/nn/Forge.pth,2,nominal,1001,False,timeout,149,29.758285522460938,0.14669819176197052,5.870860576629639,0.4187319874763489,0.0,0.04022732377052307,0.10561917722225189,0.022429121658205986,0.75,0.75,0.018510691821575165,-0.4727274775505066
2026-08-16_10-25-48,/home/as22cq/Projects/Policy-RL-Peg_insertion/force_peg_rl/logs/rl_games/Forge/2026-08-16_10-25-48/nn/Forge.pth,2,nominal,1001,False,timeout,149,47.836727142333984,0.0025550629943609238,6.876748561859131,0.6890548467636108,0.0,0.02027384750545025,1.4229580163955688,0.01488218829035759,0.75,0.75,0.01386965997517109,0.4944983422756195
2026-08-16_10-25-48,/home/as22cq/Projects/Policy-RL-Peg_insertion/force_peg_rl/logs/rl_games/Forge/2026-08-16_10-25-48/nn/Forge.pth,2,nominal,1001,False,timeout,149,33.78041458129883,0.024799905717372894,1.654621958732605,0.13022160530090332,0.0,0.04241764917969704,0.4124331474304199,0.017609914764761925,0.75,0.75,0.020818792283535004,0.1502843201160431
2026-08-16_10-25-48,/home/as22cq/Projects/Policy-RL-Peg_insertion/force_peg_rl/logs/rl_games/Forge/2026-08-16_10-25-48/nn/Forge.pth,2,nominal,1001,False,timeout,149,42.736549377441406,0.04786612465977669,6.2903947830200195,1.5211067199707031,0.0,0.04395556449890137,0.5382956862449646,0.014196322299540043,0.75,0.75,0.018837006762623787,-0.6462771892547607
2026-08-16_10-25-48,/home/as22cq/Projects/Policy-RL-Peg_insertion/force_peg_rl/logs/rl_games/Forge/2026-08-16_10-25-48/nn/Forge.pth,2,nominal,1001,False,timeout,149,28.380659103393555,0.0027538612484931946,9.982712745666504,5.65041971206665,0.44166669249534607,0.017201270908117294,1.1622098684310913,0.01995878294110298,0.75,0.75,0.021841170266270638,0.6344282031059265
2026-08-16_10-25-48,/home/as22cq/Projects/Policy-RL-Peg_insertion/force_peg_rl/logs/rl_games/Forge/2026-08-16_10-25-48/nn/Forge.pth,2,nominal,1001,False,timeout,149,50.406253814697266,0.005084317177534103,6.596715927124023,1.3626545667648315,0.008333333767950535,0.017559677362442017,1.4763318300247192,0.02250853180885315,0.75,0.75,0.018767455592751503,0.6043733358383179
2026-08-16_10-25-48,/home/as22cq/Projects/Policy-RL-Peg_insertion/force_peg_rl/logs/rl_games/Forge/2026-08-16_10-25-48/nn/Forge.pth,2,nominal,1001,False,timeout,149,54.2576904296875,0.030087798833847046,7.875662803649902,2.1155025959014893,0.0,0.021632440388202667,0.8027878999710083,0.018876703456044197,0.75,0.75,0.019832029938697815,0.632672131061554
2026-08-16_10-25-48,/home/as22cq/Projects/Policy-RL-Peg_insertion/force_peg_rl/logs/rl_games/Forge/2026-08-16_10-25-48/nn/Forge.pth,2,nominal,1001,False,timeout,149,35.59408187866211,0.019578613340854645,5.556027412414551,0.6402109265327454,0.0,0.046486660838127136,0.8522682189941406,0.018970340490341187,0.75,0.75,0.019398557022213936,-0.38063299655914307
2026-08-16_10-25-48,/home/as22cq/Projects/Policy-RL-Peg_insertion/force_peg_rl/logs/rl_games/Forge/2026-08-16_10-25-48/nn/Forge.pth,2,nominal,1001,False,timeout,149,77.51636505126953,0.00014211982488632202,5.852631092071533,2.675692319869995,0.02500000223517418,0.01774216629564762,0.03719113767147064,0.014674588106572628,0.75,0.75,0.016571562737226486,-0.01652820035815239
2026-08-16_10-25-48,/home/as22cq/Projects/Policy-RL-Peg_insertion/force_peg_rl/logs/rl_games/Forge/2026-08-16_10-25-48/nn/Forge.pth,2,nominal,1001,False,timeout,149,37.50700759887695,0.039760589599609375,3.862492322921753,0.3040459454059601,0.0,0.013671756722033024,0.544701099395752,0.021122463047504425,0.75,0.75,0.007517548743635416,0.4541884958744049
2026-08-16_10-25-48,/home/as22cq/Projects/Policy-RL-Peg_insertion/force_peg_rl/logs/rl_games/Forge/2026-08-16_10-25-48/nn/Forge.pth,2,nominal,1001,False,timeout,149,38.24544906616211,0.0046854205429553986,4.0941362380981445,1.259236216545105,0.0,0.025415008887648582,0.9862887263298035,0.020548122003674507,0.75,0.75,0.022836808115243912,-0.5218984484672546
2026-08-16_10-25-48,/home/as22cq/Projects/Policy-RL-Peg_insertion/force_peg_rl/logs/rl_games/Forge/2026-08-16_10-25-48/nn/Forge.pth,2,nominal,1001,False,timeout,149,25.811628341674805,0.13624228537082672,0.37927162647247314,0.0667826235294342,0.0,0.03859376907348633,-0.9125986099243164,0.0146819818764925,0.75,0.75,0.009932360611855984,-0.3420926630496979
2026-08-16_10-25-48,/home/as22cq/Projects/Policy-RL-Peg_insertion/force_peg_rl/logs/rl_games/Forge/2026-08-16_10-25-48/nn/Forge.pth,2,nominal,1001,False,timeout,149,27.504487991333008,0.11226572841405869,10.335657119750977,1.7662605047225952,0.01666666753590107,0.021264029666781425,0.42764341831207275,0.016416696831583977,0.75,0.75,0.015543580055236816,0.12891027331352234
2026-08-16_10-25-48,/home/as22cq/Projects/Policy-RL-Peg_insertion/force_peg_rl/logs/rl_games/Forge/2026-08-16_10-25-48/nn/Forge.pth,2,nominal,1001,False,timeout,149,37.9482421875,0.04095921292901039,7.911768913269043,3.1995255947113037,0.01666666753590107,0.031356535851955414,0.7342492341995239,0.02037438005208969,0.75,0.75,0.019716428592801094,-0.7546032667160034
2026-08-16_10-25-48,/home/as22cq/Projects/Policy-RL-Peg_insertion/force_peg_rl/logs/rl_games/Forge/2026-08-16_10-25-48/nn/Forge.pth,2,nominal,1001,False,timeout,149,79.05170440673828,0.00013794377446174622,9.056735038757324,4.442436695098877,0.0,0.016860300675034523,0.12980875372886658,0.02104412019252777,0.75,0.75,0.02434394508600235,0.4898701012134552
2026-08-16_10-25-48,/home/as22cq/Projects/Policy-RL-Peg_insertion/force_peg_rl/logs/rl_games/Forge/2026-08-16_10-25-48/nn/Forge.pth,2,nominal,1001,False,timeout,149,40.692657470703125,0.00380522757768631,18.077600479125977,1.9311548471450806,0.008333333767950535,0.020422006025910378,1.2703204154968262,0.021495122462511063,0.75,0.75,0.008821305818855762,0.3837381899356842
2026-08-16_10-25-48,/home/as22cq/Projects/Policy-RL-Peg_insertion/force_peg_rl/logs/rl_games/Forge/2026-08-16_10-25-48/nn/Forge.pth,2,nominal,1001,False,timeout,149,22.561641693115234,0.13891851902008057,9.400083541870117,1.1950346231460571,0.09166666865348816,0.07010769844055176,-0.07888606190681458,0.0181379783898592,0.75,0.75,0.0077208103612065315,-0.0785929337143898
2026-08-16_10-25-48,/home/as22cq/Projects/Policy-RL-Peg_insertion/force_peg_rl/logs/rl_games/Forge/2026-08-16_10-25-48/nn/Forge.pth,2,nominal,1001,False,timeout,149,32.28676223754883,0.05119883269071579,12.03243350982666,2.6995017528533936,0.0833333358168602,0.024536268785595894,0.2234598994255066,0.016820821911096573,0.75,0.75,0.020627807825803757,-0.6109328866004944
2026-08-16_10-25-48,/home/as22cq/Projects/Policy-RL-Peg_insertion/force_peg_rl/logs/rl_games/Forge/2026-08-16_10-25-48/nn/Forge.pth,2,nominal,1002,False,timeout,149,40.1694221496582,0.05883048474788666,8.679248809814453,1.4885462522506714,0.10833334177732468,0.036416493356227875,0.7614619731903076,0.019413884729146957,0.75,0.75,0.01789960265159607,0.45074665546417236
2026-08-16_10-25-48,/home/as22cq/Projects/Policy-RL-Peg_insertion/force_peg_rl/logs/rl_games/Forge/2026-08-16_10-25-48/nn/Forge.pth,2,nominal,1002,False,timeout,149,42.40319061279297,0.008218895643949509,5.697967529296875,1.960545301437378,0.0,0.015651246532797813,1.1322274208068848,0.01712241768836975,0.75,0.75,0.00903177447617054,-0.6292104721069336
2026-08-16_10-25-48,/home/as22cq/Projects/Policy-RL-Peg_insertion/force_peg_rl/logs/rl_games/Forge/2026-08-16_10-25-48/nn/Forge.pth,2,nominal,1002,False,timeout,149,33.308040618896484,0.06687375158071518,3.7658188343048096,0.7726194858551025,0.0,0.03237267583608627,0.38402417302131653,0.01554050762206316,0.75,0.75,0.013464132323861122,-0.32392194867134094
2026-08-16_10-25-48,/home/as22cq/Projects/Policy-RL-Peg_insertion/force_peg_rl/logs/rl_games/Forge/2026-08-16_10-25-48/nn/Forge.pth,2,nominal,1002,False,timeout,149,44.31478500366211,0.03644772619009018,9.742166519165039,2.758826732635498,0.008333333767950535,0.03248203918337822,0.8494539856910706,0.018758801743388176,0.75,0.75,0.020801255479454994,0.5808753371238708
2026-08-16_10-25-48,/home/as22cq/Projects/Policy-RL-Peg_insertion/force_peg_rl/logs/rl_games/Forge/2026-08-16_10-25-48/nn/Forge.pth,2,nominal,1002,False,timeout,149,72.85902404785156,0.0015154480934143066,8.66933536529541,1.6824419498443604,0.008333333767950535,0.017112765461206436,0.13858629763126373,0.014345498755574226,0.75,0.75,0.021153444424271584,0.22044812142848969
2026-08-16_10-25-48,/home/as22cq/Projects/Policy-RL-Peg_insertion/force_peg_rl/logs/rl_games/Forge/2026-08-16_10-25-48/nn/Forge.pth,2,nominal,1002,False,timeout,149,76.32984161376953,0.001563243567943573,6.882077693939209,3.5237984657287598,0.15833334624767303,0.016830939799547195,0.05887206643819809,0.015388447791337967,0.75,0.75,0.01370332483202219,-0.33679747581481934
2026-08-16_10-25-48,/home/as22cq/Projects/Policy-RL-Peg_insertion/force_peg_rl/logs/rl_games/Forge/2026-08-16_10-25-48/nn/Forge.pth,2,nominal,1002,False,timeout,149,32.33806610107422,0.10634273290634155,5.219162464141846,0.6697162389755249,0.0,0.060917966067790985,0.2403079718351364,0.020567502826452255,0.75,0.75,0.018199071288108826,-0.2882532477378845
2026-08-16_10-25-48,/home/as22cq/Projects/Policy-RL-Peg_insertion/force_peg_rl/logs/rl_games/Forge/2026-08-16_10-25-48/nn/Forge.pth,2,nominal,1002,False,timeout,149,66.2730712890625,0.001810949295759201,6.292791366577148,4.0645432472229,0.5833333730697632,0.016566000878810883,0.10653451085090637,0.018307818099856377,0.75,0.75,0.010578595101833344,-0.5181620717048645
2026-08-16_10-25-48,/home/as22cq/Projects/Policy-RL-Peg_insertion/force_peg_rl/logs/rl_games/Forge/2026-08-16_10-25-48/nn/Forge.pth,2,nominal,1002,False,timeout,149,35.220069885253906,0.027807243168354034,11.988853454589844,4.235629558563232,0.06666667014360428,0.03840962424874306,1.2388684749603271,0.02321643754839897,0.75,0.75,0.005322881042957306,0.06376909464597702
2026-08-16_10-25-48,/home/as22cq/Projects/Policy-RL-Peg_insertion/force_peg_rl/logs/rl_games/Forge/2026-08-16_10-25-48/nn/Forge.pth,2,nominal,1002,False,timeout,149,31.940906524658203,0.09782794862985611,4.399588584899902,0.9307011365890503,0.0,0.059323932975530624,0.10912501811981201,0.014807280153036118,0.75,0.75,0.0191887766122818,-0.3304016888141632
2026-08-16_10-25-48,/home/as22cq/Projects/Policy-RL-Peg_insertion/force_peg_rl/logs/rl_games/Forge/2026-08-16_10-25-48/nn/Forge.pth,2,nominal,1002,False,timeout,149,23.06107521057129,0.11177065223455429,8.392728805541992,2.044556140899658,0.25,0.04989565536379814,0.025443624705076218,0.02122945338487625,0.75,0.75,0.0049608671106398106,-0.6119070649147034
2026-08-16_10-25-48,/home/as22cq/Projects/Policy-RL-Peg_insertion/force_peg_rl/logs/rl_games/Forge/2026-08-16_10-25-48/nn/Forge.pth,2,nominal,1002,False,timeout,149,44.27745819091797,0.05962047353386879,5.021725654602051,0.691321074962616,0.0,0.022963976487517357,0.5661296844482422,0.015919752418994904,0.75,0.75,0.013480856083333492,0.15796928107738495
2026-08-16_10-25-48,/home/as22cq/Projects/Policy-RL-Peg_insertion/force_peg_rl/logs/rl_games/Forge/2026-08-16_10-25-48/nn/Forge.pth,2,nominal,1002,False,timeout,149,46.7310791015625,0.013939481228590012,6.253897190093994,0.4861345887184143,0.0,0.03366097807884216,1.2207603454589844,0.02155010960996151,0.75,0.75,0.010217918083071709,0.07179664820432663
2026-08-16_10-25-48,/home/as22cq/Projects/Policy-RL-Peg_insertion/force_peg_rl/logs/rl_games/Forge/2026-08-16_10-25-48/nn/Forge.pth,2,nominal,1002,False,timeout,149,67.96468353271484,0.000873081386089325,8.745148658752441,4.282132148742676,0.03333333507180214,0.018849316984415054,0.3200095295906067,0.015309987589716911,0.75,0.75,0.01897512748837471,0.4430526793003082
2026-08-16_10-25-48,/home/as22cq/Projects/Policy-RL-Peg_insertion/force_peg_rl/logs/rl_games/Forge/2026-08-16_10-25-48/nn/Forge.pth,2,nominal,1002,False,timeout,149,46.02714920043945,0.007413268089294434,8.551488876342773,0.6289862394332886,0.008333333767950535,0.018721792846918106,1.4223651885986328,0.017588315531611443,0.75,0.75,0.011249029077589512,-0.15198840200901031
2026-08-16_10-25-48,/home/as22cq/Projects/Policy-RL-Peg_insertion/force_peg_rl/logs/rl_games/Forge/2026-08-16_10-25-48/nn/Forge.pth,2,nominal,1002,False,timeout,149,74.77615356445312,0.0004188418388366699,11.329957008361816,1.1649447679519653,0.008333333767950535,0.019466720521450043,0.2890152931213379,0.017348863184452057,0.75,0.75,0.001999589381739497,0.7696378231048584
2026-08-16_10-25-48,/home/as22cq/Projects/Policy-RL-Peg_insertion/force_peg_rl/logs/rl_games/Forge/2026-08-16_10-25-48/nn/Forge.pth,2,nominal,1002,False,timeout,149,47.75892639160156,0.011282358318567276,5.591890811920166,1.2053929567337036,0.0,0.023783857002854347,1.4121426343917847,0.01678197830915451,0.75,0.75,0.018876828253269196,-0.28883111476898193
2026-08-16_10-25-48,/home/as22cq/Projects/Policy-RL-Peg_insertion/force_peg_rl/logs/rl_games/Forge/2026-08-16_10-25-48/nn/Forge.pth,2,nominal,1002,False,timeout,149,37.4047737121582,0.04715971276164055,5.615834712982178,1.4857932329177856,0.0,0.03673579916357994,0.9214959740638733,0.020639784634113312,0.75,0.75,0.017401155084371567,0.698418378829956
2026-08-16_10-25-48,/home/as22cq/Projects/Policy-RL-Peg_insertion/force_peg_rl/logs/rl_games/Forge/2026-08-16_10-25-48/nn/Forge.pth,2,nominal,1002,False,timeout,149,39.82956314086914,0.003900952637195587,4.293757438659668,0.5009508728981018,0.0,0.03292994573712349,1.2609567642211914,0.02195141091942787,0.75,0.75,0.0175413116812706,0.5204441547393799
2026-08-16_10-25-48,/home/as22cq/Projects/Policy-RL-Peg_insertion/force_peg_rl/logs/rl_games/Forge/2026-08-16_10-25-48/nn/Forge.pth,2,nominal,1002,False,timeout,149,40.747894287109375,0.0974966436624527,5.21851921081543,0.5499935150146484,0.0,0.008469756692647934,0.331287145614624,0.021944817155599594,0.75,0.75,0.02279234118759632,0.2631632387638092
2026-08-16_10-25-48,/home/as22cq/Projects/Policy-RL-Peg_insertion/force_peg_rl/logs/rl_games/Forge/2026-08-16_10-25-48/nn/Forge.pth,2,nominal,1002,False,timeout,149,46.44646453857422,0.019543297588825226,7.442795753479004,1.3103604316711426,0.15833334624767303,0.020779777318239212,0.44410440325737,0.01506362110376358,0.75,0.75,0.021574553102254868,0.7122719883918762
2026-08-16_10-25-48,/home/as22cq/Projects/Policy-RL-Peg_insertion/force_peg_rl/logs/rl_games/Forge/2026-08-16_10-25-48/nn/Forge.pth,2,nominal,1002,False,timeout,149,46.656253814697266,0.012097515165805817,5.50373649597168,0.8395987153053284,0.0,0.02077258564531803,1.3518564701080322,0.021246735006570816,0.75,0.75,0.013246471993625164,0.34015482664108276
2026-08-16_10-25-48,/home/as22cq/Projects/Policy-RL-Peg_insertion/force_peg_rl/logs/rl_games/Forge/2026-08-16_10-25-48/nn/Forge.pth,2,nominal,1002,False,timeout,149,38.50442123413086,0.001626044511795044,6.753787994384766,1.0547512769699097,0.008333333767950535,0.02818823605775833,1.082716941833496,0.02387821674346924,0.75,0.75,0.006745174527168274,0.5512175559997559
2026-08-16_10-25-48,/home/as22cq/Projects/Policy-RL-Peg_insertion/force_peg_rl/logs/rl_games/Forge/2026-08-16_10-25-48/nn/Forge.pth,2,nominal,1002,False,timeout,149,44.58275604248047,0.008115462958812714,5.357143878936768,0.679696798324585,0.0,0.02162269316613674,1.3379167318344116,0.018176956102252007,0.75,0.75,0.012507934123277664,0.07099486142396927
2026-08-16_10-25-48,/home/as22cq/Projects/Policy-RL-Peg_insertion/force_peg_rl/logs/rl_games/Forge/2026-08-16_10-25-48/nn/Forge.pth,2,nominal,1002,False,timeout,149,41.72392272949219,0.007987264543771744,8.807876586914062,0.8158169984817505,0.008333333767950535,0.0348438136279583,0.9070455431938171,0.023027971386909485,0.75,0.75,0.01797373779118061,-0.4308236539363861
2026-08-16_10-25-48,/home/as22cq/Projects/Policy-RL-Peg_insertion/force_peg_rl/logs/rl_games/Forge/2026-08-16_10-25-48/nn/Forge.pth,2,nominal,1002,False,timeout,149,37.81237030029297,0.04246233403682709,6.412924289703369,0.5560943484306335,0.0,0.018831821158528328,0.6522998809814453,0.02109156735241413,0.75,0.75,0.009917382150888443,-0.3720260262489319
2026-08-16_10-25-48,/home/as22cq/Projects/Policy-RL-Peg_insertion/force_peg_rl/logs/rl_games/Forge/2026-08-16_10-25-48/nn/Forge.pth,2,nominal,1002,False,timeout,149,47.204872131347656,0.0024767592549324036,13.338729858398438,1.7679029703140259,0.0416666679084301,0.016224978491663933,1.1360878944396973,0.019174015149474144,0.75,0.75,0.017250249162316322,0.518789529800415
2026-08-16_10-25-48,/home/as22cq/Projects/Policy-RL-Peg_insertion/force_peg_rl/logs/rl_games/Forge/2026-08-16_10-25-48/nn/Forge.pth,2,nominal,1002,False,timeout,149,39.48066329956055,0.04837481677532196,7.0105085372924805,1.616462230682373,0.0,0.02403646521270275,0.5321807861328125,0.019366687163710594,0.75,0.75,0.011414960958063602,0.21932949125766754
2026-08-16_10-25-48,/home/as22cq/Projects/Policy-RL-Peg_insertion/force_peg_rl/logs/rl_games/Forge/2026-08-16_10-25-48/nn/Forge.pth,2,nominal,1002,False,timeout,149,35.888614654541016,0.10103490948677063,9.403644561767578,2.61885142326355,0.07500000298023224,0.06281102448701859,0.36651596426963806,0.016690043732523918,0.75,0.75,0.02096317522227764,-0.5644876956939697
2026-08-16_10-25-48,/home/as22cq/Projects/Policy-RL-Peg_insertion/force_peg_rl/logs/rl_games/Forge/2026-08-16_10-25-48/nn/Forge.pth,2,nominal,1002,False,timeout,149,66.71888732910156,0.0028534792363643646,8.28829574584961,3.7338249683380127,0.0,0.01806465908885002,0.32843899726867676,0.021030575037002563,0.75,0.75,0.01157835591584444,0.2417273372411728
2026-08-16_10-25-48,/home/as22cq/Projects/Policy-RL-Peg_insertion/force_peg_rl/logs/rl_games/Forge/2026-08-16_10-25-48/nn/Forge.pth,2,nominal,1002,False,timeout,149,36.29060745239258,0.039683014154434204,18.638940811157227,2.0513241291046143,0.0833333358168602,0.024194899946451187,0.521531879901886,0.014745257794857025,0.75,0.75,0.024253567680716515,0.7098237872123718
2026-08-16_10-25-48,/home/as22cq/Projects/Policy-RL-Peg_insertion/force_peg_rl/logs/rl_games/Forge/2026-08-16_10-25-48/nn/Forge.pth,2,nominal,1002,False,timeout,149,30.69767189025879,0.12706507742404938,8.434638977050781,0.8544848561286926,0.008333333767950535,0.09947758913040161,-0.057851068675518036,0.017925405874848366,0.75,0.75,0.020939335227012634,-0.5799182653427124
2026-08-16_10-25-48,/home/as22cq/Projects/Policy-RL-Peg_insertion/force_peg_rl/logs/rl_games/Forge/2026-08-16_10-25-48/nn/Forge.pth,2,nominal,1002,False,timeout,149,43.92533493041992,0.002534307539463043,7.763371467590332,1.239234447479248,0.0,0.019761698320508003,1.346061110496521,0.023400066420435905,0.75,0.75,0.01801287941634655,-0.2945553660392761
2026-08-16_10-25-48,/home/as22cq/Projects/Policy-RL-Peg_insertion/force_peg_rl/logs/rl_games/Forge/2026-08-16_10-25-48/nn/Forge.pth,2,nominal,1002,False,timeout,149,38.265899658203125,0.048349179327487946,4.981616497039795,0.9109975099563599,0.0,0.025421788915991783,0.6822788715362549,0.016221296042203903,0.75,0.75,0.013299291953444481,0.49062493443489075
2026-08-16_10-25-48,/home/as22cq/Projects/Policy-RL-Peg_insertion/force_peg_rl/logs/rl_games/Forge/2026-08-16_10-25-48/nn/Forge.pth,2,nominal,1002,False,timeout,149,54.66490936279297,-0.007404334843158722,8.903042793273926,2.1085755825042725,0.0,0.02254498191177845,1.4626691341400146,0.019461337476968765,0.75,0.75,0.009287179447710514,0.7294746041297913
2026-08-16_10-25-48,/home/as22cq/Projects/Policy-RL-Peg_insertion/force_peg_rl/logs/rl_games/Forge/2026-08-16_10-25-48/nn/Forge.pth,2,nominal,1002,False,timeout,149,73.96961975097656,0.0012795589864253998,5.10190486907959,2.0786702632904053,0.0,0.017976772040128708,0.14167042076587677,0.016258444637060165,0.75,0.75,0.009436296299099922,-0.49849066138267517
2026-08-16_10-25-48,/home/as22cq/Projects/Policy-RL-Peg_insertion/force_peg_rl/logs/rl_games/Forge/2026-08-16_10-25-48/nn/Forge.pth,2,nominal,1002,False,timeout,149,73.07610321044922,0.0016877800226211548,13.198055267333984,6.064554214477539,0.05000000447034836,0.01769934594631195,0.06291312724351883,0.018716946244239807,0.75,0.75,0.018816489726305008,0.10864932835102081
2026-08-16_10-25-48,/home/as22cq/Projects/Policy-RL-Peg_insertion/force_peg_rl/logs/rl_games/Forge/2026-08-16_10-25-48/nn/Forge.pth,2,nominal,1002,False,timeout,149,33.316497802734375,0.05105232074856758,10.60299015045166,3.984982490539551,0.07500000298023224,0.02182033844292164,0.6763736009597778,0.01746673509478569,0.75,0.75,0.023673661053180695,-0.16187995672225952
2026-08-16_10-25-48,/home/as22cq/Projects/Policy-RL-Peg_insertion/force_peg_rl/logs/rl_games/Forge/2026-08-16_10-25-48/nn/Forge.pth,2,nominal,1002,False,timeout,149,79.2660140991211,6.504356861114502e-05,6.2158331871032715,2.579359769821167,0.0,0.016509046778082848,0.2726689875125885,0.01440645195543766,0.75,0.75,0.012244898825883865,-0.5447081327438354
2026-08-16_10-25-48,/home/as22cq/Projects/Policy-RL-Peg_insertion/force_peg_rl/logs/rl_games/Forge/2026-08-16_10-25-48/nn/Forge.pth,2,nominal,1002,False,timeout,149,43.229148864746094,0.02015598863363266,6.207622528076172,1.7092969417572021,0.0,0.032539252191782,0.8051106333732605,0.021889936178922653,0.75,0.75,0.02116028591990471,-0.7573469877243042
2026-08-16_10-25-48,/home/as22cq/Projects/Policy-RL-Peg_insertion/force_peg_rl/logs/rl_games/Forge/2026-08-16_10-25-48/nn/Forge.pth,2,nominal,1002,False,timeout,149,45.568450927734375,0.003191540017724037,6.418750762939453,0.8667645454406738,0.0,0.019415587186813354,1.3447803258895874,0.016589166596531868,0.75,0.75,0.010192293673753738,-0.14078155159950256
2026-08-16_10-25-48,/home/as22cq/Projects/Policy-RL-Peg_insertion/force_peg_rl/logs/rl_games/Forge/2026-08-16_10-25-48/nn/Forge.pth,2,nominal,1002,False,timeout,149,32.704185485839844,0.10066904127597809,6.53940486907959,0.7252446413040161,0.02500000223517418,0.05948127433657646,-0.028087221086025238,0.018467051908373833,0.75,0.75,0.006955091841518879,-0.23734819889068604
2026-08-16_10-25-48,/home/as22cq/Projects/Policy-RL-Peg_insertion/force_peg_rl/logs/rl_games/Forge/2026-08-16_10-25-48/nn/Forge.pth,2,nominal,1002,False,timeout,149,35.487709045410156,0.022775568068027496,8.443260192871094,1.084133267402649,0.008333333767950535,0.021611062809824944,0.8255003094673157,0.020759839564561844,0.75,0.75,0.014341910369694233,-0.05237210914492607
2026-08-16_10-25-48,/home/as22cq/Projects/Policy-RL-Peg_insertion/force_peg_rl/logs/rl_games/Forge/2026-08-16_10-25-48/nn/Forge.pth,2,nominal,1002,False,timeout,149,39.11651611328125,0.06654246896505356,3.942100763320923,0.7401897311210632,0.0,0.035014718770980835,0.6330025792121887,0.01720079593360424,0.75,0.75,0.009458223357796669,-0.17536109685897827
2026-08-16_10-25-48,/home/as22cq/Projects/Policy-RL-Peg_insertion/force_peg_rl/logs/rl_games/Forge/2026-08-16_10-25-48/nn/Forge.pth,2,nominal,1002,False,timeout,149,59.16496658325195,0.01041555404663086,7.341789245605469,4.89337158203125,0.0,0.018312755972146988,0.06811091303825378,0.021759364753961563,0.75,0.75,0.00609875563532114,0.7530428171157837
2026-08-16_10-25-48,/home/as22cq/Projects/Policy-RL-Peg_insertion/force_peg_rl/logs/rl_games/Forge/2026-08-16_10-25-48/nn/Forge.pth,2,nominal,1002,False,timeout,149,27.523113250732422,0.15187904238700867,9.762344360351562,0.1862528920173645,0.008333333767950535,0.09145046025514603,0.1970137357711792,0.0233331099152565,0.75,0.75,0.007744076196104288,0.17208805680274963
2026-08-16_10-25-48,/home/as22cq/Projects/Policy-RL-Peg_insertion/force_peg_rl/logs/rl_games/Forge/2026-08-16_10-25-48/nn/Forge.pth,2,nominal,1002,False,timeout,149,68.18632507324219,0.001963868737220764,7.753950119018555,2.233222723007202,0.0,0.016757065430283546,0.11370659619569778,0.021477200090885162,0.75,0.75,0.012040233239531517,0.2449764758348465
2026-08-16_10-25-48,/home/as22cq/Projects/Policy-RL-Peg_insertion/force_peg_rl/logs/rl_games/Forge/2026-08-16_10-25-48/nn/Forge.pth,2,nominal,1002,False,timeout,149,75.55078887939453,0.0011395439505577087,11.16272258758545,4.099056243896484,0.0416666679084301,0.017336450517177582,0.3626828193664551,0.023808356374502182,0.75,0.75,0.017729900777339935,0.6457738876342773
2026-08-16_10-25-48,/home/as22cq/Projects/Policy-RL-Peg_insertion/force_peg_rl/logs/rl_games/Forge/2026-08-16_10-25-48/nn/Forge.pth,2,nominal,1002,False,timeout,149,46.08112716674805,0.0025735199451446533,8.73405647277832,1.9508341550827026,0.0,0.01734272949397564,1.2483004331588745,0.01721891015768051,0.75,0.75,0.014140610583126545,0.13803786039352417
2026-08-16_10-25-48,/home/as22cq/Projects/Policy-RL-Peg_insertion/force_peg_rl/logs/rl_games/Forge/2026-08-16_10-25-48/nn/Forge.pth,2,nominal,1002,False,timeout,149,30.46309471130371,0.09276548027992249,6.612669467926025,0.3751666843891144,0.0,0.03323625028133392,0.37152040004730225,0.018824348226189613,0.75,0.75,0.02334660291671753,0.06929180771112442
2026-08-16_10-25-48,/home/as22cq/Projects/Policy-RL-Peg_insertion/force_peg_rl/logs/rl_games/Forge/2026-08-16_10-25-48/nn/Forge.pth,2,nominal,1002,False,timeout,149,32.85312271118164,0.14239808917045593,5.987637042999268,0.48379409313201904,0.008333333767950535,0.06986376643180847,0.22266699373722076,0.021324120461940765,0.75,0.75,0.023754483088850975,-0.6461846232414246
2026-08-16_10-25-48,/home/as22cq/Projects/Policy-RL-Peg_insertion/force_peg_rl/logs/rl_games/Forge/2026-08-16_10-25-48/nn/Forge.pth,2,nominal,1002,False,timeout,149,45.52031707763672,0.002452358603477478,8.839005470275879,3.0037195682525635,0.05833333730697632,0.016061145812273026,1.3505715131759644,0.01423654519021511,0.75,0.75,0.018009386956691742,0.523815393447876
2026-08-16_10-25-48,/home/as22cq/Projects/Policy-RL-Peg_insertion/force_peg_rl/logs/rl_games/Forge/2026-08-16_10-25-48/nn/Forge.pth,2,nominal,1002,False,timeout,149,38.23189163208008,0.0180048868060112,5.620977401733398,0.7873380184173584,0.0,0.03618093207478523,0.672241747379303,0.022238317877054214,0.75,0.75,0.015628768131136894,-0.3721763789653778
2026-08-16_10-25-48,/home/as22cq/Projects/Policy-RL-Peg_insertion/force_peg_rl/logs/rl_games/Forge/2026-08-16_10-25-48/nn/Forge.pth,2,nominal,1002,False,timeout,149,39.415626525878906,0.0808422714471817,5.2368855476379395,0.6204223036766052,0.0,0.014657249674201012,0.418239027261734,0.023817339912056923,0.75,0.75,0.012229286134243011,-0.33388614654541016
2026-08-16_10-25-48,/home/as22cq/Projects/Policy-RL-Peg_insertion/force_peg_rl/logs/rl_games/Forge/2026-08-16_10-25-48/nn/Forge.pth,2,nominal,1002,False,timeout,149,42.059288024902344,0.036695655435323715,7.882408618927002,1.9527411460876465,0.0,0.022874876856803894,0.5287725925445557,0.015604325570166111,0.75,0.75,0.013054702430963516,0.442440390586853
2026-08-16_10-25-48,/home/as22cq/Projects/Policy-RL-Peg_insertion/force_peg_rl/logs/rl_games/Forge/2026-08-16_10-25-48/nn/Forge.pth,2,nominal,1002,False,timeout,149,36.39112854003906,0.07552091777324677,5.502860069274902,0.5765488147735596,0.0,0.045531608164310455,0.2922722101211548,0.01654166355729103,0.75,0.75,0.007180836051702499,-0.6129394173622131
2026-08-16_10-25-48,/home/as22cq/Projects/Policy-RL-Peg_insertion/force_peg_rl/logs/rl_games/Forge/2026-08-16_10-25-48/nn/Forge.pth,2,nominal,1002,False,timeout,149,73.7447509765625,0.0026796329766511917,5.638131618499756,2.19287371635437,0.0,0.017597367987036705,-0.00985602755099535,0.015367625281214714,0.75,0.75,0.009681761264801025,-0.702483057975769
2026-08-16_10-25-48,/home/as22cq/Projects/Policy-RL-Peg_insertion/force_peg_rl/logs/rl_games/Forge/2026-08-16_10-25-48/nn/Forge.pth,2,nominal,1002,False,timeout,149,78.19761657714844,0.00021788384765386581,9.867902755737305,3.5717289447784424,0.008333333767950535,0.01651756465435028,0.14633004367351532,0.016587311401963234,0.75,0.75,0.004191722720861435,-0.3138895034790039
2026-08-16_10-25-48,/home/as22cq/Projects/Policy-RL-Peg_insertion/force_peg_rl/logs/rl_games/Forge/2026-08-16_10-25-48/nn/Forge.pth,2,nominal,1002,False,timeout,149,46.301639556884766,-0.00023016706109046936,7.957177639007568,0.6372786164283752,0.0,0.0236678346991539,1.2635568380355835,0.02069450542330742,0.75,0.75,0.007109863217920065,-0.7241960763931274
2026-08-16_10-25-48,/home/as22cq/Projects/Policy-RL-Peg_insertion/force_peg_rl/logs/rl_games/Forge/2026-08-16_10-25-48/nn/Forge.pth,2,nominal,1002,False,timeout,149,28.959304809570312,0.1455707848072052,7.331687927246094,0.45151177048683167,0.0,0.08520423620939255,-0.089657261967659,0.014911415986716747,0.75,0.75,0.017646677792072296,-0.08787451684474945
2026-08-16_10-25-48,/home/as22cq/Projects/Policy-RL-Peg_insertion/force_peg_rl/logs/rl_games/Forge/2026-08-16_10-25-48/nn/Forge.pth,2,nominal,1002,False,timeout,149,42.99122619628906,0.004135124385356903,5.640117168426514,1.6374167203903198,0.0,0.02256578952074051,1.2900809049606323,0.023175688460469246,0.75,0.75,0.01900392398238182,-0.21887314319610596
2026-08-16_10-25-48,/home/as22cq/Projects/Policy-RL-Peg_insertion/force_peg_rl/logs/rl_games/Forge/2026-08-16_10-25-48/nn/Forge.pth,2,nominal,1002,False,timeout,149,41.75185775756836,0.044444382190704346,11.023983001708984,1.8354957103729248,0.01666666753590107,0.015125223435461521,0.48801594972610474,0.020305711776018143,0.75,0.75,0.017524760216474533,0.28504395484924316
2026-08-16_10-25-48,/home/as22cq/Projects/Policy-RL-Peg_insertion/force_peg_rl/logs/rl_games/Forge/2026-08-16_10-25-48/nn/Forge.pth,2,nominal,1002,False,timeout,149,33.73674392700195,0.044594887644052505,7.025229454040527,1.6360070705413818,0.0833333358168602,0.0205254964530468,0.5977588295936584,0.022102581337094307,0.75,0.75,0.021724561229348183,-0.1555425226688385
2026-08-16_10-25-48,/home/as22cq/Projects/Policy-RL-Peg_insertion/force_peg_rl/logs/rl_games/Forge/2026-08-16_10-25-48/nn/Forge.pth,2,nominal,1002,False,timeout,149,37.949703216552734,0.03301180154085159,3.659618616104126,0.5544464588165283,0.0,0.019486967474222183,0.6887917518615723,0.020468013361096382,0.75,0.75,0.013485435396432877,-0.6150318384170532
2026-08-16_10-25-48,/home/as22cq/Projects/Policy-RL-Peg_insertion/force_peg_rl/logs/rl_games/Forge/2026-08-16_10-25-48/nn/Forge.pth,2,nominal,1002,False,timeout,149,66.60443878173828,0.003725731745362282,7.51103401184082,2.450342893600464,0.0,0.018925175070762634,0.1703319102525711,0.02053002640604973,0.75,0.75,0.016058651730418205,0.19814160466194153
2026-08-16_10-25-48,/home/as22cq/Projects/Policy-RL-Peg_insertion/force_peg_rl/logs/rl_games/Forge/2026-08-16_10-25-48/nn/Forge.pth,2,nominal,1002,False,timeout,149,44.8790397644043,0.02685660868883133,9.263134002685547,1.2399049997329712,0.0,0.018154941499233246,0.6669015288352966,0.023736361414194107,0.75,0.75,0.019898032769560814,-0.0350927971303463
2026-08-16_10-25-48,/home/as22cq/Projects/Policy-RL-Peg_insertion/force_peg_rl/logs/rl_games/Forge/2026-08-16_10-25-48/nn/Forge.pth,2,nominal,1002,False,timeout,149,36.74713134765625,0.01120002567768097,5.429782390594482,0.11834874004125595,0.0,0.03410244733095169,0.9344987273216248,0.014548050239682198,0.75,0.75,0.02143809013068676,0.5012869238853455
2026-08-16_10-25-48,/home/as22cq/Projects/Policy-RL-Peg_insertion/force_peg_rl/logs/rl_games/Forge/2026-08-16_10-25-48/nn/Forge.pth,2,nominal,1002,False,timeout,149,70.4012451171875,0.004562264308333397,2.478301763534546,0.5484843254089355,0.0,0.018358178436756134,0.12797173857688904,0.01885204203426838,0.75,0.75,0.020396744832396507,0.27641141414642334
2026-08-16_10-25-48,/home/as22cq/Projects/Policy-RL-Peg_insertion/force_peg_rl/logs/rl_games/Forge/2026-08-16_10-25-48/nn/Forge.pth,2,nominal,1002,False,timeout,149,35.37419128417969,0.1031094491481781,8.543082237243652,1.223057508468628,0.0,0.04143887013196945,0.34807276725769043,0.021734148263931274,0.75,0.75,0.017300695180892944,0.6408067345619202
2026-08-16_10-25-48,/home/as22cq/Projects/Policy-RL-Peg_insertion/force_peg_rl/logs/rl_games/Forge/2026-08-16_10-25-48/nn/Forge.pth,2,nominal,1002,False,timeout,149,39.46493911743164,0.020992811769247055,7.5125346183776855,2.322037935256958,0.008333333767950535,0.03960360959172249,0.8892544507980347,0.018596237525343895,0.75,0.75,0.015298552811145782,-0.7737395763397217
2026-08-16_10-25-48,/home/as22cq/Projects/Policy-RL-Peg_insertion/force_peg_rl/logs/rl_games/Forge/2026-08-16_10-25-48/nn/Forge.pth,2,nominal,1002,False,timeout,149,31.73480224609375,0.03082311898469925,1.2061185836791992,0.07095242291688919,0.0,0.02620660699903965,0.6127200722694397,0.01577061414718628,0.75,0.75,0.011489741504192352,0.16696347296237946
2026-08-16_10-25-48,/home/as22cq/Projects/Policy-RL-Peg_insertion/force_peg_rl/logs/rl_games/Forge/2026-08-16_10-25-48/nn/Forge.pth,2,nominal,1002,False,timeout,149,70.20935821533203,0.001179935410618782,7.2709574699401855,4.009947299957275,0.30000001192092896,0.01760663092136383,0.3135813772678375,0.018703607842326164,0.75,0.75,0.021246062591671944,0.5655451416969299
2026-08-16_10-25-48,/home/as22cq/Projects/Policy-RL-Peg_insertion/force_peg_rl/logs/rl_games/Forge/2026-08-16_10-25-48/nn/Forge.pth,2,nominal,1002,False,timeout,149,65.50418090820312,0.005008690059185028,7.023909568786621,1.6296504735946655,0.0,0.024831917136907578,1.2337995767593384,0.019381504505872726,0.75,0.75,0.0044946433044970036,0.5515233278274536
2026-08-16_10-25-48,/home/as22cq/Projects/Policy-RL-Peg_insertion/force_peg_rl/logs/rl_games/Forge/2026-08-16_10-25-48/nn/Forge.pth,2,nominal,1002,False,timeout,149,39.80083465576172,0.04056934267282486,5.3809380531311035,0.9915366172790527,0.0,0.014354697428643703,0.45557355880737305,0.021511338651180267,0.75,0.75,0.0011889978777617216,0.7508190274238586
2026-08-16_10-25-48,/home/as22cq/Projects/Policy-RL-Peg_insertion/force_peg_rl/logs/rl_games/Forge/2026-08-16_10-25-48/nn/Forge.pth,2,nominal,1002,False,timeout,149,29.291015625,0.08844967186450958,7.874385833740234,2.1007680892944336,0.0,0.02644280716776848,0.45857664942741394,0.019358016550540924,0.75,0.75,0.015158694237470627,0.2870752513408661
2026-08-16_10-25-48,/home/as22cq/Projects/Policy-RL-Peg_insertion/force_peg_rl/logs/rl_games/Forge/2026-08-16_10-25-48/nn/Forge.pth,2,nominal,1002,False,timeout,149,24.552364349365234,0.015681523829698563,10.041215896606445,3.9292478561401367,0.2750000059604645,0.021717995405197144,1.1850721836090088,0.022733323276042938,0.75,0.75,0.022289497777819633,0.44051793217658997
2026-08-16_10-25-48,/home/as22cq/Projects/Policy-RL-Peg_insertion/force_peg_rl/logs/rl_games/Forge/2026-08-16_10-25-48/nn/Forge.pth,2,nominal,1002,False,timeout,149,77.38690948486328,0.0006189532577991486,6.044305801391602,2.6704046726226807,0.0,0.016731305047869682,0.27140411734580994,0.01642218418419361,0.75,0.75,0.009232597425580025,0.7070070505142212
2026-08-16_10-25-48,/home/as22cq/Projects/Policy-RL-Peg_insertion/force_peg_rl/logs/rl_games/Forge/2026-08-16_10-25-48/nn/Forge.pth,2,nominal,1002,False,timeout,149,48.45796203613281,-0.008391804993152618,7.12894344329834,2.4916388988494873,0.05833333730697632,0.022344226017594337,1.1490819454193115,0.015317823737859726,0.75,0.75,0.014742102473974228,-0.3844355344772339
2026-08-16_10-25-48,/home/as22cq/Projects/Policy-RL-Peg_insertion/force_peg_rl/logs/rl_games/Forge/2026-08-16_10-25-48/nn/Forge.pth,2,nominal,1002,False,timeout,149,37.22484588623047,0.049982842057943344,5.8408684730529785,1.2987749576568604,0.0,0.009434537030756474,0.4083017408847809,0.016590312123298645,0.75,0.75,0.02550971880555153,-0.5185555219650269
2026-08-16_10-25-48,/home/as22cq/Projects/Policy-RL-Peg_insertion/force_peg_rl/logs/rl_games/Forge/2026-08-16_10-25-48/nn/Forge.pth,2,nominal,1002,False,timeout,149,63.78432083129883,0.0009033884853124619,10.394804000854492,2.5862927436828613,0.008333333767950535,0.019037513062357903,0.14779329299926758,0.015047406777739525,0.75,0.75,0.01568080298602581,0.6058513522148132
2026-08-16_10-25-48,/home/as22cq/Projects/Policy-RL-Peg_insertion/force_peg_rl/logs/rl_games/Forge/2026-08-16_10-25-48/nn/Forge.pth,2,nominal,1002,False,timeout,149,34.76188659667969,0.023736245930194855,6.980865955352783,2.592787504196167,0.0,0.0256387647241354,0.7695382833480835,0.014026084914803505,0.75,0.75,0.012493644841015339,-0.2704593241214752
2026-08-16_10-25-48,/home/as22cq/Projects/Policy-RL-Peg_insertion/force_peg_rl/logs/rl_games/Forge/2026-08-16_10-25-48/nn/Forge.pth,2,nominal,1002,False,timeout,149,35.90787887573242,0.0295834019780159,4.4278950691223145,0.6436028480529785,0.0,0.015259098261594772,0.6729373931884766,0.020672863349318504,0.75,0.75,0.01109415851533413,-0.182298481464386
2026-08-16_10-25-48,/home/as22cq/Projects/Policy-RL-Peg_insertion/force_peg_rl/logs/rl_games/Forge/2026-08-16_10-25-48/nn/Forge.pth,2,nominal,1002,False,timeout,149,48.37574768066406,0.005338340997695923,3.905282735824585,0.9711962342262268,0.0,0.02622615173459053,1.245717167854309,0.020923325791954994,0.75,0.75,0.02172861434519291,-0.12418424338102341
2026-08-16_10-25-48,/home/as22cq/Projects/Policy-RL-Peg_insertion/force_peg_rl/logs/rl_games/Forge/2026-08-16_10-25-48/nn/Forge.pth,2,nominal,1002,False,timeout,149,35.872554779052734,-0.008768774569034576,4.339087963104248,1.6771165132522583,0.0,0.02039427123963833,0.8133863210678101,0.01654907315969467,0.75,0.75,0.009351993910968304,0.3263722062110901
2026-08-16_10-25-48,/home/as22cq/Projects/Policy-RL-Peg_insertion/force_peg_rl/logs/rl_games/Forge/2026-08-16_10-25-48/nn/Forge.pth,2,nominal,1002,False,timeout,149,28.550121307373047,0.11157836019992828,5.741436958312988,0.33942222595214844,0.01666666753590107,0.06690820306539536,-0.03734628111124039,0.023344505578279495,0.75,0.75,0.02266090176999569,-0.20683889091014862
2026-08-16_10-25-48,/home/as22cq/Projects/Policy-RL-Peg_insertion/force_peg_rl/logs/rl_games/Forge/2026-08-16_10-25-48/nn/Forge.pth,2,nominal,1002,False,timeout,149,76.8241195678711,0.00042710080742836,9.010104179382324,4.94381046295166,0.0,0.019082719460129738,0.24537232518196106,0.019707199186086655,0.75,0.75,0.01050792820751667,0.621483325958252
2026-08-16_10-25-48,/home/as22cq/Projects/Policy-RL-Peg_insertion/force_peg_rl/logs/rl_games/Forge/2026-08-16_10-25-48/nn/Forge.pth,2,nominal,1002,False,timeout,149,78.14989471435547,0.0009035058319568634,4.930754661560059,2.53165340423584,0.0,0.017246853560209274,0.4951103925704956,0.019654061645269394,0.75,0.75,0.016545040532946587,0.710380494594574
2026-08-16_10-25-48,/home/as22cq/Projects/Policy-RL-Peg_insertion/force_peg_rl/logs/rl_games/Forge/2026-08-16_10-25-48/nn/Forge.pth,2,nominal,1002,False,timeout,149,33.2697639465332,0.06292904913425446,5.0498456954956055,0.5176235437393188,0.0,0.023765569552779198,0.41229748725891113,0.021721793338656425,0.75,0.75,0.015264233574271202,0.21833260357379913
2026-08-16_10-25-48,/home/as22cq/Projects/Policy-RL-Peg_insertion/force_peg_rl/logs/rl_games/Forge/2026-08-16_10-25-48/nn/Forge.pth,2,nominal,1002,False,timeout,149,36.047584533691406,0.08125187456607819,9.581938743591309,2.9735267162323,0.0416666679084301,0.03330191969871521,0.4685763418674469,0.018091605976223946,0.75,0.75,0.01784517429769039,0.7442202568054199
2026-08-16_10-25-48,/home/as22cq/Projects/Policy-RL-Peg_insertion/force_peg_rl/logs/rl_games/Forge/2026-08-16_10-25-48/nn/Forge.pth,2,nominal,1002,False,timeout,149,26.924686431884766,0.1473950296640396,8.018464088439941,1.0495773553848267,0.09166666865348816,0.07968628406524658,0.07692016661167145,0.01590709574520588,0.75,0.75,0.009809640236198902,-0.3752845823764801
2026-08-16_10-25-48,/home/as22cq/Projects/Policy-RL-Peg_insertion/force_peg_rl/logs/rl_games/Forge/2026-08-16_10-25-48/nn/Forge.pth,2,nominal,1002,False,timeout,149,47.369266510009766,0.005992826074361801,14.640033721923828,1.1027534008026123,0.008333333767950535,0.01700153946876526,1.4239853620529175,0.019022222608327866,0.75,0.75,0.021388383582234383,-0.6673644185066223
2026-08-16_10-25-48,/home/as22cq/Projects/Policy-RL-Peg_insertion/force_peg_rl/logs/rl_games/Forge/2026-08-16_10-25-48/nn/Forge.pth,2,nominal,1002,False,timeout,149,41.501426696777344,0.008584357798099518,8.02577018737793,0.8823614716529846,0.03333333507180214,0.020381877198815346,1.4475479125976562,0.01803026907145977,0.75,0.75,0.012830269522964954,0.23435941338539124
2026-08-16_10-25-48,/home/as22cq/Projects/Policy-RL-Peg_insertion/force_peg_rl/logs/rl_games/Forge/2026-08-16_10-25-48/nn/Forge.pth,2,nominal,1002,False,timeout,149,31.23605728149414,0.09089159220457077,8.007453918457031,1.7502580881118774,0.01666666753590107,0.04331693798303604,0.5526541471481323,0.016793452203273773,0.75,0.75,0.007269416470080614,0.7183584570884705
2026-08-16_10-25-48,/home/as22cq/Projects/Policy-RL-Peg_insertion/force_peg_rl/logs/rl_games/Forge/2026-08-16_10-25-48/nn/Forge.pth,2,nominal,1002,False,timeout,149,36.265193939208984,0.0848812609910965,1.4713072776794434,0.1604437232017517,0.0,0.005233829375356436,0.2860972583293915,0.02392515353858471,0.75,0.75,0.01636715605854988,0.6574069261550903
2026-08-16_10-25-48,/home/as22cq/Projects/Policy-RL-Peg_insertion/force_peg_rl/logs/rl_games/Forge/2026-08-16_10-25-48/nn/Forge.pth,2,nominal,1002,False,timeout,149,33.191200256347656,0.005013026297092438,4.248319625854492,0.8681724667549133,0.0,0.024017004296183586,1.2013388872146606,0.015425212681293488,0.75,0.75,0.010845507495105267,-0.17294622957706451
2026-08-16_10-25-48,/home/as22cq/Projects/Policy-RL-Peg_insertion/force_peg_rl/logs/rl_games/Forge/2026-08-16_10-25-48/nn/Forge.pth,2,nominal,1002,False,timeout,149,31.42928123474121,0.01537216454744339,4.870116233825684,0.39717555046081543,0.0,0.016924122348427773,0.670909583568573,0.022415950894355774,0.75,0.75,0.0048272497951984406,0.5737558603286743
2026-08-16_10-25-48,/home/as22cq/Projects/Policy-RL-Peg_insertion/force_peg_rl/logs/rl_games/Forge/2026-08-16_10-25-48/nn/Forge.pth,2,nominal,1002,False,timeout,149,45.989070892333984,0.0024156011641025543,4.734630107879639,1.3497065305709839,0.0,0.016696691513061523,1.1747387647628784,0.019533030688762665,0.75,0.75,0.006909668445587158,-0.18373343348503113
2026-08-16_10-25-48,/home/as22cq/Projects/Policy-RL-Peg_insertion/force_peg_rl/logs/rl_games/Forge/2026-08-16_10-25-48/nn/Forge.pth,2,nominal,1002,False,timeout,149,42.74055480957031,0.06968922913074493,6.049293518066406,1.643418788909912,0.0,0.03428211435675621,0.5849566459655762,0.0217991191893816,0.75,0.75,0.01416313648223877,-0.5923187136650085
2026-08-16_10-25-48,/home/as22cq/Projects/Policy-RL-Peg_insertion/force_peg_rl/logs/rl_games/Forge/2026-08-16_10-25-48/nn/Forge.pth,2,nominal,1002,False,timeout,149,70.35135650634766,0.0004900489002466202,12.432157516479492,3.4045190811157227,0.01666666753590107,0.017300020903348923,0.2604639232158661,0.01697712019085884,0.75,0.75,0.009546847082674503,0.31992393732070923
2026-08-16_10-25-48,/home/as22cq/Projects/Policy-RL-Peg_insertion/force_peg_rl/logs/rl_games/Forge/2026-08-16_10-25-48/nn/Forge.pth,2,nominal,1002,False,timeout,149,38.19588851928711,0.0019698292016983032,4.175839424133301,0.6729418635368347,0.0,0.05887741222977638,0.7461003661155701,0.019805314019322395,0.75,0.75,0.006348778493702412,-0.3202236592769623
2026-08-16_10-25-48,/home/as22cq/Projects/Policy-RL-Peg_insertion/force_peg_rl/logs/rl_games/Forge/2026-08-16_10-25-48/nn/Forge.pth,2,nominal,1002,False,timeout,149,47.926116943359375,0.0031615691259503365,5.416445732116699,1.01516592502594,0.0,0.023913701996207237,0.9921521544456482,0.021873950958251953,0.75,0.75,0.022342020645737648,-0.4531630277633667
2026-08-16_10-25-48,/home/as22cq/Projects/Policy-RL-Peg_insertion/force_peg_rl/logs/rl_games/Forge/2026-08-16_10-25-48/nn/Forge.pth,2,nominal,1002,False,timeout,149,38.96971130371094,0.060314953327178955,3.3995347023010254,0.42025235295295715,0.0,0.020205790176987648,0.3798557221889496,0.01411090325564146,0.75,0.75,0.02148091420531273,0.3342389762401581
2026-08-16_10-25-48,/home/as22cq/Projects/Policy-RL-Peg_insertion/force_peg_rl/logs/rl_games/Forge/2026-08-16_10-25-48/nn/Forge.pth,2,nominal,1002,False,timeout,149,76.76235961914062,0.00020972639322280884,9.259401321411133,4.812331676483154,0.02500000223517418,0.017900651320815086,-0.007269344758242369,0.01805630885064602,0.75,0.75,0.0029500052332878113,-0.7209979891777039
2026-08-16_10-25-48,/home/as22cq/Projects/Policy-RL-Peg_insertion/force_peg_rl/logs/rl_games/Forge/2026-08-16_10-25-48/nn/Forge.pth,2,nominal,1002,False,timeout,149,32.903079986572266,0.1142536997795105,8.736648559570312,0.6997148394584656,0.0,0.05639820173382759,0.34701281785964966,0.01963941752910614,0.75,0.75,0.016916904598474503,-0.45636430382728577
2026-08-16_10-25-48,/home/as22cq/Projects/Policy-RL-Peg_insertion/force_peg_rl/logs/rl_games/Forge/2026-08-16_10-25-48/nn/Forge.pth,2,nominal,1002,False,timeout,149,44.8727912902832,0.011437244713306427,7.25391149520874,0.3254486322402954,0.008333333767950535,0.025602256879210472,1.0312855243682861,0.015725543722510338,0.75,0.75,0.013111275620758533,0.5106745362281799
2026-08-16_10-25-48,/home/as22cq/Projects/Policy-RL-Peg_insertion/force_peg_rl/logs/rl_games/Forge/2026-08-16_10-25-48/nn/Forge.pth,2,nominal,1002,False,timeout,149,26.720273971557617,0.1069694235920906,0.3502403795719147,0.061141129583120346,0.0,0.041060734540224075,-0.9550439119338989,0.016262071207165718,0.75,0.75,0.018508827313780785,-0.4194827973842621
2026-08-16_10-25-48,/home/as22cq/Projects/Policy-RL-Peg_insertion/force_peg_rl/logs/rl_games/Forge/2026-08-16_10-25-48/nn/Forge.pth,2,nominal,1002,False,timeout,149,73.73171997070312,0.0025766976177692413,5.121681213378906,1.7325177192687988,0.0,0.017924407497048378,0.30252769589424133,0.019523851573467255,0.75,0.75,0.02659216709434986,0.6881676912307739
2026-08-16_10-25-48,/home/as22cq/Projects/Policy-RL-Peg_insertion/force_peg_rl/logs/rl_games/Forge/2026-08-16_10-25-48/nn/Forge.pth,2,nominal,1002,False,timeout,149,71.08934020996094,0.004292719066143036,4.111881256103516,2.089399576187134,0.0,0.018831470981240273,0.07352283596992493,0.023978736251592636,0.75,0.75,0.010294116102159023,0.4520481824874878
2026-08-16_10-25-48,/home/as22cq/Projects/Policy-RL-Peg_insertion/force_peg_rl/logs/rl_games/Forge/2026-08-16_10-25-48/nn/Forge.pth,2,nominal,1002,False,timeout,149,26.692102432250977,0.019255362451076508,16.947368621826172,2.3781423568725586,0.2083333432674408,0.014523986726999283,0.6358158588409424,0.01972881145775318,0.75,0.75,0.01685616746544838,-0.04973386600613594
2026-08-16_10-25-48,/home/as22cq/Projects/Policy-RL-Peg_insertion/force_peg_rl/logs/rl_games/Forge/2026-08-16_10-25-48/nn/Forge.pth,2,nominal,1002,False,timeout,149,29.018882751464844,0.07536852359771729,0.28363436460494995,0.04218418151140213,0.0,0.05151002109050751,-0.7863471508026123,0.02226528339087963,0.75,0.75,0.018473954871296883,0.11260611563920975
2026-08-16_10-25-48,/home/as22cq/Projects/Policy-RL-Peg_insertion/force_peg_rl/logs/rl_games/Forge/2026-08-16_10-25-48/nn/Forge.pth,2,nominal,1002,False,timeout,149,36.869136810302734,0.0450524277985096,12.060492515563965,3.0746278762817383,0.008333333767950535,0.043163660913705826,0.7938650846481323,0.020357154309749603,0.75,0.75,0.017040489241480827,0.5075076222419739
2026-08-16_10-25-48,/home/as22cq/Projects/Policy-RL-Peg_insertion/force_peg_rl/logs/rl_games/Forge/2026-08-16_10-25-48/nn/Forge.pth,2,nominal,1002,False,timeout,149,54.88785934448242,0.0005826931446790695,8.76172924041748,4.988100051879883,0.5083333849906921,0.01732908934354782,-0.052023403346538544,0.023756520822644234,0.75,0.75,0.020336158573627472,-0.575778603553772
2026-08-16_10-25-48,/home/as22cq/Projects/Policy-RL-Peg_insertion/force_peg_rl/logs/rl_games/Forge/2026-08-16_10-25-48/nn/Forge.pth,2,nominal,1002,False,timeout,149,27.478397369384766,0.09827585518360138,10.099041938781738,0.5335689187049866,0.0416666679084301,0.07155394554138184,0.2972506582736969,0.02381220832467079,0.75,0.75,0.0032188454642891884,-0.05061739683151245
2026-08-16_10-25-48,/home/as22cq/Projects/Policy-RL-Peg_insertion/force_peg_rl/logs/rl_games/Forge/2026-08-16_10-25-48/nn/Forge.pth,2,nominal,1002,False,timeout,149,38.04216766357422,0.04509784281253815,5.864936351776123,0.26879459619522095,0.0,0.018609901890158653,0.5328344702720642,0.015532228164374828,0.75,0.75,0.019695384427905083,0.449902206659317
2026-08-16_10-25-48,/home/as22cq/Projects/Policy-RL-Peg_insertion/force_peg_rl/logs/rl_games/Forge/2026-08-16_10-25-48/nn/Forge.pth,2,nominal,1002,False,timeout,149,24.442590713500977,0.1648823618888855,0.9145268201828003,0.10549971461296082,0.0,0.07325612008571625,-0.058349061757326126,0.022354457527399063,0.75,0.75,0.005603870376944542,0.07000891119241714
2026-08-16_10-25-48,/home/as22cq/Projects/Policy-RL-Peg_insertion/force_peg_rl/logs/rl_games/Forge/2026-08-16_10-25-48/nn/Forge.pth,2,nominal,1002,False,timeout,149,40.714111328125,0.0070666298270225525,11.181215286254883,2.174722909927368,0.03333333507180214,0.029581649228930473,1.042303442955017,0.016362875699996948,0.75,0.75,0.010596600361168385,-0.09549438208341599
2026-08-16_10-25-48,/home/as22cq/Projects/Policy-RL-Peg_insertion/force_peg_rl/logs/rl_games/Forge/2026-08-16_10-25-48/nn/Forge.pth,2,nominal,1002,False,timeout,149,36.57453536987305,0.07685529440641403,15.658552169799805,2.866150140762329,0.02500000223517418,0.019443806260824203,0.4125847816467285,0.018567224964499474,0.75,0.75,0.01895197667181492,0.3644522428512573
2026-08-16_10-25-48,/home/as22cq/Projects/Policy-RL-Peg_insertion/force_peg_rl/logs/rl_games/Forge/2026-08-16_10-25-48/nn/Forge.pth,2,nominal,1002,False,timeout,149,39.2973518371582,0.02613338641822338,12.19908332824707,2.7425012588500977,0.01666666753590107,0.039933715015649796,1.0775963068008423,0.01460939645767212,0.75,0.75,0.022799989208579063,0.5209661722183228
2026-08-16_10-25-48,/home/as22cq/Projects/Policy-RL-Peg_insertion/force_peg_rl/logs/rl_games/Forge/2026-08-16_10-25-48/nn/Forge.pth,2,nominal,1002,False,timeout,149,50.94180679321289,0.00527741014957428,8.683116912841797,1.2267851829528809,0.0,0.017847241833806038,1.3414206504821777,0.01592688448727131,0.75,0.75,0.017749905586242676,0.579164445400238
2026-08-16_10-25-48,/home/as22cq/Projects/Policy-RL-Peg_insertion/force_peg_rl/logs/rl_games/Forge/2026-08-16_10-25-48/nn/Forge.pth,2,nominal,1002,False,timeout,149,39.86929702758789,0.005154214799404144,7.187340259552002,0.8828199505805969,0.02500000223517418,0.01982009969651699,1.4789563417434692,0.015028892084956169,0.75,0.75,0.017709312960505486,-0.08008729666471481
2026-08-16_10-25-48,/home/as22cq/Projects/Policy-RL-Peg_insertion/force_peg_rl/logs/rl_games/Forge/2026-08-16_10-25-48/nn/Forge.pth,2,nominal,1002,False,timeout,149,63.44704055786133,0.0063615962862968445,7.833728790283203,2.3467843532562256,0.14166668057441711,0.018513835966587067,0.3385586738586426,0.021021177992224693,0.75,0.75,0.004467600490897894,0.20197007060050964
2026-08-16_10-25-48,/home/as22cq/Projects/Policy-RL-Peg_insertion/force_peg_rl/logs/rl_games/Forge/2026-08-16_10-25-48/nn/Forge.pth,2,nominal,1002,False,timeout,149,43.19415283203125,0.017188314348459244,3.4111757278442383,0.8551697134971619,0.0,0.027854878455400467,0.8215118646621704,0.022016379982233047,0.75,0.75,0.018406836315989494,0.17480923235416412
2026-08-16_10-25-48,/home/as22cq/Projects/Policy-RL-Peg_insertion/force_peg_rl/logs/rl_games/Forge/2026-08-16_10-25-48/nn/Forge.pth,2,nominal,1002,False,timeout,149,46.27019119262695,0.013371571898460388,9.761948585510254,0.805033266544342,0.008333333767950535,0.03143543750047684,0.6774628758430481,0.015933562070131302,0.75,0.75,0.024951457977294922,-0.07270640879869461
2026-08-16_10-25-48,/home/as22cq/Projects/Policy-RL-Peg_insertion/force_peg_rl/logs/rl_games/Forge/2026-08-16_10-25-48/nn/Forge.pth,2,nominal,1002,False,timeout,149,31.129228591918945,0.019094519317150116,3.8483214378356934,0.5032709240913391,0.0,0.015705760568380356,0.21883989870548248,0.023076172918081284,0.75,0.75,0.02335609868168831,0.06091705709695816
2026-08-16_10-25-48,/home/as22cq/Projects/Policy-RL-Peg_insertion/force_peg_rl/logs/rl_games/Forge/2026-08-16_10-25-48/nn/Forge.pth,2,nominal,1002,False,timeout,149,30.553241729736328,0.10592401027679443,8.07118034362793,1.1808786392211914,0.0,0.04501618444919586,0.10193918645381927,0.01642117276787758,0.75,0.75,0.015851473435759544,-0.5388689041137695
2026-08-16_10-25-48,/home/as22cq/Projects/Policy-RL-Peg_insertion/force_peg_rl/logs/rl_games/Forge/2026-08-16_10-25-48/nn/Forge.pth,2,nominal,1002,False,timeout,149,38.2509651184082,0.015402182936668396,9.395916938781738,1.8291224241256714,0.03333333507180214,0.024502575397491455,0.5146923661231995,0.016180263832211494,0.75,0.75,0.009678642265498638,0.5390855073928833
2026-08-16_10-25-48,/home/as22cq/Projects/Policy-RL-Peg_insertion/force_peg_rl/logs/rl_games/Forge/2026-08-16_10-25-48/nn/Forge.pth,2,nominal,1002,False,timeout,149,44.33035659790039,-0.0022732913494110107,8.963334083557129,1.4458187818527222,0.008333333767950535,0.024149490520358086,1.2332617044448853,0.020893197506666183,0.75,0.75,0.0029747106600552797,0.12710297107696533
2026-08-16_10-25-48,/home/as22cq/Projects/Policy-RL-Peg_insertion/force_peg_rl/logs/rl_games/Forge/2026-08-16_10-25-48/nn/Forge.pth,2,nominal,1002,False,timeout,149,30.824626922607422,0.05570753291249275,7.329633712768555,2.6642189025878906,0.0,0.020442182198166847,0.830624520778656,0.014635894447565079,0.75,0.75,0.011362913995981216,-0.0016678259707987309
2026-08-16_10-25-48,/home/as22cq/Projects/Policy-RL-Peg_insertion/force_peg_rl/logs/rl_games/Forge/2026-08-16_10-25-48/nn/Forge.pth,2,nominal,1002,False,timeout,149,56.141780853271484,0.012434761971235275,5.853552341461182,1.759569764137268,0.07500000298023224,0.01899637095630169,0.8011409044265747,0.01674528792500496,0.75,0.75,0.018491854891180992,0.5650649070739746
2026-08-16_10-25-48,/home/as22cq/Projects/Policy-RL-Peg_insertion/force_peg_rl/logs/rl_games/Forge/2026-08-16_10-25-48/nn/Forge.pth,2,nominal,1002,False,timeout,149,43.38702392578125,0.001422584056854248,5.874711036682129,0.7710115313529968,0.0,0.025936685502529144,1.1462258100509644,0.018671730533242226,0.75,0.75,0.0020025954581797123,-0.46526697278022766
2026-08-16_10-25-48,/home/as22cq/Projects/Policy-RL-Peg_insertion/force_peg_rl/logs/rl_games/Forge/2026-08-16_10-25-48/nn/Forge.pth,2,nominal,1002,False,timeout,149,28.516569137573242,0.12452109158039093,1.368839979171753,0.08490435034036636,0.0,0.0727243423461914,0.18646419048309326,0.01972299814224243,0.75,0.75,0.020995372906327248,-0.2710346579551697
2026-08-16_10-25-48,/home/as22cq/Projects/Policy-RL-Peg_insertion/force_peg_rl/logs/rl_games/Forge/2026-08-16_10-25-48/nn/Forge.pth,2,nominal,1002,False,timeout,149,59.96675491333008,0.0045888908207416534,9.02038288116455,1.2603625059127808,0.0,0.017505928874015808,1.313423991203308,0.018812652677297592,0.75,0.75,0.016727140173316002,-0.2101122885942459
2026-08-16_10-25-48,/home/as22cq/Projects/Policy-RL-Peg_insertion/force_peg_rl/logs/rl_games/Forge/2026-08-16_10-25-48/nn/Forge.pth,2,nominal,1002,False,timeout,149,45.26499938964844,0.014306960627436638,5.799665927886963,2.385411262512207,0.0,0.018132664263248444,1.2935326099395752,0.014468837529420853,0.75,0.75,0.017557278275489807,0.13569100201129913
2026-08-16_10-25-48,/home/as22cq/Projects/Policy-RL-Peg_insertion/force_peg_rl/logs/rl_games/Forge/2026-08-16_10-25-48/nn/Forge.pth,2,nominal,1002,False,timeout,149,46.430484771728516,0.00493500754237175,6.693541526794434,0.5320671796798706,0.0,0.016584528610110283,1.3697062730789185,0.016042886301875114,0.75,0.75,0.010237060487270355,0.16949419677257538
2026-08-16_10-25-48,/home/as22cq/Projects/Policy-RL-Peg_insertion/force_peg_rl/logs/rl_games/Forge/2026-08-16_10-25-48/nn/Forge.pth,2,nominal,1002,False,timeout,149,59.320796966552734,0.019948333501815796,4.57002067565918,1.2196457386016846,0.0,0.03555413335561752,0.846504271030426,0.017942892387509346,0.75,0.75,0.010930529795587063,0.33859768509864807
2026-08-16_10-25-48,/home/as22cq/Projects/Policy-RL-Peg_insertion/force_peg_rl/logs/rl_games/Forge/2026-08-16_10-25-48/nn/Forge.pth,2,nominal,1002,False,timeout,149,27.709640502929688,0.10024123638868332,12.000042915344238,2.7724664211273193,0.06666667014360428,0.012064306065440178,0.4706668555736542,0.021644577383995056,0.75,0.75,0.018884098157286644,-0.5090925693511963
2026-08-16_10-25-48,/home/as22cq/Projects/Policy-RL-Peg_insertion/force_peg_rl/logs/rl_games/Forge/2026-08-16_10-25-48/nn/Forge.pth,2,nominal,1002,False,timeout,149,76.96326446533203,0.0005752295255661011,7.108540058135986,4.069316387176514,0.0,0.017983227968215942,0.16286425292491913,0.01763828843832016,0.75,0.75,0.017109686508774757,0.7830051779747009
2026-08-16_10-25-48,/home/as22cq/Projects/Policy-RL-Peg_insertion/force_peg_rl/logs/rl_games/Forge/2026-08-16_10-25-48/nn/Forge.pth,2,nominal,1002,False,timeout,149,29.82172393798828,0.07400669157505035,0.25706785917282104,0.037730179727077484,0.0,0.03383643180131912,0.5813032388687134,0.019849169999361038,0.75,0.75,0.00843892339617014,-0.3602277934551239
2026-08-16_10-25-48,/home/as22cq/Projects/Policy-RL-Peg_insertion/force_peg_rl/logs/rl_games/Forge/2026-08-16_10-25-48/nn/Forge.pth,2,nominal,1002,False,timeout,149,29.984533309936523,0.08361205458641052,3.3572425842285156,0.5245784521102905,0.0,0.016126643866300583,0.5504275560379028,0.014026327058672905,0.75,0.75,0.018167346715927124,0.02429848350584507
2026-08-16_10-25-48,/home/as22cq/Projects/Policy-RL-Peg_insertion/force_peg_rl/logs/rl_games/Forge/2026-08-16_10-25-48/nn/Forge.pth,2,nominal,1002,False,timeout,149,36.726863861083984,0.01119849644601345,14.099227905273438,2.0742270946502686,0.03333333507180214,0.023222725838422775,1.3462713956832886,0.021752428263425827,0.75,0.75,0.0048210895620286465,-0.455463171005249
2026-08-16_10-25-48,/home/as22cq/Projects/Policy-RL-Peg_insertion/force_peg_rl/logs/rl_games/Forge/2026-08-16_10-25-48/nn/Forge.pth,2,nominal,1002,False,timeout,149,42.06855010986328,0.009356020018458366,7.821333885192871,1.6302775144577026,0.0,0.03198518976569176,1.2872405052185059,0.02350851520895958,0.75,0.75,0.01819613203406334,-0.005416392348706722
2026-08-16_10-25-48,/home/as22cq/Projects/Policy-RL-Peg_insertion/force_peg_rl/logs/rl_games/Forge/2026-08-16_10-25-48/nn/Forge.pth,2,nominal,1002,False,timeout,149,75.42900085449219,0.0006733164191246033,9.522443771362305,3.0699028968811035,0.008333333767950535,0.01701514609158039,0.06914711743593216,0.02101442776620388,0.75,0.75,0.009414990432560444,-0.6090927720069885
2026-08-16_10-25-48,/home/as22cq/Projects/Policy-RL-Peg_insertion/force_peg_rl/logs/rl_games/Forge/2026-08-16_10-25-48/nn/Forge.pth,2,nominal,1002,False,timeout,149,43.081642150878906,0.0013269037008285522,4.466310977935791,0.7201508283615112,0.0,0.02771926112473011,1.1912723779678345,0.015875333920121193,0.75,0.75,0.011569038964807987,-0.7177769541740417
2026-08-16_10-25-48,/home/as22cq/Projects/Policy-RL-Peg_insertion/force_peg_rl/logs/rl_games/Forge/2026-08-16_10-25-48/nn/Forge.pth,2,nominal,1002,False,timeout,149,77.67486572265625,0.00022520869970321655,7.046002388000488,2.872738838195801,0.0,0.01741884835064411,0.025206195190548897,0.015258326195180416,0.75,0.75,0.018379611894488335,0.7811346054077148
2026-08-16_10-25-48,/home/as22cq/Projects/Policy-RL-Peg_insertion/force_peg_rl/logs/rl_games/Forge/2026-08-16_10-25-48/nn/Forge.pth,2,nominal,1002,False,timeout,149,74.4317855834961,0.0014893095940351486,10.451765060424805,4.056553363800049,0.05000000447034836,0.016689401119947433,0.27454137802124023,0.02088913694024086,0.75,0.75,0.022543538361787796,0.610447883605957
2026-08-16_10-25-48,/home/as22cq/Projects/Policy-RL-Peg_insertion/force_peg_rl/logs/rl_games/Forge/2026-08-16_10-25-48/nn/Forge.pth,2,nominal,1002,False,timeout,149,39.160282135009766,0.007347173988819122,8.077237129211426,0.7596637010574341,0.03333333507180214,0.025072665885090828,0.8185190558433533,0.018048662692308426,0.75,0.75,0.017558418214321136,-0.6706448793411255
2026-08-16_10-25-48,/home/as22cq/Projects/Policy-RL-Peg_insertion/force_peg_rl/logs/rl_games/Forge/2026-08-16_10-25-48/nn/Forge.pth,2,nominal,1002,False,timeout,149,37.64301300048828,0.003855174407362938,5.869888782501221,1.3453189134597778,0.0,0.01575862616300583,1.3165277242660522,0.01943502202630043,0.75,0.75,0.01972445659339428,0.34388330578804016
2026-08-16_10-25-48,/home/as22cq/Projects/Policy-RL-Peg_insertion/force_peg_rl/logs/rl_games/Forge/2026-08-16_10-25-48/nn/Forge.pth,2,nominal,1002,False,timeout,149,24.1873779296875,0.0074109286069869995,18.359161376953125,3.253048896789551,0.23333334922790527,0.01839020662009716,1.1747801303863525,0.022645199671387672,0.75,0.75,0.023847145959734917,0.5307522416114807
2026-08-16_10-25-48,/home/as22cq/Projects/Policy-RL-Peg_insertion/force_peg_rl/logs/rl_games/Forge/2026-08-16_10-25-48/nn/Forge.pth,2,nominal,1002,False,timeout,149,26.442562103271484,0.16607263684272766,4.261487007141113,0.5988008379936218,0.0,0.07667836546897888,-0.23434728384017944,0.018944377079606056,0.75,0.75,0.006309390068054199,-0.7669963836669922
2026-08-16_10-25-48,/home/as22cq/Projects/Policy-RL-Peg_insertion/force_peg_rl/logs/rl_games/Forge/2026-08-16_10-25-48/nn/Forge.pth,2,nominal,1002,False,timeout,149,75.78634643554688,0.001120012253522873,10.102126121520996,4.090192794799805,0.02500000223517418,0.016843430697917938,-0.31129899621009827,0.018863949924707413,0.75,0.75,0.01144767738878727,-0.6433558464050293
2026-08-16_10-25-48,/home/as22cq/Projects/Policy-RL-Peg_insertion/force_peg_rl/logs/rl_games/Forge/2026-08-16_10-25-48/nn/Forge.pth,2,nominal,1002,False,timeout,149,39.23305130004883,0.005458183586597443,6.775327205657959,1.0377702713012695,0.0,0.01827745884656906,1.1869232654571533,0.01667553372681141,0.75,0.75,0.02061265893280506,-0.4601648151874542
2026-08-16_10-25-48,/home/as22cq/Projects/Policy-RL-Peg_insertion/force_peg_rl/logs/rl_games/Forge/2026-08-16_10-25-48/nn/Forge.pth,2,nominal,1002,False,timeout,149,38.46902084350586,0.03220350295305252,9.055459022521973,2.2183494567871094,0.01666666753590107,0.012210537679493427,0.7142772674560547,0.016353605315089226,0.75,0.75,0.006426599342375994,0.5460515022277832
2026-08-16_10-25-48,/home/as22cq/Projects/Policy-RL-Peg_insertion/force_peg_rl/logs/rl_games/Forge/2026-08-16_10-25-48/nn/Forge.pth,2,nominal,1002,False,timeout,149,29.388219833374023,0.20067213475704193,7.308964252471924,1.4285178184509277,0.06666667014360428,0.09152132272720337,-0.22185276448726654,0.0231495201587677,0.75,0.75,0.018361076712608337,-0.6144851446151733
2026-08-16_10-25-48,/home/as22cq/Projects/Policy-RL-Peg_insertion/force_peg_rl/logs/rl_games/Forge/2026-08-16_10-25-48/nn/Forge.pth,2,nominal,1002,False,timeout,149,12.340825080871582,0.14259368181228638,16.81844711303711,0.9705345630645752,0.0833333358168602,0.10115016996860504,-1.4992685317993164,0.017960816621780396,0.75,0.75,0.024453148245811462,-0.4762102961540222
2026-08-16_10-25-48,/home/as22cq/Projects/Policy-RL-Peg_insertion/force_peg_rl/logs/rl_games/Forge/2026-08-16_10-25-48/nn/Forge.pth,2,nominal,1002,False,timeout,149,41.112857818603516,0.04441118240356445,7.401422500610352,1.1181600093841553,0.0,0.019067248329520226,0.6342088580131531,0.019579095765948296,0.75,0.75,0.020004894584417343,0.5039832592010498
2026-08-16_10-25-48,/home/as22cq/Projects/Policy-RL-Peg_insertion/force_peg_rl/logs/rl_games/Forge/2026-08-16_10-25-48/nn/Forge.pth,2,nominal,1002,False,timeout,149,33.00954055786133,0.05687496438622475,8.336892127990723,2.6896214485168457,0.32500001788139343,0.022493109107017517,0.49275705218315125,0.015213627368211746,0.75,0.75,0.019050033763051033,-0.4809843897819519
2026-08-16_10-25-48,/home/as22cq/Projects/Policy-RL-Peg_insertion/force_peg_rl/logs/rl_games/Forge/2026-08-16_10-25-48/nn/Forge.pth,2,nominal,1002,False,timeout,149,40.838172912597656,0.06543851643800735,12.021014213562012,1.2503942251205444,0.05000000447034836,0.01546864490956068,0.3098789155483246,0.02348879724740982,0.75,0.75,0.009959964081645012,0.6031556725502014
2026-08-16_10-25-48,/home/as22cq/Projects/Policy-RL-Peg_insertion/force_peg_rl/logs/rl_games/Forge/2026-08-16_10-25-48/nn/Forge.pth,2,nominal,1002,False,timeout,149,36.09209060668945,0.05252958461642265,6.765046119689941,0.5689530968666077,0.008333333767950535,0.03115079738199711,0.39798420667648315,0.018472418189048767,0.75,0.75,0.021738998591899872,0.2531190812587738
2026-08-16_10-25-48,/home/as22cq/Projects/Policy-RL-Peg_insertion/force_peg_rl/logs/rl_games/Forge/2026-08-16_10-25-48/nn/Forge.pth,2,nominal,1002,False,timeout,149,42.3619270324707,0.0067232511937618256,7.020543098449707,1.1387758255004883,0.0,0.020277945324778557,1.1187101602554321,0.01925172284245491,0.75,0.75,0.00961276050657034,0.052236493676900864
2026-08-16_10-25-48,/home/as22cq/Projects/Policy-RL-Peg_insertion/force_peg_rl/logs/rl_games/Forge/2026-08-16_10-25-48/nn/Forge.pth,2,nominal,1002,False,timeout,149,45.62831497192383,0.0029321759939193726,6.353826999664307,2.0289483070373535,0.0,0.017357494682073593,0.8755013942718506,0.019380442798137665,0.75,0.75,0.016822820529341698,0.6261430382728577
2026-08-16_10-25-48,/home/as22cq/Projects/Policy-RL-Peg_insertion/force_peg_rl/logs/rl_games/Forge/2026-08-16_10-25-48/nn/Forge.pth,2,nominal,1002,False,timeout,149,25.908140182495117,0.11861369013786316,13.976371765136719,0.5084930658340454,0.0416666679084301,0.07018020004034042,0.3579839766025543,0.016794543713331223,0.75,0.75,0.018017223104834557,0.46408531069755554
2026-08-16_10-25-48,/home/as22cq/Projects/Policy-RL-Peg_insertion/force_peg_rl/logs/rl_games/Forge/2026-08-16_10-25-48/nn/Forge.pth,2,nominal,1002,False,timeout,149,31.27235984802246,0.1219758689403534,13.330100059509277,1.7335084676742554,0.07500000298023224,0.11431106925010681,-0.08552436530590057,0.019242651760578156,0.75,0.75,0.022035354748368263,0.34101155400276184
2026-08-16_10-25-48,/home/as22cq/Projects/Policy-RL-Peg_insertion/force_peg_rl/logs/rl_games/Forge/2026-08-16_10-25-48/nn/Forge.pth,2,nominal,1002,False,timeout,149,35.549049377441406,0.040571026504039764,10.192703247070312,1.053284764289856,0.008333333767950535,0.029080254957079887,0.7602720260620117,0.015795283019542694,0.75,0.75,0.020367883145809174,0.34260889887809753
2026-08-16_10-25-48,/home/as22cq/Projects/Policy-RL-Peg_insertion/force_peg_rl/logs/rl_games/Forge/2026-08-16_10-25-48/nn/Forge.pth,2,nominal,1002,False,timeout,149,41.06177520751953,0.007093839347362518,9.258768081665039,0.2576344907283783,0.008333333767950535,0.020137926563620567,1.3650883436203003,0.019948218017816544,0.75,0.75,0.016364311799407005,-0.2797790467739105
2026-08-16_10-25-48,/home/as22cq/Projects/Policy-RL-Peg_insertion/force_peg_rl/logs/rl_games/Forge/2026-08-16_10-25-48/nn/Forge.pth,2,nominal,1002,False,timeout,149,76.42804718017578,0.0002246759831905365,4.847571849822998,2.0486483573913574,0.0,0.017221646383404732,0.13618041574954987,0.01647849753499031,0.75,0.75,0.012738442979753017,0.524593710899353
2026-08-16_10-25-48,/home/as22cq/Projects/Policy-RL-Peg_insertion/force_peg_rl/logs/rl_games/Forge/2026-08-16_10-25-48/nn/Forge.pth,2,nominal,1002,False,timeout,149,40.177406311035156,0.04700423404574394,8.177996635437012,2.723869800567627,0.0,0.017667002975940704,0.6264408230781555,0.022872261703014374,0.75,0.75,0.0053299725987017155,0.7188141345977783
