run_id,checkpoint,training_seed,evaluation_suite,episode_seed,success,termination_reason,episode_steps,episode_return,final_insertion_depth,max_contact_force,mean_contact_force,force_above_threshold_duration,lateral_error_final,orientation_error_final,peg_mass,peg_friction,socket_friction,initial_xy_offset,initial_orientation_error
2026-08-13_11-13-50,/home/as22cq/Projects/Policy-RL-Peg_insertion/force_peg_rl/logs/rl_games/Forge/2026-08-13_11-13-50/nn/last_Forge_ep_500_rew_170.61963.pth,2,nominal,1000,False,timeout,149,38.843345642089844,0.031651392579078674,17.695234298706055,12.005377769470215,1.1416667699813843,0.013939015567302704,2.6456573009490967,0.023561738431453705,0.75,0.75,0.01671551913022995,0.7032023668289185
2026-08-13_11-13-50,/home/as22cq/Projects/Policy-RL-Peg_insertion/force_peg_rl/logs/rl_games/Forge/2026-08-13_11-13-50/nn/last_Forge_ep_500_rew_170.61963.pth,2,nominal,1000,True,success,149,406.02880859375,0.0008458234369754791,11.258099555969238,8.727770805358887,0.9416667222976685,0.0005879301461391151,2.5573763847351074,0.017124135047197342,0.75,0.75,0.008148709312081337,0.36910954117774963
2026-08-13_11-13-50,/home/as22cq/Projects/Policy-RL-Peg_insertion/force_peg_rl/logs/rl_games/Forge/2026-08-13_11-13-50/nn/last_Forge_ep_500_rew_170.61963.pth,2,nominal,1000,False,timeout,149,31.970314025878906,0.032266706228256226,22.354694366455078,13.407221794128418,1.183333396911621,0.003299382282420993,1.736779808998108,0.014178655110299587,0.75,0.75,0.023647740483283997,0.1123204231262207
2026-08-13_11-13-50,/home/as22cq/Projects/Policy-RL-Peg_insertion/force_peg_rl/logs/rl_games/Forge/2026-08-13_11-13-50/nn/last_Forge_ep_500_rew_170.61963.pth,2,nominal,1000,False,timeout,149,53.14037322998047,0.048871610313653946,13.86115837097168,8.84028148651123,0.9666666984558105,0.04085484519600868,2.6380980014801025,0.014822219498455524,0.75,0.75,0.014952776953577995,-0.2009725421667099
2026-08-13_11-13-50,/home/as22cq/Projects/Policy-RL-Peg_insertion/force_peg_rl/logs/rl_games/Forge/2026-08-13_11-13-50/nn/last_Forge_ep_500_rew_170.61963.pth,2,nominal,1000,False,timeout,149,34.833675384521484,0.06233940273523331,22.801267623901367,13.836907386779785,1.1083333492279053,0.11676961928606033,2.941204786300659,0.015191162936389446,0.75,0.75,0.018248779699206352,0.5954028964042664
2026-08-13_11-13-50,/home/as22cq/Projects/Policy-RL-Peg_insertion/force_peg_rl/logs/rl_games/Forge/2026-08-13_11-13-50/nn/last_Forge_ep_500_rew_170.61963.pth,2,nominal,1000,False,timeout,149,230.39572143554688,0.01097855158150196,19.38941192626953,12.811483383178711,1.1416667699813843,0.0005568576161749661,0.9150922298431396,0.02277202531695366,0.75,0.75,0.018479695543646812,-0.7605499029159546
2026-08-13_11-13-50,/home/as22cq/Projects/Policy-RL-Peg_insertion/force_peg_rl/logs/rl_games/Forge/2026-08-13_11-13-50/nn/last_Forge_ep_500_rew_170.61963.pth,2,nominal,1000,True,success,149,325.5489196777344,0.00021263957023620605,18.142986297607422,12.878998756408691,1.1166666746139526,0.0007985862321220338,1.8958027362823486,0.01734333485364914,0.75,0.75,0.013883262872695923,-0.4561724364757538
2026-08-13_11-13-50,/home/as22cq/Projects/Policy-RL-Peg_insertion/force_peg_rl/logs/rl_games/Forge/2026-08-13_11-13-50/nn/last_Forge_ep_500_rew_170.61963.pth,2,nominal,1000,False,timeout,149,103.37916564941406,0.030028045177459717,11.50275707244873,7.8918938636779785,1.158333420753479,0.010526892729103565,0.4640239179134369,0.015605839900672436,0.75,0.75,0.021147767081856728,-0.5716313123703003
2026-08-13_11-13-50,/home/as22cq/Projects/Policy-RL-Peg_insertion/force_peg_rl/logs/rl_games/Forge/2026-08-13_11-13-50/nn/last_Forge_ep_500_rew_170.61963.pth,2,nominal,1000,False,timeout,149,29.761484146118164,0.06395356357097626,25.715036392211914,15.108963966369629,0.9750000238418579,0.020053481683135033,0.2196531891822815,0.01608586497604847,0.75,0.75,0.02124195732176304,0.4941501319408417
2026-08-13_11-13-50,/home/as22cq/Projects/Policy-RL-Peg_insertion/force_peg_rl/logs/rl_games/Forge/2026-08-13_11-13-50/nn/last_Forge_ep_500_rew_170.61963.pth,2,nominal,1000,True,success,149,338.4305114746094,0.0002614269033074379,19.24481773376465,12.887767791748047,1.058333396911621,0.000769256439525634,1.3099528551101685,0.01495019905269146,0.75,0.75,0.019088279455900192,-0.26723089814186096
2026-08-13_11-13-50,/home/as22cq/Projects/Policy-RL-Peg_insertion/force_peg_rl/logs/rl_games/Forge/2026-08-13_11-13-50/nn/last_Forge_ep_500_rew_170.61963.pth,2,nominal,1000,False,timeout,149,39.69111251831055,0.039107367396354675,22.852027893066406,13.772469520568848,1.125,0.016018323600292206,2.8553149700164795,0.018377695232629776,0.75,0.75,0.014740400947630405,0.10799532383680344
2026-08-13_11-13-50,/home/as22cq/Projects/Policy-RL-Peg_insertion/force_peg_rl/logs/rl_games/Forge/2026-08-13_11-13-50/nn/last_Forge_ep_500_rew_170.61963.pth,2,nominal,1000,False,timeout,149,198.17938232421875,0.013106431812047958,15.140201568603516,10.893012046813965,1.008333444595337,0.0010068085975944996,2.290252685546875,0.022335082292556763,0.75,0.75,0.017694538459181786,0.3291117548942566
2026-08-13_11-13-50,/home/as22cq/Projects/Policy-RL-Peg_insertion/force_peg_rl/logs/rl_games/Forge/2026-08-13_11-13-50/nn/last_Forge_ep_500_rew_170.61963.pth,2,nominal,1000,False,timeout,149,91.33661651611328,0.0434439480304718,14.391678810119629,8.86875057220459,0.9500000476837158,0.004705826286226511,0.24764491617679596,0.020029595121741295,0.75,0.75,0.015316269360482693,-0.7804366946220398
2026-08-13_11-13-50,/home/as22cq/Projects/Policy-RL-Peg_insertion/force_peg_rl/logs/rl_games/Forge/2026-08-13_11-13-50/nn/last_Forge_ep_500_rew_170.61963.pth,2,nominal,1000,False,timeout,149,231.5395050048828,0.008567843586206436,23.059555053710938,15.83279800415039,1.1500000953674316,0.0007220122497528791,1.394992709159851,0.021023107692599297,0.75,0.75,0.009634340181946754,-0.2115703970193863
2026-08-13_11-13-50,/home/as22cq/Projects/Policy-RL-Peg_insertion/force_peg_rl/logs/rl_games/Forge/2026-08-13_11-13-50/nn/last_Forge_ep_500_rew_170.61963.pth,2,nominal,1000,False,timeout,149,207.00741577148438,0.009773865342140198,23.108978271484375,12.452792167663574,1.158333420753479,0.000685183797031641,1.4984277486801147,0.022172287106513977,0.75,0.75,0.012548491358757019,-0.137803852558136
2026-08-13_11-13-50,/home/as22cq/Projects/Policy-RL-Peg_insertion/force_peg_rl/logs/rl_games/Forge/2026-08-13_11-13-50/nn/last_Forge_ep_500_rew_170.61963.pth,2,nominal,1000,False,timeout,149,208.7917938232422,0.011007651686668396,47.63090896606445,16.75568389892578,1.158333420753479,0.0007566445856355131,1.7363137006759644,0.01987394317984581,0.75,0.75,0.022480687126517296,-0.10681559145450592
2026-08-13_11-13-50,/home/as22cq/Projects/Policy-RL-Peg_insertion/force_peg_rl/logs/rl_games/Forge/2026-08-13_11-13-50/nn/last_Forge_ep_500_rew_170.61963.pth,2,nominal,1000,False,timeout,149,206.69451904296875,0.017741769552230835,20.762386322021484,13.476301193237305,1.1750000715255737,0.0016110972501337528,1.7413303852081299,0.016976987943053246,0.75,0.75,0.017675256356596947,0.7056381702423096
2026-08-13_11-13-50,/home/as22cq/Projects/Policy-RL-Peg_insertion/force_peg_rl/logs/rl_games/Forge/2026-08-13_11-13-50/nn/last_Forge_ep_500_rew_170.61963.pth,2,nominal,1000,False,timeout,149,231.98741149902344,0.0071624815464019775,16.15556526184082,10.846141815185547,0.98333340883255,0.0007003010832704604,2.5552966594696045,0.023760249838232994,0.75,0.75,0.020208759233355522,0.34764203429222107
2026-08-13_11-13-50,/home/as22cq/Projects/Policy-RL-Peg_insertion/force_peg_rl/logs/rl_games/Forge/2026-08-13_11-13-50/nn/last_Forge_ep_500_rew_170.61963.pth,2,nominal,1000,True,success,149,261.262451171875,0.0001765117049217224,23.244253158569336,15.49256420135498,1.0500000715255737,0.000727649312466383,2.309859275817871,0.016569796949625015,0.75,0.75,0.015312105417251587,0.7492011189460754
2026-08-13_11-13-50,/home/as22cq/Projects/Policy-RL-Peg_insertion/force_peg_rl/logs/rl_games/Forge/2026-08-13_11-13-50/nn/last_Forge_ep_500_rew_170.61963.pth,2,nominal,1000,True,success,149,272.38653564453125,0.000316523015499115,32.83735656738281,14.628422737121582,1.1416667699813843,0.0006750694592483342,1.268926978111267,0.015117974020540714,0.75,0.75,0.02137409895658493,0.21661613881587982
2026-08-13_11-13-50,/home/as22cq/Projects/Policy-RL-Peg_insertion/force_peg_rl/logs/rl_games/Forge/2026-08-13_11-13-50/nn/last_Forge_ep_500_rew_170.61963.pth,2,nominal,1000,False,timeout,149,212.0373992919922,0.007493250072002411,27.139352798461914,12.620597839355469,1.058333396911621,0.0009800167754292488,1.9467220306396484,0.014010193757712841,0.75,0.75,0.015321405604481697,-0.5128018260002136
2026-08-13_11-13-50,/home/as22cq/Projects/Policy-RL-Peg_insertion/force_peg_rl/logs/rl_games/Forge/2026-08-13_11-13-50/nn/last_Forge_ep_500_rew_170.61963.pth,2,nominal,1000,False,timeout,149,180.51495361328125,0.03128169849514961,25.20623016357422,11.608758926391602,1.0500000715255737,0.002065255306661129,0.5415487289428711,0.02174752950668335,0.75,0.75,0.02025887742638588,-0.6327519416809082
2026-08-13_11-13-50,/home/as22cq/Projects/Policy-RL-Peg_insertion/force_peg_rl/logs/rl_games/Forge/2026-08-13_11-13-50/nn/last_Forge_ep_500_rew_170.61963.pth,2,nominal,1000,False,timeout,149,226.5480194091797,0.008778050541877747,29.425312042236328,12.037047386169434,0.9750000238418579,0.0008811026928015053,2.1957316398620605,0.017311863601207733,0.75,0.75,0.007682320196181536,-0.4939928650856018
2026-08-13_11-13-50,/home/as22cq/Projects/Policy-RL-Peg_insertion/force_peg_rl/logs/rl_games/Forge/2026-08-13_11-13-50/nn/last_Forge_ep_500_rew_170.61963.pth,2,nominal,1000,False,timeout,149,80.6788558959961,0.040350936353206635,22.51719093322754,11.334714889526367,1.033333420753479,0.014936201274394989,0.48884791135787964,0.020803755149245262,0.75,0.75,0.018430469557642937,0.4884280562400818
2026-08-13_11-13-50,/home/as22cq/Projects/Policy-RL-Peg_insertion/force_peg_rl/logs/rl_games/Forge/2026-08-13_11-13-50/nn/last_Forge_ep_500_rew_170.61963.pth,2,nominal,1000,False,timeout,149,55.38027572631836,0.06594875454902649,21.90699577331543,8.981059074401855,1.0,0.025984851643443108,3.018209218978882,0.015124655328691006,0.75,0.75,0.01683112047612667,0.37920117378234863
2026-08-13_11-13-50,/home/as22cq/Projects/Policy-RL-Peg_insertion/force_peg_rl/logs/rl_games/Forge/2026-08-13_11-13-50/nn/last_Forge_ep_500_rew_170.61963.pth,2,nominal,1000,False,timeout,149,71.71117401123047,0.01146693155169487,25.05451202392578,12.049145698547363,1.100000023841858,0.368825227022171,1.8293368816375732,0.01879996247589588,0.75,0.75,0.00936125684529543,0.27571365237236023
2026-08-13_11-13-50,/home/as22cq/Projects/Policy-RL-Peg_insertion/force_peg_rl/logs/rl_games/Forge/2026-08-13_11-13-50/nn/last_Forge_ep_500_rew_170.61963.pth,2,nominal,1000,False,timeout,149,209.8329620361328,0.013976402580738068,43.099857330322266,20.586280822753906,1.1666667461395264,0.0008587668417021632,1.376258134841919,0.015738019719719887,0.75,0.75,0.013880397193133831,0.12686221301555634
2026-08-13_11-13-50,/home/as22cq/Projects/Policy-RL-Peg_insertion/force_peg_rl/logs/rl_games/Forge/2026-08-13_11-13-50/nn/last_Forge_ep_500_rew_170.61963.pth,2,nominal,1000,False,timeout,149,195.19970703125,0.014321461319923401,19.886611938476562,13.782896995544434,1.1916667222976685,0.0007834494463168085,1.4663349390029907,0.019555186852812767,0.75,0.75,0.008305797353386879,0.0697137787938118
2026-08-13_11-13-50,/home/as22cq/Projects/Policy-RL-Peg_insertion/force_peg_rl/logs/rl_games/Forge/2026-08-13_11-13-50/nn/last_Forge_ep_500_rew_170.61963.pth,2,nominal,1000,False,timeout,149,223.91000366210938,0.006981153041124344,28.59173583984375,16.97181510925293,1.1750000715255737,0.0007009583641774952,1.1372127532958984,0.02124733291566372,0.75,0.75,0.007223862688988447,-0.6261898875236511
2026-08-13_11-13-50,/home/as22cq/Projects/Policy-RL-Peg_insertion/force_peg_rl/logs/rl_games/Forge/2026-08-13_11-13-50/nn/last_Forge_ep_500_rew_170.61963.pth,2,nominal,1000,False,timeout,149,89.8260498046875,0.028912372887134552,16.12285804748535,11.847879409790039,1.1416667699813843,0.007290055975317955,0.8912408947944641,0.01970910094678402,0.75,0.75,0.007939568720757961,-0.4622341990470886
2026-08-13_11-13-50,/home/as22cq/Projects/Policy-RL-Peg_insertion/force_peg_rl/logs/rl_games/Forge/2026-08-13_11-13-50/nn/last_Forge_ep_500_rew_170.61963.pth,2,nominal,1000,False,timeout,149,50.377471923828125,0.025791656225919724,23.361894607543945,12.100924491882324,0.9250000715255737,0.004203351680189371,1.1463085412979126,0.02351207286119461,0.75,0.75,0.01979965902864933,0.24725523591041565
2026-08-13_11-13-50,/home/as22cq/Projects/Policy-RL-Peg_insertion/force_peg_rl/logs/rl_games/Forge/2026-08-13_11-13-50/nn/last_Forge_ep_500_rew_170.61963.pth,2,nominal,1000,False,timeout,149,35.96379852294922,0.024921521544456482,20.625804901123047,11.766975402832031,1.1666667461395264,0.0028245022986084223,1.8985388278961182,0.01648496463894844,0.75,0.75,0.017878403887152672,0.7256836891174316
2026-08-13_11-13-50,/home/as22cq/Projects/Policy-RL-Peg_insertion/force_peg_rl/logs/rl_games/Forge/2026-08-13_11-13-50/nn/last_Forge_ep_500_rew_170.61963.pth,2,nominal,1000,False,timeout,149,30.059106826782227,0.050565898418426514,19.47998809814453,12.660452842712402,1.1166666746139526,0.10009175539016724,1.6290130615234375,0.01584630087018013,0.75,0.75,0.011824360117316246,-0.6743318438529968
2026-08-13_11-13-50,/home/as22cq/Projects/Policy-RL-Peg_insertion/force_peg_rl/logs/rl_games/Forge/2026-08-13_11-13-50/nn/last_Forge_ep_500_rew_170.61963.pth,2,nominal,1000,False,timeout,149,37.94511413574219,0.06496299803256989,18.778364181518555,7.427193641662598,0.5916666984558105,0.030644595623016357,2.49212908744812,0.022326525300741196,0.75,0.75,0.018539348617196083,0.5196216702461243
2026-08-13_11-13-50,/home/as22cq/Projects/Policy-RL-Peg_insertion/force_peg_rl/logs/rl_games/Forge/2026-08-13_11-13-50/nn/last_Forge_ep_500_rew_170.61963.pth,2,nominal,1000,False,timeout,149,245.5701904296875,0.004018591716885567,34.711822509765625,17.285310745239258,1.1500000953674316,0.0008284344803541899,2.388732433319092,0.023398861289024353,0.75,0.75,0.017740091308951378,0.14715668559074402
2026-08-13_11-13-50,/home/as22cq/Projects/Policy-RL-Peg_insertion/force_peg_rl/logs/rl_games/Forge/2026-08-13_11-13-50/nn/last_Forge_ep_500_rew_170.61963.pth,2,nominal,1000,True,success,149,281.3899841308594,0.00020964816212654114,25.183332443237305,12.55031967163086,1.1083333492279053,0.0007980606169439852,2.213651657104492,0.02174619771540165,0.75,0.75,0.021507401019334793,0.24911685287952423
2026-08-13_11-13-50,/home/as22cq/Projects/Policy-RL-Peg_insertion/force_peg_rl/logs/rl_games/Forge/2026-08-13_11-13-50/nn/last_Forge_ep_500_rew_170.61963.pth,2,nominal,1000,True,success,149,324.2467346191406,0.0017309077084064484,14.901518821716309,6.977649688720703,0.8916667103767395,0.0008848430588841438,1.878386378288269,0.01563699170947075,0.75,0.75,0.0176797304302454,0.26284798979759216
2026-08-13_11-13-50,/home/as22cq/Projects/Policy-RL-Peg_insertion/force_peg_rl/logs/rl_games/Forge/2026-08-13_11-13-50/nn/last_Forge_ep_500_rew_170.61963.pth,2,nominal,1000,False,timeout,149,35.40381622314453,0.09141236543655396,9.992687225341797,6.616514682769775,0.7250000238418579,0.04140375182032585,2.66888427734375,0.01573294587433338,0.75,0.75,0.02198193036019802,0.6111094951629639
2026-08-13_11-13-50,/home/as22cq/Projects/Policy-RL-Peg_insertion/force_peg_rl/logs/rl_games/Forge/2026-08-13_11-13-50/nn/last_Forge_ep_500_rew_170.61963.pth,2,nominal,1000,False,timeout,149,33.626136779785156,0.02984645590186119,20.39710235595703,9.91058349609375,0.7416667342185974,0.09019703418016434,2.8490052223205566,0.014003502205014229,0.75,0.75,0.012955267913639545,-0.5995081067085266
2026-08-13_11-13-50,/home/as22cq/Projects/Policy-RL-Peg_insertion/force_peg_rl/logs/rl_games/Forge/2026-08-13_11-13-50/nn/last_Forge_ep_500_rew_170.61963.pth,2,nominal,1000,True,success,149,392.67047119140625,0.00016377493739128113,13.655502319335938,6.120394706726074,0.9000000357627869,0.0005949754850007594,2.154304027557373,0.02039811573922634,0.75,0.75,0.005036104936152697,0.553692102432251
2026-08-13_11-13-50,/home/as22cq/Projects/Policy-RL-Peg_insertion/force_peg_rl/logs/rl_games/Forge/2026-08-13_11-13-50/nn/last_Forge_ep_500_rew_170.61963.pth,2,nominal,1000,True,success,149,406.89752197265625,0.0002727806568145752,19.622323989868164,14.680421829223633,1.1750000715255737,0.0008234275155700743,1.7944412231445312,0.020300574600696564,0.75,0.75,0.00431095901876688,-0.09634539484977722
2026-08-13_11-13-50,/home/as22cq/Projects/Policy-RL-Peg_insertion/force_peg_rl/logs/rl_games/Forge/2026-08-13_11-13-50/nn/last_Forge_ep_500_rew_170.61963.pth,2,nominal,1000,False,timeout,149,234.87648010253906,0.003964588046073914,37.952659606933594,19.649173736572266,1.1166666746139526,0.0008698817109689116,2.2832133769989014,0.016163671389222145,0.75,0.75,0.00822652317583561,0.26826703548431396
2026-08-13_11-13-50,/home/as22cq/Projects/Policy-RL-Peg_insertion/force_peg_rl/logs/rl_games/Forge/2026-08-13_11-13-50/nn/last_Forge_ep_500_rew_170.61963.pth,2,nominal,1000,False,timeout,149,95.0398178100586,0.05114851891994476,15.475296020507812,10.845669746398926,0.9583333730697632,0.019875479862093925,0.32215356826782227,0.017122630029916763,0.75,0.75,0.018836958333849907,-0.18231983482837677
2026-08-13_11-13-50,/home/as22cq/Projects/Policy-RL-Peg_insertion/force_peg_rl/logs/rl_games/Forge/2026-08-13_11-13-50/nn/last_Forge_ep_500_rew_170.61963.pth,2,nominal,1000,False,timeout,149,81.13362884521484,0.05159392207860947,14.005066871643066,9.88260555267334,1.0416667461395264,0.025680549442768097,2.4315032958984375,0.014354829676449299,0.75,0.75,0.017511136829853058,-0.36224284768104553
2026-08-13_11-13-50,/home/as22cq/Projects/Policy-RL-Peg_insertion/force_peg_rl/logs/rl_games/Forge/2026-08-13_11-13-50/nn/last_Forge_ep_500_rew_170.61963.pth,2,nominal,1000,False,timeout,149,202.96295166015625,0.017729133367538452,27.419858932495117,16.495180130004883,1.1500000953674316,0.0009239630890078843,0.7655274868011475,0.01863621547818184,0.75,0.75,0.006828145124018192,-0.2768303155899048
2026-08-13_11-13-50,/home/as22cq/Projects/Policy-RL-Peg_insertion/force_peg_rl/logs/rl_games/Forge/2026-08-13_11-13-50/nn/last_Forge_ep_500_rew_170.61963.pth,2,nominal,1000,False,timeout,149,197.23451232910156,0.018279846757650375,27.141820907592773,17.439008712768555,1.1666667461395264,0.000893705990165472,1.0869218111038208,0.018752261996269226,0.75,0.75,0.016032904386520386,-0.5150390267372131
2026-08-13_11-13-50,/home/as22cq/Projects/Policy-RL-Peg_insertion/force_peg_rl/logs/rl_games/Forge/2026-08-13_11-13-50/nn/last_Forge_ep_500_rew_170.61963.pth,2,nominal,1000,True,success,149,272.8130187988281,1.2606382369995117e-05,23.08655548095703,10.017573356628418,0.7583333849906921,0.0005613623652607203,1.6959010362625122,0.015378267504274845,0.75,0.75,0.00031635010964237154,-0.4822777211666107
2026-08-13_11-13-50,/home/as22cq/Projects/Policy-RL-Peg_insertion/force_peg_rl/logs/rl_games/Forge/2026-08-13_11-13-50/nn/last_Forge_ep_500_rew_170.61963.pth,2,nominal,1000,False,timeout,149,65.63026428222656,0.03192976489663124,20.973997116088867,12.986679077148438,1.0833333730697632,0.016067201271653175,0.6055592894554138,0.014141926541924477,0.75,0.75,0.006866457872092724,-0.336221307516098
2026-08-13_11-13-50,/home/as22cq/Projects/Policy-RL-Peg_insertion/force_peg_rl/logs/rl_games/Forge/2026-08-13_11-13-50/nn/last_Forge_ep_500_rew_170.61963.pth,2,nominal,1000,False,timeout,149,85.15283203125,0.09201589226722717,17.976850509643555,9.960844993591309,1.0,0.023180227726697922,2.7937021255493164,0.018745511770248413,0.75,0.75,0.024047987535595894,0.6444141268730164
2026-08-13_11-13-50,/home/as22cq/Projects/Policy-RL-Peg_insertion/force_peg_rl/logs/rl_games/Forge/2026-08-13_11-13-50/nn/last_Forge_ep_500_rew_170.61963.pth,2,nominal,1000,False,timeout,149,76.22493743896484,0.04736277461051941,47.29154586791992,16.24690818786621,1.0166667699813843,0.050424981862306595,2.805781602859497,0.0173479113727808,0.75,0.75,0.009062601253390312,-0.15511783957481384
2026-08-13_11-13-50,/home/as22cq/Projects/Policy-RL-Peg_insertion/force_peg_rl/logs/rl_games/Forge/2026-08-13_11-13-50/nn/last_Forge_ep_500_rew_170.61963.pth,2,nominal,1000,False,timeout,149,211.38668823242188,0.01090344786643982,29.143512725830078,14.698541641235352,1.0166667699813843,0.0011543779401108623,1.3054512739181519,0.01403332781046629,0.75,0.75,0.005143217276781797,-0.5621067881584167
2026-08-13_11-13-50,/home/as22cq/Projects/Policy-RL-Peg_insertion/force_peg_rl/logs/rl_games/Forge/2026-08-13_11-13-50/nn/last_Forge_ep_500_rew_170.61963.pth,2,nominal,1000,False,timeout,149,64.58773803710938,0.024629592895507812,27.153507232666016,10.617546081542969,0.6500000357627869,0.018327347934246063,1.571833610534668,0.018756166100502014,0.75,0.75,0.010409687645733356,0.5376743078231812
2026-08-13_11-13-50,/home/as22cq/Projects/Policy-RL-Peg_insertion/force_peg_rl/logs/rl_games/Forge/2026-08-13_11-13-50/nn/last_Forge_ep_500_rew_170.61963.pth,2,nominal,1000,False,timeout,149,248.24191284179688,0.005079250782728195,30.597888946533203,19.03436851501465,1.1750000715255737,0.0008712592534720898,2.4056756496429443,0.02340727485716343,0.75,0.75,0.01523620169609785,-0.31428906321525574
2026-08-13_11-13-50,/home/as22cq/Projects/Policy-RL-Peg_insertion/force_peg_rl/logs/rl_games/Forge/2026-08-13_11-13-50/nn/last_Forge_ep_500_rew_170.61963.pth,2,nominal,1000,False,timeout,149,63.5108642578125,0.25191134214401245,14.21866226196289,6.094463348388672,0.6166666746139526,0.025745587423443794,0.8368250131607056,0.022075120359659195,0.75,0.75,0.018452828750014305,-0.513257622718811
2026-08-13_11-13-50,/home/as22cq/Projects/Policy-RL-Peg_insertion/force_peg_rl/logs/rl_games/Forge/2026-08-13_11-13-50/nn/last_Forge_ep_500_rew_170.61963.pth,2,nominal,1000,True,success,149,349.0393371582031,0.0001851152628660202,16.88482666015625,8.142342567443848,0.5166667103767395,0.0008044625865295529,3.0882484912872314,0.015387878753244877,0.75,0.75,0.0012650977587327361,0.562414288520813
2026-08-13_11-13-50,/home/as22cq/Projects/Policy-RL-Peg_insertion/force_peg_rl/logs/rl_games/Forge/2026-08-13_11-13-50/nn/last_Forge_ep_500_rew_170.61963.pth,2,nominal,1000,False,timeout,149,201.78372192382812,0.017880544066429138,22.376802444458008,12.37304401397705,1.0916666984558105,0.0011930187465623021,1.4532663822174072,0.022252220660448074,0.75,0.75,0.016547856852412224,0.2977694571018219
2026-08-13_11-13-50,/home/as22cq/Projects/Policy-RL-Peg_insertion/force_peg_rl/logs/rl_games/Forge/2026-08-13_11-13-50/nn/last_Forge_ep_500_rew_170.61963.pth,2,nominal,1000,True,success,149,228.9600067138672,0.00018216297030448914,21.50369644165039,13.151851654052734,1.058333396911621,0.000718592491466552,1.7029476165771484,0.016298748552799225,0.75,0.75,0.010977409780025482,-0.5985468029975891
2026-08-13_11-13-50,/home/as22cq/Projects/Policy-RL-Peg_insertion/force_peg_rl/logs/rl_games/Forge/2026-08-13_11-13-50/nn/last_Forge_ep_500_rew_170.61963.pth,2,nominal,1000,True,success,149,232.5675506591797,0.00012185424566268921,37.1553955078125,14.975374221801758,1.1666667461395264,0.0005449587479233742,2.2642478942871094,0.015881797298789024,0.75,0.75,0.001004559569992125,-0.3111740052700043
2026-08-13_11-13-50,/home/as22cq/Projects/Policy-RL-Peg_insertion/force_peg_rl/logs/rl_games/Forge/2026-08-13_11-13-50/nn/last_Forge_ep_500_rew_170.61963.pth,2,nominal,1000,True,success,149,396.9646911621094,0.00017188489437103271,19.987417221069336,15.620416641235352,1.1750000715255737,0.0007024043006822467,2.453674793243408,0.020506881177425385,0.75,0.75,0.0052452669478952885,0.23343375325202942
2026-08-13_11-13-50,/home/as22cq/Projects/Policy-RL-Peg_insertion/force_peg_rl/logs/rl_games/Forge/2026-08-13_11-13-50/nn/last_Forge_ep_500_rew_170.61963.pth,2,nominal,1000,True,success,149,289.6742248535156,0.0003222450613975525,16.66282081604004,11.892105102539062,1.0416667461395264,0.0008674236596561968,1.7029855251312256,0.02275972068309784,0.75,0.75,0.023412443697452545,-0.6498783230781555
2026-08-13_11-13-50,/home/as22cq/Projects/Policy-RL-Peg_insertion/force_peg_rl/logs/rl_games/Forge/2026-08-13_11-13-50/nn/last_Forge_ep_500_rew_170.61963.pth,2,nominal,1000,False,timeout,149,48.08371353149414,0.05315839499235153,14.97391414642334,9.24657917022705,1.0833333730697632,0.038614898920059204,0.3522660434246063,0.01545441523194313,0.75,0.75,0.019387586042284966,-0.5489272475242615
2026-08-13_11-13-50,/home/as22cq/Projects/Policy-RL-Peg_insertion/force_peg_rl/logs/rl_games/Forge/2026-08-13_11-13-50/nn/last_Forge_ep_500_rew_170.61963.pth,2,nominal,1000,True,success,149,406.5663146972656,0.0002704150974750519,16.423372268676758,11.101582527160645,1.1083333492279053,0.0005313106812536716,2.240953207015991,0.015694985166192055,0.75,0.75,0.016368405893445015,0.5531549453735352
2026-08-13_11-13-50,/home/as22cq/Projects/Policy-RL-Peg_insertion/force_peg_rl/logs/rl_games/Forge/2026-08-13_11-13-50/nn/last_Forge_ep_500_rew_170.61963.pth,2,nominal,1000,False,timeout,149,225.0630340576172,0.0011858828365802765,21.51259994506836,12.283275604248047,1.0750000476837158,0.0007607885636389256,1.6071544885635376,0.016468822956085205,0.75,0.75,0.016171017661690712,0.044991713017225266
2026-08-13_11-13-50,/home/as22cq/Projects/Policy-RL-Peg_insertion/force_peg_rl/logs/rl_games/Forge/2026-08-13_11-13-50/nn/last_Forge_ep_500_rew_170.61963.pth,2,nominal,1000,False,timeout,149,36.32326126098633,0.03313326835632324,23.325037002563477,12.200364112854004,1.1416667699813843,0.008587630465626717,2.5188121795654297,0.019007405266165733,0.75,0.75,0.016064055263996124,0.47414377331733704
2026-08-13_11-13-50,/home/as22cq/Projects/Policy-RL-Peg_insertion/force_peg_rl/logs/rl_games/Forge/2026-08-13_11-13-50/nn/last_Forge_ep_500_rew_170.61963.pth,2,nominal,1000,False,timeout,149,32.23533630371094,-0.020011845976114273,42.82605743408203,17.242094039916992,0.9666666984558105,0.04771176725625992,1.3531996011734009,0.018118543550372124,0.75,0.75,0.01802942156791687,0.7498461008071899
2026-08-13_11-13-50,/home/as22cq/Projects/Policy-RL-Peg_insertion/force_peg_rl/logs/rl_games/Forge/2026-08-13_11-13-50/nn/last_Forge_ep_500_rew_170.61963.pth,2,nominal,1000,False,timeout,149,29.667951583862305,0.0685870498418808,41.5481071472168,15.56568717956543,1.1083333492279053,0.04398993402719498,0.6078624129295349,0.01966632716357708,0.75,0.75,0.007557578384876251,-0.09815933555364609
2026-08-13_11-13-50,/home/as22cq/Projects/Policy-RL-Peg_insertion/force_peg_rl/logs/rl_games/Forge/2026-08-13_11-13-50/nn/last_Forge_ep_500_rew_170.61963.pth,2,nominal,1000,False,timeout,149,32.097991943359375,0.0007611364126205444,20.06203269958496,9.542484283447266,0.8250000476837158,0.026928069069981575,1.00957190990448,0.023308061063289642,0.75,0.75,0.012412076815962791,-0.5530489087104797
2026-08-13_11-13-50,/home/as22cq/Projects/Policy-RL-Peg_insertion/force_peg_rl/logs/rl_games/Forge/2026-08-13_11-13-50/nn/last_Forge_ep_500_rew_170.61963.pth,2,nominal,1000,False,timeout,149,26.657039642333984,0.01184089109301567,42.571632385253906,18.9835262298584,1.0250000953674316,0.03468901664018631,1.707024335861206,0.0215561892837286,0.75,0.75,0.01169957872480154,0.7156596779823303
2026-08-13_11-13-50,/home/as22cq/Projects/Policy-RL-Peg_insertion/force_peg_rl/logs/rl_games/Forge/2026-08-13_11-13-50/nn/last_Forge_ep_500_rew_170.61963.pth,2,nominal,1000,False,timeout,149,28.101011276245117,-0.02667626366019249,26.33832550048828,10.871126174926758,0.7583333849906921,0.034297481179237366,0.6088381409645081,0.020947342738509178,0.75,0.75,0.014580048620700836,-0.5432584285736084
2026-08-13_11-13-50,/home/as22cq/Projects/Policy-RL-Peg_insertion/force_peg_rl/logs/rl_games/Forge/2026-08-13_11-13-50/nn/last_Forge_ep_500_rew_170.61963.pth,2,nominal,1000,False,timeout,149,25.76869010925293,0.16776195168495178,13.168922424316406,5.81941032409668,0.2083333432674408,0.04195564240217209,0.6173880100250244,0.01947927102446556,0.75,0.75,0.020112982019782066,-0.3255522549152374
2026-08-13_11-13-50,/home/as22cq/Projects/Policy-RL-Peg_insertion/force_peg_rl/logs/rl_games/Forge/2026-08-13_11-13-50/nn/last_Forge_ep_500_rew_170.61963.pth,2,nominal,1000,False,timeout,149,31.95526123046875,0.042168669402599335,19.0776309967041,9.270478248596191,0.7083333730697632,0.015931911766529083,0.5556870102882385,0.023776449263095856,0.75,0.75,0.008903895504772663,-0.46175509691238403
2026-08-13_11-13-50,/home/as22cq/Projects/Policy-RL-Peg_insertion/force_peg_rl/logs/rl_games/Forge/2026-08-13_11-13-50/nn/last_Forge_ep_500_rew_170.61963.pth,2,nominal,1000,False,timeout,149,34.16083526611328,0.002364741638302803,13.291803359985352,8.184836387634277,0.5416666865348816,0.020453406497836113,1.1670416593551636,0.020117316395044327,0.75,0.75,0.010707366280257702,-0.48739689588546753
2026-08-13_11-13-50,/home/as22cq/Projects/Policy-RL-Peg_insertion/force_peg_rl/logs/rl_games/Forge/2026-08-13_11-13-50/nn/last_Forge_ep_500_rew_170.61963.pth,2,nominal,1000,False,timeout,149,32.555843353271484,-0.022397566586732864,10.087903022766113,5.8943190574646,0.2666666805744171,0.016168538480997086,1.227552056312561,0.020863723009824753,0.75,0.75,0.021311189979314804,0.07904361933469772
2026-08-13_11-13-50,/home/as22cq/Projects/Policy-RL-Peg_insertion/force_peg_rl/logs/rl_games/Forge/2026-08-13_11-13-50/nn/last_Forge_ep_500_rew_170.61963.pth,2,nominal,1000,False,timeout,149,28.618366241455078,0.047171663492918015,39.14645004272461,16.316417694091797,0.9333333969116211,0.013827349990606308,0.5490612387657166,0.018675675615668297,0.75,0.75,0.013937028124928474,-0.2979695796966553
2026-08-13_11-13-50,/home/as22cq/Projects/Policy-RL-Peg_insertion/force_peg_rl/logs/rl_games/Forge/2026-08-13_11-13-50/nn/last_Forge_ep_500_rew_170.61963.pth,2,nominal,1000,False,timeout,149,30.582061767578125,-0.013908959925174713,23.416624069213867,13.394662857055664,1.033333420753479,0.03369073197245598,0.7237745523452759,0.01725655607879162,0.75,0.75,0.020735424011945724,-0.5086582899093628
2026-08-13_11-13-50,/home/as22cq/Projects/Policy-RL-Peg_insertion/force_peg_rl/logs/rl_games/Forge/2026-08-13_11-13-50/nn/last_Forge_ep_500_rew_170.61963.pth,2,nominal,1000,False,timeout,149,29.557790756225586,0.04200687259435654,23.75971031188965,14.433636665344238,1.1500000953674316,0.028832655400037766,0.4387750029563904,0.017080988734960556,0.75,0.75,0.02362671308219433,-0.36425384879112244
2026-08-13_11-13-50,/home/as22cq/Projects/Policy-RL-Peg_insertion/force_peg_rl/logs/rl_games/Forge/2026-08-13_11-13-50/nn/last_Forge_ep_500_rew_170.61963.pth,2,nominal,1000,False,timeout,149,30.66436195373535,0.048131268471479416,14.438581466674805,7.296329498291016,0.7583333849906921,0.05962798744440079,0.9707782864570618,0.01959938555955887,0.75,0.75,0.008725802414119244,-0.20728302001953125
2026-08-13_11-13-50,/home/as22cq/Projects/Policy-RL-Peg_insertion/force_peg_rl/logs/rl_games/Forge/2026-08-13_11-13-50/nn/last_Forge_ep_500_rew_170.61963.pth,2,nominal,1000,False,timeout,149,28.837934494018555,-0.0029403269290924072,13.992635726928711,5.275517463684082,0.3916666805744171,0.03748605027794838,0.4825417995452881,0.01676381379365921,0.75,0.75,0.02318117953836918,-0.26434141397476196
2026-08-13_11-13-50,/home/as22cq/Projects/Policy-RL-Peg_insertion/force_peg_rl/logs/rl_games/Forge/2026-08-13_11-13-50/nn/last_Forge_ep_500_rew_170.61963.pth,2,nominal,1000,False,timeout,149,67.47840118408203,0.028962820768356323,13.523763656616211,9.55811595916748,1.100000023841858,0.010119251906871796,0.7475396394729614,0.018617698922753334,0.75,0.75,0.010049527511000633,-0.43480250239372253
2026-08-13_11-13-50,/home/as22cq/Projects/Policy-RL-Peg_insertion/force_peg_rl/logs/rl_games/Forge/2026-08-13_11-13-50/nn/last_Forge_ep_500_rew_170.61963.pth,2,nominal,1000,False,timeout,149,35.373748779296875,0.028422687202692032,22.960342407226562,9.595005989074707,0.8750000596046448,0.022584011778235435,2.430255651473999,0.023897871375083923,0.75,0.75,0.018173715099692345,0.13729806244373322
2026-08-13_11-13-50,/home/as22cq/Projects/Policy-RL-Peg_insertion/force_peg_rl/logs/rl_games/Forge/2026-08-13_11-13-50/nn/last_Forge_ep_500_rew_170.61963.pth,2,nominal,1000,False,timeout,149,185.0117950439453,0.023216836154460907,30.189525604248047,18.549022674560547,1.0500000715255737,0.0021888683550059795,0.5133244395256042,0.021812450140714645,0.75,0.75,0.005449702497571707,-0.4867987334728241
2026-08-13_11-13-50,/home/as22cq/Projects/Policy-RL-Peg_insertion/force_peg_rl/logs/rl_games/Forge/2026-08-13_11-13-50/nn/last_Forge_ep_500_rew_170.61963.pth,2,nominal,1000,False,timeout,149,37.98658752441406,0.036095838993787766,27.30224609375,8.914301872253418,0.7166666984558105,0.02015519328415394,2.34859561920166,0.02134937047958374,0.75,0.75,0.020930200815200806,0.7350996732711792
2026-08-13_11-13-50,/home/as22cq/Projects/Policy-RL-Peg_insertion/force_peg_rl/logs/rl_games/Forge/2026-08-13_11-13-50/nn/last_Forge_ep_500_rew_170.61963.pth,2,nominal,1000,False,timeout,149,50.30039596557617,0.04099993407726288,10.901945114135742,6.307636260986328,0.5333333611488342,0.026046372950077057,2.4729602336883545,0.021089788526296616,0.75,0.75,0.012755047529935837,-0.14591597020626068
2026-08-13_11-13-50,/home/as22cq/Projects/Policy-RL-Peg_insertion/force_peg_rl/logs/rl_games/Forge/2026-08-13_11-13-50/nn/last_Forge_ep_500_rew_170.61963.pth,2,nominal,1000,False,timeout,149,30.07725715637207,0.04713207483291626,39.9125862121582,22.441144943237305,1.183333396911621,0.016518741846084595,0.3540457785129547,0.018257219344377518,0.75,0.75,0.01698097214102745,-0.5630594491958618
2026-08-13_11-13-50,/home/as22cq/Projects/Policy-RL-Peg_insertion/force_peg_rl/logs/rl_games/Forge/2026-08-13_11-13-50/nn/last_Forge_ep_500_rew_170.61963.pth,2,nominal,1000,False,timeout,149,33.26408767700195,0.025582466274499893,23.046113967895508,9.311944961547852,0.6916667222976685,0.01959661766886711,1.7791752815246582,0.02389443665742874,0.75,0.75,0.008508238010108471,-0.09283413738012314
2026-08-13_11-13-50,/home/as22cq/Projects/Policy-RL-Peg_insertion/force_peg_rl/logs/rl_games/Forge/2026-08-13_11-13-50/nn/last_Forge_ep_500_rew_170.61963.pth,2,nominal,1000,True,success,149,38.861572265625,-0.021659579128026962,23.829673767089844,10.038764953613281,0.8583333492279053,0.002924128668382764,2.3044092655181885,0.01434275507926941,0.75,0.75,0.018330039456486702,-0.004009596072137356
2026-08-13_11-13-50,/home/as22cq/Projects/Policy-RL-Peg_insertion/force_peg_rl/logs/rl_games/Forge/2026-08-13_11-13-50/nn/last_Forge_ep_500_rew_170.61963.pth,2,nominal,1000,False,timeout,149,35.97403335571289,0.025979891419410706,23.373109817504883,12.955458641052246,1.1416667699813843,0.025748400017619133,2.4848124980926514,0.01877862587571144,0.75,0.75,0.02176535129547119,0.15468282997608185
2026-08-13_11-13-50,/home/as22cq/Projects/Policy-RL-Peg_insertion/force_peg_rl/logs/rl_games/Forge/2026-08-13_11-13-50/nn/last_Forge_ep_500_rew_170.61963.pth,2,nominal,1000,False,timeout,149,35.67813491821289,-0.023604370653629303,19.710819244384766,13.034481048583984,1.0,0.02660275809466839,2.3871142864227295,0.021160157397389412,0.75,0.75,0.02139127627015114,0.6004807949066162
2026-08-13_11-13-50,/home/as22cq/Projects/Policy-RL-Peg_insertion/force_peg_rl/logs/rl_games/Forge/2026-08-13_11-13-50/nn/last_Forge_ep_500_rew_170.61963.pth,2,nominal,1000,False,timeout,149,29.23996353149414,-0.0017898231744766235,17.190088272094727,8.484392166137695,0.9250000715255737,0.08997577428817749,2.5459344387054443,0.023499952629208565,0.75,0.75,0.01928936131298542,0.7430297136306763
2026-08-13_11-13-50,/home/as22cq/Projects/Policy-RL-Peg_insertion/force_peg_rl/logs/rl_games/Forge/2026-08-13_11-13-50/nn/last_Forge_ep_500_rew_170.61963.pth,2,nominal,1000,False,timeout,149,34.746341705322266,-0.03461316227912903,23.0570125579834,11.195539474487305,1.008333444595337,0.016850119456648827,1.5381947755813599,0.02208162099123001,0.75,0.75,0.017008619382977486,-0.35491257905960083
2026-08-13_11-13-50,/home/as22cq/Projects/Policy-RL-Peg_insertion/force_peg_rl/logs/rl_games/Forge/2026-08-13_11-13-50/nn/last_Forge_ep_500_rew_170.61963.pth,2,nominal,1000,False,timeout,149,33.726470947265625,-0.01307447999715805,12.050427436828613,5.542668342590332,0.17500001192092896,0.02989380992949009,0.5416210889816284,0.019956247881054878,0.75,0.75,0.01755394972860813,0.13986514508724213
2026-08-13_11-13-50,/home/as22cq/Projects/Policy-RL-Peg_insertion/force_peg_rl/logs/rl_games/Forge/2026-08-13_11-13-50/nn/last_Forge_ep_500_rew_170.61963.pth,2,nominal,1000,False,timeout,149,238.07119750976562,0.0027976995334029198,25.68366050720215,12.579113960266113,0.9416667222976685,0.0008547410252504051,1.5573201179504395,0.016296397894620895,0.75,0.75,0.018527429550886154,0.7244347929954529
2026-08-13_11-13-50,/home/as22cq/Projects/Policy-RL-Peg_insertion/force_peg_rl/logs/rl_games/Forge/2026-08-13_11-13-50/nn/last_Forge_ep_500_rew_170.61963.pth,2,nominal,1000,True,success,149,251.25015258789062,0.0003533661365509033,34.43498611450195,15.453070640563965,1.1750000715255737,0.0007687905454076827,2.0212314128875732,0.016626736149191856,0.75,0.75,0.01710171066224575,0.7117137908935547
2026-08-13_11-13-50,/home/as22cq/Projects/Policy-RL-Peg_insertion/force_peg_rl/logs/rl_games/Forge/2026-08-13_11-13-50/nn/last_Forge_ep_500_rew_170.61963.pth,2,nominal,1000,False,timeout,149,29.548606872558594,0.10782463103532791,17.387088775634766,9.933555603027344,1.0,0.05093987286090851,2.778825044631958,0.020225219428539276,0.75,0.75,0.016017749905586243,0.0034809454809874296
2026-08-13_11-13-50,/home/as22cq/Projects/Policy-RL-Peg_insertion/force_peg_rl/logs/rl_games/Forge/2026-08-13_11-13-50/nn/last_Forge_ep_500_rew_170.61963.pth,2,nominal,1000,False,timeout,149,30.58999252319336,-0.03552508354187012,27.236970901489258,7.852105617523193,0.7416667342185974,0.03240618109703064,1.295116662979126,0.015488960780203342,0.75,0.75,0.02502834051847458,-0.7038906216621399
2026-08-13_11-13-50,/home/as22cq/Projects/Policy-RL-Peg_insertion/force_peg_rl/logs/rl_games/Forge/2026-08-13_11-13-50/nn/last_Forge_ep_500_rew_170.61963.pth,2,nominal,1000,False,timeout,149,27.837385177612305,0.04074569419026375,14.830504417419434,10.431611061096191,1.033333420753479,0.05085388571023941,0.46011248230934143,0.022106576710939407,0.75,0.75,0.00516841746866703,-0.4852777123451233
2026-08-13_11-13-50,/home/as22cq/Projects/Policy-RL-Peg_insertion/force_peg_rl/logs/rl_games/Forge/2026-08-13_11-13-50/nn/last_Forge_ep_500_rew_170.61963.pth,2,nominal,1000,False,timeout,149,34.818843841552734,-0.021782681345939636,28.007110595703125,15.197809219360352,1.0416667461395264,0.038948822766542435,0.9975321292877197,0.017006417736411095,0.75,0.75,0.013639906421303749,0.48150819540023804
2026-08-13_11-13-50,/home/as22cq/Projects/Policy-RL-Peg_insertion/force_peg_rl/logs/rl_games/Forge/2026-08-13_11-13-50/nn/last_Forge_ep_500_rew_170.61963.pth,2,nominal,1000,False,timeout,149,27.976058959960938,-0.03971928358078003,23.830703735351562,10.201738357543945,0.9666666984558105,0.03767678514122963,0.9057578444480896,0.01710451766848564,0.75,0.75,0.013467268086969852,-0.3489978611469269
2026-08-13_11-13-50,/home/as22cq/Projects/Policy-RL-Peg_insertion/force_peg_rl/logs/rl_games/Forge/2026-08-13_11-13-50/nn/last_Forge_ep_500_rew_170.61963.pth,2,nominal,1000,False,timeout,149,40.08597946166992,0.021659988909959793,31.3057804107666,11.142706871032715,1.183333396911621,0.023444371297955513,2.394519090652466,0.015928983688354492,0.75,0.75,0.02180388756096363,0.42929592728614807
2026-08-13_11-13-50,/home/as22cq/Projects/Policy-RL-Peg_insertion/force_peg_rl/logs/rl_games/Forge/2026-08-13_11-13-50/nn/last_Forge_ep_500_rew_170.61963.pth,2,nominal,1000,False,timeout,149,37.101463317871094,-0.03174982964992523,19.392793655395508,8.896595001220703,0.7583333849906921,0.020869411528110504,1.4638392925262451,0.021516626700758934,0.75,0.75,0.02926960401237011,-0.5342552065849304
2026-08-13_11-13-50,/home/as22cq/Projects/Policy-RL-Peg_insertion/force_peg_rl/logs/rl_games/Forge/2026-08-13_11-13-50/nn/last_Forge_ep_500_rew_170.61963.pth,2,nominal,1000,False,timeout,149,28.93470001220703,0.10924836993217468,15.172048568725586,9.73936653137207,1.183333396911621,0.036896880716085434,0.1817256659269333,0.023288067430257797,0.75,0.75,0.017657635733485222,-0.610683798789978
2026-08-13_11-13-50,/home/as22cq/Projects/Policy-RL-Peg_insertion/force_peg_rl/logs/rl_games/Forge/2026-08-13_11-13-50/nn/last_Forge_ep_500_rew_170.61963.pth,2,nominal,1000,False,timeout,149,30.312366485595703,0.05120255798101425,18.359092712402344,12.4079008102417,1.1500000953674316,0.02406163513660431,0.7000944018363953,0.02208520472049713,0.75,0.75,0.0059074643068015575,-0.22996221482753754
2026-08-13_11-13-50,/home/as22cq/Projects/Policy-RL-Peg_insertion/force_peg_rl/logs/rl_games/Forge/2026-08-13_11-13-50/nn/last_Forge_ep_500_rew_170.61963.pth,2,nominal,1000,False,timeout,149,27.474159240722656,-0.015893787145614624,27.15733528137207,5.778046607971191,0.6583333611488342,0.04198218137025833,0.38888388872146606,0.020177297294139862,0.75,0.75,0.01687154546380043,-0.5151067972183228
2026-08-13_11-13-50,/home/as22cq/Projects/Policy-RL-Peg_insertion/force_peg_rl/logs/rl_games/Forge/2026-08-13_11-13-50/nn/last_Forge_ep_500_rew_170.61963.pth,2,nominal,1000,False,timeout,149,32.784236907958984,0.037092991173267365,29.002824783325195,13.148168563842773,1.183333396911621,0.01975947432219982,2.4911110401153564,0.021927693858742714,0.75,0.75,0.012710227631032467,0.1696503609418869
2026-08-13_11-13-50,/home/as22cq/Projects/Policy-RL-Peg_insertion/force_peg_rl/logs/rl_games/Forge/2026-08-13_11-13-50/nn/last_Forge_ep_500_rew_170.61963.pth,2,nominal,1000,False,timeout,149,37.066131591796875,0.02370729297399521,23.545848846435547,7.393935680389404,0.5916666984558105,0.02532125450670719,2.2814064025878906,0.018010679632425308,0.75,0.75,0.017392847687005997,-0.19666120409965515
2026-08-13_11-13-50,/home/as22cq/Projects/Policy-RL-Peg_insertion/force_peg_rl/logs/rl_games/Forge/2026-08-13_11-13-50/nn/last_Forge_ep_500_rew_170.61963.pth,2,nominal,1000,False,timeout,149,216.7319793701172,0.01657683402299881,28.181730270385742,8.762409210205078,0.5166667103767395,0.001768491929396987,2.364123582839966,0.02326672337949276,0.75,0.75,0.001741071231663227,0.7786034941673279
2026-08-13_11-13-50,/home/as22cq/Projects/Policy-RL-Peg_insertion/force_peg_rl/logs/rl_games/Forge/2026-08-13_11-13-50/nn/last_Forge_ep_500_rew_170.61963.pth,2,nominal,1000,False,timeout,149,27.38727378845215,-0.02056683599948883,28.149751663208008,12.311614990234375,0.9416667222976685,0.04948237165808678,0.6102362275123596,0.015167709439992905,0.75,0.75,0.020970584824681282,-0.36637839674949646
2026-08-13_11-13-50,/home/as22cq/Projects/Policy-RL-Peg_insertion/force_peg_rl/logs/rl_games/Forge/2026-08-13_11-13-50/nn/last_Forge_ep_500_rew_170.61963.pth,2,nominal,1000,False,timeout,149,35.682655334472656,0.030061352998018265,21.499170303344727,12.109389305114746,1.008333444595337,0.02755795419216156,2.8526742458343506,0.018633289262652397,0.75,0.75,0.01637198030948639,0.6513102650642395
2026-08-13_11-13-50,/home/as22cq/Projects/Policy-RL-Peg_insertion/force_peg_rl/logs/rl_games/Forge/2026-08-13_11-13-50/nn/last_Forge_ep_500_rew_170.61963.pth,2,nominal,1000,False,timeout,149,30.443790435791016,0.06131146848201752,19.0910587310791,13.484813690185547,1.1166666746139526,0.1300073117017746,2.2945010662078857,0.015388816595077515,0.75,0.75,0.003921461757272482,0.7233932614326477
2026-08-13_11-13-50,/home/as22cq/Projects/Policy-RL-Peg_insertion/force_peg_rl/logs/rl_games/Forge/2026-08-13_11-13-50/nn/last_Forge_ep_500_rew_170.61963.pth,2,nominal,1000,False,timeout,149,65.3036117553711,0.05928151309490204,23.291973114013672,9.55010986328125,0.8666667342185974,0.0425523966550827,3.095410108566284,0.02274537831544876,0.75,0.75,0.009313339367508888,-0.08680328726768494
2026-08-13_11-13-50,/home/as22cq/Projects/Policy-RL-Peg_insertion/force_peg_rl/logs/rl_games/Forge/2026-08-13_11-13-50/nn/last_Forge_ep_500_rew_170.61963.pth,2,nominal,1000,False,timeout,149,30.569082260131836,0.04001519829034805,31.178119659423828,19.66891098022461,1.125,0.015451989136636257,0.4561256468296051,0.015710577368736267,0.75,0.75,0.019425595179200172,-0.4838445484638214
2026-08-13_11-13-50,/home/as22cq/Projects/Policy-RL-Peg_insertion/force_peg_rl/logs/rl_games/Forge/2026-08-13_11-13-50/nn/last_Forge_ep_500_rew_170.61963.pth,2,nominal,1000,False,timeout,149,26.5741024017334,0.013041973114013672,19.017024993896484,10.903586387634277,1.0916666984558105,0.026555251330137253,1.0002623796463013,0.02032092958688736,0.75,0.75,0.014182153157889843,0.6797966957092285
2026-08-13_11-13-50,/home/as22cq/Projects/Policy-RL-Peg_insertion/force_peg_rl/logs/rl_games/Forge/2026-08-13_11-13-50/nn/last_Forge_ep_500_rew_170.61963.pth,2,nominal,1000,False,timeout,149,33.89206314086914,0.08061020076274872,27.1325626373291,9.393515586853027,0.9250000715255737,0.027316320687532425,2.7966742515563965,0.014849083498120308,0.75,0.75,0.018205173313617706,0.5930506587028503
2026-08-13_11-13-50,/home/as22cq/Projects/Policy-RL-Peg_insertion/force_peg_rl/logs/rl_games/Forge/2026-08-13_11-13-50/nn/last_Forge_ep_500_rew_170.61963.pth,2,nominal,1000,False,timeout,149,35.293113708496094,-0.022358739748597145,18.952308654785156,8.181414604187012,0.6166666746139526,0.02114592306315899,1.5209673643112183,0.023617209866642952,0.75,0.75,0.01874152570962906,-0.013633453287184238
2026-08-13_11-13-50,/home/as22cq/Projects/Policy-RL-Peg_insertion/force_peg_rl/logs/rl_games/Forge/2026-08-13_11-13-50/nn/last_Forge_ep_500_rew_170.61963.pth,2,nominal,1000,False,timeout,149,31.945911407470703,0.022149063646793365,11.896733283996582,7.312649726867676,0.6000000238418579,0.08979832381010056,2.475008964538574,0.02065153233706951,0.75,0.75,0.003248911816626787,-0.5557721853256226
2026-08-13_11-13-50,/home/as22cq/Projects/Policy-RL-Peg_insertion/force_peg_rl/logs/rl_games/Forge/2026-08-13_11-13-50/nn/last_Forge_ep_500_rew_170.61963.pth,2,nominal,1000,False,timeout,149,33.54848861694336,0.0056510791182518005,17.47266960144043,9.899859428405762,1.133333444595337,0.018540572375059128,2.5774776935577393,0.014482613652944565,0.75,0.75,0.01868272013962269,0.7397307753562927
2026-08-13_11-13-50,/home/as22cq/Projects/Policy-RL-Peg_insertion/force_peg_rl/logs/rl_games/Forge/2026-08-13_11-13-50/nn/last_Forge_ep_500_rew_170.61963.pth,2,nominal,1000,False,timeout,149,29.96132469177246,0.042162783443927765,30.68449592590332,19.06208610534668,1.1916667222976685,0.012390357442200184,0.3118962049484253,0.021722277626395226,0.75,0.75,0.01722043566405773,0.167257159948349
2026-08-13_11-13-50,/home/as22cq/Projects/Policy-RL-Peg_insertion/force_peg_rl/logs/rl_games/Forge/2026-08-13_11-13-50/nn/last_Forge_ep_500_rew_170.61963.pth,2,nominal,1000,False,timeout,149,36.39946365356445,-0.0029704496264457703,22.968711853027344,11.171460151672363,0.8916667103767395,0.03521498665213585,1.4144983291625977,0.020640037953853607,0.75,0.75,0.018936237320303917,0.622723400592804
2026-08-13_11-13-50,/home/as22cq/Projects/Policy-RL-Peg_insertion/force_peg_rl/logs/rl_games/Forge/2026-08-13_11-13-50/nn/last_Forge_ep_500_rew_170.61963.pth,2,nominal,1000,False,timeout,149,36.06305694580078,0.027029626071453094,25.488590240478516,10.655381202697754,0.7666667103767395,0.02112344279885292,1.620224952697754,0.022477203980088234,0.75,0.75,0.01925382763147354,-0.3056117296218872
2026-08-13_11-13-50,/home/as22cq/Projects/Policy-RL-Peg_insertion/force_peg_rl/logs/rl_games/Forge/2026-08-13_11-13-50/nn/last_Forge_ep_500_rew_170.61963.pth,2,nominal,1000,False,timeout,149,213.06753540039062,0.011372633278369904,34.92521286010742,18.31584930419922,1.158333420753479,0.0007968906429596245,1.4733861684799194,0.021109554916620255,0.75,0.75,0.007974867708981037,-0.7287020683288574
2026-08-13_11-13-50,/home/as22cq/Projects/Policy-RL-Peg_insertion/force_peg_rl/logs/rl_games/Forge/2026-08-13_11-13-50/nn/last_Forge_ep_500_rew_170.61963.pth,2,nominal,1000,False,timeout,149,35.212528228759766,0.028534051030874252,29.46733856201172,11.61137580871582,0.7083333730697632,0.021254345774650574,2.583379030227661,0.019211361184716225,0.75,0.75,0.01427096500992775,-0.4781971275806427
2026-08-13_11-13-50,/home/as22cq/Projects/Policy-RL-Peg_insertion/force_peg_rl/logs/rl_games/Forge/2026-08-13_11-13-50/nn/last_Forge_ep_500_rew_170.61963.pth,2,nominal,1000,False,timeout,149,37.52444076538086,0.037986718118190765,12.852572441101074,6.456820487976074,0.675000011920929,0.03451675921678543,2.451652765274048,0.021362097933888435,0.75,0.75,0.021569402888417244,0.3381204903125763
2026-08-13_11-13-50,/home/as22cq/Projects/Policy-RL-Peg_insertion/force_peg_rl/logs/rl_games/Forge/2026-08-13_11-13-50/nn/last_Forge_ep_500_rew_170.61963.pth,2,nominal,1000,False,timeout,149,34.14632034301758,0.029890120029449463,25.357709884643555,11.837663650512695,0.7000000476837158,0.023345179855823517,0.6881893873214722,0.015144276432693005,0.75,0.75,0.014680529944598675,-0.5940676927566528
2026-08-13_11-13-50,/home/as22cq/Projects/Policy-RL-Peg_insertion/force_peg_rl/logs/rl_games/Forge/2026-08-13_11-13-50/nn/last_Forge_ep_500_rew_170.61963.pth,2,nominal,1000,False,timeout,149,35.34259033203125,0.026889432221651077,17.81277847290039,10.571033477783203,0.7333333492279053,0.022971471771597862,1.1023478507995605,0.01819933019578457,0.75,0.75,0.016953997313976288,-0.6358877420425415
2026-08-13_11-13-50,/home/as22cq/Projects/Policy-RL-Peg_insertion/force_peg_rl/logs/rl_games/Forge/2026-08-13_11-13-50/nn/last_Forge_ep_500_rew_170.61963.pth,2,nominal,1000,False,timeout,149,35.18408203125,-0.018646329641342163,15.28519058227539,10.636432647705078,0.9916667342185974,0.030428551137447357,1.6661094427108765,0.01859634928405285,0.75,0.75,0.014810780063271523,0.5278699398040771
2026-08-13_11-13-50,/home/as22cq/Projects/Policy-RL-Peg_insertion/force_peg_rl/logs/rl_games/Forge/2026-08-13_11-13-50/nn/last_Forge_ep_500_rew_170.61963.pth,2,nominal,1000,False,timeout,149,37.95835876464844,0.02498941496014595,25.333005905151367,9.705958366394043,0.5750000476837158,0.021290434524416924,2.403994560241699,0.022616706788539886,0.75,0.75,0.023331528529524803,-0.09209977090358734
2026-08-13_11-13-50,/home/as22cq/Projects/Policy-RL-Peg_insertion/force_peg_rl/logs/rl_games/Forge/2026-08-13_11-13-50/nn/last_Forge_ep_500_rew_170.61963.pth,2,nominal,1000,False,timeout,149,35.54949188232422,0.02772609516978264,26.73297691345215,12.604620933532715,1.0250000953674316,0.01692204363644123,2.149529457092285,0.01667643152177334,0.75,0.75,0.008398529142141342,0.22906965017318726
2026-08-13_11-13-50,/home/as22cq/Projects/Policy-RL-Peg_insertion/force_peg_rl/logs/rl_games/Forge/2026-08-13_11-13-50/nn/last_Forge_ep_500_rew_170.61963.pth,2,nominal,1000,False,timeout,149,29.533161163330078,0.028014440089464188,22.241422653198242,11.92314624786377,1.1083333492279053,0.02471735328435898,1.2530680894851685,0.020499691367149353,0.75,0.75,0.0212562158703804,-0.5556243062019348
2026-08-13_11-13-50,/home/as22cq/Projects/Policy-RL-Peg_insertion/force_peg_rl/logs/rl_games/Forge/2026-08-13_11-13-50/nn/last_Forge_ep_500_rew_170.61963.pth,2,nominal,1000,False,timeout,149,33.4730339050293,-0.011681720614433289,17.880128860473633,11.80028247833252,1.0166667699813843,0.03036830574274063,0.7101547122001648,0.015302445739507675,0.75,0.75,0.0177607461810112,-0.1236727386713028
2026-08-13_11-13-50,/home/as22cq/Projects/Policy-RL-Peg_insertion/force_peg_rl/logs/rl_games/Forge/2026-08-13_11-13-50/nn/last_Forge_ep_500_rew_170.61963.pth,2,nominal,1000,False,timeout,149,25.64847183227539,0.014443494379520416,28.122716903686523,16.68798828125,1.1166666746139526,0.0671369880437851,2.4475812911987305,0.017816666513681412,0.75,0.75,0.0242341086268425,0.5805005431175232
2026-08-13_11-13-50,/home/as22cq/Projects/Policy-RL-Peg_insertion/force_peg_rl/logs/rl_games/Forge/2026-08-13_11-13-50/nn/last_Forge_ep_500_rew_170.61963.pth,2,nominal,1000,False,timeout,149,31.618810653686523,0.039210982620716095,15.89384937286377,11.63428020477295,1.1500000953674316,0.020962314680218697,1.3724778890609741,0.02044020965695381,0.75,0.75,0.00980942789465189,-0.3797054588794708
2026-08-13_11-13-50,/home/as22cq/Projects/Policy-RL-Peg_insertion/force_peg_rl/logs/rl_games/Forge/2026-08-13_11-13-50/nn/last_Forge_ep_500_rew_170.61963.pth,2,nominal,1000,False,timeout,149,74.89483642578125,0.08990482985973358,14.739150047302246,9.401336669921875,1.158333420753479,0.07131783664226532,2.9858853816986084,0.020616140216588974,0.75,0.75,0.011491778306663036,0.2706261873245239
2026-08-13_11-13-50,/home/as22cq/Projects/Policy-RL-Peg_insertion/force_peg_rl/logs/rl_games/Forge/2026-08-13_11-13-50/nn/last_Forge_ep_500_rew_170.61963.pth,2,nominal,1000,False,timeout,149,34.18841552734375,0.00729929655790329,18.545684814453125,9.410964012145996,0.7500000596046448,0.02601746842265129,0.9823695421218872,0.01883445493876934,0.75,0.75,0.01786666177213192,0.03476588800549507
2026-08-13_11-13-50,/home/as22cq/Projects/Policy-RL-Peg_insertion/force_peg_rl/logs/rl_games/Forge/2026-08-13_11-13-50/nn/last_Forge_ep_500_rew_170.61963.pth,2,nominal,1000,False,timeout,149,27.33664894104004,0.09390363097190857,30.886531829833984,9.671942710876465,0.6916667222976685,0.05368109792470932,0.46414878964424133,0.015616628341376781,0.75,0.75,0.019473176449537277,-0.489355206489563
2026-08-13_11-13-50,/home/as22cq/Projects/Policy-RL-Peg_insertion/force_peg_rl/logs/rl_games/Forge/2026-08-13_11-13-50/nn/last_Forge_ep_500_rew_170.61963.pth,2,nominal,1000,False,timeout,149,81.667236328125,0.027094215154647827,21.67684555053711,13.370561599731445,1.1166666746139526,0.00442685978487134,0.8859347105026245,0.018137915059924126,0.75,0.75,0.01773584820330143,-0.3590361177921295
2026-08-13_11-13-50,/home/as22cq/Projects/Policy-RL-Peg_insertion/force_peg_rl/logs/rl_games/Forge/2026-08-13_11-13-50/nn/last_Forge_ep_500_rew_170.61963.pth,2,nominal,1000,False,timeout,149,28.886104583740234,-0.032274965196847916,28.128755569458008,7.044125556945801,0.5750000476837158,0.042168471962213516,0.9040840268135071,0.016296008601784706,0.75,0.75,0.00981671642512083,0.0072858016937971115
2026-08-13_11-13-50,/home/as22cq/Projects/Policy-RL-Peg_insertion/force_peg_rl/logs/rl_games/Forge/2026-08-13_11-13-50/nn/last_Forge_ep_500_rew_170.61963.pth,2,nominal,1000,False,timeout,149,25.197782516479492,0.03213440999388695,33.73004913330078,20.089954376220703,1.0833333730697632,0.024942992255091667,0.569887638092041,0.021955592557787895,0.75,0.75,0.016554847359657288,0.16270841658115387
2026-08-13_11-13-50,/home/as22cq/Projects/Policy-RL-Peg_insertion/force_peg_rl/logs/rl_games/Forge/2026-08-13_11-13-50/nn/last_Forge_ep_500_rew_170.61963.pth,2,nominal,1000,False,timeout,149,38.34162139892578,0.014232713729143143,25.168216705322266,12.280898094177246,0.9750000238418579,0.024656176567077637,2.5622332096099854,0.017398741096258163,0.75,0.75,0.018239866942167282,0.24430878460407257
2026-08-13_11-13-50,/home/as22cq/Projects/Policy-RL-Peg_insertion/force_peg_rl/logs/rl_games/Forge/2026-08-13_11-13-50/nn/last_Forge_ep_500_rew_170.61963.pth,2,nominal,1000,False,timeout,149,30.399017333984375,0.029614824801683426,22.014272689819336,10.076085090637207,0.4833333492279053,0.019821271300315857,1.2755355834960938,0.021526005119085312,0.75,0.75,0.027910269796848297,0.2353343665599823
2026-08-13_11-13-50,/home/as22cq/Projects/Policy-RL-Peg_insertion/force_peg_rl/logs/rl_games/Forge/2026-08-13_11-13-50/nn/last_Forge_ep_500_rew_170.61963.pth,2,nominal,1000,False,timeout,149,27.730823516845703,0.02229924499988556,20.31637191772461,7.899839401245117,1.0166667699813843,0.04772665351629257,0.5544936656951904,0.02153584733605385,0.75,0.75,0.012768102809786797,-0.694214403629303
2026-08-13_11-13-50,/home/as22cq/Projects/Policy-RL-Peg_insertion/force_peg_rl/logs/rl_games/Forge/2026-08-13_11-13-50/nn/last_Forge_ep_500_rew_170.61963.pth,2,nominal,1000,False,timeout,149,28.75557518005371,0.0672743171453476,19.263004302978516,7.9817986488342285,0.6333333849906921,0.06050799787044525,0.9206407070159912,0.020107990130782127,0.75,0.75,0.012012415565550327,-0.019184185191988945
2026-08-13_11-13-50,/home/as22cq/Projects/Policy-RL-Peg_insertion/force_peg_rl/logs/rl_games/Forge/2026-08-13_11-13-50/nn/last_Forge_ep_500_rew_170.61963.pth,2,nominal,1000,False,timeout,149,31.987476348876953,0.050570033490657806,18.35079002380371,7.831227779388428,0.3333333432674408,0.04055598005652428,2.854250907897949,0.016518810763955116,0.75,0.75,0.01345665194094181,0.7783546447753906
2026-08-13_11-13-50,/home/as22cq/Projects/Policy-RL-Peg_insertion/force_peg_rl/logs/rl_games/Forge/2026-08-13_11-13-50/nn/last_Forge_ep_500_rew_170.61963.pth,2,nominal,1000,False,timeout,149,27.555692672729492,-0.027597248554229736,31.197772979736328,16.08660316467285,1.0,0.03471606597304344,0.5997501611709595,0.014285440556704998,0.75,0.75,0.013705601915717125,-0.0644080862402916
2026-08-13_11-13-50,/home/as22cq/Projects/Policy-RL-Peg_insertion/force_peg_rl/logs/rl_games/Forge/2026-08-13_11-13-50/nn/last_Forge_ep_500_rew_170.61963.pth,2,nominal,1000,False,timeout,149,27.31783676147461,-0.011611081659793854,27.624603271484375,7.8110737800598145,0.6333333849906921,0.033911846578121185,0.5818900465965271,0.018195345997810364,0.75,0.75,0.003924273420125246,-0.42383623123168945
2026-08-13_11-13-50,/home/as22cq/Projects/Policy-RL-Peg_insertion/force_peg_rl/logs/rl_games/Forge/2026-08-13_11-13-50/nn/last_Forge_ep_500_rew_170.61963.pth,2,nominal,1000,False,timeout,149,31.19940757751465,0.02506830543279648,21.125879287719727,10.930739402770996,1.158333420753479,0.021790895611047745,1.4195743799209595,0.016275029629468918,0.75,0.75,0.019192099571228027,-0.19189885258674622
2026-08-13_11-13-50,/home/as22cq/Projects/Policy-RL-Peg_insertion/force_peg_rl/logs/rl_games/Forge/2026-08-13_11-13-50/nn/last_Forge_ep_500_rew_170.61963.pth,2,nominal,1000,False,timeout,149,37.904869079589844,0.027870625257492065,21.175992965698242,9.758255958557129,0.8666667342185974,0.01704852469265461,2.4994473457336426,0.020610002800822258,0.75,0.75,0.019328998401761055,0.42787811160087585
2026-08-13_11-13-50,/home/as22cq/Projects/Policy-RL-Peg_insertion/force_peg_rl/logs/rl_games/Forge/2026-08-13_11-13-50/nn/last_Forge_ep_500_rew_170.61963.pth,2,nominal,1000,False,timeout,149,206.47964477539062,0.018146783113479614,26.973026275634766,16.468364715576172,1.2000000476837158,0.0018861639546230435,2.2502973079681396,0.014068891294300556,0.75,0.75,0.003883833298459649,-0.20936408638954163
2026-08-13_11-13-50,/home/as22cq/Projects/Policy-RL-Peg_insertion/force_peg_rl/logs/rl_games/Forge/2026-08-13_11-13-50/nn/last_Forge_ep_500_rew_170.61963.pth,2,nominal,1000,False,timeout,149,33.489356994628906,0.13444513082504272,13.349394798278809,3.833817958831787,0.06666667014360428,0.03238287940621376,3.1044211387634277,0.01923026330769062,0.75,0.75,0.019818510860204697,0.6229040026664734
2026-08-13_11-13-50,/home/as22cq/Projects/Policy-RL-Peg_insertion/force_peg_rl/logs/rl_games/Forge/2026-08-13_11-13-50/nn/last_Forge_ep_500_rew_170.61963.pth,2,nominal,1000,False,timeout,149,33.06752014160156,0.022512629628181458,27.832889556884766,13.711821556091309,1.2000000476837158,0.02497783675789833,1.6461952924728394,0.01865246519446373,0.75,0.75,0.00997968576848507,-0.0895037055015564
2026-08-13_11-13-50,/home/as22cq/Projects/Policy-RL-Peg_insertion/force_peg_rl/logs/rl_games/Forge/2026-08-13_11-13-50/nn/last_Forge_ep_500_rew_170.61963.pth,2,nominal,1000,False,timeout,149,32.89406967163086,0.031813688576221466,19.738243103027344,12.042074203491211,1.2000000476837158,0.013887487351894379,1.8614568710327148,0.014611597172915936,0.75,0.75,0.012011678889393806,0.06948459893465042
2026-08-13_11-13-50,/home/as22cq/Projects/Policy-RL-Peg_insertion/force_peg_rl/logs/rl_games/Forge/2026-08-13_11-13-50/nn/last_Forge_ep_500_rew_170.61963.pth,2,nominal,1000,False,timeout,149,88.25916290283203,0.016789104789495468,12.982498168945312,8.616987228393555,1.0833333730697632,0.0011789373820647597,1.9951517581939697,0.02036285027861595,0.75,0.75,0.013305995613336563,-0.225971981883049
2026-08-13_11-13-50,/home/as22cq/Projects/Policy-RL-Peg_insertion/force_peg_rl/logs/rl_games/Forge/2026-08-13_11-13-50/nn/last_Forge_ep_500_rew_170.61963.pth,2,nominal,1000,False,timeout,149,36.136138916015625,0.025501713156700134,9.699756622314453,5.897595405578613,0.9083333611488342,0.03562594950199127,2.605302572250366,0.023796245455741882,0.75,0.75,0.012964023277163506,0.7164013385772705
2026-08-13_11-13-50,/home/as22cq/Projects/Policy-RL-Peg_insertion/force_peg_rl/logs/rl_games/Forge/2026-08-13_11-13-50/nn/last_Forge_ep_500_rew_170.61963.pth,2,nominal,1000,False,timeout,149,33.83253479003906,-0.021706663072109222,20.26262092590332,13.539712905883789,1.0,0.031355615705251694,1.5583215951919556,0.01916254125535488,0.75,0.75,0.016366122290492058,0.5800651907920837
2026-08-13_11-13-50,/home/as22cq/Projects/Policy-RL-Peg_insertion/force_peg_rl/logs/rl_games/Forge/2026-08-13_11-13-50/nn/last_Forge_ep_500_rew_170.61963.pth,2,nominal,1000,False,timeout,149,29.249164581298828,0.06655709445476532,15.443331718444824,7.636770248413086,0.5,0.10017968714237213,3.135014295578003,0.022074416279792786,0.75,0.75,0.007580036763101816,0.682048499584198
2026-08-13_11-13-50,/home/as22cq/Projects/Policy-RL-Peg_insertion/force_peg_rl/logs/rl_games/Forge/2026-08-13_11-13-50/nn/last_Forge_ep_500_rew_170.61963.pth,2,nominal,1000,False,timeout,149,32.081634521484375,0.009421899914741516,33.4381217956543,12.282415390014648,1.0416667461395264,0.031220918521285057,0.6927632689476013,0.01404297724366188,0.75,0.75,0.01664602942764759,-0.041900698095560074
2026-08-13_11-13-50,/home/as22cq/Projects/Policy-RL-Peg_insertion/force_peg_rl/logs/rl_games/Forge/2026-08-13_11-13-50/nn/last_Forge_ep_500_rew_170.61963.pth,2,nominal,1000,True,success,149,366.92706298828125,0.00017814338207244873,19.617210388183594,11.372008323669434,1.1083333492279053,0.0007201308035291731,2.1346583366394043,0.023470990359783173,0.75,0.75,0.0054255262948572636,0.4116021990776062
2026-08-13_11-13-50,/home/as22cq/Projects/Policy-RL-Peg_insertion/force_peg_rl/logs/rl_games/Forge/2026-08-13_11-13-50/nn/last_Forge_ep_500_rew_170.61963.pth,2,nominal,1000,False,timeout,149,37.5941047668457,0.016714340075850487,21.562753677368164,9.073513984680176,1.100000023841858,0.026251481845974922,1.8081952333450317,0.021821875125169754,0.75,0.75,0.02030687965452671,-0.16185137629508972
2026-08-13_11-13-50,/home/as22cq/Projects/Policy-RL-Peg_insertion/force_peg_rl/logs/rl_games/Forge/2026-08-13_11-13-50/nn/last_Forge_ep_500_rew_170.61963.pth,2,nominal,1000,False,timeout,149,29.42078971862793,0.041893370449543,19.99835968017578,8.287420272827148,0.8333333730697632,0.05957946926355362,0.4396427273750305,0.02154189720749855,0.75,0.75,0.019165348261594772,-0.45010051131248474
2026-08-13_11-13-50,/home/as22cq/Projects/Policy-RL-Peg_insertion/force_peg_rl/logs/rl_games/Forge/2026-08-13_11-13-50/nn/last_Forge_ep_500_rew_170.61963.pth,2,nominal,1000,False,timeout,149,35.200504302978516,0.10371643304824829,13.756889343261719,6.60700798034668,0.5166667103767395,0.0242429431527853,2.8005518913269043,0.02268923446536064,0.75,0.75,0.014607585035264492,0.7358390688896179
2026-08-13_11-13-50,/home/as22cq/Projects/Policy-RL-Peg_insertion/force_peg_rl/logs/rl_games/Forge/2026-08-13_11-13-50/nn/last_Forge_ep_500_rew_170.61963.pth,2,nominal,1000,False,timeout,149,29.756284713745117,-0.028590336441993713,24.085529327392578,9.308637619018555,0.8000000715255737,0.020161179825663567,1.543101191520691,0.01819918304681778,0.75,0.75,0.02385641820728779,-0.3538558781147003
2026-08-13_11-13-50,/home/as22cq/Projects/Policy-RL-Peg_insertion/force_peg_rl/logs/rl_games/Forge/2026-08-13_11-13-50/nn/last_Forge_ep_500_rew_170.61963.pth,2,nominal,1000,False,timeout,149,30.114906311035156,-0.02770834229886532,12.580081939697266,8.523022651672363,1.033333420753479,0.03182592615485191,0.8156028389930725,0.02384127676486969,0.75,0.75,0.024223847314715385,-0.29439887404441833
2026-08-13_11-13-50,/home/as22cq/Projects/Policy-RL-Peg_insertion/force_peg_rl/logs/rl_games/Forge/2026-08-13_11-13-50/nn/last_Forge_ep_500_rew_170.61963.pth,2,nominal,1000,False,timeout,149,37.275413513183594,0.0009821131825447083,16.944427490234375,6.320080757141113,0.8833333849906921,0.02619849517941475,1.6177257299423218,0.019521426409482956,0.75,0.75,0.018769212067127228,0.46091803908348083
2026-08-13_11-13-50,/home/as22cq/Projects/Policy-RL-Peg_insertion/force_peg_rl/logs/rl_games/Forge/2026-08-13_11-13-50/nn/last_Forge_ep_500_rew_170.61963.pth,2,nominal,1000,False,timeout,149,39.77337646484375,0.022247880697250366,18.887001037597656,8.729456901550293,1.0750000476837158,0.02362159825861454,2.40712308883667,0.017901703715324402,0.75,0.75,0.027143552899360657,-0.6785184144973755
2026-08-13_11-13-50,/home/as22cq/Projects/Policy-RL-Peg_insertion/force_peg_rl/logs/rl_games/Forge/2026-08-13_11-13-50/nn/last_Forge_ep_500_rew_170.61963.pth,2,nominal,1000,False,timeout,149,28.922121047973633,-0.02678856998682022,26.68161392211914,6.4308929443359375,0.6500000357627869,0.03291928395628929,0.501524806022644,0.01844656653702259,0.75,0.75,0.011389503255486488,-0.7289931178092957
2026-08-13_11-13-50,/home/as22cq/Projects/Policy-RL-Peg_insertion/force_peg_rl/logs/rl_games/Forge/2026-08-13_11-13-50/nn/last_Forge_ep_500_rew_170.61963.pth,2,nominal,1000,False,timeout,149,34.823055267333984,0.031039364635944366,20.088333129882812,11.281571388244629,1.1083333492279053,0.019885290414094925,1.1191623210906982,0.01502446923404932,0.75,0.75,0.0017566080205142498,0.08035995811223984
2026-08-13_11-13-50,/home/as22cq/Projects/Policy-RL-Peg_insertion/force_peg_rl/logs/rl_games/Forge/2026-08-13_11-13-50/nn/last_Forge_ep_500_rew_170.61963.pth,2,nominal,1000,False,timeout,149,27.432035446166992,-0.009227454662322998,11.620936393737793,4.413973808288574,0.30000001192092896,0.026468003168702126,0.6557343602180481,0.02272612228989601,0.75,0.75,0.02078428864479065,-0.405960351228714
2026-08-13_11-13-50,/home/as22cq/Projects/Policy-RL-Peg_insertion/force_peg_rl/logs/rl_games/Forge/2026-08-13_11-13-50/nn/last_Forge_ep_500_rew_170.61963.pth,2,nominal,1000,False,timeout,149,36.985172271728516,0.024851828813552856,21.37434196472168,12.876643180847168,1.0416667461395264,0.04376425966620445,2.879964828491211,0.017671700567007065,0.75,0.75,0.017524374648928642,0.5174781084060669
2026-08-13_11-13-50,/home/as22cq/Projects/Policy-RL-Peg_insertion/force_peg_rl/logs/rl_games/Forge/2026-08-13_11-13-50/nn/last_Forge_ep_500_rew_170.61963.pth,2,nominal,1001,False,timeout,149,220.06143188476562,0.008994686417281628,29.717517852783203,13.358920097351074,0.8833333849906921,0.0004861281777266413,1.265221118927002,0.014582974836230278,0.75,0.75,0.010110991075634956,-0.07034808397293091
2026-08-13_11-13-50,/home/as22cq/Projects/Policy-RL-Peg_insertion/force_peg_rl/logs/rl_games/Forge/2026-08-13_11-13-50/nn/last_Forge_ep_500_rew_170.61963.pth,2,nominal,1001,False,timeout,149,30.11285972595215,0.05677644908428192,22.29039764404297,13.123712539672852,1.1500000953674316,0.05626766383647919,1.0091594457626343,0.02033928595483303,0.75,0.75,0.022193633019924164,-0.4973938465118408
2026-08-13_11-13-50,/home/as22cq/Projects/Policy-RL-Peg_insertion/force_peg_rl/logs/rl_games/Forge/2026-08-13_11-13-50/nn/last_Forge_ep_500_rew_170.61963.pth,2,nominal,1001,False,timeout,149,53.27556228637695,0.016707971692085266,23.474319458007812,11.554511070251465,0.8666667342185974,0.019971108064055443,1.0053316354751587,0.019945984706282616,0.75,0.75,0.01767636276781559,-0.5415600538253784
2026-08-13_11-13-50,/home/as22cq/Projects/Policy-RL-Peg_insertion/force_peg_rl/logs/rl_games/Forge/2026-08-13_11-13-50/nn/last_Forge_ep_500_rew_170.61963.pth,2,nominal,1001,False,timeout,149,96.86725616455078,0.01611560583114624,20.665449142456055,10.465662002563477,0.9750000238418579,0.03589027374982834,2.8653619289398193,0.02142946794629097,0.75,0.75,0.00800418108701706,-0.14980211853981018
2026-08-13_11-13-50,/home/as22cq/Projects/Policy-RL-Peg_insertion/force_peg_rl/logs/rl_games/Forge/2026-08-13_11-13-50/nn/last_Forge_ep_500_rew_170.61963.pth,2,nominal,1001,True,success,149,284.7169189453125,0.001163780689239502,16.761489868164062,10.32323169708252,0.8916667103767395,0.0005543130682781339,2.4109270572662354,0.023519529029726982,0.75,0.75,0.01866862364113331,0.7537457346916199
2026-08-13_11-13-50,/home/as22cq/Projects/Policy-RL-Peg_insertion/force_peg_rl/logs/rl_games/Forge/2026-08-13_11-13-50/nn/last_Forge_ep_500_rew_170.61963.pth,2,nominal,1001,False,timeout,149,235.66294860839844,0.006592463701963425,18.42820167541504,12.286787033081055,0.9083333611488342,0.0008759344345889986,2.127016305923462,0.022065134719014168,0.75,0.75,0.002766946330666542,0.6146127581596375
2026-08-13_11-13-50,/home/as22cq/Projects/Policy-RL-Peg_insertion/force_peg_rl/logs/rl_games/Forge/2026-08-13_11-13-50/nn/last_Forge_ep_500_rew_170.61963.pth,2,nominal,1001,False,timeout,149,238.49996948242188,0.009957410395145416,13.662896156311035,10.12736988067627,1.1166666746139526,0.0008225323399528861,2.129464626312256,0.016289368271827698,0.75,0.75,0.011815238744020462,0.593267023563385
2026-08-13_11-13-50,/home/as22cq/Projects/Policy-RL-Peg_insertion/force_peg_rl/logs/rl_games/Forge/2026-08-13_11-13-50/nn/last_Forge_ep_500_rew_170.61963.pth,2,nominal,1001,False,timeout,149,65.39978790283203,0.026517435908317566,20.631650924682617,10.22536849975586,1.1083333492279053,0.027218764647841454,0.9362481832504272,0.02117471769452095,0.75,0.75,0.021404411643743515,-0.29661664366722107
2026-08-13_11-13-50,/home/as22cq/Projects/Policy-RL-Peg_insertion/force_peg_rl/logs/rl_games/Forge/2026-08-13_11-13-50/nn/last_Forge_ep_500_rew_170.61963.pth,2,nominal,1001,True,success,149,242.48294067382812,0.00016177445650100708,26.832666397094727,12.047612190246582,1.008333444595337,0.0006022790912538767,1.1007088422775269,0.020500419661402702,0.75,0.75,0.007271798327565193,0.1795370876789093
2026-08-13_11-13-50,/home/as22cq/Projects/Policy-RL-Peg_insertion/force_peg_rl/logs/rl_games/Forge/2026-08-13_11-13-50/nn/last_Forge_ep_500_rew_170.61963.pth,2,nominal,1001,False,timeout,149,226.99606323242188,0.005426200106739998,22.350133895874023,11.637006759643555,1.1750000715255737,0.0005893714842386544,1.4940811395645142,0.014920365996658802,0.75,0.75,0.0033706058748066425,0.05625622719526291
2026-08-13_11-13-50,/home/as22cq/Projects/Policy-RL-Peg_insertion/force_peg_rl/logs/rl_games/Forge/2026-08-13_11-13-50/nn/last_Forge_ep_500_rew_170.61963.pth,2,nominal,1001,True,success,149,218.37960815429688,0.0008816123008728027,32.05690383911133,14.11517333984375,1.158333420753479,0.0005277124582789838,1.2664881944656372,0.023447120562195778,0.75,0.75,0.008436107076704502,-0.5396464467048645
2026-08-13_11-13-50,/home/as22cq/Projects/Policy-RL-Peg_insertion/force_peg_rl/logs/rl_games/Forge/2026-08-13_11-13-50/nn/last_Forge_ep_500_rew_170.61963.pth,2,nominal,1001,False,timeout,149,222.01657104492188,0.0024964362382888794,26.03247833251953,14.473607063293457,1.1416667699813843,0.0006010024226270616,2.3829362392425537,0.021928714588284492,0.75,0.75,0.020921682938933372,-0.24840134382247925
2026-08-13_11-13-50,/home/as22cq/Projects/Policy-RL-Peg_insertion/force_peg_rl/logs/rl_games/Forge/2026-08-13_11-13-50/nn/last_Forge_ep_500_rew_170.61963.pth,2,nominal,1001,False,timeout,149,49.209327697753906,0.031821928918361664,20.021787643432617,13.392067909240723,1.125,0.04180575907230377,1.6468454599380493,0.021051546558737755,0.75,0.75,0.021711206063628197,-0.6493220925331116
2026-08-13_11-13-50,/home/as22cq/Projects/Policy-RL-Peg_insertion/force_peg_rl/logs/rl_games/Forge/2026-08-13_11-13-50/nn/last_Forge_ep_500_rew_170.61963.pth,2,nominal,1001,False,timeout,149,164.9140167236328,0.027919132262468338,27.826644897460938,13.9231595993042,1.0666667222976685,0.006536532659083605,2.3631553649902344,0.023087522014975548,0.75,0.75,0.015144135802984238,-0.5551906824111938
2026-08-13_11-13-50,/home/as22cq/Projects/Policy-RL-Peg_insertion/force_peg_rl/logs/rl_games/Forge/2026-08-13_11-13-50/nn/last_Forge_ep_500_rew_170.61963.pth,2,nominal,1001,False,timeout,149,51.55760192871094,-0.014652974903583527,21.92310333251953,13.036809921264648,1.100000023841858,0.04647601768374443,2.304065704345703,0.01856512390077114,0.75,0.75,0.0171226654201746,0.29567739367485046
2026-08-13_11-13-50,/home/as22cq/Projects/Policy-RL-Peg_insertion/force_peg_rl/logs/rl_games/Forge/2026-08-13_11-13-50/nn/last_Forge_ep_500_rew_170.61963.pth,2,nominal,1001,False,timeout,149,192.4551239013672,0.012888330966234207,16.947189331054688,11.686346054077148,0.8750000596046448,0.0010656444355845451,1.9473956823349,0.023324768990278244,0.75,0.75,0.020652227103710175,0.4007342457771301
2026-08-13_11-13-50,/home/as22cq/Projects/Policy-RL-Peg_insertion/force_peg_rl/logs/rl_games/Forge/2026-08-13_11-13-50/nn/last_Forge_ep_500_rew_170.61963.pth,2,nominal,1001,False,timeout,149,215.17062377929688,0.0010341145098209381,23.332237243652344,12.950798034667969,1.0166667699813843,0.0006800867849960923,2.036540985107422,0.016495054587721825,0.75,0.75,0.018144112080335617,-0.46352580189704895
2026-08-13_11-13-50,/home/as22cq/Projects/Policy-RL-Peg_insertion/force_peg_rl/logs/rl_games/Forge/2026-08-13_11-13-50/nn/last_Forge_ep_500_rew_170.61963.pth,2,nominal,1001,False,timeout,149,84.56909942626953,0.0694895088672638,22.89910888671875,11.430651664733887,0.8333333730697632,0.043112944811582565,0.36885887384414673,0.019658973440527916,0.75,0.75,0.019881224259734154,-0.43698203563690186
2026-08-13_11-13-50,/home/as22cq/Projects/Policy-RL-Peg_insertion/force_peg_rl/logs/rl_games/Forge/2026-08-13_11-13-50/nn/last_Forge_ep_500_rew_170.61963.pth,2,nominal,1001,True,success,149,400.6979675292969,0.00041509419679641724,12.850851058959961,9.492854118347168,0.6000000238418579,0.0006875840481370687,2.370386838912964,0.023034047335386276,0.75,0.75,0.021829308941960335,0.07910413295030594
2026-08-13_11-13-50,/home/as22cq/Projects/Policy-RL-Peg_insertion/force_peg_rl/logs/rl_games/Forge/2026-08-13_11-13-50/nn/last_Forge_ep_500_rew_170.61963.pth,2,nominal,1001,True,success,149,383.4228210449219,0.0008211014792323112,13.529970169067383,9.913688659667969,0.9750000238418579,0.0008511561900377274,2.2447872161865234,0.018841315060853958,0.75,0.75,0.01778019405901432,0.35664674639701843
2026-08-13_11-13-50,/home/as22cq/Projects/Policy-RL-Peg_insertion/force_peg_rl/logs/rl_games/Forge/2026-08-13_11-13-50/nn/last_Forge_ep_500_rew_170.61963.pth,2,nominal,1001,False,force_limit,149,81.38390350341797,0.08395002037286758,157.91456604003906,15.786077499389648,0.8583333492279053,0.048343539237976074,0.34465035796165466,0.019187122583389282,0.75,0.75,0.007226718124002218,-0.4442608654499054
2026-08-13_11-13-50,/home/as22cq/Projects/Policy-RL-Peg_insertion/force_peg_rl/logs/rl_games/Forge/2026-08-13_11-13-50/nn/last_Forge_ep_500_rew_170.61963.pth,2,nominal,1001,False,timeout,149,194.67709350585938,0.012856829911470413,24.968626022338867,12.105854034423828,1.058333396911621,0.000655207026284188,1.1435891389846802,0.020070508122444153,0.75,0.75,0.011614397168159485,-0.3421226143836975
2026-08-13_11-13-50,/home/as22cq/Projects/Policy-RL-Peg_insertion/force_peg_rl/logs/rl_games/Forge/2026-08-13_11-13-50/nn/last_Forge_ep_500_rew_170.61963.pth,2,nominal,1001,True,success,149,405.488037109375,0.00012122839689254761,27.784778594970703,15.9052734375,1.1916667222976685,0.000355557567672804,1.0791001319885254,0.019575979560613632,0.75,0.75,0.01174683403223753,-0.6820406317710876
2026-08-13_11-13-50,/home/as22cq/Projects/Policy-RL-Peg_insertion/force_peg_rl/logs/rl_games/Forge/2026-08-13_11-13-50/nn/last_Forge_ep_500_rew_170.61963.pth,2,nominal,1001,False,timeout,149,244.71771240234375,0.004405651241540909,17.29427719116211,12.557622909545898,1.158333420753479,0.0008185718324966729,1.4927150011062622,0.017884882166981697,0.75,0.75,0.021071406081318855,-0.5599067211151123
2026-08-13_11-13-50,/home/as22cq/Projects/Policy-RL-Peg_insertion/force_peg_rl/logs/rl_games/Forge/2026-08-13_11-13-50/nn/last_Forge_ep_500_rew_170.61963.pth,2,nominal,1001,False,timeout,149,214.3737335205078,0.005765870213508606,32.007293701171875,17.28620147705078,1.158333420753479,0.000797448621597141,1.540614366531372,0.01758422702550888,0.75,0.75,0.019610924646258354,-0.2691989243030548
2026-08-13_11-13-50,/home/as22cq/Projects/Policy-RL-Peg_insertion/force_peg_rl/logs/rl_games/Forge/2026-08-13_11-13-50/nn/last_Forge_ep_500_rew_170.61963.pth,2,nominal,1001,False,timeout,149,24.667835235595703,0.24493923783302307,12.004321098327637,4.235086917877197,0.6333333849906921,0.022099794819951057,0.3941526412963867,0.017869669944047928,0.75,0.75,0.012875811196863651,-0.618934690952301
2026-08-13_11-13-50,/home/as22cq/Projects/Policy-RL-Peg_insertion/force_peg_rl/logs/rl_games/Forge/2026-08-13_11-13-50/nn/last_Forge_ep_500_rew_170.61963.pth,2,nominal,1001,False,timeout,149,199.67941284179688,0.010453127324581146,24.972015380859375,11.096517562866211,0.7500000596046448,0.000771665305364877,2.044171094894409,0.01962859369814396,0.75,0.75,0.011299483478069305,-0.2725750207901001
2026-08-13_11-13-50,/home/as22cq/Projects/Policy-RL-Peg_insertion/force_peg_rl/logs/rl_games/Forge/2026-08-13_11-13-50/nn/last_Forge_ep_500_rew_170.61963.pth,2,nominal,1001,False,timeout,149,98.9090347290039,0.07474522292613983,18.54612159729004,9.07894229888916,0.8666667342185974,0.07513897866010666,1.0800610780715942,0.016826501116156578,0.75,0.75,0.018575113266706467,-0.09378418326377869
2026-08-13_11-13-50,/home/as22cq/Projects/Policy-RL-Peg_insertion/force_peg_rl/logs/rl_games/Forge/2026-08-13_11-13-50/nn/last_Forge_ep_500_rew_170.61963.pth,2,nominal,1001,False,timeout,149,125.8466796875,0.03274933993816376,18.038686752319336,13.375566482543945,1.1416667699813843,0.019355257973074913,0.6225588917732239,0.020204121246933937,0.75,0.75,0.01512822974473238,-0.7818158864974976
2026-08-13_11-13-50,/home/as22cq/Projects/Policy-RL-Peg_insertion/force_peg_rl/logs/rl_games/Forge/2026-08-13_11-13-50/nn/last_Forge_ep_500_rew_170.61963.pth,2,nominal,1001,False,timeout,149,211.2845458984375,0.015137828886508942,36.97080993652344,18.853403091430664,1.1750000715255737,0.0008733799331821501,1.1310216188430786,0.019322259351611137,0.75,0.75,0.005391777493059635,-0.45521241426467896
2026-08-13_11-13-50,/home/as22cq/Projects/Policy-RL-Peg_insertion/force_peg_rl/logs/rl_games/Forge/2026-08-13_11-13-50/nn/last_Forge_ep_500_rew_170.61963.pth,2,nominal,1001,False,timeout,149,230.36355590820312,0.007795482873916626,32.910614013671875,17.121143341064453,1.183333396911621,0.0009125766810029745,2.181955337524414,0.015515419654548168,0.75,0.75,0.008893955498933792,-0.3283514976501465
2026-08-13_11-13-50,/home/as22cq/Projects/Policy-RL-Peg_insertion/force_peg_rl/logs/rl_games/Forge/2026-08-13_11-13-50/nn/last_Forge_ep_500_rew_170.61963.pth,2,nominal,1001,False,timeout,149,195.14930725097656,0.015053089708089828,29.193056106567383,12.158373832702637,0.9916667342185974,0.0008417279459536076,1.9803398847579956,0.016003001481294632,0.75,0.75,0.018350675702095032,0.7685384750366211
2026-08-13_11-13-50,/home/as22cq/Projects/Policy-RL-Peg_insertion/force_peg_rl/logs/rl_games/Forge/2026-08-13_11-13-50/nn/last_Forge_ep_500_rew_170.61963.pth,2,nominal,1001,False,timeout,149,30.680335998535156,-0.010298430919647217,37.69865798950195,6.089818000793457,0.3583333492279053,0.028855906799435616,0.6032338738441467,0.023824989795684814,0.75,0.75,0.020526640117168427,-0.7491322755813599
2026-08-13_11-13-50,/home/as22cq/Projects/Policy-RL-Peg_insertion/force_peg_rl/logs/rl_games/Forge/2026-08-13_11-13-50/nn/last_Forge_ep_500_rew_170.61963.pth,2,nominal,1001,True,success,149,277.54888916015625,0.0010202620178461075,16.04620361328125,10.758919715881348,1.0250000953674316,0.0005321235512383282,2.460340976715088,0.021529115736484528,0.75,0.75,0.021493110805749893,-0.12146566063165665
2026-08-13_11-13-50,/home/as22cq/Projects/Policy-RL-Peg_insertion/force_peg_rl/logs/rl_games/Forge/2026-08-13_11-13-50/nn/last_Forge_ep_500_rew_170.61963.pth,2,nominal,1001,False,timeout,149,244.23345947265625,0.0051688551902771,25.260404586791992,10.775396347045898,0.7666667103767395,0.0005343590164557099,1.437557339668274,0.017748845741152763,0.75,0.75,0.021931102499365807,0.38618290424346924
2026-08-13_11-13-50,/home/as22cq/Projects/Policy-RL-Peg_insertion/force_peg_rl/logs/rl_games/Forge/2026-08-13_11-13-50/nn/last_Forge_ep_500_rew_170.61963.pth,2,nominal,1001,False,timeout,149,110.78463745117188,0.028350140899419785,36.717811584472656,14.124908447265625,1.1750000715255737,0.015169831924140453,1.8428019285202026,0.019194230437278748,0.75,0.75,0.019683752208948135,-0.13773249089717865
2026-08-13_11-13-50,/home/as22cq/Projects/Policy-RL-Peg_insertion/force_peg_rl/logs/rl_games/Forge/2026-08-13_11-13-50/nn/last_Forge_ep_500_rew_170.61963.pth,2,nominal,1001,False,timeout,149,29.995071411132812,0.06338129937648773,22.490983963012695,8.914533615112305,0.9416667222976685,0.015474128536880016,0.33963996171951294,0.015837624669075012,0.75,0.75,0.023288791999220848,-0.5399261116981506
2026-08-13_11-13-50,/home/as22cq/Projects/Policy-RL-Peg_insertion/force_peg_rl/logs/rl_games/Forge/2026-08-13_11-13-50/nn/last_Forge_ep_500_rew_170.61963.pth,2,nominal,1001,False,timeout,149,35.083740234375,-0.02029334008693695,26.102149963378906,9.305022239685059,0.8083333969116211,0.02841736003756523,1.2180306911468506,0.021928710862994194,0.75,0.75,0.025848420336842537,-0.18032708764076233
2026-08-13_11-13-50,/home/as22cq/Projects/Policy-RL-Peg_insertion/force_peg_rl/logs/rl_games/Forge/2026-08-13_11-13-50/nn/last_Forge_ep_500_rew_170.61963.pth,2,nominal,1001,False,timeout,149,39.21062469482422,0.016513057053089142,15.675841331481934,9.426888465881348,0.9916667342185974,0.025760719552636147,2.145909547805786,0.01904228888452053,0.75,0.75,0.025460759177803993,0.33164212107658386
2026-08-13_11-13-50,/home/as22cq/Projects/Policy-RL-Peg_insertion/force_peg_rl/logs/rl_games/Forge/2026-08-13_11-13-50/nn/last_Forge_ep_500_rew_170.61963.pth,2,nominal,1001,True,success,149,273.61968994140625,7.795169949531555e-05,30.349504470825195,18.7379207611084,1.158333420753479,0.0005225062486715615,1.503136396408081,0.01983124576508999,0.75,0.75,0.02251729741692543,-0.2691696584224701
2026-08-13_11-13-50,/home/as22cq/Projects/Policy-RL-Peg_insertion/force_peg_rl/logs/rl_games/Forge/2026-08-13_11-13-50/nn/last_Forge_ep_500_rew_170.61963.pth,2,nominal,1001,False,timeout,149,220.9658660888672,0.009284868836402893,37.899169921875,14.289384841918945,0.9583333730697632,0.0005704329814761877,1.94106125831604,0.02237432450056076,0.75,0.75,0.02148120291531086,-0.39416682720184326
2026-08-13_11-13-50,/home/as22cq/Projects/Policy-RL-Peg_insertion/force_peg_rl/logs/rl_games/Forge/2026-08-13_11-13-50/nn/last_Forge_ep_500_rew_170.61963.pth,2,nominal,1001,False,timeout,149,34.19964599609375,0.02983749285340309,19.10982894897461,11.491684913635254,0.9750000238418579,0.047050535678863525,2.0129570960998535,0.020307006314396858,0.75,0.75,0.025398768484592438,0.14865505695343018
2026-08-13_11-13-50,/home/as22cq/Projects/Policy-RL-Peg_insertion/force_peg_rl/logs/rl_games/Forge/2026-08-13_11-13-50/nn/last_Forge_ep_500_rew_170.61963.pth,2,nominal,1001,False,timeout,149,64.96990203857422,0.05976596847176552,16.543071746826172,10.608924865722656,0.98333340883255,0.03462837636470795,0.7603593468666077,0.018703695386648178,0.75,0.75,0.009076794609427452,-0.7004092335700989
2026-08-13_11-13-50,/home/as22cq/Projects/Policy-RL-Peg_insertion/force_peg_rl/logs/rl_games/Forge/2026-08-13_11-13-50/nn/last_Forge_ep_500_rew_170.61963.pth,2,nominal,1001,False,timeout,149,28.961849212646484,0.03375091403722763,13.75594711303711,7.317994117736816,0.8250000476837158,0.024108445271849632,0.6525786519050598,0.02388438582420349,0.75,0.75,0.022991864010691643,-0.5532423257827759
2026-08-13_11-13-50,/home/as22cq/Projects/Policy-RL-Peg_insertion/force_peg_rl/logs/rl_games/Forge/2026-08-13_11-13-50/nn/last_Forge_ep_500_rew_170.61963.pth,2,nominal,1001,False,timeout,149,203.395751953125,0.008054189383983612,22.648998260498047,11.637933731079102,1.058333396911621,0.0007172043551690876,1.4578585624694824,0.023065969347953796,0.75,0.75,0.018991924822330475,0.20743392407894135
2026-08-13_11-13-50,/home/as22cq/Projects/Policy-RL-Peg_insertion/force_peg_rl/logs/rl_games/Forge/2026-08-13_11-13-50/nn/last_Forge_ep_500_rew_170.61963.pth,2,nominal,1001,False,timeout,149,216.38345336914062,0.0024244748055934906,22.158483505249023,10.933979988098145,1.133333444595337,0.0005733764846809208,1.5891392230987549,0.022870369255542755,0.75,0.75,0.017809879034757614,0.6315240263938904
2026-08-13_11-13-50,/home/as22cq/Projects/Policy-RL-Peg_insertion/force_peg_rl/logs/rl_games/Forge/2026-08-13_11-13-50/nn/last_Forge_ep_500_rew_170.61963.pth,2,nominal,1001,True,success,149,320.404541015625,0.0001183878630399704,11.391715049743652,7.945993423461914,1.058333396911621,0.0005304999649524689,2.612591505050659,0.022785302251577377,0.75,0.75,0.00510643282905221,0.09131362289190292
2026-08-13_11-13-50,/home/as22cq/Projects/Policy-RL-Peg_insertion/force_peg_rl/logs/rl_games/Forge/2026-08-13_11-13-50/nn/last_Forge_ep_500_rew_170.61963.pth,2,nominal,1001,True,success,149,242.55630493164062,0.00014354288578033447,25.33340072631836,12.237278938293457,0.8666667342185974,0.0006037771818228066,2.1782772541046143,0.023870799690485,0.75,0.75,0.015833258628845215,0.3663131892681122
2026-08-13_11-13-50,/home/as22cq/Projects/Policy-RL-Peg_insertion/force_peg_rl/logs/rl_games/Forge/2026-08-13_11-13-50/nn/last_Forge_ep_500_rew_170.61963.pth,2,nominal,1001,False,timeout,149,217.89222717285156,0.01386299729347229,20.334545135498047,9.736246109008789,1.0166667699813843,0.001078632427379489,2.2141315937042236,0.014620817266404629,0.75,0.75,0.010411480441689491,-0.14587116241455078
2026-08-13_11-13-50,/home/as22cq/Projects/Policy-RL-Peg_insertion/force_peg_rl/logs/rl_games/Forge/2026-08-13_11-13-50/nn/last_Forge_ep_500_rew_170.61963.pth,2,nominal,1001,False,timeout,149,46.889381408691406,0.031568288803100586,26.131851196289062,11.611499786376953,1.0166667699813843,0.0678543671965599,1.2391897439956665,0.02186746895313263,0.75,0.75,0.012933487072587013,-0.44119328260421753
2026-08-13_11-13-50,/home/as22cq/Projects/Policy-RL-Peg_insertion/force_peg_rl/logs/rl_games/Forge/2026-08-13_11-13-50/nn/last_Forge_ep_500_rew_170.61963.pth,2,nominal,1001,False,timeout,149,38.095008850097656,0.023413702845573425,25.622028350830078,12.472289085388184,1.1166666746139526,0.019629240036010742,1.7527647018432617,0.016157617792487144,0.75,0.75,0.023202423006296158,-0.3652269244194031
2026-08-13_11-13-50,/home/as22cq/Projects/Policy-RL-Peg_insertion/force_peg_rl/logs/rl_games/Forge/2026-08-13_11-13-50/nn/last_Forge_ep_500_rew_170.61963.pth,2,nominal,1001,False,timeout,149,223.0273895263672,0.011095371097326279,24.127626419067383,14.210847854614258,1.158333420753479,0.0006201969226822257,1.9697073698043823,0.021059606224298477,0.75,0.75,0.01897650584578514,0.38433027267456055
2026-08-13_11-13-50,/home/as22cq/Projects/Policy-RL-Peg_insertion/force_peg_rl/logs/rl_games/Forge/2026-08-13_11-13-50/nn/last_Forge_ep_500_rew_170.61963.pth,2,nominal,1001,False,timeout,149,208.53318786621094,0.00941939651966095,34.70056915283203,15.538140296936035,1.100000023841858,0.000812997343018651,1.8801801204681396,0.020258717238903046,0.75,0.75,0.008386467583477497,0.2316727638244629
2026-08-13_11-13-50,/home/as22cq/Projects/Policy-RL-Peg_insertion/force_peg_rl/logs/rl_games/Forge/2026-08-13_11-13-50/nn/last_Forge_ep_500_rew_170.61963.pth,2,nominal,1001,False,timeout,149,37.141746520996094,0.027915507555007935,27.43888282775879,10.547316551208496,1.0,0.022596200928092003,1.8496167659759521,0.018845554441213608,0.75,0.75,0.015989072620868683,0.055705513805150986
2026-08-13_11-13-50,/home/as22cq/Projects/Policy-RL-Peg_insertion/force_peg_rl/logs/rl_games/Forge/2026-08-13_11-13-50/nn/last_Forge_ep_500_rew_170.61963.pth,2,nominal,1001,False,timeout,149,169.6995849609375,0.025602739304304123,29.332632064819336,15.165153503417969,1.158333420753479,0.0030354384798556566,2.031644105911255,0.018838200718164444,0.75,0.75,0.01841791719198227,-0.03332448750734329
2026-08-13_11-13-50,/home/as22cq/Projects/Policy-RL-Peg_insertion/force_peg_rl/logs/rl_games/Forge/2026-08-13_11-13-50/nn/last_Forge_ep_500_rew_170.61963.pth,2,nominal,1001,True,success,149,257.574462890625,0.00010348111391067505,25.426061630249023,16.65901756286621,1.1750000715255737,0.0005523019935935736,1.3651330471038818,0.017856061458587646,0.75,0.75,0.011731645092368126,0.13897450268268585
2026-08-13_11-13-50,/home/as22cq/Projects/Policy-RL-Peg_insertion/force_peg_rl/logs/rl_games/Forge/2026-08-13_11-13-50/nn/last_Forge_ep_500_rew_170.61963.pth,2,nominal,1001,False,timeout,149,225.3879852294922,0.012064114212989807,19.203317642211914,13.416186332702637,0.9916667342185974,0.0009357613162137568,1.9399757385253906,0.01571701653301716,0.75,0.75,0.01608235202729702,-0.16532404720783234
2026-08-13_11-13-50,/home/as22cq/Projects/Policy-RL-Peg_insertion/force_peg_rl/logs/rl_games/Forge/2026-08-13_11-13-50/nn/last_Forge_ep_500_rew_170.61963.pth,2,nominal,1001,False,timeout,149,35.750064849853516,0.02876482903957367,33.75307083129883,13.905202865600586,1.1166666746139526,0.017545999959111214,2.0814716815948486,0.01593594066798687,0.75,0.75,0.013790109194815159,-0.305357426404953
2026-08-13_11-13-50,/home/as22cq/Projects/Policy-RL-Peg_insertion/force_peg_rl/logs/rl_games/Forge/2026-08-13_11-13-50/nn/last_Forge_ep_500_rew_170.61963.pth,2,nominal,1001,True,success,149,340.8521423339844,0.0007175067439675331,14.637252807617188,9.844076156616211,0.9500000476837158,0.0008744212100282311,2.5440940856933594,0.020774684846401215,0.75,0.75,0.017013665288686752,0.23199039697647095
2026-08-13_11-13-50,/home/as22cq/Projects/Policy-RL-Peg_insertion/force_peg_rl/logs/rl_games/Forge/2026-08-13_11-13-50/nn/last_Forge_ep_500_rew_170.61963.pth,2,nominal,1001,False,timeout,149,194.9387664794922,0.02031024917960167,23.101806640625,8.579007148742676,0.5166667103767395,0.001228600856848061,0.8097750544548035,0.01568693108856678,0.75,0.75,0.010746468789875507,0.1386077105998993
2026-08-13_11-13-50,/home/as22cq/Projects/Policy-RL-Peg_insertion/force_peg_rl/logs/rl_games/Forge/2026-08-13_11-13-50/nn/last_Forge_ep_500_rew_170.61963.pth,2,nominal,1001,False,timeout,149,72.81614685058594,0.029916174709796906,17.24580955505371,11.863753318786621,1.1416667699813843,0.004626512061804533,2.5390422344207764,0.018006887286901474,0.75,0.75,0.006974481511861086,0.6974660754203796
2026-08-13_11-13-50,/home/as22cq/Projects/Policy-RL-Peg_insertion/force_peg_rl/logs/rl_games/Forge/2026-08-13_11-13-50/nn/last_Forge_ep_500_rew_170.61963.pth,2,nominal,1001,True,success,149,395.7563781738281,0.00011697784066200256,28.523229598999023,12.144102096557617,1.158333420753479,0.0005963462754152715,1.1929866075515747,0.018772847950458527,0.75,0.75,0.013196922838687897,-0.19503475725650787
2026-08-13_11-13-50,/home/as22cq/Projects/Policy-RL-Peg_insertion/force_peg_rl/logs/rl_games/Forge/2026-08-13_11-13-50/nn/last_Forge_ep_500_rew_170.61963.pth,2,nominal,1001,True,success,149,258.3341369628906,0.00015500932931900024,31.563026428222656,13.821175575256348,1.0500000715255737,0.0007108530844561756,2.0911643505096436,0.017154736444354057,0.75,0.75,0.02121230587363243,0.5288159251213074
2026-08-13_11-13-50,/home/as22cq/Projects/Policy-RL-Peg_insertion/force_peg_rl/logs/rl_games/Forge/2026-08-13_11-13-50/nn/last_Forge_ep_500_rew_170.61963.pth,2,nominal,1001,True,success,149,358.0970458984375,0.000295368954539299,17.154905319213867,6.941986083984375,0.5583333373069763,0.000843907764647156,1.5684030055999756,0.017057888209819794,0.75,0.75,0.01905035600066185,0.2469227910041809
2026-08-13_11-13-50,/home/as22cq/Projects/Policy-RL-Peg_insertion/force_peg_rl/logs/rl_games/Forge/2026-08-13_11-13-50/nn/last_Forge_ep_500_rew_170.61963.pth,2,nominal,1001,False,timeout,149,39.61201858520508,0.02321387454867363,10.817426681518555,6.689871311187744,0.17500001192092896,0.023311013355851173,2.1081111431121826,0.02164911851286888,0.75,0.75,0.01484785694628954,0.4333549439907074
2026-08-13_11-13-50,/home/as22cq/Projects/Policy-RL-Peg_insertion/force_peg_rl/logs/rl_games/Forge/2026-08-13_11-13-50/nn/last_Forge_ep_500_rew_170.61963.pth,2,nominal,1001,False,timeout,149,30.174991607666016,-0.03460972383618355,16.017518997192383,10.818181991577148,0.9583333730697632,0.02877957560122013,1.5395698547363281,0.019485317170619965,0.75,0.75,0.015334457159042358,0.15942102670669556
2026-08-13_11-13-50,/home/as22cq/Projects/Policy-RL-Peg_insertion/force_peg_rl/logs/rl_games/Forge/2026-08-13_11-13-50/nn/last_Forge_ep_500_rew_170.61963.pth,2,nominal,1001,False,timeout,149,28.593233108520508,0.2078201323747635,24.649677276611328,9.391843795776367,0.6166666746139526,0.04717681184411049,2.497645616531372,0.01732698082923889,0.75,0.75,0.005018469877541065,0.7659934163093567
2026-08-13_11-13-50,/home/as22cq/Projects/Policy-RL-Peg_insertion/force_peg_rl/logs/rl_games/Forge/2026-08-13_11-13-50/nn/last_Forge_ep_500_rew_170.61963.pth,2,nominal,1001,False,timeout,149,32.327781677246094,-0.0274248868227005,36.310787200927734,13.5935640335083,0.8333333730697632,0.026245832443237305,1.6158703565597534,0.017195260152220726,0.75,0.75,0.009747069329023361,-0.3258456885814667
2026-08-13_11-13-50,/home/as22cq/Projects/Policy-RL-Peg_insertion/force_peg_rl/logs/rl_games/Forge/2026-08-13_11-13-50/nn/last_Forge_ep_500_rew_170.61963.pth,2,nominal,1001,False,timeout,149,37.84366226196289,0.02362247183918953,22.427034378051758,16.157386779785156,1.1750000715255737,0.02107812836766243,2.290483236312866,0.019713807851076126,0.75,0.75,0.002150452695786953,0.25809046626091003
2026-08-13_11-13-50,/home/as22cq/Projects/Policy-RL-Peg_insertion/force_peg_rl/logs/rl_games/Forge/2026-08-13_11-13-50/nn/last_Forge_ep_500_rew_170.61963.pth,2,nominal,1001,False,timeout,149,36.2432975769043,0.026740144938230515,23.556304931640625,10.355147361755371,0.7416667342185974,0.022108666598796844,2.6003315448760986,0.016470789909362793,0.75,0.75,0.02108541689813137,0.6555227041244507
2026-08-13_11-13-50,/home/as22cq/Projects/Policy-RL-Peg_insertion/force_peg_rl/logs/rl_games/Forge/2026-08-13_11-13-50/nn/last_Forge_ep_500_rew_170.61963.pth,2,nominal,1001,False,timeout,149,25.148006439208984,0.09697999805212021,38.19456481933594,17.350616455078125,1.2000000476837158,0.03132857754826546,0.4277217388153076,0.02107066474854946,0.75,0.75,0.021301236003637314,-0.6772103905677795
2026-08-13_11-13-50,/home/as22cq/Projects/Policy-RL-Peg_insertion/force_peg_rl/logs/rl_games/Forge/2026-08-13_11-13-50/nn/last_Forge_ep_500_rew_170.61963.pth,2,nominal,1001,False,timeout,149,28.523080825805664,-0.002199307084083557,21.478609085083008,12.774580001831055,1.0833333730697632,0.04829789698123932,0.41180095076560974,0.019642818719148636,0.75,0.75,0.02282714657485485,-0.6422103643417358
2026-08-13_11-13-50,/home/as22cq/Projects/Policy-RL-Peg_insertion/force_peg_rl/logs/rl_games/Forge/2026-08-13_11-13-50/nn/last_Forge_ep_500_rew_170.61963.pth,2,nominal,1001,False,timeout,149,35.63560485839844,0.029433734714984894,23.280057907104492,10.791152000427246,0.9666666984558105,0.029743529856204987,1.9563969373703003,0.016166212037205696,0.75,0.75,0.014402458444237709,0.1898675113916397
2026-08-13_11-13-50,/home/as22cq/Projects/Policy-RL-Peg_insertion/force_peg_rl/logs/rl_games/Forge/2026-08-13_11-13-50/nn/last_Forge_ep_500_rew_170.61963.pth,2,nominal,1001,False,timeout,149,27.3054141998291,0.04529215767979622,19.012815475463867,11.4631986618042,1.008333444595337,0.07527917623519897,1.1449555158615112,0.02291574329137802,0.75,0.75,0.016527259722352028,-0.6966042518615723
2026-08-13_11-13-50,/home/as22cq/Projects/Policy-RL-Peg_insertion/force_peg_rl/logs/rl_games/Forge/2026-08-13_11-13-50/nn/last_Forge_ep_500_rew_170.61963.pth,2,nominal,1001,False,timeout,149,30.31268310546875,-0.006221674382686615,21.64049530029297,10.084798812866211,1.0666667222976685,0.04260210320353508,0.5716486573219299,0.015569858253002167,0.75,0.75,0.022438734769821167,-0.7281140089035034
2026-08-13_11-13-50,/home/as22cq/Projects/Policy-RL-Peg_insertion/force_peg_rl/logs/rl_games/Forge/2026-08-13_11-13-50/nn/last_Forge_ep_500_rew_170.61963.pth,2,nominal,1001,False,timeout,149,33.263187408447266,0.032139018177986145,25.290090560913086,11.451809883117676,0.9500000476837158,0.02589372731745243,0.8356635570526123,0.016166362911462784,0.75,0.75,0.019842974841594696,0.295145720243454
2026-08-13_11-13-50,/home/as22cq/Projects/Policy-RL-Peg_insertion/force_peg_rl/logs/rl_games/Forge/2026-08-13_11-13-50/nn/last_Forge_ep_500_rew_170.61963.pth,2,nominal,1001,False,timeout,149,29.192516326904297,0.037207696586847305,23.016738891601562,9.67773723602295,1.0,0.0394911915063858,0.674419641494751,0.023370862007141113,0.75,0.75,0.002932425821200013,-0.711712121963501
2026-08-13_11-13-50,/home/as22cq/Projects/Policy-RL-Peg_insertion/force_peg_rl/logs/rl_games/Forge/2026-08-13_11-13-50/nn/last_Forge_ep_500_rew_170.61963.pth,2,nominal,1001,False,timeout,149,39.1171760559082,0.0023875851184129715,13.641701698303223,9.34901237487793,0.5833333730697632,0.017754239961504936,0.9329710602760315,0.015642669051885605,0.75,0.75,0.02164832130074501,-0.22570373117923737
2026-08-13_11-13-50,/home/as22cq/Projects/Policy-RL-Peg_insertion/force_peg_rl/logs/rl_games/Forge/2026-08-13_11-13-50/nn/last_Forge_ep_500_rew_170.61963.pth,2,nominal,1001,False,timeout,149,31.90054702758789,0.003765515983104706,22.48749351501465,14.05810832977295,1.183333396911621,0.024817178025841713,0.6080430150032043,0.018210183829069138,0.75,0.75,0.015350107103586197,0.31937673687934875
2026-08-13_11-13-50,/home/as22cq/Projects/Policy-RL-Peg_insertion/force_peg_rl/logs/rl_games/Forge/2026-08-13_11-13-50/nn/last_Forge_ep_500_rew_170.61963.pth,2,nominal,1001,False,timeout,149,38.01317596435547,0.01679784059524536,32.55274200439453,12.874764442443848,0.8083333969116211,0.024672823026776314,1.833318829536438,0.016150567680597305,0.75,0.75,0.019974714145064354,0.13439245522022247
2026-08-13_11-13-50,/home/as22cq/Projects/Policy-RL-Peg_insertion/force_peg_rl/logs/rl_games/Forge/2026-08-13_11-13-50/nn/last_Forge_ep_500_rew_170.61963.pth,2,nominal,1001,False,timeout,149,36.12411880493164,0.01843828335404396,31.47182273864746,17.77918815612793,1.2083333730697632,0.02455410175025463,2.2551825046539307,0.021775322034955025,0.75,0.75,0.009201427921652794,0.4407072365283966
2026-08-13_11-13-50,/home/as22cq/Projects/Policy-RL-Peg_insertion/force_peg_rl/logs/rl_games/Forge/2026-08-13_11-13-50/nn/last_Forge_ep_500_rew_170.61963.pth,2,nominal,1001,False,timeout,149,27.747617721557617,-0.03724249079823494,36.01580810546875,12.100247383117676,0.8416666984558105,0.03754781559109688,0.7082617878913879,0.02289941906929016,0.75,0.75,0.01390113029628992,-0.7715246081352234
2026-08-13_11-13-50,/home/as22cq/Projects/Policy-RL-Peg_insertion/force_peg_rl/logs/rl_games/Forge/2026-08-13_11-13-50/nn/last_Forge_ep_500_rew_170.61963.pth,2,nominal,1001,False,timeout,149,34.311981201171875,0.022556811571121216,11.31884765625,7.506424903869629,0.9500000476837158,0.026185836642980576,2.2461729049682617,0.019238904118537903,0.75,0.75,0.01882363297045231,0.18654686212539673
2026-08-13_11-13-50,/home/as22cq/Projects/Policy-RL-Peg_insertion/force_peg_rl/logs/rl_games/Forge/2026-08-13_11-13-50/nn/last_Forge_ep_500_rew_170.61963.pth,2,nominal,1001,False,timeout,149,35.368629455566406,0.058993496000766754,19.3690242767334,7.0072808265686035,0.10000000894069672,0.03956174477934837,2.488649845123291,0.018931817263364792,0.75,0.75,0.01968681439757347,-0.23151953518390656
2026-08-13_11-13-50,/home/as22cq/Projects/Policy-RL-Peg_insertion/force_peg_rl/logs/rl_games/Forge/2026-08-13_11-13-50/nn/last_Forge_ep_500_rew_170.61963.pth,2,nominal,1001,False,timeout,149,30.19226837158203,0.029326803982257843,34.65849304199219,15.295401573181152,1.1500000953674316,0.07743716984987259,1.2705758810043335,0.02240586280822754,0.75,0.75,0.012530215084552765,0.13043104112148285
2026-08-13_11-13-50,/home/as22cq/Projects/Policy-RL-Peg_insertion/force_peg_rl/logs/rl_games/Forge/2026-08-13_11-13-50/nn/last_Forge_ep_500_rew_170.61963.pth,2,nominal,1001,False,timeout,149,40.31587219238281,0.020549766719341278,16.486661911010742,6.367543697357178,0.7166666984558105,0.02501341700553894,2.0087215900421143,0.02098115161061287,0.75,0.75,0.01623188517987728,-0.19918975234031677
2026-08-13_11-13-50,/home/as22cq/Projects/Policy-RL-Peg_insertion/force_peg_rl/logs/rl_games/Forge/2026-08-13_11-13-50/nn/last_Forge_ep_500_rew_170.61963.pth,2,nominal,1001,False,timeout,149,37.602745056152344,0.02217496931552887,22.47357177734375,11.92028522491455,1.183333396911621,0.023195594549179077,1.4955607652664185,0.022938724607229233,0.75,0.75,0.009694133885204792,-0.0808091089129448
2026-08-13_11-13-50,/home/as22cq/Projects/Policy-RL-Peg_insertion/force_peg_rl/logs/rl_games/Forge/2026-08-13_11-13-50/nn/last_Forge_ep_500_rew_170.61963.pth,2,nominal,1001,False,timeout,149,29.723175048828125,0.010624699294567108,30.544933319091797,12.602679252624512,1.0750000476837158,0.05436030402779579,1.7735185623168945,0.016873560845851898,0.75,0.75,0.015161111019551754,-0.5265071392059326
2026-08-13_11-13-50,/home/as22cq/Projects/Policy-RL-Peg_insertion/force_peg_rl/logs/rl_games/Forge/2026-08-13_11-13-50/nn/last_Forge_ep_500_rew_170.61963.pth,2,nominal,1001,False,timeout,149,40.080360412597656,0.02122056484222412,14.027507781982422,6.96773099899292,0.7083333730697632,0.02305692248046398,1.7091119289398193,0.0156350526958704,0.75,0.75,0.01933639869093895,0.31334957480430603
2026-08-13_11-13-50,/home/as22cq/Projects/Policy-RL-Peg_insertion/force_peg_rl/logs/rl_games/Forge/2026-08-13_11-13-50/nn/last_Forge_ep_500_rew_170.61963.pth,2,nominal,1001,False,timeout,149,28.24828338623047,0.01948940008878708,20.12640380859375,11.661355972290039,1.0416667461395264,0.03653271868824959,1.7701764106750488,0.020158756524324417,0.75,0.75,0.013035551644861698,0.5365958213806152
2026-08-13_11-13-50,/home/as22cq/Projects/Policy-RL-Peg_insertion/force_peg_rl/logs/rl_games/Forge/2026-08-13_11-13-50/nn/last_Forge_ep_500_rew_170.61963.pth,2,nominal,1001,False,timeout,149,92.68950653076172,-0.007993906736373901,29.237659454345703,13.026850700378418,1.100000023841858,0.047605227679014206,2.7384142875671387,0.019965898245573044,0.75,0.75,0.00671359384432435,-0.4505034387111664
2026-08-13_11-13-50,/home/as22cq/Projects/Policy-RL-Peg_insertion/force_peg_rl/logs/rl_games/Forge/2026-08-13_11-13-50/nn/last_Forge_ep_500_rew_170.61963.pth,2,nominal,1001,False,timeout,149,28.68723487854004,-0.048862576484680176,36.397064208984375,9.768264770507812,0.44166669249534607,0.030621623620390892,1.7503832578659058,0.02355351112782955,0.75,0.75,0.027021802961826324,0.15036511421203613
2026-08-13_11-13-50,/home/as22cq/Projects/Policy-RL-Peg_insertion/force_peg_rl/logs/rl_games/Forge/2026-08-13_11-13-50/nn/last_Forge_ep_500_rew_170.61963.pth,2,nominal,1001,False,timeout,149,36.732765197753906,0.00976581685245037,20.548486709594727,11.434651374816895,1.0666667222976685,0.016393430531024933,1.763575553894043,0.0174166988581419,0.75,0.75,0.015642458572983742,-0.5607950687408447
2026-08-13_11-13-50,/home/as22cq/Projects/Policy-RL-Peg_insertion/force_peg_rl/logs/rl_games/Forge/2026-08-13_11-13-50/nn/last_Forge_ep_500_rew_170.61963.pth,2,nominal,1001,False,timeout,149,44.385189056396484,0.002378299832344055,18.512664794921875,10.091470718383789,0.5666667222976685,0.016570596024394035,1.7524322271347046,0.01682325080037117,0.75,0.75,0.013652815483510494,0.028686435893177986
2026-08-13_11-13-50,/home/as22cq/Projects/Policy-RL-Peg_insertion/force_peg_rl/logs/rl_games/Forge/2026-08-13_11-13-50/nn/last_Forge_ep_500_rew_170.61963.pth,2,nominal,1001,False,timeout,149,37.499202728271484,0.025962520390748978,21.397239685058594,15.44046401977539,1.2000000476837158,0.0201446320861578,0.6908354759216309,0.01520598866045475,0.75,0.75,0.012353871949017048,0.11279333382844925
2026-08-13_11-13-50,/home/as22cq/Projects/Policy-RL-Peg_insertion/force_peg_rl/logs/rl_games/Forge/2026-08-13_11-13-50/nn/last_Forge_ep_500_rew_170.61963.pth,2,nominal,1001,False,timeout,149,222.13217163085938,0.012209342792630196,27.038782119750977,12.58361530303955,1.1666667461395264,0.0007211408810690045,1.6343575716018677,0.022262301295995712,0.75,0.75,0.012130232527852058,0.15834899246692657
2026-08-13_11-13-50,/home/as22cq/Projects/Policy-RL-Peg_insertion/force_peg_rl/logs/rl_games/Forge/2026-08-13_11-13-50/nn/last_Forge_ep_500_rew_170.61963.pth,2,nominal,1001,False,timeout,149,25.934823989868164,0.20366857945919037,17.568538665771484,5.823589324951172,0.5916666984558105,0.03746427595615387,0.7812269926071167,0.014059549197554588,0.75,0.75,0.014119738712906837,-0.4990970492362976
2026-08-13_11-13-50,/home/as22cq/Projects/Policy-RL-Peg_insertion/force_peg_rl/logs/rl_games/Forge/2026-08-13_11-13-50/nn/last_Forge_ep_500_rew_170.61963.pth,2,nominal,1001,False,timeout,149,27.653871536254883,0.013830997049808502,16.947877883911133,10.421823501586914,1.2000000476837158,0.043987829238176346,0.7057274580001831,0.021552711725234985,0.75,0.75,0.020876480266451836,-0.5127936601638794
2026-08-13_11-13-50,/home/as22cq/Projects/Policy-RL-Peg_insertion/force_peg_rl/logs/rl_games/Forge/2026-08-13_11-13-50/nn/last_Forge_ep_500_rew_170.61963.pth,2,nominal,1001,False,timeout,149,36.65476989746094,0.02706879749894142,24.76725959777832,8.541357040405273,0.9583333730697632,0.0194721482694149,2.310835838317871,0.020665738731622696,0.75,0.75,0.016821373254060745,0.06334131956100464
2026-08-13_11-13-50,/home/as22cq/Projects/Policy-RL-Peg_insertion/force_peg_rl/logs/rl_games/Forge/2026-08-13_11-13-50/nn/last_Forge_ep_500_rew_170.61963.pth,2,nominal,1001,False,timeout,149,26.358325958251953,-0.0014055520296096802,18.33123779296875,13.966669082641602,1.1166666746139526,0.1731560230255127,2.128960609436035,0.021153850480914116,0.75,0.75,0.00891163945198059,0.2165878862142563
2026-08-13_11-13-50,/home/as22cq/Projects/Policy-RL-Peg_insertion/force_peg_rl/logs/rl_games/Forge/2026-08-13_11-13-50/nn/last_Forge_ep_500_rew_170.61963.pth,2,nominal,1001,False,timeout,149,32.024391174316406,0.026001252233982086,18.138845443725586,8.393494606018066,1.0166667699813843,0.019655751064419746,1.300008773803711,0.021385658532381058,0.75,0.75,0.008229159750044346,-0.28635331988334656
2026-08-13_11-13-50,/home/as22cq/Projects/Policy-RL-Peg_insertion/force_peg_rl/logs/rl_games/Forge/2026-08-13_11-13-50/nn/last_Forge_ep_500_rew_170.61963.pth,2,nominal,1001,False,timeout,149,28.970428466796875,0.03450481593608856,17.637563705444336,10.043994903564453,0.7500000596046448,0.02175406739115715,0.6426871418952942,0.016053400933742523,0.75,0.75,0.01621880568563938,0.11821167916059494
2026-08-13_11-13-50,/home/as22cq/Projects/Policy-RL-Peg_insertion/force_peg_rl/logs/rl_games/Forge/2026-08-13_11-13-50/nn/last_Forge_ep_500_rew_170.61963.pth,2,nominal,1001,False,timeout,149,33.344905853271484,-0.02360611781477928,17.2204532623291,9.223569869995117,0.7916666865348816,0.0074604591354727745,1.7479274272918701,0.020496314391493797,0.75,0.75,0.0072102658450603485,-0.7670652866363525
2026-08-13_11-13-50,/home/as22cq/Projects/Policy-RL-Peg_insertion/force_peg_rl/logs/rl_games/Forge/2026-08-13_11-13-50/nn/last_Forge_ep_500_rew_170.61963.pth,2,nominal,1001,False,timeout,149,33.781036376953125,0.030097797513008118,25.056978225708008,16.680137634277344,1.2000000476837158,0.02176356501877308,0.46317723393440247,0.020682819187641144,0.75,0.75,0.009847824461758137,-0.3959408104419708
2026-08-13_11-13-50,/home/as22cq/Projects/Policy-RL-Peg_insertion/force_peg_rl/logs/rl_games/Forge/2026-08-13_11-13-50/nn/last_Forge_ep_500_rew_170.61963.pth,2,nominal,1001,False,timeout,149,32.632179260253906,0.05966213345527649,13.604528427124023,10.142827987670898,1.0250000953674316,0.08636137843132019,2.336191177368164,0.023266304284334183,0.75,0.75,0.023187637329101562,0.4895193874835968
2026-08-13_11-13-50,/home/as22cq/Projects/Policy-RL-Peg_insertion/force_peg_rl/logs/rl_games/Forge/2026-08-13_11-13-50/nn/last_Forge_ep_500_rew_170.61963.pth,2,nominal,1001,False,timeout,149,32.41189193725586,0.06414610147476196,22.0918025970459,8.383896827697754,0.4166666865348816,0.05411789193749428,2.5101211071014404,0.018296927213668823,0.75,0.75,0.0075696674175560474,0.4345397353172302
2026-08-13_11-13-50,/home/as22cq/Projects/Policy-RL-Peg_insertion/force_peg_rl/logs/rl_games/Forge/2026-08-13_11-13-50/nn/last_Forge_ep_500_rew_170.61963.pth,2,nominal,1001,False,timeout,149,32.540409088134766,0.0474991612136364,16.23090171813965,9.67994499206543,0.8500000238418579,0.1025802493095398,3.026012420654297,0.022931180894374847,0.75,0.75,0.0144522525370121,0.41410335898399353
2026-08-13_11-13-50,/home/as22cq/Projects/Policy-RL-Peg_insertion/force_peg_rl/logs/rl_games/Forge/2026-08-13_11-13-50/nn/last_Forge_ep_500_rew_170.61963.pth,2,nominal,1001,False,timeout,149,28.597341537475586,-0.03315472602844238,19.95307159423828,11.336185455322266,1.0916666984558105,0.05301366373896599,0.7834177017211914,0.018306290730834007,0.75,0.75,0.011412709951400757,0.376802921295166
2026-08-13_11-13-50,/home/as22cq/Projects/Policy-RL-Peg_insertion/force_peg_rl/logs/rl_games/Forge/2026-08-13_11-13-50/nn/last_Forge_ep_500_rew_170.61963.pth,2,nominal,1001,False,timeout,149,236.13226318359375,0.005046481266617775,24.153615951538086,15.93519115447998,1.1666667461395264,0.0005394116160459816,2.3701207637786865,0.016289347782731056,0.75,0.75,0.020338712260127068,-0.6465989351272583
2026-08-13_11-13-50,/home/as22cq/Projects/Policy-RL-Peg_insertion/force_peg_rl/logs/rl_games/Forge/2026-08-13_11-13-50/nn/last_Forge_ep_500_rew_170.61963.pth,2,nominal,1001,False,force_limit,149,26.550128936767578,0.10604561865329742,52.104248046875,17.675155639648438,0.8416666984558105,0.02305174060165882,0.26644888520240784,0.02268315851688385,0.75,0.75,0.0179225355386734,-0.476485013961792
2026-08-13_11-13-50,/home/as22cq/Projects/Policy-RL-Peg_insertion/force_peg_rl/logs/rl_games/Forge/2026-08-13_11-13-50/nn/last_Forge_ep_500_rew_170.61963.pth,2,nominal,1001,False,timeout,149,33.575927734375,0.035688430070877075,37.93254089355469,14.58099365234375,0.8666667342185974,0.020459474995732307,2.567042350769043,0.016915027052164078,0.75,0.75,0.02115846611559391,0.36377328634262085
2026-08-13_11-13-50,/home/as22cq/Projects/Policy-RL-Peg_insertion/force_peg_rl/logs/rl_games/Forge/2026-08-13_11-13-50/nn/last_Forge_ep_500_rew_170.61963.pth,2,nominal,1001,False,timeout,149,35.716121673583984,0.022988896816968918,18.53181266784668,9.80303955078125,0.9750000238418579,0.020790643990039825,1.1289732456207275,0.018898047506809235,0.75,0.75,0.012265103869140148,-0.3618459701538086
2026-08-13_11-13-50,/home/as22cq/Projects/Policy-RL-Peg_insertion/force_peg_rl/logs/rl_games/Forge/2026-08-13_11-13-50/nn/last_Forge_ep_500_rew_170.61963.pth,2,nominal,1001,False,timeout,149,28.259754180908203,0.04313661903142929,20.5151309967041,12.634727478027344,1.183333396911621,0.024559685960412025,0.3097516894340515,0.017300201579928398,0.75,0.75,0.021430961787700653,-0.6492890119552612
2026-08-13_11-13-50,/home/as22cq/Projects/Policy-RL-Peg_insertion/force_peg_rl/logs/rl_games/Forge/2026-08-13_11-13-50/nn/last_Forge_ep_500_rew_170.61963.pth,2,nominal,1001,False,timeout,149,36.805850982666016,0.04660533368587494,16.80004119873047,10.965469360351562,1.1750000715255737,0.020648088306188583,2.5082714557647705,0.017231246456503868,0.75,0.75,0.013714263215661049,0.15870985388755798
2026-08-13_11-13-50,/home/as22cq/Projects/Policy-RL-Peg_insertion/force_peg_rl/logs/rl_games/Forge/2026-08-13_11-13-50/nn/last_Forge_ep_500_rew_170.61963.pth,2,nominal,1001,False,timeout,149,32.53004455566406,0.03773491084575653,32.663360595703125,13.792008399963379,1.0750000476837158,0.03242853283882141,2.485203266143799,0.014061514288187027,0.75,0.75,0.008627437055110931,0.485250860452652
2026-08-13_11-13-50,/home/as22cq/Projects/Policy-RL-Peg_insertion/force_peg_rl/logs/rl_games/Forge/2026-08-13_11-13-50/nn/last_Forge_ep_500_rew_170.61963.pth,2,nominal,1001,False,timeout,149,38.85603332519531,0.023201139643788338,15.201613426208496,9.212767601013184,1.1666667461395264,0.02132793702185154,2.2992730140686035,0.018452759832143784,0.75,0.75,0.017599990591406822,0.7177645564079285
2026-08-13_11-13-50,/home/as22cq/Projects/Policy-RL-Peg_insertion/force_peg_rl/logs/rl_games/Forge/2026-08-13_11-13-50/nn/last_Forge_ep_500_rew_170.61963.pth,2,nominal,1001,False,timeout,149,33.375789642333984,0.06004615128040314,24.283065795898438,11.182255744934082,0.9750000238418579,0.0627787709236145,2.9253742694854736,0.019890470430254936,0.75,0.75,0.018946925178170204,0.7266778945922852
2026-08-13_11-13-50,/home/as22cq/Projects/Policy-RL-Peg_insertion/force_peg_rl/logs/rl_games/Forge/2026-08-13_11-13-50/nn/last_Forge_ep_500_rew_170.61963.pth,2,nominal,1001,False,timeout,149,39.5726203918457,0.006629317998886108,32.7356071472168,14.887663841247559,1.158333420753479,0.02430891990661621,2.132852077484131,0.018977031111717224,0.75,0.75,0.017995428293943405,-0.21558690071105957
2026-08-13_11-13-50,/home/as22cq/Projects/Policy-RL-Peg_insertion/force_peg_rl/logs/rl_games/Forge/2026-08-13_11-13-50/nn/last_Forge_ep_500_rew_170.61963.pth,2,nominal,1001,False,timeout,149,31.789552688598633,0.07683048397302628,20.947345733642578,15.18431282043457,1.2083333730697632,0.03856319189071655,3.0601775646209717,0.01557972189038992,0.75,0.75,0.012333977967500687,0.3208732604980469
2026-08-13_11-13-50,/home/as22cq/Projects/Policy-RL-Peg_insertion/force_peg_rl/logs/rl_games/Forge/2026-08-13_11-13-50/nn/last_Forge_ep_500_rew_170.61963.pth,2,nominal,1001,False,timeout,149,31.997465133666992,0.014226548373699188,19.01409912109375,6.720611095428467,0.36666667461395264,0.02131645567715168,0.6611893773078918,0.017802242189645767,0.75,0.75,0.021507157012820244,-0.464180588722229
2026-08-13_11-13-50,/home/as22cq/Projects/Policy-RL-Peg_insertion/force_peg_rl/logs/rl_games/Forge/2026-08-13_11-13-50/nn/last_Forge_ep_500_rew_170.61963.pth,2,nominal,1001,False,timeout,149,35.462921142578125,0.03696959838271141,14.822040557861328,9.061026573181152,0.9250000715255737,0.023637594655156136,0.7843639850616455,0.017767682671546936,0.75,0.75,0.0027543501928448677,-0.31682145595550537
2026-08-13_11-13-50,/home/as22cq/Projects/Policy-RL-Peg_insertion/force_peg_rl/logs/rl_games/Forge/2026-08-13_11-13-50/nn/last_Forge_ep_500_rew_170.61963.pth,2,nominal,1001,False,timeout,149,31.429189682006836,0.006756484508514404,34.93471908569336,25.146249771118164,1.1916667222976685,0.026090694591403008,1.4642702341079712,0.015009330585598946,0.75,0.75,0.012256965972483158,0.399362176656723
2026-08-13_11-13-50,/home/as22cq/Projects/Policy-RL-Peg_insertion/force_peg_rl/logs/rl_games/Forge/2026-08-13_11-13-50/nn/last_Forge_ep_500_rew_170.61963.pth,2,nominal,1001,False,timeout,149,31.33269691467285,0.02937643975019455,17.05877685546875,9.772186279296875,1.1500000953674316,0.013093196786940098,0.7394492626190186,0.02253558859229088,0.75,0.75,0.018683847039937973,0.2690579295158386
2026-08-13_11-13-50,/home/as22cq/Projects/Policy-RL-Peg_insertion/force_peg_rl/logs/rl_games/Forge/2026-08-13_11-13-50/nn/last_Forge_ep_500_rew_170.61963.pth,2,nominal,1001,False,timeout,149,36.783870697021484,-0.01659330725669861,33.52796936035156,12.997468948364258,1.1416667699813843,0.016673561185598373,1.1363990306854248,0.016178205609321594,0.75,0.75,0.01242130808532238,-0.5786872506141663
2026-08-13_11-13-50,/home/as22cq/Projects/Policy-RL-Peg_insertion/force_peg_rl/logs/rl_games/Forge/2026-08-13_11-13-50/nn/last_Forge_ep_500_rew_170.61963.pth,2,nominal,1001,False,timeout,149,31.111949920654297,0.008042095229029655,18.62908172607422,12.17273235321045,0.9750000238418579,0.02453511767089367,1.6838889122009277,0.021530838683247566,0.75,0.75,0.015110381878912449,0.05560506880283356
2026-08-13_11-13-50,/home/as22cq/Projects/Policy-RL-Peg_insertion/force_peg_rl/logs/rl_games/Forge/2026-08-13_11-13-50/nn/last_Forge_ep_500_rew_170.61963.pth,2,nominal,1001,False,timeout,149,216.6306610107422,0.013165514916181564,27.678333282470703,15.972898483276367,1.1666667461395264,0.0005848273285664618,0.8526008725166321,0.014759902842342854,0.75,0.75,0.01829526387155056,-0.7175599336624146
2026-08-13_11-13-50,/home/as22cq/Projects/Policy-RL-Peg_insertion/force_peg_rl/logs/rl_games/Forge/2026-08-13_11-13-50/nn/last_Forge_ep_500_rew_170.61963.pth,2,nominal,1001,False,timeout,149,30.793201446533203,0.03948453068733215,26.303564071655273,14.284443855285645,1.183333396911621,0.013402222655713558,0.3126455545425415,0.023537378758192062,0.75,0.75,0.02001100219786167,-0.00426830817013979
2026-08-13_11-13-50,/home/as22cq/Projects/Policy-RL-Peg_insertion/force_peg_rl/logs/rl_games/Forge/2026-08-13_11-13-50/nn/last_Forge_ep_500_rew_170.61963.pth,2,nominal,1001,False,timeout,149,36.57289123535156,0.026315346360206604,31.411209106445312,10.401739120483398,0.5666667222976685,0.02026362344622612,1.7732104063034058,0.021453145891427994,0.75,0.75,0.005087940488010645,-0.41542989015579224
2026-08-13_11-13-50,/home/as22cq/Projects/Policy-RL-Peg_insertion/force_peg_rl/logs/rl_games/Forge/2026-08-13_11-13-50/nn/last_Forge_ep_500_rew_170.61963.pth,2,nominal,1001,False,timeout,149,33.486507415771484,0.0693216472864151,18.1146297454834,13.635187149047852,1.1916667222976685,0.05165084823966026,3.121602773666382,0.023269906640052795,0.75,0.75,0.018342526629567146,0.7181453704833984
2026-08-13_11-13-50,/home/as22cq/Projects/Policy-RL-Peg_insertion/force_peg_rl/logs/rl_games/Forge/2026-08-13_11-13-50/nn/last_Forge_ep_500_rew_170.61963.pth,2,nominal,1001,False,timeout,149,33.47623825073242,0.027476586401462555,22.322269439697266,11.126235008239746,1.1750000715255737,0.017686618492007256,1.0678058862686157,0.02015027217566967,0.75,0.75,0.009213525801897049,0.2632787823677063
2026-08-13_11-13-50,/home/as22cq/Projects/Policy-RL-Peg_insertion/force_peg_rl/logs/rl_games/Forge/2026-08-13_11-13-50/nn/last_Forge_ep_500_rew_170.61963.pth,2,nominal,1001,False,timeout,149,26.20595359802246,0.018496863543987274,20.02603530883789,6.247114658355713,0.6833333969116211,0.04798343405127525,0.36182960867881775,0.01780351623892784,0.75,0.75,0.019182290881872177,-0.29874444007873535
2026-08-13_11-13-50,/home/as22cq/Projects/Policy-RL-Peg_insertion/force_peg_rl/logs/rl_games/Forge/2026-08-13_11-13-50/nn/last_Forge_ep_500_rew_170.61963.pth,2,nominal,1001,False,timeout,149,30.035001754760742,0.008821964263916016,24.654024124145508,15.1044921875,1.1666667461395264,0.023980382829904556,1.357174038887024,0.016263706609606743,0.75,0.75,0.013175632804632187,0.35033491253852844
2026-08-13_11-13-50,/home/as22cq/Projects/Policy-RL-Peg_insertion/force_peg_rl/logs/rl_games/Forge/2026-08-13_11-13-50/nn/last_Forge_ep_500_rew_170.61963.pth,2,nominal,1001,False,timeout,149,216.60379028320312,0.014650925993919373,25.877792358398438,10.534445762634277,1.1750000715255737,0.0009731337195262313,2.206364393234253,0.016402853652834892,0.75,0.75,0.013304097577929497,0.19915515184402466
2026-08-13_11-13-50,/home/as22cq/Projects/Policy-RL-Peg_insertion/force_peg_rl/logs/rl_games/Forge/2026-08-13_11-13-50/nn/last_Forge_ep_500_rew_170.61963.pth,2,nominal,1001,False,timeout,149,38.808074951171875,0.024029254913330078,30.814468383789062,21.145639419555664,1.225000023841858,0.02187814936041832,1.7706184387207031,0.02295359969139099,0.75,0.75,0.013419264927506447,0.39455029368400574
2026-08-13_11-13-50,/home/as22cq/Projects/Policy-RL-Peg_insertion/force_peg_rl/logs/rl_games/Forge/2026-08-13_11-13-50/nn/last_Forge_ep_500_rew_170.61963.pth,2,nominal,1001,False,timeout,149,28.488676071166992,0.01936144381761551,13.577011108398438,7.924526214599609,0.8833333849906921,0.04710622504353523,0.45871701836586,0.01770959608256817,0.75,0.75,0.014691845513880253,-0.5404009222984314
2026-08-13_11-13-50,/home/as22cq/Projects/Policy-RL-Peg_insertion/force_peg_rl/logs/rl_games/Forge/2026-08-13_11-13-50/nn/last_Forge_ep_500_rew_170.61963.pth,2,nominal,1001,False,timeout,149,35.5250244140625,-0.018208015710115433,19.598936080932617,13.119979858398438,1.1666667461395264,0.015690572559833527,0.8369315266609192,0.016356922686100006,0.75,0.75,0.017856009304523468,-0.33245620131492615
2026-08-13_11-13-50,/home/as22cq/Projects/Policy-RL-Peg_insertion/force_peg_rl/logs/rl_games/Forge/2026-08-13_11-13-50/nn/last_Forge_ep_500_rew_170.61963.pth,2,nominal,1001,False,timeout,149,35.56108093261719,-0.002183306962251663,32.9664421081543,12.913148880004883,1.100000023841858,0.029108574613928795,1.0545307397842407,0.02057572640478611,0.75,0.75,0.015976805239915848,-0.3307815492153168
2026-08-13_11-13-50,/home/as22cq/Projects/Policy-RL-Peg_insertion/force_peg_rl/logs/rl_games/Forge/2026-08-13_11-13-50/nn/last_Forge_ep_500_rew_170.61963.pth,2,nominal,1001,False,timeout,149,26.968456268310547,-0.016162753105163574,10.445596694946289,1.457138180732727,0.1666666716337204,0.04015806317329407,0.4289909601211548,0.01646830514073372,0.75,0.75,0.021247239783406258,-0.2188536822795868
2026-08-13_11-13-50,/home/as22cq/Projects/Policy-RL-Peg_insertion/force_peg_rl/logs/rl_games/Forge/2026-08-13_11-13-50/nn/last_Forge_ep_500_rew_170.61963.pth,2,nominal,1001,False,timeout,149,34.09962844848633,0.07168219238519669,18.208829879760742,11.976556777954102,1.0666667222976685,0.059167005121707916,2.5653347969055176,0.016161106526851654,0.75,0.75,0.01631709188222885,0.30144909024238586
2026-08-13_11-13-50,/home/as22cq/Projects/Policy-RL-Peg_insertion/force_peg_rl/logs/rl_games/Forge/2026-08-13_11-13-50/nn/last_Forge_ep_500_rew_170.61963.pth,2,nominal,1001,False,timeout,149,26.74021339416504,0.01772487163543701,15.372733116149902,9.07055377960205,1.1416667699813843,0.01904260739684105,1.670815348625183,0.01702846586704254,0.75,0.75,0.014140252023935318,-0.15462133288383484
2026-08-13_11-13-50,/home/as22cq/Projects/Policy-RL-Peg_insertion/force_peg_rl/logs/rl_games/Forge/2026-08-13_11-13-50/nn/last_Forge_ep_500_rew_170.61963.pth,2,nominal,1001,False,timeout,149,33.5423583984375,-0.034120574593544006,19.45376968383789,11.608892440795898,1.0916666984558105,0.019319286569952965,1.5683830976486206,0.014587434940040112,0.75,0.75,0.020949913188815117,0.40289273858070374
2026-08-13_11-13-50,/home/as22cq/Projects/Policy-RL-Peg_insertion/force_peg_rl/logs/rl_games/Forge/2026-08-13_11-13-50/nn/last_Forge_ep_500_rew_170.61963.pth,2,nominal,1001,False,timeout,149,28.92840576171875,-0.01856764405965805,21.159833908081055,6.5010528564453125,0.5416666865348816,0.02462373673915863,0.48384976387023926,0.018362728878855705,0.75,0.75,0.01223105750977993,-0.4435054361820221
2026-08-13_11-13-50,/home/as22cq/Projects/Policy-RL-Peg_insertion/force_peg_rl/logs/rl_games/Forge/2026-08-13_11-13-50/nn/last_Forge_ep_500_rew_170.61963.pth,2,nominal,1001,False,timeout,149,32.062599182128906,0.012538980692625046,18.255931854248047,11.611451148986816,1.1500000953674316,0.016355177387595177,1.9823421239852905,0.01855064183473587,0.75,0.75,0.01869184523820877,-0.6091059446334839
2026-08-13_11-13-50,/home/as22cq/Projects/Policy-RL-Peg_insertion/force_peg_rl/logs/rl_games/Forge/2026-08-13_11-13-50/nn/last_Forge_ep_500_rew_170.61963.pth,2,nominal,1001,False,timeout,149,26.706296920776367,0.035869330167770386,16.220048904418945,13.296433448791504,1.1916667222976685,0.036285631358623505,1.2914156913757324,0.018471993505954742,0.75,0.75,0.016589105129241943,-0.029500886797904968
2026-08-13_11-13-50,/home/as22cq/Projects/Policy-RL-Peg_insertion/force_peg_rl/logs/rl_games/Forge/2026-08-13_11-13-50/nn/last_Forge_ep_500_rew_170.61963.pth,2,nominal,1001,False,timeout,149,29.052894592285156,0.07262057065963745,28.439672470092773,13.50877571105957,1.008333444595337,0.029193323105573654,0.6939005851745605,0.02168460376560688,0.75,0.75,0.019233984872698784,-0.3934597969055176
2026-08-13_11-13-50,/home/as22cq/Projects/Policy-RL-Peg_insertion/force_peg_rl/logs/rl_games/Forge/2026-08-13_11-13-50/nn/last_Forge_ep_500_rew_170.61963.pth,2,nominal,1001,False,timeout,149,54.2277717590332,0.05242788419127464,25.089752197265625,13.13051700592041,1.158333420753479,0.05055402219295502,2.8291566371917725,0.01885201781988144,0.75,0.75,0.019675159826874733,0.6522115468978882
2026-08-13_11-13-50,/home/as22cq/Projects/Policy-RL-Peg_insertion/force_peg_rl/logs/rl_games/Forge/2026-08-13_11-13-50/nn/last_Forge_ep_500_rew_170.61963.pth,2,nominal,1001,False,timeout,149,38.048744201660156,0.022799499332904816,24.203914642333984,11.15805435180664,0.9500000476837158,0.021069122478365898,1.7679674625396729,0.017903078347444534,0.75,0.75,0.01722608506679535,0.5483886003494263
2026-08-13_11-13-50,/home/as22cq/Projects/Policy-RL-Peg_insertion/force_peg_rl/logs/rl_games/Forge/2026-08-13_11-13-50/nn/last_Forge_ep_500_rew_170.61963.pth,2,nominal,1001,False,timeout,149,37.94321060180664,0.0278390534222126,22.707157135009766,16.175636291503906,1.2166666984558105,0.010917484760284424,1.5941226482391357,0.01591614820063114,0.75,0.75,0.014896406792104244,0.42344486713409424
2026-08-13_11-13-50,/home/as22cq/Projects/Policy-RL-Peg_insertion/force_peg_rl/logs/rl_games/Forge/2026-08-13_11-13-50/nn/last_Forge_ep_500_rew_170.61963.pth,2,nominal,1001,False,timeout,149,35.25648880004883,0.05099190026521683,22.664722442626953,8.930093765258789,0.44166669249534607,0.08652253448963165,2.2868094444274902,0.02119617350399494,0.75,0.75,0.024552397429943085,0.7525647282600403
2026-08-13_11-13-50,/home/as22cq/Projects/Policy-RL-Peg_insertion/force_peg_rl/logs/rl_games/Forge/2026-08-13_11-13-50/nn/last_Forge_ep_500_rew_170.61963.pth,2,nominal,1001,False,timeout,149,27.459081649780273,0.09132726490497589,14.752386093139648,5.900192737579346,0.22500000894069672,0.05760308727622032,0.26374363899230957,0.022429121658205986,0.75,0.75,0.018510691821575165,-0.4727274775505066
2026-08-13_11-13-50,/home/as22cq/Projects/Policy-RL-Peg_insertion/force_peg_rl/logs/rl_games/Forge/2026-08-13_11-13-50/nn/last_Forge_ep_500_rew_170.61963.pth,2,nominal,1001,False,timeout,149,35.652278900146484,0.05605301260948181,24.40427589416504,16.8850154876709,1.2166666984558105,0.03437680006027222,2.6144378185272217,0.01488218829035759,0.75,0.75,0.01386965997517109,0.4944983422756195
2026-08-13_11-13-50,/home/as22cq/Projects/Policy-RL-Peg_insertion/force_peg_rl/logs/rl_games/Forge/2026-08-13_11-13-50/nn/last_Forge_ep_500_rew_170.61963.pth,2,nominal,1001,False,timeout,149,36.270904541015625,0.017199546098709106,24.18753433227539,11.486030578613281,0.9500000476837158,0.04865536838769913,2.9070982933044434,0.017609914764761925,0.75,0.75,0.020818792283535004,0.1502843201160431
2026-08-13_11-13-50,/home/as22cq/Projects/Policy-RL-Peg_insertion/force_peg_rl/logs/rl_games/Forge/2026-08-13_11-13-50/nn/last_Forge_ep_500_rew_170.61963.pth,2,nominal,1001,False,timeout,149,36.96547317504883,0.03517565503716469,25.523963928222656,8.206674575805664,0.24166667461395264,0.04810050129890442,0.911173939704895,0.014196322299540043,0.75,0.75,0.018837006762623787,-0.6462771892547607
2026-08-13_11-13-50,/home/as22cq/Projects/Policy-RL-Peg_insertion/force_peg_rl/logs/rl_games/Forge/2026-08-13_11-13-50/nn/last_Forge_ep_500_rew_170.61963.pth,2,nominal,1001,False,timeout,149,29.352642059326172,-0.034744322299957275,13.964654922485352,8.030959129333496,0.8916667103767395,0.05470079183578491,1.2370364665985107,0.01995878294110298,0.75,0.75,0.021841170266270638,0.6344282031059265
2026-08-13_11-13-50,/home/as22cq/Projects/Policy-RL-Peg_insertion/force_peg_rl/logs/rl_games/Forge/2026-08-13_11-13-50/nn/last_Forge_ep_500_rew_170.61963.pth,2,nominal,1001,False,timeout,149,36.82244873046875,0.0492074079811573,24.099994659423828,16.200807571411133,1.0,0.05922507867217064,2.9392881393432617,0.02250853180885315,0.75,0.75,0.018767455592751503,0.6043733358383179
2026-08-13_11-13-50,/home/as22cq/Projects/Policy-RL-Peg_insertion/force_peg_rl/logs/rl_games/Forge/2026-08-13_11-13-50/nn/last_Forge_ep_500_rew_170.61963.pth,2,nominal,1001,False,timeout,149,39.450775146484375,0.08631642907857895,18.49101448059082,13.46799373626709,1.1500000953674316,0.05239078029990196,2.882214307785034,0.018876703456044197,0.75,0.75,0.019832029938697815,0.632672131061554
2026-08-13_11-13-50,/home/as22cq/Projects/Policy-RL-Peg_insertion/force_peg_rl/logs/rl_games/Forge/2026-08-13_11-13-50/nn/last_Forge_ep_500_rew_170.61963.pth,2,nominal,1001,False,timeout,149,27.684429168701172,-0.014584556221961975,28.554960250854492,8.679546356201172,0.6250000596046448,0.030437059700489044,1.0532121658325195,0.018970340490341187,0.75,0.75,0.019398557022213936,-0.38063299655914307
2026-08-13_11-13-50,/home/as22cq/Projects/Policy-RL-Peg_insertion/force_peg_rl/logs/rl_games/Forge/2026-08-13_11-13-50/nn/last_Forge_ep_500_rew_170.61963.pth,2,nominal,1001,False,timeout,149,38.29582595825195,0.020015396177768707,21.400285720825195,10.907955169677734,1.2000000476837158,0.0226022657006979,1.6899031400680542,0.014674588106572628,0.75,0.75,0.016571562737226486,-0.01652820035815239
2026-08-13_11-13-50,/home/as22cq/Projects/Policy-RL-Peg_insertion/force_peg_rl/logs/rl_games/Forge/2026-08-13_11-13-50/nn/last_Forge_ep_500_rew_170.61963.pth,2,nominal,1001,False,timeout,149,34.22990036010742,0.02720855176448822,27.514436721801758,12.705924034118652,0.8500000238418579,0.02959330379962921,2.292631149291992,0.021122463047504425,0.75,0.75,0.007517548743635416,0.4541884958744049
2026-08-13_11-13-50,/home/as22cq/Projects/Policy-RL-Peg_insertion/force_peg_rl/logs/rl_games/Forge/2026-08-13_11-13-50/nn/last_Forge_ep_500_rew_170.61963.pth,2,nominal,1001,False,timeout,149,30.411306381225586,0.02071722224354744,13.070185661315918,7.263167858123779,0.44166669249534607,0.025944186374545097,0.7001763582229614,0.020548122003674507,0.75,0.75,0.022836808115243912,-0.5218984484672546
2026-08-13_11-13-50,/home/as22cq/Projects/Policy-RL-Peg_insertion/force_peg_rl/logs/rl_games/Forge/2026-08-13_11-13-50/nn/last_Forge_ep_500_rew_170.61963.pth,2,nominal,1001,False,timeout,149,28.64693832397461,-0.00994841754436493,17.140193939208984,7.446921348571777,0.8416666984558105,0.031925659626722336,0.9546032547950745,0.0146819818764925,0.75,0.75,0.009932360611855984,-0.3420926630496979
2026-08-13_11-13-50,/home/as22cq/Projects/Policy-RL-Peg_insertion/force_peg_rl/logs/rl_games/Forge/2026-08-13_11-13-50/nn/last_Forge_ep_500_rew_170.61963.pth,2,nominal,1001,False,timeout,149,33.12737274169922,0.08280770480632782,22.162567138671875,11.647136688232422,0.8416666984558105,0.04955966770648956,2.7806878089904785,0.016416696831583977,0.75,0.75,0.015543580055236816,0.12891027331352234
2026-08-13_11-13-50,/home/as22cq/Projects/Policy-RL-Peg_insertion/force_peg_rl/logs/rl_games/Forge/2026-08-13_11-13-50/nn/last_Forge_ep_500_rew_170.61963.pth,2,nominal,1001,False,timeout,149,31.63536262512207,0.037387337535619736,21.07973289489746,12.090676307678223,1.0500000715255737,0.036751993000507355,0.9370460510253906,0.02037438005208969,0.75,0.75,0.019716428592801094,-0.7546032667160034
2026-08-13_11-13-50,/home/as22cq/Projects/Policy-RL-Peg_insertion/force_peg_rl/logs/rl_games/Forge/2026-08-13_11-13-50/nn/last_Forge_ep_500_rew_170.61963.pth,2,nominal,1001,False,timeout,149,25.10429573059082,0.016224652528762817,34.048370361328125,13.452466011047363,0.8583333492279053,0.04117095470428467,1.1141290664672852,0.02104412019252777,0.75,0.75,0.02434394508600235,0.4898701012134552
2026-08-13_11-13-50,/home/as22cq/Projects/Policy-RL-Peg_insertion/force_peg_rl/logs/rl_games/Forge/2026-08-13_11-13-50/nn/last_Forge_ep_500_rew_170.61963.pth,2,nominal,1001,False,timeout,149,26.705482482910156,0.03677909076213837,25.047483444213867,15.69128704071045,1.2083333730697632,0.05267179012298584,1.7292206287384033,0.021495122462511063,0.75,0.75,0.008821305818855762,0.3837381899356842
2026-08-13_11-13-50,/home/as22cq/Projects/Policy-RL-Peg_insertion/force_peg_rl/logs/rl_games/Forge/2026-08-13_11-13-50/nn/last_Forge_ep_500_rew_170.61963.pth,2,nominal,1001,False,timeout,149,26.269573211669922,0.03466501086950302,26.313467025756836,13.88066291809082,1.1750000715255737,0.01965770311653614,1.5492677688598633,0.0181379783898592,0.75,0.75,0.0077208103612065315,-0.0785929337143898
2026-08-13_11-13-50,/home/as22cq/Projects/Policy-RL-Peg_insertion/force_peg_rl/logs/rl_games/Forge/2026-08-13_11-13-50/nn/last_Forge_ep_500_rew_170.61963.pth,2,nominal,1001,False,timeout,149,26.150611877441406,-0.018580950796604156,18.508392333984375,10.047501564025879,0.7583333849906921,0.034825894981622696,0.3112170696258545,0.016820821911096573,0.75,0.75,0.020627807825803757,-0.6109328866004944
2026-08-13_11-13-50,/home/as22cq/Projects/Policy-RL-Peg_insertion/force_peg_rl/logs/rl_games/Forge/2026-08-13_11-13-50/nn/last_Forge_ep_500_rew_170.61963.pth,2,nominal,1002,False,timeout,149,220.60450744628906,0.007946677505970001,11.996285438537598,6.916041851043701,0.8333333730697632,0.0005691999685950577,2.3347535133361816,0.019413884729146957,0.75,0.75,0.01789960265159607,0.45074665546417236
2026-08-13_11-13-50,/home/as22cq/Projects/Policy-RL-Peg_insertion/force_peg_rl/logs/rl_games/Forge/2026-08-13_11-13-50/nn/last_Forge_ep_500_rew_170.61963.pth,2,nominal,1002,False,timeout,149,111.58447265625,0.026504341512918472,21.91948699951172,13.799863815307617,1.0416667461395264,0.020357536152005196,1.1406707763671875,0.01712241768836975,0.75,0.75,0.00903177447617054,-0.6292104721069336
2026-08-13_11-13-50,/home/as22cq/Projects/Policy-RL-Peg_insertion/force_peg_rl/logs/rl_games/Forge/2026-08-13_11-13-50/nn/last_Forge_ep_500_rew_170.61963.pth,2,nominal,1002,False,timeout,149,35.91300582885742,0.025557249784469604,29.678056716918945,13.047136306762695,1.1083333492279053,0.002452162094414234,2.2357966899871826,0.01554050762206316,0.75,0.75,0.013464132323861122,-0.32392194867134094
2026-08-13_11-13-50,/home/as22cq/Projects/Policy-RL-Peg_insertion/force_peg_rl/logs/rl_games/Forge/2026-08-13_11-13-50/nn/last_Forge_ep_500_rew_170.61963.pth,2,nominal,1002,False,timeout,149,90.7405014038086,0.025293618440628052,29.558059692382812,14.798928260803223,1.1166666746139526,0.00287016318179667,1.4657074213027954,0.018758801743388176,0.75,0.75,0.020801255479454994,0.5808753371238708
2026-08-13_11-13-50,/home/as22cq/Projects/Policy-RL-Peg_insertion/force_peg_rl/logs/rl_games/Forge/2026-08-13_11-13-50/nn/last_Forge_ep_500_rew_170.61963.pth,2,nominal,1002,False,timeout,149,225.05064392089844,0.012154392898082733,20.835742950439453,10.012285232543945,1.008333444595337,0.0006360529223456979,1.996617317199707,0.014345498755574226,0.75,0.75,0.021153444424271584,0.22044812142848969
2026-08-13_11-13-50,/home/as22cq/Projects/Policy-RL-Peg_insertion/force_peg_rl/logs/rl_games/Forge/2026-08-13_11-13-50/nn/last_Forge_ep_500_rew_170.61963.pth,2,nominal,1002,True,success,149,376.7400817871094,0.00017893314361572266,20.629196166992188,14.890470504760742,1.0916666984558105,0.0007371940882876515,1.5228110551834106,0.015388447791337967,0.75,0.75,0.01370332483202219,-0.33679747581481934
2026-08-13_11-13-50,/home/as22cq/Projects/Policy-RL-Peg_insertion/force_peg_rl/logs/rl_games/Forge/2026-08-13_11-13-50/nn/last_Forge_ep_500_rew_170.61963.pth,2,nominal,1002,False,timeout,149,77.19569396972656,0.07404051721096039,15.634761810302734,7.801690578460693,0.7166666984558105,0.007575897965580225,0.5471548438072205,0.020567502826452255,0.75,0.75,0.018199071288108826,-0.2882532477378845
2026-08-13_11-13-50,/home/as22cq/Projects/Policy-RL-Peg_insertion/force_peg_rl/logs/rl_games/Forge/2026-08-13_11-13-50/nn/last_Forge_ep_500_rew_170.61963.pth,2,nominal,1002,False,timeout,149,39.344322204589844,-0.014480091631412506,19.288785934448242,7.092400550842285,0.9416667222976685,0.08168669790029526,2.478790760040283,0.018307818099856377,0.75,0.75,0.010578595101833344,-0.5181620717048645
2026-08-13_11-13-50,/home/as22cq/Projects/Policy-RL-Peg_insertion/force_peg_rl/logs/rl_games/Forge/2026-08-13_11-13-50/nn/last_Forge_ep_500_rew_170.61963.pth,2,nominal,1002,False,timeout,149,224.94349670410156,0.014140406623482704,24.87533187866211,20.367816925048828,1.1666667461395264,0.000555330072529614,2.8639299869537354,0.02321643754839897,0.75,0.75,0.005322881042957306,0.06376909464597702
2026-08-13_11-13-50,/home/as22cq/Projects/Policy-RL-Peg_insertion/force_peg_rl/logs/rl_games/Forge/2026-08-13_11-13-50/nn/last_Forge_ep_500_rew_170.61963.pth,2,nominal,1002,False,timeout,149,28.076932907104492,0.054817043244838715,14.107309341430664,5.794366359710693,0.6333333849906921,0.004954939242452383,0.3250189423561096,0.014807280153036118,0.75,0.75,0.0191887766122818,-0.3304016888141632
2026-08-13_11-13-50,/home/as22cq/Projects/Policy-RL-Peg_insertion/force_peg_rl/logs/rl_games/Forge/2026-08-13_11-13-50/nn/last_Forge_ep_500_rew_170.61963.pth,2,nominal,1002,False,timeout,149,208.33468627929688,0.015917442739009857,29.5837459564209,15.378997802734375,1.0833333730697632,0.001000831020064652,0.47271788120269775,0.02122945338487625,0.75,0.75,0.0049608671106398106,-0.6119070649147034
2026-08-13_11-13-50,/home/as22cq/Projects/Policy-RL-Peg_insertion/force_peg_rl/logs/rl_games/Forge/2026-08-13_11-13-50/nn/last_Forge_ep_500_rew_170.61963.pth,2,nominal,1002,False,timeout,149,224.7201690673828,0.009330358356237411,24.99144172668457,14.130243301391602,1.1166666746139526,0.0005814519245177507,1.8439985513687134,0.015919752418994904,0.75,0.75,0.013480856083333492,0.15796928107738495
2026-08-13_11-13-50,/home/as22cq/Projects/Policy-RL-Peg_insertion/force_peg_rl/logs/rl_games/Forge/2026-08-13_11-13-50/nn/last_Forge_ep_500_rew_170.61963.pth,2,nominal,1002,True,success,149,252.30404663085938,0.00023346394300460815,15.12246036529541,11.068559646606445,0.8833333849906921,0.000692312722094357,2.1605372428894043,0.02155010960996151,0.75,0.75,0.010217918083071709,0.07179664820432663
2026-08-13_11-13-50,/home/as22cq/Projects/Policy-RL-Peg_insertion/force_peg_rl/logs/rl_games/Forge/2026-08-13_11-13-50/nn/last_Forge_ep_500_rew_170.61963.pth,2,nominal,1002,True,success,149,280.7149658203125,4.240870475769043e-05,17.053943634033203,11.71905517578125,1.1750000715255737,0.00016868329839780927,2.0632779598236084,0.015309987589716911,0.75,0.75,0.01897512748837471,0.4430526793003082
2026-08-13_11-13-50,/home/as22cq/Projects/Policy-RL-Peg_insertion/force_peg_rl/logs/rl_games/Forge/2026-08-13_11-13-50/nn/last_Forge_ep_500_rew_170.61963.pth,2,nominal,1002,False,timeout,149,35.99995040893555,0.011403225362300873,18.717817306518555,6.913488864898682,0.9166666865348816,0.04242701455950737,2.1095407009124756,0.017588315531611443,0.75,0.75,0.011249029077589512,-0.15198840200901031
2026-08-13_11-13-50,/home/as22cq/Projects/Policy-RL-Peg_insertion/force_peg_rl/logs/rl_games/Forge/2026-08-13_11-13-50/nn/last_Forge_ep_500_rew_170.61963.pth,2,nominal,1002,True,success,149,219.1808319091797,9.859353303909302e-05,29.790111541748047,13.023092269897461,1.2083333730697632,0.0005622611497528851,1.8746364116668701,0.017348863184452057,0.75,0.75,0.001999589381739497,0.7696378231048584
2026-08-13_11-13-50,/home/as22cq/Projects/Policy-RL-Peg_insertion/force_peg_rl/logs/rl_games/Forge/2026-08-13_11-13-50/nn/last_Forge_ep_500_rew_170.61963.pth,2,nominal,1002,False,timeout,149,37.13101577758789,0.0403762124478817,16.65976333618164,7.912602424621582,0.6833333969116211,0.02595379948616028,2.5649197101593018,0.01678197830915451,0.75,0.75,0.018876828253269196,-0.28883111476898193
2026-08-13_11-13-50,/home/as22cq/Projects/Policy-RL-Peg_insertion/force_peg_rl/logs/rl_games/Forge/2026-08-13_11-13-50/nn/last_Forge_ep_500_rew_170.61963.pth,2,nominal,1002,False,timeout,149,50.146759033203125,0.11206533014774323,19.288129806518555,7.524181365966797,0.4833333492279053,0.12450459599494934,2.88303804397583,0.020639784634113312,0.75,0.75,0.017401155084371567,0.698418378829956
2026-08-13_11-13-50,/home/as22cq/Projects/Policy-RL-Peg_insertion/force_peg_rl/logs/rl_games/Forge/2026-08-13_11-13-50/nn/last_Forge_ep_500_rew_170.61963.pth,2,nominal,1002,False,timeout,149,197.44215393066406,0.004741951823234558,20.34048843383789,13.330323219299316,1.0500000715255737,0.0005617077695205808,1.6883593797683716,0.02195141091942787,0.75,0.75,0.0175413116812706,0.5204441547393799
2026-08-13_11-13-50,/home/as22cq/Projects/Policy-RL-Peg_insertion/force_peg_rl/logs/rl_games/Forge/2026-08-13_11-13-50/nn/last_Forge_ep_500_rew_170.61963.pth,2,nominal,1002,True,success,149,405.2707214355469,0.00012603960931301117,24.553333282470703,10.07513427734375,0.550000011920929,0.0006557769374921918,1.5931397676467896,0.021944817155599594,0.75,0.75,0.02279234118759632,0.2631632387638092
2026-08-13_11-13-50,/home/as22cq/Projects/Policy-RL-Peg_insertion/force_peg_rl/logs/rl_games/Forge/2026-08-13_11-13-50/nn/last_Forge_ep_500_rew_170.61963.pth,2,nominal,1002,False,timeout,149,44.830841064453125,0.030931301414966583,27.377365112304688,13.06182861328125,1.1416667699813843,0.019305957481265068,2.8761796951293945,0.01506362110376358,0.75,0.75,0.021574553102254868,0.7122719883918762
2026-08-13_11-13-50,/home/as22cq/Projects/Policy-RL-Peg_insertion/force_peg_rl/logs/rl_games/Forge/2026-08-13_11-13-50/nn/last_Forge_ep_500_rew_170.61963.pth,2,nominal,1002,True,success,149,284.22869873046875,9.357556700706482e-05,30.916351318359375,14.428248405456543,1.1500000953674316,0.0005150671931914985,2.159316062927246,0.021246735006570816,0.75,0.75,0.013246471993625164,0.34015482664108276
2026-08-13_11-13-50,/home/as22cq/Projects/Policy-RL-Peg_insertion/force_peg_rl/logs/rl_games/Forge/2026-08-13_11-13-50/nn/last_Forge_ep_500_rew_170.61963.pth,2,nominal,1002,False,timeout,149,241.03359985351562,0.002315700054168701,20.627893447875977,14.520792961120605,1.158333420753479,0.000719717878382653,2.2709028720855713,0.02387821674346924,0.75,0.75,0.006745174527168274,0.5512175559997559
2026-08-13_11-13-50,/home/as22cq/Projects/Policy-RL-Peg_insertion/force_peg_rl/logs/rl_games/Forge/2026-08-13_11-13-50/nn/last_Forge_ep_500_rew_170.61963.pth,2,nominal,1002,False,timeout,149,202.01429748535156,0.014140598475933075,25.751190185546875,15.041182518005371,1.0750000476837158,0.0006020261789672077,1.7404351234436035,0.018176956102252007,0.75,0.75,0.012507934123277664,0.07099486142396927
2026-08-13_11-13-50,/home/as22cq/Projects/Policy-RL-Peg_insertion/force_peg_rl/logs/rl_games/Forge/2026-08-13_11-13-50/nn/last_Forge_ep_500_rew_170.61963.pth,2,nominal,1002,False,timeout,149,37.53318405151367,0.0025354139506816864,22.543603897094727,12.574015617370605,1.1916667222976685,0.02864612080156803,2.0719854831695557,0.023027971386909485,0.75,0.75,0.01797373779118061,-0.4308236539363861
2026-08-13_11-13-50,/home/as22cq/Projects/Policy-RL-Peg_insertion/force_peg_rl/logs/rl_games/Forge/2026-08-13_11-13-50/nn/last_Forge_ep_500_rew_170.61963.pth,2,nominal,1002,False,timeout,149,35.175777435302734,0.006368696689605713,27.634952545166016,12.90020751953125,1.1416667699813843,0.025686120614409447,2.146190643310547,0.02109156735241413,0.75,0.75,0.009917382150888443,-0.3720260262489319
2026-08-13_11-13-50,/home/as22cq/Projects/Policy-RL-Peg_insertion/force_peg_rl/logs/rl_games/Forge/2026-08-13_11-13-50/nn/last_Forge_ep_500_rew_170.61963.pth,2,nominal,1002,False,timeout,149,208.8870391845703,0.016221992671489716,26.781299591064453,14.400054931640625,1.1416667699813843,0.0008374893222935498,1.9121606349945068,0.019174015149474144,0.75,0.75,0.017250249162316322,0.518789529800415
2026-08-13_11-13-50,/home/as22cq/Projects/Policy-RL-Peg_insertion/force_peg_rl/logs/rl_games/Forge/2026-08-13_11-13-50/nn/last_Forge_ep_500_rew_170.61963.pth,2,nominal,1002,False,timeout,149,35.368812561035156,0.05848081409931183,24.061843872070312,8.331339836120605,0.7250000238418579,0.048440463840961456,2.8174993991851807,0.019366687163710594,0.75,0.75,0.011414960958063602,0.21932949125766754
2026-08-13_11-13-50,/home/as22cq/Projects/Policy-RL-Peg_insertion/force_peg_rl/logs/rl_games/Forge/2026-08-13_11-13-50/nn/last_Forge_ep_500_rew_170.61963.pth,2,nominal,1002,False,timeout,149,29.822546005249023,0.05130342021584511,18.800445556640625,9.426819801330566,0.5583333373069763,0.0796070322394371,0.9685828685760498,0.016690043732523918,0.75,0.75,0.02096317522227764,-0.5644876956939697
2026-08-13_11-13-50,/home/as22cq/Projects/Policy-RL-Peg_insertion/force_peg_rl/logs/rl_games/Forge/2026-08-13_11-13-50/nn/last_Forge_ep_500_rew_170.61963.pth,2,nominal,1002,False,timeout,149,224.36654663085938,0.003995034843683243,20.09954261779785,12.639517784118652,0.8916667103767395,0.0006982528138905764,2.160184383392334,0.021030575037002563,0.75,0.75,0.01157835591584444,0.2417273372411728
2026-08-13_11-13-50,/home/as22cq/Projects/Policy-RL-Peg_insertion/force_peg_rl/logs/rl_games/Forge/2026-08-13_11-13-50/nn/last_Forge_ep_500_rew_170.61963.pth,2,nominal,1002,False,timeout,149,56.34990692138672,0.026124127209186554,23.739667892456055,14.097549438476562,1.1916667222976685,0.0029329454991966486,2.3723604679107666,0.014745257794857025,0.75,0.75,0.024253567680716515,0.7098237872123718
2026-08-13_11-13-50,/home/as22cq/Projects/Policy-RL-Peg_insertion/force_peg_rl/logs/rl_games/Forge/2026-08-13_11-13-50/nn/last_Forge_ep_500_rew_170.61963.pth,2,nominal,1002,False,timeout,149,26.78159523010254,0.05212638899683952,30.557689666748047,14.611950874328613,1.133333444595337,0.038304366171360016,0.5358662605285645,0.017925405874848366,0.75,0.75,0.020939335227012634,-0.5799182653427124
2026-08-13_11-13-50,/home/as22cq/Projects/Policy-RL-Peg_insertion/force_peg_rl/logs/rl_games/Forge/2026-08-13_11-13-50/nn/last_Forge_ep_500_rew_170.61963.pth,2,nominal,1002,True,success,149,229.59912109375,6.801635026931763e-05,17.192060470581055,12.573638916015625,1.0750000476837158,0.00043210946023464203,2.8129937648773193,0.023400066420435905,0.75,0.75,0.01801287941634655,-0.2945553660392761
2026-08-13_11-13-50,/home/as22cq/Projects/Policy-RL-Peg_insertion/force_peg_rl/logs/rl_games/Forge/2026-08-13_11-13-50/nn/last_Forge_ep_500_rew_170.61963.pth,2,nominal,1002,False,timeout,149,35.805564880371094,0.022858895361423492,21.39807891845703,8.462666511535645,0.2750000059604645,0.022866399958729744,1.7403572797775269,0.016221296042203903,0.75,0.75,0.013299291953444481,0.49062493443489075
2026-08-13_11-13-50,/home/as22cq/Projects/Policy-RL-Peg_insertion/force_peg_rl/logs/rl_games/Forge/2026-08-13_11-13-50/nn/last_Forge_ep_500_rew_170.61963.pth,2,nominal,1002,False,timeout,149,200.2488555908203,0.01579941064119339,24.463768005371094,14.746221542358398,1.0750000476837158,0.0008522379794158041,1.5508233308792114,0.019461337476968765,0.75,0.75,0.009287179447710514,0.7294746041297913
2026-08-13_11-13-50,/home/as22cq/Projects/Policy-RL-Peg_insertion/force_peg_rl/logs/rl_games/Forge/2026-08-13_11-13-50/nn/last_Forge_ep_500_rew_170.61963.pth,2,nominal,1002,False,timeout,149,33.593597412109375,0.028536532074213028,15.32539176940918,9.440603256225586,0.9333333969116211,0.01644749566912651,1.1115221977233887,0.016258444637060165,0.75,0.75,0.009436296299099922,-0.49849066138267517
2026-08-13_11-13-50,/home/as22cq/Projects/Policy-RL-Peg_insertion/force_peg_rl/logs/rl_games/Forge/2026-08-13_11-13-50/nn/last_Forge_ep_500_rew_170.61963.pth,2,nominal,1002,False,timeout,149,65.25711822509766,0.031625740230083466,23.341476440429688,11.401910781860352,0.8250000476837158,0.012393785640597343,2.4485292434692383,0.018716946244239807,0.75,0.75,0.018816489726305008,0.10864932835102081
2026-08-13_11-13-50,/home/as22cq/Projects/Policy-RL-Peg_insertion/force_peg_rl/logs/rl_games/Forge/2026-08-13_11-13-50/nn/last_Forge_ep_500_rew_170.61963.pth,2,nominal,1002,False,timeout,149,99.26655578613281,0.019641060382127762,24.134958267211914,14.594010353088379,1.1666667461395264,0.03702970966696739,1.4229991436004639,0.01746673509478569,0.75,0.75,0.023673661053180695,-0.16187995672225952
2026-08-13_11-13-50,/home/as22cq/Projects/Policy-RL-Peg_insertion/force_peg_rl/logs/rl_games/Forge/2026-08-13_11-13-50/nn/last_Forge_ep_500_rew_170.61963.pth,2,nominal,1002,False,timeout,149,210.55604553222656,0.0126938596367836,27.899728775024414,17.073884963989258,1.1666667461395264,0.0009389391052536666,1.70274817943573,0.01440645195543766,0.75,0.75,0.012244898825883865,-0.5447081327438354
2026-08-13_11-13-50,/home/as22cq/Projects/Policy-RL-Peg_insertion/force_peg_rl/logs/rl_games/Forge/2026-08-13_11-13-50/nn/last_Forge_ep_500_rew_170.61963.pth,2,nominal,1002,False,timeout,149,37.37871551513672,-0.0263020358979702,17.96744728088379,6.710241794586182,0.40000003576278687,0.014557852409780025,1.038260817527771,0.021889936178922653,0.75,0.75,0.02116028591990471,-0.7573469877243042
2026-08-13_11-13-50,/home/as22cq/Projects/Policy-RL-Peg_insertion/force_peg_rl/logs/rl_games/Forge/2026-08-13_11-13-50/nn/last_Forge_ep_500_rew_170.61963.pth,2,nominal,1002,False,timeout,149,230.05654907226562,0.004953449591994286,23.715383529663086,18.956926345825195,1.1750000715255737,0.0005397545755840838,2.365680456161499,0.016589166596531868,0.75,0.75,0.010192293673753738,-0.14078155159950256
2026-08-13_11-13-50,/home/as22cq/Projects/Policy-RL-Peg_insertion/force_peg_rl/logs/rl_games/Forge/2026-08-13_11-13-50/nn/last_Forge_ep_500_rew_170.61963.pth,2,nominal,1002,False,timeout,149,202.56484985351562,0.017341479659080505,27.581241607666016,18.976099014282227,1.1666667461395264,0.0008037053630687296,0.5838745832443237,0.018467051908373833,0.75,0.75,0.006955091841518879,-0.23734819889068604
2026-08-13_11-13-50,/home/as22cq/Projects/Policy-RL-Peg_insertion/force_peg_rl/logs/rl_games/Forge/2026-08-13_11-13-50/nn/last_Forge_ep_500_rew_170.61963.pth,2,nominal,1002,False,timeout,149,83.92871856689453,0.05503159016370773,16.333513259887695,9.772954940795898,1.1083333492279053,0.038654059171676636,2.6297097206115723,0.020759839564561844,0.75,0.75,0.014341910369694233,-0.05237210914492607
2026-08-13_11-13-50,/home/as22cq/Projects/Policy-RL-Peg_insertion/force_peg_rl/logs/rl_games/Forge/2026-08-13_11-13-50/nn/last_Forge_ep_500_rew_170.61963.pth,2,nominal,1002,False,timeout,149,68.99205017089844,0.02427002787590027,21.60723304748535,9.152569770812988,0.4166666865348816,0.03652755543589592,1.0757502317428589,0.01720079593360424,0.75,0.75,0.009458223357796669,-0.17536109685897827
2026-08-13_11-13-50,/home/as22cq/Projects/Policy-RL-Peg_insertion/force_peg_rl/logs/rl_games/Forge/2026-08-13_11-13-50/nn/last_Forge_ep_500_rew_170.61963.pth,2,nominal,1002,False,timeout,149,54.689571380615234,0.02848423272371292,34.76483917236328,14.166045188903809,1.008333444595337,0.00701026851311326,1.6305392980575562,0.021759364753961563,0.75,0.75,0.00609875563532114,0.7530428171157837
2026-08-13_11-13-50,/home/as22cq/Projects/Policy-RL-Peg_insertion/force_peg_rl/logs/rl_games/Forge/2026-08-13_11-13-50/nn/last_Forge_ep_500_rew_170.61963.pth,2,nominal,1002,False,timeout,149,43.76066589355469,0.030525632202625275,32.87770462036133,13.403117179870605,0.8666667342185974,0.021669302135705948,1.2645148038864136,0.0233331099152565,0.75,0.75,0.007744076196104288,0.17208805680274963
2026-08-13_11-13-50,/home/as22cq/Projects/Policy-RL-Peg_insertion/force_peg_rl/logs/rl_games/Forge/2026-08-13_11-13-50/nn/last_Forge_ep_500_rew_170.61963.pth,2,nominal,1002,False,force_limit,149,243.4280242919922,0.0057693347334861755,51.767608642578125,23.50308609008789,1.158333420753479,0.0012718024663627148,1.8287053108215332,0.021477200090885162,0.75,0.75,0.012040233239531517,0.2449764758348465
2026-08-13_11-13-50,/home/as22cq/Projects/Policy-RL-Peg_insertion/force_peg_rl/logs/rl_games/Forge/2026-08-13_11-13-50/nn/last_Forge_ep_500_rew_170.61963.pth,2,nominal,1002,False,timeout,149,243.49180603027344,0.0015699490904808044,17.227550506591797,11.474681854248047,1.1666667461395264,0.0005952068604528904,2.2308802604675293,0.023808356374502182,0.75,0.75,0.017729900777339935,0.6457738876342773
2026-08-13_11-13-50,/home/as22cq/Projects/Policy-RL-Peg_insertion/force_peg_rl/logs/rl_games/Forge/2026-08-13_11-13-50/nn/last_Forge_ep_500_rew_170.61963.pth,2,nominal,1002,False,timeout,149,197.0814971923828,0.018086496740579605,37.23354721069336,25.521148681640625,1.1500000953674316,0.0012122889747843146,1.4239336252212524,0.01721891015768051,0.75,0.75,0.014140610583126545,0.13803786039352417
2026-08-13_11-13-50,/home/as22cq/Projects/Policy-RL-Peg_insertion/force_peg_rl/logs/rl_games/Forge/2026-08-13_11-13-50/nn/last_Forge_ep_500_rew_170.61963.pth,2,nominal,1002,False,timeout,149,211.0644989013672,0.013333935290575027,39.533931732177734,19.796607971191406,1.158333420753479,0.0007176438812166452,1.653883457183838,0.018824348226189613,0.75,0.75,0.02334660291671753,0.06929180771112442
2026-08-13_11-13-50,/home/as22cq/Projects/Policy-RL-Peg_insertion/force_peg_rl/logs/rl_games/Forge/2026-08-13_11-13-50/nn/last_Forge_ep_500_rew_170.61963.pth,2,nominal,1002,False,force_limit,149,64.7441635131836,0.05077748000621796,192.72364807128906,12.409998893737793,1.0916666984558105,0.020957892760634422,0.5461739897727966,0.021324120461940765,0.75,0.75,0.023754483088850975,-0.6461846232414246
2026-08-13_11-13-50,/home/as22cq/Projects/Policy-RL-Peg_insertion/force_peg_rl/logs/rl_games/Forge/2026-08-13_11-13-50/nn/last_Forge_ep_500_rew_170.61963.pth,2,nominal,1002,False,timeout,149,196.60940551757812,0.015406429767608643,21.570117950439453,14.94102954864502,1.008333444595337,0.0012287212302908301,2.224092483520508,0.01423654519021511,0.75,0.75,0.018009386956691742,0.523815393447876
2026-08-13_11-13-50,/home/as22cq/Projects/Policy-RL-Peg_insertion/force_peg_rl/logs/rl_games/Forge/2026-08-13_11-13-50/nn/last_Forge_ep_500_rew_170.61963.pth,2,nominal,1002,True,success,149,268.0040588378906,4.978477954864502e-05,26.932903289794922,10.700443267822266,0.8250000476837158,0.00042139700963161886,2.2740213871002197,0.022238317877054214,0.75,0.75,0.015628768131136894,-0.3721763789653778
2026-08-13_11-13-50,/home/as22cq/Projects/Policy-RL-Peg_insertion/force_peg_rl/logs/rl_games/Forge/2026-08-13_11-13-50/nn/last_Forge_ep_500_rew_170.61963.pth,2,nominal,1002,False,timeout,149,57.00996398925781,0.016723521053791046,24.15566062927246,12.091985702514648,1.0500000715255737,0.02947908453643322,0.8070176243782043,0.023817339912056923,0.75,0.75,0.012229286134243011,-0.33388614654541016
2026-08-13_11-13-50,/home/as22cq/Projects/Policy-RL-Peg_insertion/force_peg_rl/logs/rl_games/Forge/2026-08-13_11-13-50/nn/last_Forge_ep_500_rew_170.61963.pth,2,nominal,1002,False,timeout,149,35.30044174194336,0.024203266948461533,26.337934494018555,16.362350463867188,1.133333444595337,0.0029215740505605936,1.023181438446045,0.015604325570166111,0.75,0.75,0.013054702430963516,0.442440390586853
2026-08-13_11-13-50,/home/as22cq/Projects/Policy-RL-Peg_insertion/force_peg_rl/logs/rl_games/Forge/2026-08-13_11-13-50/nn/last_Forge_ep_500_rew_170.61963.pth,2,nominal,1002,False,timeout,149,204.96192932128906,0.017772149294614792,20.898082733154297,11.426956176757812,0.9583333730697632,0.0008393830503337085,0.8400560021400452,0.01654166355729103,0.75,0.75,0.007180836051702499,-0.6129394173622131
2026-08-13_11-13-50,/home/as22cq/Projects/Policy-RL-Peg_insertion/force_peg_rl/logs/rl_games/Forge/2026-08-13_11-13-50/nn/last_Forge_ep_500_rew_170.61963.pth,2,nominal,1002,False,timeout,149,66.13592529296875,0.09347249567508698,13.759078025817871,7.2941107749938965,0.8000000715255737,0.04785739630460739,0.32403960824012756,0.015367625281214714,0.75,0.75,0.009681761264801025,-0.702483057975769
2026-08-13_11-13-50,/home/as22cq/Projects/Policy-RL-Peg_insertion/force_peg_rl/logs/rl_games/Forge/2026-08-13_11-13-50/nn/last_Forge_ep_500_rew_170.61963.pth,2,nominal,1002,True,success,149,386.0389099121094,0.0002776132896542549,15.671980857849121,9.605280876159668,1.033333420753479,0.0006957975565455854,1.4345464706420898,0.016587311401963234,0.75,0.75,0.004191722720861435,-0.3138895034790039
2026-08-13_11-13-50,/home/as22cq/Projects/Policy-RL-Peg_insertion/force_peg_rl/logs/rl_games/Forge/2026-08-13_11-13-50/nn/last_Forge_ep_500_rew_170.61963.pth,2,nominal,1002,True,success,149,251.39279174804688,0.00020490214228630066,44.383758544921875,17.02222442626953,1.1750000715255737,0.0007704378804191947,2.1297671794891357,0.02069450542330742,0.75,0.75,0.007109863217920065,-0.7241960763931274
2026-08-13_11-13-50,/home/as22cq/Projects/Policy-RL-Peg_insertion/force_peg_rl/logs/rl_games/Forge/2026-08-13_11-13-50/nn/last_Forge_ep_500_rew_170.61963.pth,2,nominal,1002,False,timeout,149,42.794227600097656,0.06891420483589172,18.348718643188477,7.211633205413818,0.19166667759418488,0.02628309838473797,0.1693941056728363,0.014911415986716747,0.75,0.75,0.017646677792072296,-0.08787451684474945
2026-08-13_11-13-50,/home/as22cq/Projects/Policy-RL-Peg_insertion/force_peg_rl/logs/rl_games/Forge/2026-08-13_11-13-50/nn/last_Forge_ep_500_rew_170.61963.pth,2,nominal,1002,True,success,149,227.48809814453125,-1.1175870895385742e-06,18.61180877685547,9.805154800415039,1.008333444595337,0.0005412311293184757,1.531843662261963,0.023175688460469246,0.75,0.75,0.01900392398238182,-0.21887314319610596
2026-08-13_11-13-50,/home/as22cq/Projects/Policy-RL-Peg_insertion/force_peg_rl/logs/rl_games/Forge/2026-08-13_11-13-50/nn/last_Forge_ep_500_rew_170.61963.pth,2,nominal,1002,False,timeout,149,226.31512451171875,0.0113263800740242,28.40047836303711,13.293729782104492,1.1083333492279053,0.0007049544947221875,0.8059507608413696,0.020305711776018143,0.75,0.75,0.017524760216474533,0.28504395484924316
2026-08-13_11-13-50,/home/as22cq/Projects/Policy-RL-Peg_insertion/force_peg_rl/logs/rl_games/Forge/2026-08-13_11-13-50/nn/last_Forge_ep_500_rew_170.61963.pth,2,nominal,1002,False,timeout,149,30.647306442260742,0.028047118335962296,15.2521390914917,10.577210426330566,1.1750000715255737,0.019174054265022278,0.9957820177078247,0.022102581337094307,0.75,0.75,0.021724561229348183,-0.1555425226688385
2026-08-13_11-13-50,/home/as22cq/Projects/Policy-RL-Peg_insertion/force_peg_rl/logs/rl_games/Forge/2026-08-13_11-13-50/nn/last_Forge_ep_500_rew_170.61963.pth,2,nominal,1002,False,timeout,149,71.7310791015625,0.0319453626871109,33.06373977661133,13.955946922302246,1.100000023841858,0.006069195922464132,1.3161720037460327,0.020468013361096382,0.75,0.75,0.013485435396432877,-0.6150318384170532
2026-08-13_11-13-50,/home/as22cq/Projects/Policy-RL-Peg_insertion/force_peg_rl/logs/rl_games/Forge/2026-08-13_11-13-50/nn/last_Forge_ep_500_rew_170.61963.pth,2,nominal,1002,False,timeout,149,204.40296936035156,0.01471516489982605,29.67945671081543,20.083438873291016,1.133333444595337,0.0010062421206384897,2.0813143253326416,0.02053002640604973,0.75,0.75,0.016058651730418205,0.19814160466194153
2026-08-13_11-13-50,/home/as22cq/Projects/Policy-RL-Peg_insertion/force_peg_rl/logs/rl_games/Forge/2026-08-13_11-13-50/nn/last_Forge_ep_500_rew_170.61963.pth,2,nominal,1002,False,timeout,149,32.625083923339844,0.006480611860752106,24.8492431640625,11.109232902526855,0.9666666984558105,0.02679724432528019,0.785598635673523,0.023736361414194107,0.75,0.75,0.019898032769560814,-0.0350927971303463
2026-08-13_11-13-50,/home/as22cq/Projects/Policy-RL-Peg_insertion/force_peg_rl/logs/rl_games/Forge/2026-08-13_11-13-50/nn/last_Forge_ep_500_rew_170.61963.pth,2,nominal,1002,False,timeout,149,35.28765869140625,0.03284856677055359,21.819835662841797,9.057487487792969,1.0666667222976685,0.027416618540883064,3.1261842250823975,0.014548050239682198,0.75,0.75,0.02143809013068676,0.5012869238853455
2026-08-13_11-13-50,/home/as22cq/Projects/Policy-RL-Peg_insertion/force_peg_rl/logs/rl_games/Forge/2026-08-13_11-13-50/nn/last_Forge_ep_500_rew_170.61963.pth,2,nominal,1002,False,timeout,149,29.417280197143555,0.0385197177529335,13.396462440490723,8.940911293029785,0.9583333730697632,0.030576495453715324,1.48076593875885,0.01885204203426838,0.75,0.75,0.020396744832396507,0.27641141414642334
2026-08-13_11-13-50,/home/as22cq/Projects/Policy-RL-Peg_insertion/force_peg_rl/logs/rl_games/Forge/2026-08-13_11-13-50/nn/last_Forge_ep_500_rew_170.61963.pth,2,nominal,1002,False,timeout,149,33.58600616455078,0.042673446238040924,27.298065185546875,14.958453178405762,1.0750000476837158,0.02380874939262867,2.2577290534973145,0.021734148263931274,0.75,0.75,0.017300695180892944,0.6408067345619202
2026-08-13_11-13-50,/home/as22cq/Projects/Policy-RL-Peg_insertion/force_peg_rl/logs/rl_games/Forge/2026-08-13_11-13-50/nn/last_Forge_ep_500_rew_170.61963.pth,2,nominal,1002,False,timeout,149,30.41523551940918,0.03434956446290016,42.74814224243164,14.126245498657227,1.2000000476837158,0.03577512502670288,1.088800072669983,0.018596237525343895,0.75,0.75,0.015298552811145782,-0.7737395763397217
2026-08-13_11-13-50,/home/as22cq/Projects/Policy-RL-Peg_insertion/force_peg_rl/logs/rl_games/Forge/2026-08-13_11-13-50/nn/last_Forge_ep_500_rew_170.61963.pth,2,nominal,1002,False,timeout,149,38.33094024658203,-0.019284723326563835,23.519317626953125,12.257856369018555,0.9416667222976685,0.022655148059129715,1.783626914024353,0.01577061414718628,0.75,0.75,0.011489741504192352,0.16696347296237946
2026-08-13_11-13-50,/home/as22cq/Projects/Policy-RL-Peg_insertion/force_peg_rl/logs/rl_games/Forge/2026-08-13_11-13-50/nn/last_Forge_ep_500_rew_170.61963.pth,2,nominal,1002,False,timeout,149,34.1685791015625,0.10163044929504395,24.342500686645508,10.320945739746094,1.0833333730697632,0.06708972901105881,3.1197972297668457,0.018703607842326164,0.75,0.75,0.021246062591671944,0.5655451416969299
2026-08-13_11-13-50,/home/as22cq/Projects/Policy-RL-Peg_insertion/force_peg_rl/logs/rl_games/Forge/2026-08-13_11-13-50/nn/last_Forge_ep_500_rew_170.61963.pth,2,nominal,1002,False,timeout,149,37.73930740356445,0.0019303858280181885,12.397326469421387,7.378739833831787,0.675000011920929,0.07511816918849945,2.9501404762268066,0.019381504505872726,0.75,0.75,0.0044946433044970036,0.5515233278274536
2026-08-13_11-13-50,/home/as22cq/Projects/Policy-RL-Peg_insertion/force_peg_rl/logs/rl_games/Forge/2026-08-13_11-13-50/nn/last_Forge_ep_500_rew_170.61963.pth,2,nominal,1002,False,timeout,149,34.39790725708008,0.0294777974486351,22.57496452331543,12.421751976013184,1.1916667222976685,0.003994072321802378,2.6356801986694336,0.021511338651180267,0.75,0.75,0.0011889978777617216,0.7508190274238586
2026-08-13_11-13-50,/home/as22cq/Projects/Policy-RL-Peg_insertion/force_peg_rl/logs/rl_games/Forge/2026-08-13_11-13-50/nn/last_Forge_ep_500_rew_170.61963.pth,2,nominal,1002,False,timeout,149,55.2244758605957,0.0542680062353611,23.223283767700195,12.261479377746582,1.0916666984558105,0.05636905878782272,2.4929325580596924,0.019358016550540924,0.75,0.75,0.015158694237470627,0.2870752513408661
2026-08-13_11-13-50,/home/as22cq/Projects/Policy-RL-Peg_insertion/force_peg_rl/logs/rl_games/Forge/2026-08-13_11-13-50/nn/last_Forge_ep_500_rew_170.61963.pth,2,nominal,1002,False,timeout,149,39.00904846191406,0.046399764716625214,17.15166473388672,8.071052551269531,0.9583333730697632,0.026858152821660042,2.735266923904419,0.022733323276042938,0.75,0.75,0.022289497777819633,0.44051793217658997
2026-08-13_11-13-50,/home/as22cq/Projects/Policy-RL-Peg_insertion/force_peg_rl/logs/rl_games/Forge/2026-08-13_11-13-50/nn/last_Forge_ep_500_rew_170.61963.pth,2,nominal,1002,False,timeout,149,30.913991928100586,0.11684006452560425,17.8845272064209,10.593353271484375,1.1166666746139526,0.03877411410212517,2.481374740600586,0.01642218418419361,0.75,0.75,0.009232597425580025,0.7070070505142212
2026-08-13_11-13-50,/home/as22cq/Projects/Policy-RL-Peg_insertion/force_peg_rl/logs/rl_games/Forge/2026-08-13_11-13-50/nn/last_Forge_ep_500_rew_170.61963.pth,2,nominal,1002,False,timeout,149,41.18751525878906,0.014571867883205414,23.01154136657715,11.892186164855957,1.2083333730697632,0.026424920186400414,1.728161096572876,0.015317823737859726,0.75,0.75,0.014742102473974228,-0.3844355344772339
2026-08-13_11-13-50,/home/as22cq/Projects/Policy-RL-Peg_insertion/force_peg_rl/logs/rl_games/Forge/2026-08-13_11-13-50/nn/last_Forge_ep_500_rew_170.61963.pth,2,nominal,1002,False,timeout,149,33.905242919921875,-0.005215220153331757,26.69424819946289,7.408098220825195,0.5,0.03707509487867355,1.1819685697555542,0.016590312123298645,0.75,0.75,0.02550971880555153,-0.5185555219650269
2026-08-13_11-13-50,/home/as22cq/Projects/Policy-RL-Peg_insertion/force_peg_rl/logs/rl_games/Forge/2026-08-13_11-13-50/nn/last_Forge_ep_500_rew_170.61963.pth,2,nominal,1002,False,timeout,149,30.581539154052734,0.13258257508277893,15.778602600097656,8.889436721801758,0.9000000357627869,0.07207012176513672,3.0812880992889404,0.015047406777739525,0.75,0.75,0.01568080298602581,0.6058513522148132
2026-08-13_11-13-50,/home/as22cq/Projects/Policy-RL-Peg_insertion/force_peg_rl/logs/rl_games/Forge/2026-08-13_11-13-50/nn/last_Forge_ep_500_rew_170.61963.pth,2,nominal,1002,False,timeout,149,28.710092544555664,0.04396732896566391,17.084306716918945,8.009443283081055,0.8333333730697632,0.04735098034143448,0.6712839007377625,0.014026084914803505,0.75,0.75,0.012493644841015339,-0.2704593241214752
2026-08-13_11-13-50,/home/as22cq/Projects/Policy-RL-Peg_insertion/force_peg_rl/logs/rl_games/Forge/2026-08-13_11-13-50/nn/last_Forge_ep_500_rew_170.61963.pth,2,nominal,1002,False,timeout,149,31.174610137939453,0.004765182733535767,9.481197357177734,4.522341251373291,0.03333333507180214,0.024207856506109238,0.9995474219322205,0.020672863349318504,0.75,0.75,0.01109415851533413,-0.182298481464386
2026-08-13_11-13-50,/home/as22cq/Projects/Policy-RL-Peg_insertion/force_peg_rl/logs/rl_games/Forge/2026-08-13_11-13-50/nn/last_Forge_ep_500_rew_170.61963.pth,2,nominal,1002,False,timeout,149,36.766273498535156,-0.017677083611488342,11.103959083557129,6.054075717926025,0.11666667461395264,0.051861606538295746,2.053929090499878,0.020923325791954994,0.75,0.75,0.02172861434519291,-0.12418424338102341
2026-08-13_11-13-50,/home/as22cq/Projects/Policy-RL-Peg_insertion/force_peg_rl/logs/rl_games/Forge/2026-08-13_11-13-50/nn/last_Forge_ep_500_rew_170.61963.pth,2,nominal,1002,False,timeout,149,37.228633880615234,0.02467545121908188,34.4820556640625,11.105317115783691,0.9166666865348816,0.02099308930337429,2.383521795272827,0.01654907315969467,0.75,0.75,0.009351993910968304,0.3263722062110901
2026-08-13_11-13-50,/home/as22cq/Projects/Policy-RL-Peg_insertion/force_peg_rl/logs/rl_games/Forge/2026-08-13_11-13-50/nn/last_Forge_ep_500_rew_170.61963.pth,2,nominal,1002,False,timeout,149,25.374452590942383,0.02512691169977188,29.3172550201416,9.907158851623535,0.8083333969116211,0.049521543085575104,0.16050101816654205,0.023344505578279495,0.75,0.75,0.02266090176999569,-0.20683889091014862
2026-08-13_11-13-50,/home/as22cq/Projects/Policy-RL-Peg_insertion/force_peg_rl/logs/rl_games/Forge/2026-08-13_11-13-50/nn/last_Forge_ep_500_rew_170.61963.pth,2,nominal,1002,False,timeout,149,33.05877685546875,0.0839792788028717,19.895429611206055,10.223225593566895,0.8166667222976685,0.01671990379691124,2.7740917205810547,0.019707199186086655,0.75,0.75,0.01050792820751667,0.621483325958252
2026-08-13_11-13-50,/home/as22cq/Projects/Policy-RL-Peg_insertion/force_peg_rl/logs/rl_games/Forge/2026-08-13_11-13-50/nn/last_Forge_ep_500_rew_170.61963.pth,2,nominal,1002,False,timeout,149,37.29071044921875,0.02058740332722664,20.249401092529297,9.952712059020996,1.1916667222976685,0.023197606205940247,2.066225051879883,0.019654061645269394,0.75,0.75,0.016545040532946587,0.710380494594574
2026-08-13_11-13-50,/home/as22cq/Projects/Policy-RL-Peg_insertion/force_peg_rl/logs/rl_games/Forge/2026-08-13_11-13-50/nn/last_Forge_ep_500_rew_170.61963.pth,2,nominal,1002,False,timeout,149,36.63850402832031,0.02583649754524231,31.516122817993164,11.729744911193848,0.7833333611488342,0.02196229249238968,1.7960869073867798,0.021721793338656425,0.75,0.75,0.015264233574271202,0.21833260357379913
2026-08-13_11-13-50,/home/as22cq/Projects/Policy-RL-Peg_insertion/force_peg_rl/logs/rl_games/Forge/2026-08-13_11-13-50/nn/last_Forge_ep_500_rew_170.61963.pth,2,nominal,1002,False,timeout,149,40.423336029052734,-0.01811792515218258,24.652498245239258,18.924875259399414,1.1500000953674316,0.0161203071475029,1.547542929649353,0.018091605976223946,0.75,0.75,0.01784517429769039,0.7442202568054199
2026-08-13_11-13-50,/home/as22cq/Projects/Policy-RL-Peg_insertion/force_peg_rl/logs/rl_games/Forge/2026-08-13_11-13-50/nn/last_Forge_ep_500_rew_170.61963.pth,2,nominal,1002,False,timeout,149,30.63837242126465,0.007678531110286713,20.786741256713867,12.870348930358887,1.0500000715255737,0.03658942133188248,0.8444080352783203,0.01590709574520588,0.75,0.75,0.009809640236198902,-0.3752845823764801
2026-08-13_11-13-50,/home/as22cq/Projects/Policy-RL-Peg_insertion/force_peg_rl/logs/rl_games/Forge/2026-08-13_11-13-50/nn/last_Forge_ep_500_rew_170.61963.pth,2,nominal,1002,False,timeout,149,34.7403564453125,-0.02516169659793377,20.831016540527344,12.579697608947754,1.0166667699813843,0.027404531836509705,1.5424680709838867,0.019022222608327866,0.75,0.75,0.021388383582234383,-0.6673644185066223
2026-08-13_11-13-50,/home/as22cq/Projects/Policy-RL-Peg_insertion/force_peg_rl/logs/rl_games/Forge/2026-08-13_11-13-50/nn/last_Forge_ep_500_rew_170.61963.pth,2,nominal,1002,False,timeout,149,34.31385803222656,-0.01606711745262146,27.038667678833008,14.058816909790039,0.8833333849906921,0.01821966841816902,2.7294514179229736,0.01803026907145977,0.75,0.75,0.012830269522964954,0.23435941338539124
2026-08-13_11-13-50,/home/as22cq/Projects/Policy-RL-Peg_insertion/force_peg_rl/logs/rl_games/Forge/2026-08-13_11-13-50/nn/last_Forge_ep_500_rew_170.61963.pth,2,nominal,1002,False,timeout,149,42.6915168762207,-0.015463974326848984,22.18645668029785,16.487403869628906,1.0666667222976685,0.014494577422738075,1.4491214752197266,0.016793452203273773,0.75,0.75,0.007269416470080614,0.7183584570884705
2026-08-13_11-13-50,/home/as22cq/Projects/Policy-RL-Peg_insertion/force_peg_rl/logs/rl_games/Forge/2026-08-13_11-13-50/nn/last_Forge_ep_500_rew_170.61963.pth,2,nominal,1002,False,timeout,149,33.36041259765625,0.11601430177688599,19.366657257080078,4.621649265289307,0.21666668355464935,0.030591459944844246,2.9218454360961914,0.02392515353858471,0.75,0.75,0.01636715605854988,0.6574069261550903
2026-08-13_11-13-50,/home/as22cq/Projects/Policy-RL-Peg_insertion/force_peg_rl/logs/rl_games/Forge/2026-08-13_11-13-50/nn/last_Forge_ep_500_rew_170.61963.pth,2,nominal,1002,False,timeout,149,35.04566192626953,-0.018522795289754868,17.118637084960938,10.963852882385254,0.8583333492279053,0.011059691198170185,0.7687450647354126,0.015425212681293488,0.75,0.75,0.010845507495105267,-0.17294622957706451
2026-08-13_11-13-50,/home/as22cq/Projects/Policy-RL-Peg_insertion/force_peg_rl/logs/rl_games/Forge/2026-08-13_11-13-50/nn/last_Forge_ep_500_rew_170.61963.pth,2,nominal,1002,False,timeout,149,27.2308406829834,-0.0032014846801757812,22.03762435913086,13.657431602478027,1.1666667461395264,0.08408938348293304,1.7702000141143799,0.022415950894355774,0.75,0.75,0.0048272497951984406,0.5737558603286743
2026-08-13_11-13-50,/home/as22cq/Projects/Policy-RL-Peg_insertion/force_peg_rl/logs/rl_games/Forge/2026-08-13_11-13-50/nn/last_Forge_ep_500_rew_170.61963.pth,2,nominal,1002,True,success,149,276.30474853515625,0.00014162249863147736,37.216957092285156,13.524887084960938,0.9750000238418579,0.0006555777508765459,2.049062967300415,0.019533030688762665,0.75,0.75,0.006909668445587158,-0.18373343348503113
2026-08-13_11-13-50,/home/as22cq/Projects/Policy-RL-Peg_insertion/force_peg_rl/logs/rl_games/Forge/2026-08-13_11-13-50/nn/last_Forge_ep_500_rew_170.61963.pth,2,nominal,1002,False,timeout,149,36.50385665893555,-0.021531643345952034,15.6248779296875,10.69668960571289,0.8916667103767395,0.011316835880279541,0.7584705948829651,0.0217991191893816,0.75,0.75,0.01416313648223877,-0.5923187136650085
2026-08-13_11-13-50,/home/as22cq/Projects/Policy-RL-Peg_insertion/force_peg_rl/logs/rl_games/Forge/2026-08-13_11-13-50/nn/last_Forge_ep_500_rew_170.61963.pth,2,nominal,1002,True,success,149,409.23175048828125,0.0009116996079683304,20.421066284179688,15.64609432220459,1.183333396911621,0.0008821742376312613,2.588221788406372,0.01697712019085884,0.75,0.75,0.009546847082674503,0.31992393732070923
2026-08-13_11-13-50,/home/as22cq/Projects/Policy-RL-Peg_insertion/force_peg_rl/logs/rl_games/Forge/2026-08-13_11-13-50/nn/last_Forge_ep_500_rew_170.61963.pth,2,nominal,1002,False,timeout,149,26.204025268554688,0.010422639548778534,11.916434288024902,9.036116600036621,0.7333333492279053,0.01651844009757042,1.1229439973831177,0.019805314019322395,0.75,0.75,0.006348778493702412,-0.3202236592769623
2026-08-13_11-13-50,/home/as22cq/Projects/Policy-RL-Peg_insertion/force_peg_rl/logs/rl_games/Forge/2026-08-13_11-13-50/nn/last_Forge_ep_500_rew_170.61963.pth,2,nominal,1002,False,timeout,149,43.00773620605469,0.0018239440396428108,23.54683494567871,13.541854858398438,1.1416667699813843,0.0195153895765543,1.3689907789230347,0.021873950958251953,0.75,0.75,0.022342020645737648,-0.4531630277633667
2026-08-13_11-13-50,/home/as22cq/Projects/Policy-RL-Peg_insertion/force_peg_rl/logs/rl_games/Forge/2026-08-13_11-13-50/nn/last_Forge_ep_500_rew_170.61963.pth,2,nominal,1002,False,timeout,149,34.79012680053711,-0.025019073858857155,30.52582359313965,13.590912818908691,0.9250000715255737,0.02725590392947197,1.4941015243530273,0.01411090325564146,0.75,0.75,0.02148091420531273,0.3342389762401581
2026-08-13_11-13-50,/home/as22cq/Projects/Policy-RL-Peg_insertion/force_peg_rl/logs/rl_games/Forge/2026-08-13_11-13-50/nn/last_Forge_ep_500_rew_170.61963.pth,2,nominal,1002,True,success,149,287.3203125,0.0016922038048505783,20.503164291381836,15.637861251831055,1.2166666984558105,0.0008644464542157948,2.200956344604492,0.01805630885064602,0.75,0.75,0.0029500052332878113,-0.7209979891777039
2026-08-13_11-13-50,/home/as22cq/Projects/Policy-RL-Peg_insertion/force_peg_rl/logs/rl_games/Forge/2026-08-13_11-13-50/nn/last_Forge_ep_500_rew_170.61963.pth,2,nominal,1002,False,timeout,149,27.418127059936523,0.03922664746642113,17.28738021850586,9.155353546142578,0.5916666984558105,0.05374530330300331,0.7205744981765747,0.01963941752910614,0.75,0.75,0.016916904598474503,-0.45636430382728577
2026-08-13_11-13-50,/home/as22cq/Projects/Policy-RL-Peg_insertion/force_peg_rl/logs/rl_games/Forge/2026-08-13_11-13-50/nn/last_Forge_ep_500_rew_170.61963.pth,2,nominal,1002,False,timeout,149,37.33676528930664,0.022357121109962463,20.14834213256836,9.02246379852295,0.9750000238418579,0.024604912847280502,1.593226432800293,0.015725543722510338,0.75,0.75,0.013111275620758533,0.5106745362281799
2026-08-13_11-13-50,/home/as22cq/Projects/Policy-RL-Peg_insertion/force_peg_rl/logs/rl_games/Forge/2026-08-13_11-13-50/nn/last_Forge_ep_500_rew_170.61963.pth,2,nominal,1002,False,timeout,149,237.1541290283203,0.005327560007572174,30.29104995727539,12.2308988571167,1.158333420753479,0.0007286248146556318,1.9989577531814575,0.016262071207165718,0.75,0.75,0.018508827313780785,-0.4194827973842621
2026-08-13_11-13-50,/home/as22cq/Projects/Policy-RL-Peg_insertion/force_peg_rl/logs/rl_games/Forge/2026-08-13_11-13-50/nn/last_Forge_ep_500_rew_170.61963.pth,2,nominal,1002,False,timeout,149,182.7027587890625,0.023575332015752792,16.03203582763672,10.884434700012207,1.0250000953674316,0.0025141744408756495,2.236435651779175,0.019523851573467255,0.75,0.75,0.02659216709434986,0.6881676912307739
2026-08-13_11-13-50,/home/as22cq/Projects/Policy-RL-Peg_insertion/force_peg_rl/logs/rl_games/Forge/2026-08-13_11-13-50/nn/last_Forge_ep_500_rew_170.61963.pth,2,nominal,1002,False,timeout,149,42.518638610839844,0.029456239193677902,19.881696701049805,14.185277938842773,1.0833333730697632,0.008858611807227135,1.5704416036605835,0.023978736251592636,0.75,0.75,0.010294116102159023,0.4520481824874878
2026-08-13_11-13-50,/home/as22cq/Projects/Policy-RL-Peg_insertion/force_peg_rl/logs/rl_games/Forge/2026-08-13_11-13-50/nn/last_Forge_ep_500_rew_170.61963.pth,2,nominal,1002,False,timeout,149,25.98817253112793,0.001463666558265686,14.867877006530762,9.65401840209961,1.0666667222976685,0.03969542309641838,0.6622166633605957,0.01972881145775318,0.75,0.75,0.01685616746544838,-0.04973386600613594
2026-08-13_11-13-50,/home/as22cq/Projects/Policy-RL-Peg_insertion/force_peg_rl/logs/rl_games/Forge/2026-08-13_11-13-50/nn/last_Forge_ep_500_rew_170.61963.pth,2,nominal,1002,False,timeout,149,31.817203521728516,-0.024630628526210785,29.492998123168945,10.28313159942627,0.8916667103767395,0.04510081559419632,1.297761082649231,0.02226528339087963,0.75,0.75,0.018473954871296883,0.11260611563920975
2026-08-13_11-13-50,/home/as22cq/Projects/Policy-RL-Peg_insertion/force_peg_rl/logs/rl_games/Forge/2026-08-13_11-13-50/nn/last_Forge_ep_500_rew_170.61963.pth,2,nominal,1002,False,timeout,149,41.88191604614258,0.02650720253586769,18.78354835510254,12.195246696472168,0.9583333730697632,0.019972022622823715,2.1670713424682617,0.020357154309749603,0.75,0.75,0.017040489241480827,0.5075076222419739
2026-08-13_11-13-50,/home/as22cq/Projects/Policy-RL-Peg_insertion/force_peg_rl/logs/rl_games/Forge/2026-08-13_11-13-50/nn/last_Forge_ep_500_rew_170.61963.pth,2,nominal,1002,False,timeout,149,42.20171356201172,0.0127315204590559,14.265732765197754,7.439367771148682,0.8250000476837158,0.027460144832730293,1.732282042503357,0.023756520822644234,0.75,0.75,0.020336158573627472,-0.575778603553772
2026-08-13_11-13-50,/home/as22cq/Projects/Policy-RL-Peg_insertion/force_peg_rl/logs/rl_games/Forge/2026-08-13_11-13-50/nn/last_Forge_ep_500_rew_170.61963.pth,2,nominal,1002,False,timeout,149,29.09832000732422,0.04710584878921509,14.660789489746094,9.06867504119873,1.0166667699813843,0.017337771132588387,0.6242242455482483,0.02381220832467079,0.75,0.75,0.0032188454642891884,-0.05061739683151245
2026-08-13_11-13-50,/home/as22cq/Projects/Policy-RL-Peg_insertion/force_peg_rl/logs/rl_games/Forge/2026-08-13_11-13-50/nn/last_Forge_ep_500_rew_170.61963.pth,2,nominal,1002,False,timeout,149,217.17434692382812,0.005497001111507416,40.83272171020508,13.606477737426758,1.100000023841858,0.0006042189197614789,1.3141183853149414,0.015532228164374828,0.75,0.75,0.019695384427905083,0.449902206659317
2026-08-13_11-13-50,/home/as22cq/Projects/Policy-RL-Peg_insertion/force_peg_rl/logs/rl_games/Forge/2026-08-13_11-13-50/nn/last_Forge_ep_500_rew_170.61963.pth,2,nominal,1002,False,timeout,149,28.15273094177246,-0.011503636837005615,33.79037857055664,14.374963760375977,1.058333396911621,0.023555779829621315,0.4891575574874878,0.022354457527399063,0.75,0.75,0.005603870376944542,0.07000891119241714
2026-08-13_11-13-50,/home/as22cq/Projects/Policy-RL-Peg_insertion/force_peg_rl/logs/rl_games/Forge/2026-08-13_11-13-50/nn/last_Forge_ep_500_rew_170.61963.pth,2,nominal,1002,False,timeout,149,205.0226287841797,0.00630902498960495,33.444332122802734,16.600141525268555,1.158333420753479,0.0005688127712346613,1.4145230054855347,0.016362875699996948,0.75,0.75,0.010596600361168385,-0.09549438208341599
2026-08-13_11-13-50,/home/as22cq/Projects/Policy-RL-Peg_insertion/force_peg_rl/logs/rl_games/Forge/2026-08-13_11-13-50/nn/last_Forge_ep_500_rew_170.61963.pth,2,nominal,1002,False,timeout,149,33.597938537597656,0.038026340305805206,22.08241844177246,8.441722869873047,0.3916666805744171,0.042929381132125854,0.766137957572937,0.018567224964499474,0.75,0.75,0.01895197667181492,0.3644522428512573
2026-08-13_11-13-50,/home/as22cq/Projects/Policy-RL-Peg_insertion/force_peg_rl/logs/rl_games/Forge/2026-08-13_11-13-50/nn/last_Forge_ep_500_rew_170.61963.pth,2,nominal,1002,False,timeout,149,54.496646881103516,0.007899919524788857,17.335784912109375,13.797379493713379,1.1416667699813843,0.023761313408613205,2.762946605682373,0.01460939645767212,0.75,0.75,0.022799989208579063,0.5209661722183228
2026-08-13_11-13-50,/home/as22cq/Projects/Policy-RL-Peg_insertion/force_peg_rl/logs/rl_games/Forge/2026-08-13_11-13-50/nn/last_Forge_ep_500_rew_170.61963.pth,2,nominal,1002,False,timeout,149,39.60383224487305,0.013020634651184082,17.393442153930664,11.115568161010742,0.8750000596046448,0.01883525773882866,3.0622663497924805,0.01592688448727131,0.75,0.75,0.017749905586242676,0.579164445400238
2026-08-13_11-13-50,/home/as22cq/Projects/Policy-RL-Peg_insertion/force_peg_rl/logs/rl_games/Forge/2026-08-13_11-13-50/nn/last_Forge_ep_500_rew_170.61963.pth,2,nominal,1002,False,timeout,149,34.07048416137695,0.027807891368865967,21.03101921081543,12.563383102416992,1.2083333730697632,0.005030369386076927,1.476479172706604,0.015028892084956169,0.75,0.75,0.017709312960505486,-0.08008729666471481
2026-08-13_11-13-50,/home/as22cq/Projects/Policy-RL-Peg_insertion/force_peg_rl/logs/rl_games/Forge/2026-08-13_11-13-50/nn/last_Forge_ep_500_rew_170.61963.pth,2,nominal,1002,False,timeout,149,36.420562744140625,-0.02986174449324608,22.809293746948242,7.241459369659424,0.8000000715255737,0.020386727526783943,2.063098192214966,0.021021177992224693,0.75,0.75,0.004467600490897894,0.20197007060050964
2026-08-13_11-13-50,/home/as22cq/Projects/Policy-RL-Peg_insertion/force_peg_rl/logs/rl_games/Forge/2026-08-13_11-13-50/nn/last_Forge_ep_500_rew_170.61963.pth,2,nominal,1002,False,timeout,149,39.66630935668945,0.019345775246620178,18.9242000579834,10.432268142700195,1.1416667699813843,0.02781580574810505,2.245919942855835,0.022016379982233047,0.75,0.75,0.018406836315989494,0.17480923235416412
2026-08-13_11-13-50,/home/as22cq/Projects/Policy-RL-Peg_insertion/force_peg_rl/logs/rl_games/Forge/2026-08-13_11-13-50/nn/last_Forge_ep_500_rew_170.61963.pth,2,nominal,1002,False,timeout,149,34.42343521118164,0.02042512223124504,25.60568618774414,13.856481552124023,1.125,0.028040438890457153,0.9799419641494751,0.015933562070131302,0.75,0.75,0.024951457977294922,-0.07270640879869461
2026-08-13_11-13-50,/home/as22cq/Projects/Policy-RL-Peg_insertion/force_peg_rl/logs/rl_games/Forge/2026-08-13_11-13-50/nn/last_Forge_ep_500_rew_170.61963.pth,2,nominal,1002,False,timeout,149,37.93408966064453,0.018918737769126892,23.486053466796875,12.792819023132324,0.98333340883255,0.02641894482076168,2.1171607971191406,0.023076172918081284,0.75,0.75,0.02335609868168831,0.06091705709695816
2026-08-13_11-13-50,/home/as22cq/Projects/Policy-RL-Peg_insertion/force_peg_rl/logs/rl_games/Forge/2026-08-13_11-13-50/nn/last_Forge_ep_500_rew_170.61963.pth,2,nominal,1002,False,timeout,149,27.33651351928711,0.07256973534822464,26.599515914916992,16.862714767456055,1.2166666984558105,0.04244265332818031,0.43848109245300293,0.01642117276787758,0.75,0.75,0.015851473435759544,-0.5388689041137695
2026-08-13_11-13-50,/home/as22cq/Projects/Policy-RL-Peg_insertion/force_peg_rl/logs/rl_games/Forge/2026-08-13_11-13-50/nn/last_Forge_ep_500_rew_170.61963.pth,2,nominal,1002,False,timeout,149,40.5302619934082,0.013384558260440826,18.111215591430664,10.749019622802734,1.2000000476837158,0.025777338072657585,1.568356990814209,0.016180263832211494,0.75,0.75,0.009678642265498638,0.5390855073928833
2026-08-13_11-13-50,/home/as22cq/Projects/Policy-RL-Peg_insertion/force_peg_rl/logs/rl_games/Forge/2026-08-13_11-13-50/nn/last_Forge_ep_500_rew_170.61963.pth,2,nominal,1002,False,timeout,149,25.850894927978516,0.012389510869979858,18.937971115112305,5.699670791625977,0.125,0.038826748728752136,1.022814154624939,0.020893197506666183,0.75,0.75,0.0029747106600552797,0.12710297107696533
2026-08-13_11-13-50,/home/as22cq/Projects/Policy-RL-Peg_insertion/force_peg_rl/logs/rl_games/Forge/2026-08-13_11-13-50/nn/last_Forge_ep_500_rew_170.61963.pth,2,nominal,1002,False,timeout,149,35.1021728515625,0.02609184756875038,17.056909561157227,10.441740036010742,0.9000000357627869,0.0184014942497015,1.231469988822937,0.014635894447565079,0.75,0.75,0.011362913995981216,-0.0016678259707987309
2026-08-13_11-13-50,/home/as22cq/Projects/Policy-RL-Peg_insertion/force_peg_rl/logs/rl_games/Forge/2026-08-13_11-13-50/nn/last_Forge_ep_500_rew_170.61963.pth,2,nominal,1002,False,timeout,149,103.81051635742188,0.040125276893377304,19.7845458984375,11.943385124206543,1.0916666984558105,0.05039878189563751,1.2341398000717163,0.01674528792500496,0.75,0.75,0.018491854891180992,0.5650649070739746
2026-08-13_11-13-50,/home/as22cq/Projects/Policy-RL-Peg_insertion/force_peg_rl/logs/rl_games/Forge/2026-08-13_11-13-50/nn/last_Forge_ep_500_rew_170.61963.pth,2,nominal,1002,False,timeout,149,27.811586380004883,-0.012996528297662735,16.488622665405273,11.38409423828125,0.9916667342185974,0.005142113193869591,0.363773375749588,0.018671730533242226,0.75,0.75,0.0020025954581797123,-0.46526697278022766
2026-08-13_11-13-50,/home/as22cq/Projects/Policy-RL-Peg_insertion/force_peg_rl/logs/rl_games/Forge/2026-08-13_11-13-50/nn/last_Forge_ep_500_rew_170.61963.pth,2,nominal,1002,False,timeout,149,27.019546508789062,0.0790756344795227,14.528751373291016,7.215843200683594,0.7500000596046448,0.04702695459127426,0.44608840346336365,0.01972299814224243,0.75,0.75,0.020995372906327248,-0.2710346579551697
2026-08-13_11-13-50,/home/as22cq/Projects/Policy-RL-Peg_insertion/force_peg_rl/logs/rl_games/Forge/2026-08-13_11-13-50/nn/last_Forge_ep_500_rew_170.61963.pth,2,nominal,1002,False,timeout,149,36.17428207397461,-0.005184158682823181,22.30177879333496,11.184184074401855,0.9250000715255737,0.030911941081285477,2.1515707969665527,0.018812652677297592,0.75,0.75,0.016727140173316002,-0.2101122885942459
2026-08-13_11-13-50,/home/as22cq/Projects/Policy-RL-Peg_insertion/force_peg_rl/logs/rl_games/Forge/2026-08-13_11-13-50/nn/last_Forge_ep_500_rew_170.61963.pth,2,nominal,1002,False,timeout,149,33.970340728759766,0.04077373445034027,20.669998168945312,8.051593780517578,0.8833333849906921,0.0441582165658474,1.5839793682098389,0.014468837529420853,0.75,0.75,0.017557278275489807,0.13569100201129913
2026-08-13_11-13-50,/home/as22cq/Projects/Policy-RL-Peg_insertion/force_peg_rl/logs/rl_games/Forge/2026-08-13_11-13-50/nn/last_Forge_ep_500_rew_170.61963.pth,2,nominal,1002,False,timeout,149,42.246150970458984,0.019943997263908386,10.483524322509766,6.45800256729126,0.17500001192092896,0.02391251176595688,2.0630569458007812,0.016042886301875114,0.75,0.75,0.010237060487270355,0.16949419677257538
2026-08-13_11-13-50,/home/as22cq/Projects/Policy-RL-Peg_insertion/force_peg_rl/logs/rl_games/Forge/2026-08-13_11-13-50/nn/last_Forge_ep_500_rew_170.61963.pth,2,nominal,1002,False,timeout,149,39.122840881347656,0.028287291526794434,25.1634578704834,14.401981353759766,1.158333420753479,0.008260182105004787,1.8578389883041382,0.017942892387509346,0.75,0.75,0.010930529795587063,0.33859768509864807
2026-08-13_11-13-50,/home/as22cq/Projects/Policy-RL-Peg_insertion/force_peg_rl/logs/rl_games/Forge/2026-08-13_11-13-50/nn/last_Forge_ep_500_rew_170.61963.pth,2,nominal,1002,False,timeout,149,27.983116149902344,0.07484151422977448,19.104835510253906,7.8947858810424805,0.7500000596046448,0.0319114550948143,2.3143653869628906,0.021644577383995056,0.75,0.75,0.018884098157286644,-0.5090925693511963
2026-08-13_11-13-50,/home/as22cq/Projects/Policy-RL-Peg_insertion/force_peg_rl/logs/rl_games/Forge/2026-08-13_11-13-50/nn/last_Forge_ep_500_rew_170.61963.pth,2,nominal,1002,False,timeout,149,25.256784439086914,-0.0013819187879562378,23.445009231567383,14.492561340332031,0.9583333730697632,0.07607641071081161,2.5566956996917725,0.01763828843832016,0.75,0.75,0.017109686508774757,0.7830051779747009
2026-08-13_11-13-50,/home/as22cq/Projects/Policy-RL-Peg_insertion/force_peg_rl/logs/rl_games/Forge/2026-08-13_11-13-50/nn/last_Forge_ep_500_rew_170.61963.pth,2,nominal,1002,False,timeout,149,36.009151458740234,-0.010798199102282524,17.19152069091797,10.720586776733398,0.9666666984558105,0.023862197995185852,0.8797845244407654,0.019849169999361038,0.75,0.75,0.00843892339617014,-0.3602277934551239
2026-08-13_11-13-50,/home/as22cq/Projects/Policy-RL-Peg_insertion/force_peg_rl/logs/rl_games/Forge/2026-08-13_11-13-50/nn/last_Forge_ep_500_rew_170.61963.pth,2,nominal,1002,False,timeout,149,29.649385452270508,-0.023595893755555153,18.511253356933594,11.953178405761719,0.9166666865348816,0.03856071084737778,0.7874944806098938,0.014026327058672905,0.75,0.75,0.018167346715927124,0.02429848350584507
2026-08-13_11-13-50,/home/as22cq/Projects/Policy-RL-Peg_insertion/force_peg_rl/logs/rl_games/Forge/2026-08-13_11-13-50/nn/last_Forge_ep_500_rew_170.61963.pth,2,nominal,1002,False,timeout,149,32.506160736083984,-0.004455765709280968,20.316478729248047,11.659065246582031,0.9250000715255737,0.04506755247712135,1.9607789516448975,0.021752428263425827,0.75,0.75,0.0048210895620286465,-0.455463171005249
2026-08-13_11-13-50,/home/as22cq/Projects/Policy-RL-Peg_insertion/force_peg_rl/logs/rl_games/Forge/2026-08-13_11-13-50/nn/last_Forge_ep_500_rew_170.61963.pth,2,nominal,1002,False,timeout,149,31.58367919921875,0.028370648622512817,13.540535926818848,8.525911331176758,0.9166666865348816,0.06507386267185211,2.2271406650543213,0.02350851520895958,0.75,0.75,0.01819613203406334,-0.005416392348706722
2026-08-13_11-13-50,/home/as22cq/Projects/Policy-RL-Peg_insertion/force_peg_rl/logs/rl_games/Forge/2026-08-13_11-13-50/nn/last_Forge_ep_500_rew_170.61963.pth,2,nominal,1002,False,timeout,149,26.611845016479492,0.04308168590068817,16.002948760986328,8.095843315124512,0.6000000238418579,0.02563292719423771,0.36343851685523987,0.02101442776620388,0.75,0.75,0.009414990432560444,-0.6090927720069885
2026-08-13_11-13-50,/home/as22cq/Projects/Policy-RL-Peg_insertion/force_peg_rl/logs/rl_games/Forge/2026-08-13_11-13-50/nn/last_Forge_ep_500_rew_170.61963.pth,2,nominal,1002,False,timeout,149,33.763397216796875,-0.011985085904598236,34.32423400878906,12.27764892578125,1.133333444595337,0.027098041027784348,1.016075849533081,0.015875333920121193,0.75,0.75,0.011569038964807987,-0.7177769541740417
2026-08-13_11-13-50,/home/as22cq/Projects/Policy-RL-Peg_insertion/force_peg_rl/logs/rl_games/Forge/2026-08-13_11-13-50/nn/last_Forge_ep_500_rew_170.61963.pth,2,nominal,1002,False,timeout,149,27.68701171875,0.11928421258926392,16.658023834228516,10.933084487915039,1.008333444595337,0.09721148014068604,-2.905557155609131,0.015258326195180416,0.75,0.75,0.018379611894488335,0.7811346054077148
2026-08-13_11-13-50,/home/as22cq/Projects/Policy-RL-Peg_insertion/force_peg_rl/logs/rl_games/Forge/2026-08-13_11-13-50/nn/last_Forge_ep_500_rew_170.61963.pth,2,nominal,1002,False,timeout,149,27.32622528076172,0.0736687034368515,17.085960388183594,7.6191792488098145,0.9250000715255737,0.08373094350099564,2.890993356704712,0.02088913694024086,0.75,0.75,0.022543538361787796,0.610447883605957
2026-08-13_11-13-50,/home/as22cq/Projects/Policy-RL-Peg_insertion/force_peg_rl/logs/rl_games/Forge/2026-08-13_11-13-50/nn/last_Forge_ep_500_rew_170.61963.pth,2,nominal,1002,False,timeout,149,26.558385848999023,-0.027502868324518204,18.037931442260742,7.661584854125977,0.6250000596046448,0.0441877618432045,0.5843353867530823,0.018048662692308426,0.75,0.75,0.017558418214321136,-0.6706448793411255
2026-08-13_11-13-50,/home/as22cq/Projects/Policy-RL-Peg_insertion/force_peg_rl/logs/rl_games/Forge/2026-08-13_11-13-50/nn/last_Forge_ep_500_rew_170.61963.pth,2,nominal,1002,False,timeout,149,35.32417678833008,-0.008380996063351631,14.042595863342285,9.089951515197754,0.6583333611488342,0.021150803193449974,1.8768465518951416,0.01943502202630043,0.75,0.75,0.01972445659339428,0.34388330578804016
2026-08-13_11-13-50,/home/as22cq/Projects/Policy-RL-Peg_insertion/force_peg_rl/logs/rl_games/Forge/2026-08-13_11-13-50/nn/last_Forge_ep_500_rew_170.61963.pth,2,nominal,1002,False,timeout,149,36.470211029052734,0.017086200416088104,38.77852249145508,18.091779708862305,1.1666667461395264,0.027330780401825905,1.406360387802124,0.022645199671387672,0.75,0.75,0.023847145959734917,0.5307522416114807
2026-08-13_11-13-50,/home/as22cq/Projects/Policy-RL-Peg_insertion/force_peg_rl/logs/rl_games/Forge/2026-08-13_11-13-50/nn/last_Forge_ep_500_rew_170.61963.pth,2,nominal,1002,False,timeout,149,24.250473022460938,0.10243875533342361,32.893306732177734,11.809680938720703,1.0500000715255737,0.06087339669466019,0.5311919450759888,0.018944377079606056,0.75,0.75,0.006309390068054199,-0.7669963836669922
2026-08-13_11-13-50,/home/as22cq/Projects/Policy-RL-Peg_insertion/force_peg_rl/logs/rl_games/Forge/2026-08-13_11-13-50/nn/last_Forge_ep_500_rew_170.61963.pth,2,nominal,1002,False,force_limit,149,32.32567596435547,-0.014686133712530136,72.25617980957031,8.087230682373047,0.6000000238418579,0.04569435492157936,2.1895804405212402,0.018863949924707413,0.75,0.75,0.01144767738878727,-0.6433558464050293
2026-08-13_11-13-50,/home/as22cq/Projects/Policy-RL-Peg_insertion/force_peg_rl/logs/rl_games/Forge/2026-08-13_11-13-50/nn/last_Forge_ep_500_rew_170.61963.pth,2,nominal,1002,False,timeout,149,36.23136901855469,0.06241770461201668,31.45599937438965,10.602651596069336,0.9500000476837158,0.03649306669831276,2.646287679672241,0.01667553372681141,0.75,0.75,0.02061265893280506,-0.4601648151874542
2026-08-13_11-13-50,/home/as22cq/Projects/Policy-RL-Peg_insertion/force_peg_rl/logs/rl_games/Forge/2026-08-13_11-13-50/nn/last_Forge_ep_500_rew_170.61963.pth,2,nominal,1002,False,timeout,149,38.218421936035156,0.026107922196388245,15.983485221862793,8.661641120910645,1.0166667699813843,0.01903465948998928,1.5259311199188232,0.016353605315089226,0.75,0.75,0.006426599342375994,0.5460515022277832
2026-08-13_11-13-50,/home/as22cq/Projects/Policy-RL-Peg_insertion/force_peg_rl/logs/rl_games/Forge/2026-08-13_11-13-50/nn/last_Forge_ep_500_rew_170.61963.pth,2,nominal,1002,False,timeout,149,26.599191665649414,0.05109747126698494,28.717788696289062,9.837932586669922,1.033333420753479,0.06474349647760391,1.1577450037002563,0.0231495201587677,0.75,0.75,0.018361076712608337,-0.6144851446151733
2026-08-13_11-13-50,/home/as22cq/Projects/Policy-RL-Peg_insertion/force_peg_rl/logs/rl_games/Forge/2026-08-13_11-13-50/nn/last_Forge_ep_500_rew_170.61963.pth,2,nominal,1002,False,timeout,149,28.029542922973633,0.027104660868644714,26.759641647338867,14.607641220092773,1.100000023841858,0.03250627592206001,1.6795684099197388,0.017960816621780396,0.75,0.75,0.024453148245811462,-0.4762102961540222
2026-08-13_11-13-50,/home/as22cq/Projects/Policy-RL-Peg_insertion/force_peg_rl/logs/rl_games/Forge/2026-08-13_11-13-50/nn/last_Forge_ep_500_rew_170.61963.pth,2,nominal,1002,False,timeout,149,40.099971771240234,0.00905277207493782,43.1735725402832,14.234112739562988,1.158333420753479,0.025934774428606033,2.4852635860443115,0.019579095765948296,0.75,0.75,0.020004894584417343,0.5039832592010498
2026-08-13_11-13-50,/home/as22cq/Projects/Policy-RL-Peg_insertion/force_peg_rl/logs/rl_games/Forge/2026-08-13_11-13-50/nn/last_Forge_ep_500_rew_170.61963.pth,2,nominal,1002,False,timeout,149,32.6888313293457,0.04592709615826607,18.18816375732422,9.16421127319336,0.8750000596046448,0.0578591488301754,0.5243215560913086,0.015213627368211746,0.75,0.75,0.019050033763051033,-0.4809843897819519
2026-08-13_11-13-50,/home/as22cq/Projects/Policy-RL-Peg_insertion/force_peg_rl/logs/rl_games/Forge/2026-08-13_11-13-50/nn/last_Forge_ep_500_rew_170.61963.pth,2,nominal,1002,False,timeout,149,32.864227294921875,0.016463322564959526,17.915016174316406,9.404271125793457,0.5416666865348816,0.05212707445025444,2.220581531524658,0.02348879724740982,0.75,0.75,0.009959964081645012,0.6031556725502014
2026-08-13_11-13-50,/home/as22cq/Projects/Policy-RL-Peg_insertion/force_peg_rl/logs/rl_games/Forge/2026-08-13_11-13-50/nn/last_Forge_ep_500_rew_170.61963.pth,2,nominal,1002,False,timeout,149,31.2666072845459,-0.026694953441619873,26.569805145263672,12.771833419799805,0.7833333611488342,0.013658545911312103,2.318223237991333,0.018472418189048767,0.75,0.75,0.021738998591899872,0.2531190812587738
2026-08-13_11-13-50,/home/as22cq/Projects/Policy-RL-Peg_insertion/force_peg_rl/logs/rl_games/Forge/2026-08-13_11-13-50/nn/last_Forge_ep_500_rew_170.61963.pth,2,nominal,1002,False,timeout,149,33.24481964111328,-0.01609157770872116,23.60284423828125,14.244959831237793,1.033333420753479,0.02969149872660637,1.0179117918014526,0.01925172284245491,0.75,0.75,0.00961276050657034,0.052236493676900864
2026-08-13_11-13-50,/home/as22cq/Projects/Policy-RL-Peg_insertion/force_peg_rl/logs/rl_games/Forge/2026-08-13_11-13-50/nn/last_Forge_ep_500_rew_170.61963.pth,2,nominal,1002,False,timeout,149,40.24312973022461,0.002730444073677063,19.665103912353516,13.7429780960083,1.1166666746139526,0.023663928732275963,1.1044353246688843,0.019380442798137665,0.75,0.75,0.016822820529341698,0.6261430382728577
2026-08-13_11-13-50,/home/as22cq/Projects/Policy-RL-Peg_insertion/force_peg_rl/logs/rl_games/Forge/2026-08-13_11-13-50/nn/last_Forge_ep_500_rew_170.61963.pth,2,nominal,1002,False,timeout,149,33.482086181640625,0.026955462992191315,33.72808837890625,17.430627822875977,1.2166666984558105,0.02028621919453144,2.17636775970459,0.016794543713331223,0.75,0.75,0.018017223104834557,0.46408531069755554
2026-08-13_11-13-50,/home/as22cq/Projects/Policy-RL-Peg_insertion/force_peg_rl/logs/rl_games/Forge/2026-08-13_11-13-50/nn/last_Forge_ep_500_rew_170.61963.pth,2,nominal,1002,False,timeout,149,27.958337783813477,0.030043229460716248,24.995628356933594,13.533087730407715,0.9750000238418579,0.018440354615449905,0.4403311610221863,0.019242651760578156,0.75,0.75,0.022035354748368263,0.34101155400276184
2026-08-13_11-13-50,/home/as22cq/Projects/Policy-RL-Peg_insertion/force_peg_rl/logs/rl_games/Forge/2026-08-13_11-13-50/nn/last_Forge_ep_500_rew_170.61963.pth,2,nominal,1002,False,timeout,149,34.31914520263672,0.031930111348629,29.803396224975586,13.073709487915039,0.5833333730697632,0.01757943443953991,2.420081377029419,0.015795283019542694,0.75,0.75,0.020367883145809174,0.34260889887809753
2026-08-13_11-13-50,/home/as22cq/Projects/Policy-RL-Peg_insertion/force_peg_rl/logs/rl_games/Forge/2026-08-13_11-13-50/nn/last_Forge_ep_500_rew_170.61963.pth,2,nominal,1002,False,timeout,149,33.92858123779297,-0.01815097965300083,20.014820098876953,11.836762428283691,1.0916666984558105,0.01162872277200222,1.941288948059082,0.019948218017816544,0.75,0.75,0.016364311799407005,-0.2797790467739105
2026-08-13_11-13-50,/home/as22cq/Projects/Policy-RL-Peg_insertion/force_peg_rl/logs/rl_games/Forge/2026-08-13_11-13-50/nn/last_Forge_ep_500_rew_170.61963.pth,2,nominal,1002,False,timeout,149,197.80755615234375,0.018743935972452164,23.41309928894043,14.231949806213379,1.1083333492279053,0.0006330994074232876,1.7199561595916748,0.01647849753499031,0.75,0.75,0.012738442979753017,0.524593710899353
2026-08-13_11-13-50,/home/as22cq/Projects/Policy-RL-Peg_insertion/force_peg_rl/logs/rl_games/Forge/2026-08-13_11-13-50/nn/last_Forge_ep_500_rew_170.61963.pth,2,nominal,1002,False,timeout,149,41.765960693359375,0.0864955484867096,22.0063533782959,14.705869674682617,1.133333444595337,0.05633204057812691,2.825975179672241,0.022872261703014374,0.75,0.75,0.0053299725987017155,0.7188141345977783
