run_id,checkpoint,training_seed,evaluation_suite,episode_seed,success,termination_reason,episode_steps,episode_return,final_insertion_depth,max_contact_force,mean_contact_force,force_above_threshold_duration,lateral_error_final,orientation_error_final,peg_mass,peg_friction,socket_friction,initial_xy_offset,initial_orientation_error
2026-08-16_21-49-29,/home/as22cq/Projects/Policy-RL-Peg_insertion/force_peg_rl/logs/rl_games/Forge/2026-08-16_21-49-29/nn/Forge.pth,0,nominal,1000,False,timeout,149,-11.228992462158203,0.023536160588264465,13.535630226135254,7.721851825714111,0.9000000357627869,0.0022492187563329935,0.8784025311470032,0.023561738431453705,0.75,0.75,0.01671551913022995,0.7032023668289185
2026-08-16_21-49-29,/home/as22cq/Projects/Policy-RL-Peg_insertion/force_peg_rl/logs/rl_games/Forge/2026-08-16_21-49-29/nn/Forge.pth,0,nominal,1000,False,timeout,149,217.36715698242188,0.0033909566700458527,15.419970512390137,5.203489780426025,0.20000001788139343,0.0005303055513650179,0.4353026747703552,0.017124135047197342,0.75,0.75,0.008148709312081337,0.36910954117774963
2026-08-16_21-49-29,/home/as22cq/Projects/Policy-RL-Peg_insertion/force_peg_rl/logs/rl_games/Forge/2026-08-16_21-49-29/nn/Forge.pth,0,nominal,1000,False,timeout,149,31.219511032104492,0.03786459565162659,12.868701934814453,1.4256595373153687,0.06666667014360428,0.026630429551005363,0.6234593987464905,0.014178655110299587,0.75,0.75,0.023647740483283997,0.1123204231262207
2026-08-16_21-49-29,/home/as22cq/Projects/Policy-RL-Peg_insertion/force_peg_rl/logs/rl_games/Forge/2026-08-16_21-49-29/nn/Forge.pth,0,nominal,1000,False,timeout,149,45.86623764038086,0.02833528071641922,15.683235168457031,3.0131378173828125,0.21666668355464935,0.033130284398794174,0.9453554153442383,0.014822219498455524,0.75,0.75,0.014952776953577995,-0.2009725421667099
2026-08-16_21-49-29,/home/as22cq/Projects/Policy-RL-Peg_insertion/force_peg_rl/logs/rl_games/Forge/2026-08-16_21-49-29/nn/Forge.pth,0,nominal,1000,False,timeout,149,33.55788040161133,0.03833460062742233,9.519584655761719,1.1824028491973877,0.03333333507180214,0.02551499754190445,0.5817034840583801,0.015191162936389446,0.75,0.75,0.018248779699206352,0.5954028964042664
2026-08-16_21-49-29,/home/as22cq/Projects/Policy-RL-Peg_insertion/force_peg_rl/logs/rl_games/Forge/2026-08-16_21-49-29/nn/Forge.pth,0,nominal,1000,False,timeout,149,98.47474670410156,0.06584592908620834,18.557418823242188,6.214742183685303,0.5833333730697632,0.03660165145993233,0.8371315598487854,0.02277202531695366,0.75,0.75,0.018479695543646812,-0.7605499029159546
2026-08-16_21-49-29,/home/as22cq/Projects/Policy-RL-Peg_insertion/force_peg_rl/logs/rl_games/Forge/2026-08-16_21-49-29/nn/Forge.pth,0,nominal,1000,False,timeout,149,221.8962860107422,0.01195748895406723,11.788921356201172,4.952427387237549,0.10000000894069672,0.0007359766168519855,1.434229850769043,0.01734333485364914,0.75,0.75,0.013883262872695923,-0.4561724364757538
2026-08-16_21-49-29,/home/as22cq/Projects/Policy-RL-Peg_insertion/force_peg_rl/logs/rl_games/Forge/2026-08-16_21-49-29/nn/Forge.pth,0,nominal,1000,False,timeout,149,73.09754180908203,0.05134328454732895,14.51157283782959,2.706968307495117,0.17500001192092896,0.019711971282958984,0.4320771098136902,0.015605839900672436,0.75,0.75,0.021147767081856728,-0.5716313123703003
2026-08-16_21-49-29,/home/as22cq/Projects/Policy-RL-Peg_insertion/force_peg_rl/logs/rl_games/Forge/2026-08-16_21-49-29/nn/Forge.pth,0,nominal,1000,False,timeout,149,26.966793060302734,0.20481082797050476,3.2858378887176514,0.12603989243507385,0.0,0.061669282615184784,0.4557034373283386,0.01608586497604847,0.75,0.75,0.02124195732176304,0.4941501319408417
2026-08-16_21-49-29,/home/as22cq/Projects/Policy-RL-Peg_insertion/force_peg_rl/logs/rl_games/Forge/2026-08-16_21-49-29/nn/Forge.pth,0,nominal,1000,False,timeout,149,41.91101837158203,0.03612178564071655,11.097281455993652,3.2364509105682373,0.10833334177732468,0.001945264171808958,1.3457454442977905,0.01495019905269146,0.75,0.75,0.019088279455900192,-0.26723089814186096
2026-08-16_21-49-29,/home/as22cq/Projects/Policy-RL-Peg_insertion/force_peg_rl/logs/rl_games/Forge/2026-08-16_21-49-29/nn/Forge.pth,0,nominal,1000,False,timeout,149,37.57455062866211,0.018650509417057037,8.70788860321045,1.8208309412002563,0.09166666865348816,0.053821057081222534,1.2662967443466187,0.018377695232629776,0.75,0.75,0.014740400947630405,0.10799532383680344
2026-08-16_21-49-29,/home/as22cq/Projects/Policy-RL-Peg_insertion/force_peg_rl/logs/rl_games/Forge/2026-08-16_21-49-29/nn/Forge.pth,0,nominal,1000,False,timeout,149,37.801490783691406,0.02561115473508835,14.04793930053711,2.29541015625,0.05000000447034836,0.029937701299786568,0.9752578139305115,0.022335082292556763,0.75,0.75,0.017694538459181786,0.3291117548942566
2026-08-16_21-49-29,/home/as22cq/Projects/Policy-RL-Peg_insertion/force_peg_rl/logs/rl_games/Forge/2026-08-16_21-49-29/nn/Forge.pth,0,nominal,1000,False,timeout,149,28.614112854003906,0.11723347008228302,5.84759521484375,0.5193909406661987,0.0,0.04777911305427551,0.21907825767993927,0.020029595121741295,0.75,0.75,0.015316269360482693,-0.7804366946220398
2026-08-16_21-49-29,/home/as22cq/Projects/Policy-RL-Peg_insertion/force_peg_rl/logs/rl_games/Forge/2026-08-16_21-49-29/nn/Forge.pth,0,nominal,1000,False,timeout,149,34.335384368896484,0.05694298446178436,10.155927658081055,1.0934594869613647,0.02500000223517418,0.044736918061971664,0.9375205636024475,0.021023107692599297,0.75,0.75,0.009634340181946754,-0.2115703970193863
2026-08-16_21-49-29,/home/as22cq/Projects/Policy-RL-Peg_insertion/force_peg_rl/logs/rl_games/Forge/2026-08-16_21-49-29/nn/Forge.pth,0,nominal,1000,False,timeout,149,31.32017707824707,0.04508281499147415,8.888612747192383,0.6614454388618469,0.02500000223517418,0.020192744210362434,0.7030042409896851,0.022172287106513977,0.75,0.75,0.012548491358757019,-0.137803852558136
2026-08-16_21-49-29,/home/as22cq/Projects/Policy-RL-Peg_insertion/force_peg_rl/logs/rl_games/Forge/2026-08-16_21-49-29/nn/Forge.pth,0,nominal,1000,False,timeout,149,29.0367431640625,0.15665461122989655,13.047457695007324,2.1477622985839844,0.05833333730697632,0.06151648610830307,0.5025185942649841,0.01987394317984581,0.75,0.75,0.022480687126517296,-0.10681559145450592
2026-08-16_21-49-29,/home/as22cq/Projects/Policy-RL-Peg_insertion/force_peg_rl/logs/rl_games/Forge/2026-08-16_21-49-29/nn/Forge.pth,0,nominal,1000,False,timeout,149,32.69679641723633,0.013151653110980988,11.972164154052734,1.0849412679672241,0.02500000223517418,0.07739091664552689,1.017774224281311,0.016976987943053246,0.75,0.75,0.017675256356596947,0.7056381702423096
2026-08-16_21-49-29,/home/as22cq/Projects/Policy-RL-Peg_insertion/force_peg_rl/logs/rl_games/Forge/2026-08-16_21-49-29/nn/Forge.pth,0,nominal,1000,False,timeout,149,229.95533752441406,0.006908126175403595,11.645998001098633,4.1150336265563965,0.14166668057441711,0.0008326643728651106,1.169679045677185,0.023760249838232994,0.75,0.75,0.020208759233355522,0.34764203429222107
2026-08-16_21-49-29,/home/as22cq/Projects/Policy-RL-Peg_insertion/force_peg_rl/logs/rl_games/Forge/2026-08-16_21-49-29/nn/Forge.pth,0,nominal,1000,False,timeout,149,128.5774688720703,0.01454320177435875,23.74225425720215,11.46768569946289,0.8166667222976685,0.0007720772409811616,1.746973991394043,0.016569796949625015,0.75,0.75,0.015312105417251587,0.7492011189460754
2026-08-16_21-49-29,/home/as22cq/Projects/Policy-RL-Peg_insertion/force_peg_rl/logs/rl_games/Forge/2026-08-16_21-49-29/nn/Forge.pth,0,nominal,1000,False,timeout,149,36.454139709472656,0.026644937694072723,7.363620281219482,1.81725013256073,0.0,0.030551331117749214,0.6332092881202698,0.015117974020540714,0.75,0.75,0.02137409895658493,0.21661613881587982
2026-08-16_21-49-29,/home/as22cq/Projects/Policy-RL-Peg_insertion/force_peg_rl/logs/rl_games/Forge/2026-08-16_21-49-29/nn/Forge.pth,0,nominal,1000,True,success,149,194.38438415527344,0.0003786161541938782,21.912004470825195,7.3514885902404785,0.491666704416275,0.0005305647500790656,0.7304763197898865,0.014010193757712841,0.75,0.75,0.015321405604481697,-0.5128018260002136
2026-08-16_21-49-29,/home/as22cq/Projects/Policy-RL-Peg_insertion/force_peg_rl/logs/rl_games/Forge/2026-08-16_21-49-29/nn/Forge.pth,0,nominal,1000,False,timeout,149,49.35221862792969,0.09694252908229828,7.156569480895996,0.8338603377342224,0.01666666753590107,0.01733216643333435,0.3270761966705322,0.02174752950668335,0.75,0.75,0.02025887742638588,-0.6327519416809082
2026-08-16_21-49-29,/home/as22cq/Projects/Policy-RL-Peg_insertion/force_peg_rl/logs/rl_games/Forge/2026-08-16_21-49-29/nn/Forge.pth,0,nominal,1000,False,timeout,149,47.60371780395508,0.2136865258216858,13.600936889648438,1.9407285451889038,0.15833334624767303,0.049362633377313614,0.4090672731399536,0.017311863601207733,0.75,0.75,0.007682320196181536,-0.4939928650856018
2026-08-16_21-49-29,/home/as22cq/Projects/Policy-RL-Peg_insertion/force_peg_rl/logs/rl_games/Forge/2026-08-16_21-49-29/nn/Forge.pth,0,nominal,1000,False,timeout,149,31.732242584228516,0.05767659842967987,5.343920707702637,0.5030501484870911,0.0,0.015898117795586586,0.5492218732833862,0.020803755149245262,0.75,0.75,0.018430469557642937,0.4884280562400818
2026-08-16_21-49-29,/home/as22cq/Projects/Policy-RL-Peg_insertion/force_peg_rl/logs/rl_games/Forge/2026-08-16_21-49-29/nn/Forge.pth,0,nominal,1000,False,timeout,149,22.784717559814453,0.08103649318218231,9.58437442779541,1.7843304872512817,0.23333334922790527,0.013261315412819386,0.322365403175354,0.015124655328691006,0.75,0.75,0.01683112047612667,0.37920117378234863
2026-08-16_21-49-29,/home/as22cq/Projects/Policy-RL-Peg_insertion/force_peg_rl/logs/rl_games/Forge/2026-08-16_21-49-29/nn/Forge.pth,0,nominal,1000,True,success,149,242.56211853027344,5.2753835916519165e-05,15.281844139099121,7.6781463623046875,0.7000000476837158,0.0004490153514780104,0.33841702342033386,0.01879996247589588,0.75,0.75,0.00936125684529543,0.27571365237236023
2026-08-16_21-49-29,/home/as22cq/Projects/Policy-RL-Peg_insertion/force_peg_rl/logs/rl_games/Forge/2026-08-16_21-49-29/nn/Forge.pth,0,nominal,1000,False,timeout,149,35.712032318115234,0.022534452378749847,13.160660743713379,1.5817605257034302,0.03333333507180214,0.03343408182263374,0.6022156476974487,0.015738019719719887,0.75,0.75,0.013880397193133831,0.12686221301555634
2026-08-16_21-49-29,/home/as22cq/Projects/Policy-RL-Peg_insertion/force_peg_rl/logs/rl_games/Forge/2026-08-16_21-49-29/nn/Forge.pth,0,nominal,1000,False,timeout,149,184.3223876953125,0.011011958122253418,13.635970115661621,4.839241027832031,0.5166667103767395,0.0006350979092530906,1.529637336730957,0.019555186852812767,0.75,0.75,0.008305797353386879,0.0697137787938118
2026-08-16_21-49-29,/home/as22cq/Projects/Policy-RL-Peg_insertion/force_peg_rl/logs/rl_games/Forge/2026-08-16_21-49-29/nn/Forge.pth,0,nominal,1000,False,timeout,149,190.2358856201172,0.01936076208949089,13.67251968383789,4.923187255859375,0.38333335518836975,0.0005816204356960952,0.629677414894104,0.02124733291566372,0.75,0.75,0.007223862688988447,-0.6261898875236511
2026-08-16_21-49-29,/home/as22cq/Projects/Policy-RL-Peg_insertion/force_peg_rl/logs/rl_games/Forge/2026-08-16_21-49-29/nn/Forge.pth,0,nominal,1000,False,timeout,149,113.16192626953125,0.0817810520529747,11.876587867736816,3.345893621444702,0.125,0.041447315365076065,0.5830358266830444,0.01970910094678402,0.75,0.75,0.007939568720757961,-0.4622341990470886
2026-08-16_21-49-29,/home/as22cq/Projects/Policy-RL-Peg_insertion/force_peg_rl/logs/rl_games/Forge/2026-08-16_21-49-29/nn/Forge.pth,0,nominal,1000,False,timeout,149,37.042110443115234,0.01856563612818718,7.892093658447266,1.3869338035583496,0.0,0.041467372328042984,0.83217853307724,0.02351207286119461,0.75,0.75,0.01979965902864933,0.24725523591041565
2026-08-16_21-49-29,/home/as22cq/Projects/Policy-RL-Peg_insertion/force_peg_rl/logs/rl_games/Forge/2026-08-16_21-49-29/nn/Forge.pth,0,nominal,1000,False,timeout,149,73.4316635131836,0.02568063512444496,10.325750350952148,2.8254895210266113,0.23333334922790527,0.03189888224005699,1.1653692722320557,0.01648496463894844,0.75,0.75,0.017878403887152672,0.7256836891174316
2026-08-16_21-49-29,/home/as22cq/Projects/Policy-RL-Peg_insertion/force_peg_rl/logs/rl_games/Forge/2026-08-16_21-49-29/nn/Forge.pth,0,nominal,1000,False,timeout,149,-9.651909828186035,0.025103695690631866,14.618876457214355,10.497020721435547,1.0666667222976685,0.004615214187651873,0.21631255745887756,0.01584630087018013,0.75,0.75,0.011824360117316246,-0.6743318438529968
2026-08-16_21-49-29,/home/as22cq/Projects/Policy-RL-Peg_insertion/force_peg_rl/logs/rl_games/Forge/2026-08-16_21-49-29/nn/Forge.pth,0,nominal,1000,True,success,149,252.37391662597656,0.00022728368639945984,12.747581481933594,5.544955253601074,0.4166666865348816,0.000519392779096961,0.4151955246925354,0.022326525300741196,0.75,0.75,0.018539348617196083,0.5196216702461243
2026-08-16_21-49-29,/home/as22cq/Projects/Policy-RL-Peg_insertion/force_peg_rl/logs/rl_games/Forge/2026-08-16_21-49-29/nn/Forge.pth,0,nominal,1000,False,timeout,149,50.21084213256836,0.0043385643512010574,16.39901351928711,2.521367311477661,0.0833333358168602,0.053730521351099014,1.5246477127075195,0.023398861289024353,0.75,0.75,0.017740091308951378,0.14715668559074402
2026-08-16_21-49-29,/home/as22cq/Projects/Policy-RL-Peg_insertion/force_peg_rl/logs/rl_games/Forge/2026-08-16_21-49-29/nn/Forge.pth,0,nominal,1000,False,timeout,149,55.71085739135742,0.04999782517552376,15.600379943847656,2.584815740585327,0.09166666865348816,0.03157634660601616,0.3622366487979889,0.02174619771540165,0.75,0.75,0.021507401019334793,0.24911685287952423
2026-08-16_21-49-29,/home/as22cq/Projects/Policy-RL-Peg_insertion/force_peg_rl/logs/rl_games/Forge/2026-08-16_21-49-29/nn/Forge.pth,0,nominal,1000,True,success,149,367.59906005859375,0.000146474689245224,10.409919738769531,4.275515079498291,0.20000001788139343,0.0005652217660099268,0.4717833399772644,0.01563699170947075,0.75,0.75,0.0176797304302454,0.26284798979759216
2026-08-16_21-49-29,/home/as22cq/Projects/Policy-RL-Peg_insertion/force_peg_rl/logs/rl_games/Forge/2026-08-16_21-49-29/nn/Forge.pth,0,nominal,1000,False,timeout,149,35.008514404296875,0.026022862643003464,3.150541305541992,0.4546314775943756,0.0,0.046317972242832184,1.7411013841629028,0.01573294587433338,0.75,0.75,0.02198193036019802,0.6111094951629639
2026-08-16_21-49-29,/home/as22cq/Projects/Policy-RL-Peg_insertion/force_peg_rl/logs/rl_games/Forge/2026-08-16_21-49-29/nn/Forge.pth,0,nominal,1000,True,success,149,305.489501953125,4.671141505241394e-05,12.863407135009766,6.9421515464782715,0.25,0.00015433492080774158,0.3053434491157532,0.014003502205014229,0.75,0.75,0.012955267913639545,-0.5995081067085266
2026-08-16_21-49-29,/home/as22cq/Projects/Policy-RL-Peg_insertion/force_peg_rl/logs/rl_games/Forge/2026-08-16_21-49-29/nn/Forge.pth,0,nominal,1000,True,success,149,375.9150695800781,0.00020278990268707275,8.715444564819336,3.9117631912231445,0.06666667014360428,0.0005367658450268209,0.3633008301258087,0.02039811573922634,0.75,0.75,0.005036104936152697,0.553692102432251
2026-08-16_21-49-29,/home/as22cq/Projects/Policy-RL-Peg_insertion/force_peg_rl/logs/rl_games/Forge/2026-08-16_21-49-29/nn/Forge.pth,0,nominal,1000,True,success,149,388.81036376953125,5.7637691497802734e-05,14.483502388000488,7.577138423919678,0.5666667222976685,9.90585467661731e-05,0.2723703980445862,0.020300574600696564,0.75,0.75,0.00431095901876688,-0.09634539484977722
2026-08-16_21-49-29,/home/as22cq/Projects/Policy-RL-Peg_insertion/force_peg_rl/logs/rl_games/Forge/2026-08-16_21-49-29/nn/Forge.pth,0,nominal,1000,True,success,149,390.5055847167969,0.00011963397264480591,10.220982551574707,6.502556800842285,0.05000000447034836,0.00043175104656256735,0.2551787793636322,0.016163671389222145,0.75,0.75,0.00822652317583561,0.26826703548431396
2026-08-16_21-49-29,/home/as22cq/Projects/Policy-RL-Peg_insertion/force_peg_rl/logs/rl_games/Forge/2026-08-16_21-49-29/nn/Forge.pth,0,nominal,1000,False,timeout,149,29.499853134155273,0.1208319365978241,10.776843070983887,1.178330659866333,0.02500000223517418,0.05245886743068695,0.31635934114456177,0.017122630029916763,0.75,0.75,0.018836958333849907,-0.18231983482837677
2026-08-16_21-49-29,/home/as22cq/Projects/Policy-RL-Peg_insertion/force_peg_rl/logs/rl_games/Forge/2026-08-16_21-49-29/nn/Forge.pth,0,nominal,1000,False,timeout,149,30.789440155029297,0.07497122883796692,8.12572193145752,0.5765290856361389,0.008333333767950535,0.029446076601743698,0.6124205589294434,0.014354829676449299,0.75,0.75,0.017511136829853058,-0.36224284768104553
2026-08-16_21-49-29,/home/as22cq/Projects/Policy-RL-Peg_insertion/force_peg_rl/logs/rl_games/Forge/2026-08-16_21-49-29/nn/Forge.pth,0,nominal,1000,False,timeout,149,133.5399932861328,0.06511738896369934,18.356746673583984,8.918810844421387,0.6500000357627869,0.012386210262775421,0.46911609172821045,0.01863621547818184,0.75,0.75,0.006828145124018192,-0.2768303155899048
2026-08-16_21-49-29,/home/as22cq/Projects/Policy-RL-Peg_insertion/force_peg_rl/logs/rl_games/Forge/2026-08-16_21-49-29/nn/Forge.pth,0,nominal,1000,False,timeout,149,26.64023780822754,0.07676808536052704,8.838557243347168,1.0701494216918945,0.10833334177732468,0.03347915783524513,0.5972849130630493,0.018752261996269226,0.75,0.75,0.016032904386520386,-0.5150390267372131
2026-08-16_21-49-29,/home/as22cq/Projects/Policy-RL-Peg_insertion/force_peg_rl/logs/rl_games/Forge/2026-08-16_21-49-29/nn/Forge.pth,0,nominal,1000,False,timeout,149,39.82457733154297,0.015062473714351654,8.420554161071777,2.2199201583862305,0.0,0.05188368260860443,1.5023458003997803,0.015378267504274845,0.75,0.75,0.00031635010964237154,-0.4822777211666107
2026-08-16_21-49-29,/home/as22cq/Projects/Policy-RL-Peg_insertion/force_peg_rl/logs/rl_games/Forge/2026-08-16_21-49-29/nn/Forge.pth,0,nominal,1000,False,timeout,149,33.38882064819336,0.08153514564037323,8.420370101928711,1.5838063955307007,0.07500000298023224,0.019555192440748215,0.35674411058425903,0.014141926541924477,0.75,0.75,0.006866457872092724,-0.336221307516098
2026-08-16_21-49-29,/home/as22cq/Projects/Policy-RL-Peg_insertion/force_peg_rl/logs/rl_games/Forge/2026-08-16_21-49-29/nn/Forge.pth,0,nominal,1000,False,timeout,149,38.65618896484375,0.08136022090911865,12.691265106201172,1.8184001445770264,0.15833334624767303,0.03448665887117386,0.5937599539756775,0.018745511770248413,0.75,0.75,0.024047987535595894,0.6444141268730164
2026-08-16_21-49-29,/home/as22cq/Projects/Policy-RL-Peg_insertion/force_peg_rl/logs/rl_games/Forge/2026-08-16_21-49-29/nn/Forge.pth,0,nominal,1000,False,timeout,149,31.30437469482422,0.08281740546226501,5.578128814697266,0.8223796486854553,0.0,0.010093728080391884,0.4775066077709198,0.0173479113727808,0.75,0.75,0.009062601253390312,-0.15511783957481384
2026-08-16_21-49-29,/home/as22cq/Projects/Policy-RL-Peg_insertion/force_peg_rl/logs/rl_games/Forge/2026-08-16_21-49-29/nn/Forge.pth,0,nominal,1000,False,timeout,149,30.186721801757812,0.05608465522527695,13.968149185180664,1.014003872871399,0.008333333767950535,0.017704768106341362,0.533286452293396,0.01403332781046629,0.75,0.75,0.005143217276781797,-0.5621067881584167
2026-08-16_21-49-29,/home/as22cq/Projects/Policy-RL-Peg_insertion/force_peg_rl/logs/rl_games/Forge/2026-08-16_21-49-29/nn/Forge.pth,0,nominal,1000,False,timeout,149,106.29922485351562,0.014475271105766296,19.926624298095703,11.82036304473877,1.033333420753479,0.0009272100869566202,1.5692570209503174,0.018756166100502014,0.75,0.75,0.010409687645733356,0.5376743078231812
2026-08-16_21-49-29,/home/as22cq/Projects/Policy-RL-Peg_insertion/force_peg_rl/logs/rl_games/Forge/2026-08-16_21-49-29/nn/Forge.pth,0,nominal,1000,True,success,149,198.98390197753906,0.00015493296086788177,17.702604293823242,9.933122634887695,0.7916666865348816,0.000676981988362968,1.7750442028045654,0.02340727485716343,0.75,0.75,0.01523620169609785,-0.31428906321525574
2026-08-16_21-49-29,/home/as22cq/Projects/Policy-RL-Peg_insertion/force_peg_rl/logs/rl_games/Forge/2026-08-16_21-49-29/nn/Forge.pth,0,nominal,1000,False,timeout,149,89.3633804321289,0.25756755471229553,10.856011390686035,3.433793783187866,0.13333334028720856,0.050129398703575134,0.5189222097396851,0.022075120359659195,0.75,0.75,0.018452828750014305,-0.513257622718811
2026-08-16_21-49-29,/home/as22cq/Projects/Policy-RL-Peg_insertion/force_peg_rl/logs/rl_games/Forge/2026-08-16_21-49-29/nn/Forge.pth,0,nominal,1000,True,success,149,382.4334716796875,0.000145619735121727,7.840010166168213,4.963336944580078,0.0,0.0005003950791433454,0.2321402132511139,0.015387878753244877,0.75,0.75,0.0012650977587327361,0.562414288520813
2026-08-16_21-49-29,/home/as22cq/Projects/Policy-RL-Peg_insertion/force_peg_rl/logs/rl_games/Forge/2026-08-16_21-49-29/nn/Forge.pth,0,nominal,1000,False,timeout,149,49.63297653198242,0.017950870096683502,18.53349494934082,10.92818546295166,1.0500000715255737,0.0005900835967622697,1.4166728258132935,0.022252220660448074,0.75,0.75,0.016547856852412224,0.2977694571018219
2026-08-16_21-49-29,/home/as22cq/Projects/Policy-RL-Peg_insertion/force_peg_rl/logs/rl_games/Forge/2026-08-16_21-49-29/nn/Forge.pth,0,nominal,1000,False,timeout,149,31.227869033813477,0.06286871433258057,10.7666015625,1.0754724740982056,0.008333333767950535,0.02346370369195938,0.33100011944770813,0.016298748552799225,0.75,0.75,0.010977409780025482,-0.5985468029975891
2026-08-16_21-49-29,/home/as22cq/Projects/Policy-RL-Peg_insertion/force_peg_rl/logs/rl_games/Forge/2026-08-16_21-49-29/nn/Forge.pth,0,nominal,1000,False,timeout,149,40.90579605102539,0.10568311810493469,17.263731002807617,4.267827033996582,0.4333333671092987,0.02235955186188221,0.4561416506767273,0.015881797298789024,0.75,0.75,0.001004559569992125,-0.3111740052700043
2026-08-16_21-49-29,/home/as22cq/Projects/Policy-RL-Peg_insertion/force_peg_rl/logs/rl_games/Forge/2026-08-16_21-49-29/nn/Forge.pth,0,nominal,1000,True,success,149,382.24005126953125,0.00013107061386108398,12.299517631530762,3.1651012897491455,0.07500000298023224,0.00039709091652184725,0.7028058171272278,0.020506881177425385,0.75,0.75,0.0052452669478952885,0.23343375325202942
2026-08-16_21-49-29,/home/as22cq/Projects/Policy-RL-Peg_insertion/force_peg_rl/logs/rl_games/Forge/2026-08-16_21-49-29/nn/Forge.pth,0,nominal,1000,False,timeout,149,198.3697967529297,0.005320236086845398,19.095895767211914,7.71476936340332,0.30000001192092896,0.0006479034200310707,1.2153595685958862,0.02275972068309784,0.75,0.75,0.023412443697452545,-0.6498783230781555
2026-08-16_21-49-29,/home/as22cq/Projects/Policy-RL-Peg_insertion/force_peg_rl/logs/rl_games/Forge/2026-08-16_21-49-29/nn/Forge.pth,0,nominal,1000,False,timeout,149,29.761857986450195,0.09777882695198059,4.870683193206787,0.45199108123779297,0.0,0.015354188159108162,0.31525638699531555,0.01545441523194313,0.75,0.75,0.019387586042284966,-0.5489272475242615
2026-08-16_21-49-29,/home/as22cq/Projects/Policy-RL-Peg_insertion/force_peg_rl/logs/rl_games/Forge/2026-08-16_21-49-29/nn/Forge.pth,0,nominal,1000,False,timeout,149,262.5118713378906,0.005520131438970566,14.47050666809082,2.711637020111084,0.01666666753590107,0.0005403817631304264,1.7230321168899536,0.015694985166192055,0.75,0.75,0.016368405893445015,0.5531549453735352
2026-08-16_21-49-29,/home/as22cq/Projects/Policy-RL-Peg_insertion/force_peg_rl/logs/rl_games/Forge/2026-08-16_21-49-29/nn/Forge.pth,0,nominal,1000,False,timeout,149,166.80801391601562,0.0012619048357009888,12.196045875549316,6.2371907234191895,0.5250000357627869,0.0006617690669372678,1.5110276937484741,0.016468822956085205,0.75,0.75,0.016171017661690712,0.044991713017225266
2026-08-16_21-49-29,/home/as22cq/Projects/Policy-RL-Peg_insertion/force_peg_rl/logs/rl_games/Forge/2026-08-16_21-49-29/nn/Forge.pth,0,nominal,1000,False,timeout,149,34.249603271484375,0.01966984197497368,7.114903926849365,0.8862146735191345,0.05000000447034836,0.04883289709687233,1.5449553728103638,0.019007405266165733,0.75,0.75,0.016064055263996124,0.47414377331733704
2026-08-16_21-49-29,/home/as22cq/Projects/Policy-RL-Peg_insertion/force_peg_rl/logs/rl_games/Forge/2026-08-16_21-49-29/nn/Forge.pth,0,nominal,1000,False,timeout,149,26.12376594543457,0.06877414882183075,0.5240746140480042,0.08629944920539856,0.0,0.07228365540504456,0.8505753874778748,0.018118543550372124,0.75,0.75,0.01802942156791687,0.7498461008071899
2026-08-16_21-49-29,/home/as22cq/Projects/Policy-RL-Peg_insertion/force_peg_rl/logs/rl_games/Forge/2026-08-16_21-49-29/nn/Forge.pth,0,nominal,1000,False,timeout,149,30.147531509399414,0.10097023099660873,7.997852325439453,1.4673789739608765,0.008333333767950535,0.0252168457955122,0.3395858407020569,0.01966632716357708,0.75,0.75,0.007557578384876251,-0.09815933555364609
2026-08-16_21-49-29,/home/as22cq/Projects/Policy-RL-Peg_insertion/force_peg_rl/logs/rl_games/Forge/2026-08-16_21-49-29/nn/Forge.pth,0,nominal,1000,False,timeout,149,31.221107482910156,0.05352596193552017,2.213812828063965,0.16415861248970032,0.0,0.011842540465295315,0.5983411073684692,0.023308061063289642,0.75,0.75,0.012412076815962791,-0.5530489087104797
2026-08-16_21-49-29,/home/as22cq/Projects/Policy-RL-Peg_insertion/force_peg_rl/logs/rl_games/Forge/2026-08-16_21-49-29/nn/Forge.pth,0,nominal,1000,False,timeout,149,29.952001571655273,0.049735177308321,0.28254327178001404,0.05472986400127411,0.0,0.019230909645557404,0.5395753979682922,0.0215561892837286,0.75,0.75,0.01169957872480154,0.7156596779823303
2026-08-16_21-49-29,/home/as22cq/Projects/Policy-RL-Peg_insertion/force_peg_rl/logs/rl_games/Forge/2026-08-16_21-49-29/nn/Forge.pth,0,nominal,1000,False,timeout,149,28.31302833557129,0.08817195892333984,0.48882046341896057,0.07978902012109756,0.0,0.016262607648968697,0.3557816743850708,0.020947342738509178,0.75,0.75,0.014580048620700836,-0.5432584285736084
2026-08-16_21-49-29,/home/as22cq/Projects/Policy-RL-Peg_insertion/force_peg_rl/logs/rl_games/Forge/2026-08-16_21-49-29/nn/Forge.pth,0,nominal,1000,False,timeout,149,25.144412994384766,0.22350053489208221,1.7978779077529907,0.08715976774692535,0.0,0.05877087265253067,0.5259184837341309,0.01947927102446556,0.75,0.75,0.020112982019782066,-0.3255522549152374
2026-08-16_21-49-29,/home/as22cq/Projects/Policy-RL-Peg_insertion/force_peg_rl/logs/rl_games/Forge/2026-08-16_21-49-29/nn/Forge.pth,0,nominal,1000,False,timeout,149,30.608652114868164,0.08983001112937927,8.354130744934082,0.5656580924987793,0.008333333767950535,0.021125497296452522,0.4906364381313324,0.023776449263095856,0.75,0.75,0.008903895504772663,-0.46175509691238403
2026-08-16_21-49-29,/home/as22cq/Projects/Policy-RL-Peg_insertion/force_peg_rl/logs/rl_games/Forge/2026-08-16_21-49-29/nn/Forge.pth,0,nominal,1000,False,timeout,149,32.105674743652344,0.01854214444756508,3.2745563983917236,0.48807111382484436,0.0,0.03477147966623306,1.0315674543380737,0.020117316395044327,0.75,0.75,0.010707366280257702,-0.48739689588546753
2026-08-16_21-49-29,/home/as22cq/Projects/Policy-RL-Peg_insertion/force_peg_rl/logs/rl_games/Forge/2026-08-16_21-49-29/nn/Forge.pth,0,nominal,1000,False,timeout,149,28.710010528564453,0.05558924004435539,0.46919843554496765,0.10527832061052322,0.0,0.029091913253068924,0.7080018520355225,0.020863723009824753,0.75,0.75,0.021311189979314804,0.07904361933469772
2026-08-16_21-49-29,/home/as22cq/Projects/Policy-RL-Peg_insertion/force_peg_rl/logs/rl_games/Forge/2026-08-16_21-49-29/nn/Forge.pth,0,nominal,1000,False,timeout,149,23.588491439819336,0.21593739092350006,0.7102882266044617,0.07997141033411026,0.0,0.05989934504032135,0.5033468008041382,0.018675675615668297,0.75,0.75,0.013937028124928474,-0.2979695796966553
2026-08-16_21-49-29,/home/as22cq/Projects/Policy-RL-Peg_insertion/force_peg_rl/logs/rl_games/Forge/2026-08-16_21-49-29/nn/Forge.pth,0,nominal,1000,False,timeout,149,27.61733055114746,0.1596372425556183,0.5634984374046326,0.06854206323623657,0.0,0.04704897850751877,0.4117434024810791,0.01725655607879162,0.75,0.75,0.020735424011945724,-0.5086582899093628
2026-08-16_21-49-29,/home/as22cq/Projects/Policy-RL-Peg_insertion/force_peg_rl/logs/rl_games/Forge/2026-08-16_21-49-29/nn/Forge.pth,0,nominal,1000,False,timeout,149,27.902568817138672,0.10875920206308365,4.620500564575195,0.14841791987419128,0.0,0.0330362468957901,0.3475007712841034,0.017080988734960556,0.75,0.75,0.02362671308219433,-0.36425384879112244
2026-08-16_21-49-29,/home/as22cq/Projects/Policy-RL-Peg_insertion/force_peg_rl/logs/rl_games/Forge/2026-08-16_21-49-29/nn/Forge.pth,0,nominal,1000,False,timeout,149,31.92434310913086,0.06057559326291084,3.4118919372558594,0.32632631063461304,0.0,0.03172672912478447,0.752210795879364,0.01959938555955887,0.75,0.75,0.008725802414119244,-0.20728302001953125
2026-08-16_21-49-29,/home/as22cq/Projects/Policy-RL-Peg_insertion/force_peg_rl/logs/rl_games/Forge/2026-08-16_21-49-29/nn/Forge.pth,0,nominal,1000,False,timeout,149,28.813987731933594,0.08352185785770416,2.264728546142578,0.10803088545799255,0.0,0.0071361432783305645,0.4689962565898895,0.01676381379365921,0.75,0.75,0.02318117953836918,-0.26434141397476196
2026-08-16_21-49-29,/home/as22cq/Projects/Policy-RL-Peg_insertion/force_peg_rl/logs/rl_games/Forge/2026-08-16_21-49-29/nn/Forge.pth,0,nominal,1000,False,timeout,149,30.69424819946289,0.047575272619724274,1.107995629310608,0.06227860599756241,0.0,0.026431797072291374,0.6753184199333191,0.018617698922753334,0.75,0.75,0.010049527511000633,-0.43480250239372253
2026-08-16_21-49-29,/home/as22cq/Projects/Policy-RL-Peg_insertion/force_peg_rl/logs/rl_games/Forge/2026-08-16_21-49-29/nn/Forge.pth,0,nominal,1000,False,timeout,149,28.994937896728516,0.06769813597202301,0.39131441712379456,0.058859359472990036,0.0,0.018623828887939453,0.6720505356788635,0.023897871375083923,0.75,0.75,0.018173715099692345,0.13729806244373322
2026-08-16_21-49-29,/home/as22cq/Projects/Policy-RL-Peg_insertion/force_peg_rl/logs/rl_games/Forge/2026-08-16_21-49-29/nn/Forge.pth,0,nominal,1000,False,timeout,149,26.79039764404297,0.08116649091243744,0.6720804572105408,0.06462697684764862,0.0,0.021626519039273262,0.2641434967517853,0.021812450140714645,0.75,0.75,0.005449702497571707,-0.4867987334728241
2026-08-16_21-49-29,/home/as22cq/Projects/Policy-RL-Peg_insertion/force_peg_rl/logs/rl_games/Forge/2026-08-16_21-49-29/nn/Forge.pth,0,nominal,1000,False,timeout,149,166.2228240966797,0.015476930886507034,15.963035583496094,7.3094377517700195,0.5666667222976685,0.0005867750733159482,1.626255750656128,0.02134937047958374,0.75,0.75,0.020930200815200806,0.7350996732711792
2026-08-16_21-49-29,/home/as22cq/Projects/Policy-RL-Peg_insertion/force_peg_rl/logs/rl_games/Forge/2026-08-16_21-49-29/nn/Forge.pth,0,nominal,1000,True,success,149,233.63815307617188,0.00014943256974220276,11.680749893188477,5.820368766784668,0.3583333492279053,0.0005570327630266547,0.3183620870113373,0.021089788526296616,0.75,0.75,0.012755047529935837,-0.14591597020626068
2026-08-16_21-49-29,/home/as22cq/Projects/Policy-RL-Peg_insertion/force_peg_rl/logs/rl_games/Forge/2026-08-16_21-49-29/nn/Forge.pth,0,nominal,1000,False,timeout,149,25.83222770690918,0.19508536159992218,0.4431593418121338,0.07806379348039627,0.0,0.05254761502146721,0.44605010747909546,0.018257219344377518,0.75,0.75,0.01698097214102745,-0.5630594491958618
2026-08-16_21-49-29,/home/as22cq/Projects/Policy-RL-Peg_insertion/force_peg_rl/logs/rl_games/Forge/2026-08-16_21-49-29/nn/Forge.pth,0,nominal,1000,False,timeout,149,29.654787063598633,0.07101409137248993,3.124776840209961,0.5853561758995056,0.0,0.030108965933322906,0.5344752073287964,0.02389443665742874,0.75,0.75,0.008508238010108471,-0.09283413738012314
2026-08-16_21-49-29,/home/as22cq/Projects/Policy-RL-Peg_insertion/force_peg_rl/logs/rl_games/Forge/2026-08-16_21-49-29/nn/Forge.pth,0,nominal,1000,False,timeout,149,31.518543243408203,0.05745495855808258,3.177502155303955,0.29899534583091736,0.0,0.014956055209040642,0.6315765976905823,0.01434275507926941,0.75,0.75,0.018330039456486702,-0.004009596072137356
2026-08-16_21-49-29,/home/as22cq/Projects/Policy-RL-Peg_insertion/force_peg_rl/logs/rl_games/Forge/2026-08-16_21-49-29/nn/Forge.pth,0,nominal,1000,False,timeout,149,33.68318557739258,0.009661190211772919,0.36484113335609436,0.07070858031511307,0.0,0.03940020501613617,1.6501091718673706,0.01877862587571144,0.75,0.75,0.02176535129547119,0.15468282997608185
2026-08-16_21-49-29,/home/as22cq/Projects/Policy-RL-Peg_insertion/force_peg_rl/logs/rl_games/Forge/2026-08-16_21-49-29/nn/Forge.pth,0,nominal,1000,False,timeout,149,27.523290634155273,0.04325863718986511,0.33949434757232666,0.05077393725514412,0.0,0.07215742021799088,1.1737513542175293,0.021160157397389412,0.75,0.75,0.02139127627015114,0.6004807949066162
2026-08-16_21-49-29,/home/as22cq/Projects/Policy-RL-Peg_insertion/force_peg_rl/logs/rl_games/Forge/2026-08-16_21-49-29/nn/Forge.pth,0,nominal,1000,False,timeout,149,-3.413330554962158,0.06870337575674057,16.38724136352539,1.8931519985198975,0.1666666716337204,0.09826239943504333,1.961902141571045,0.023499952629208565,0.75,0.75,0.01928936131298542,0.7430297136306763
2026-08-16_21-49-29,/home/as22cq/Projects/Policy-RL-Peg_insertion/force_peg_rl/logs/rl_games/Forge/2026-08-16_21-49-29/nn/Forge.pth,0,nominal,1000,False,timeout,149,29.58378028869629,0.013849861919879913,14.634700775146484,1.1362707614898682,0.0833333358168602,0.03751878812909126,1.1799297332763672,0.02208162099123001,0.75,0.75,0.017008619382977486,-0.35491257905960083
2026-08-16_21-49-29,/home/as22cq/Projects/Policy-RL-Peg_insertion/force_peg_rl/logs/rl_games/Forge/2026-08-16_21-49-29/nn/Forge.pth,0,nominal,1000,False,timeout,149,29.780630111694336,0.011730305850505829,3.0712647438049316,0.13417959213256836,0.0,0.02049841731786728,0.7680457234382629,0.019956247881054878,0.75,0.75,0.01755394972860813,0.13986514508724213
2026-08-16_21-49-29,/home/as22cq/Projects/Policy-RL-Peg_insertion/force_peg_rl/logs/rl_games/Forge/2026-08-16_21-49-29/nn/Forge.pth,0,nominal,1000,False,timeout,149,32.228336334228516,0.1334700882434845,7.155276775360107,1.8155012130737305,0.0,0.02823498472571373,0.4922802448272705,0.016296397894620895,0.75,0.75,0.018527429550886154,0.7244347929954529
2026-08-16_21-49-29,/home/as22cq/Projects/Policy-RL-Peg_insertion/force_peg_rl/logs/rl_games/Forge/2026-08-16_21-49-29/nn/Forge.pth,0,nominal,1000,False,timeout,149,34.530513763427734,0.02823663130402565,0.28385311365127563,0.07307654619216919,0.0,0.02812536619603634,0.7790491580963135,0.016626736149191856,0.75,0.75,0.01710171066224575,0.7117137908935547
2026-08-16_21-49-29,/home/as22cq/Projects/Policy-RL-Peg_insertion/force_peg_rl/logs/rl_games/Forge/2026-08-16_21-49-29/nn/Forge.pth,0,nominal,1000,False,timeout,149,27.993118286132812,0.05080585554242134,3.3504180908203125,0.4904633164405823,0.0,0.02362513355910778,1.0148731470108032,0.020225219428539276,0.75,0.75,0.016017749905586243,0.0034809454809874296
2026-08-16_21-49-29,/home/as22cq/Projects/Policy-RL-Peg_insertion/force_peg_rl/logs/rl_games/Forge/2026-08-16_21-49-29/nn/Forge.pth,0,nominal,1000,False,timeout,149,30.0189266204834,0.05881944298744202,3.6940815448760986,0.16568247973918915,0.0,0.03362352401018143,0.6149702668190002,0.015488960780203342,0.75,0.75,0.02502834051847458,-0.7038906216621399
2026-08-16_21-49-29,/home/as22cq/Projects/Policy-RL-Peg_insertion/force_peg_rl/logs/rl_games/Forge/2026-08-16_21-49-29/nn/Forge.pth,0,nominal,1000,False,timeout,149,26.45646858215332,0.12122666835784912,4.22575044631958,0.5395582914352417,0.0,0.03619369864463806,0.31960031390190125,0.022106576710939407,0.75,0.75,0.00516841746866703,-0.4852777123451233
2026-08-16_21-49-29,/home/as22cq/Projects/Policy-RL-Peg_insertion/force_peg_rl/logs/rl_games/Forge/2026-08-16_21-49-29/nn/Forge.pth,0,nominal,1000,True,success,149,383.06634521484375,0.0001270100474357605,11.916953086853027,4.6564154624938965,0.31666669249534607,0.0003650780417956412,0.38286226987838745,0.017006417736411095,0.75,0.75,0.013639906421303749,0.48150819540023804
2026-08-16_21-49-29,/home/as22cq/Projects/Policy-RL-Peg_insertion/force_peg_rl/logs/rl_games/Forge/2026-08-16_21-49-29/nn/Forge.pth,0,nominal,1000,False,timeout,149,42.175384521484375,0.011131078004837036,19.411754608154297,10.886493682861328,1.0666667222976685,0.0005747987888753414,1.5489152669906616,0.01710451766848564,0.75,0.75,0.013467268086969852,-0.3489978611469269
2026-08-16_21-49-29,/home/as22cq/Projects/Policy-RL-Peg_insertion/force_peg_rl/logs/rl_games/Forge/2026-08-16_21-49-29/nn/Forge.pth,0,nominal,1000,False,timeout,149,30.437467575073242,0.040960583835840225,0.3086804747581482,0.07510519027709961,0.0,0.0291728675365448,0.612733006477356,0.015928983688354492,0.75,0.75,0.02180388756096363,0.42929592728614807
2026-08-16_21-49-29,/home/as22cq/Projects/Policy-RL-Peg_insertion/force_peg_rl/logs/rl_games/Forge/2026-08-16_21-49-29/nn/Forge.pth,0,nominal,1000,False,timeout,149,27.463916778564453,0.0395827442407608,0.45453763008117676,0.09577394276857376,0.0,0.043079156428575516,0.8216375112533569,0.021516626700758934,0.75,0.75,0.02926960401237011,-0.5342552065849304
2026-08-16_21-49-29,/home/as22cq/Projects/Policy-RL-Peg_insertion/force_peg_rl/logs/rl_games/Forge/2026-08-16_21-49-29/nn/Forge.pth,0,nominal,1000,False,timeout,149,18.935243606567383,0.12481097877025604,11.86494255065918,1.752356767654419,0.20000001788139343,0.0462421290576458,0.0023084532003849745,0.023288067430257797,0.75,0.75,0.017657635733485222,-0.610683798789978
2026-08-16_21-49-29,/home/as22cq/Projects/Policy-RL-Peg_insertion/force_peg_rl/logs/rl_games/Forge/2026-08-16_21-49-29/nn/Forge.pth,0,nominal,1000,False,timeout,149,27.75717544555664,0.0507846437394619,6.016607284545898,0.5909678936004639,0.0,0.02816287986934185,0.5847420692443848,0.02208520472049713,0.75,0.75,0.0059074643068015575,-0.22996221482753754
2026-08-16_21-49-29,/home/as22cq/Projects/Policy-RL-Peg_insertion/force_peg_rl/logs/rl_games/Forge/2026-08-16_21-49-29/nn/Forge.pth,0,nominal,1000,False,timeout,149,27.444011688232422,0.050719767808914185,10.650093078613281,0.7743764519691467,0.05000000447034836,0.02042951062321663,0.2867776155471802,0.020177297294139862,0.75,0.75,0.01687154546380043,-0.5151067972183228
2026-08-16_21-49-29,/home/as22cq/Projects/Policy-RL-Peg_insertion/force_peg_rl/logs/rl_games/Forge/2026-08-16_21-49-29/nn/Forge.pth,0,nominal,1000,False,timeout,149,42.181129455566406,0.04678136110305786,5.683403491973877,0.7738397121429443,0.0,0.028954561799764633,0.7851972579956055,0.021927693858742714,0.75,0.75,0.012710227631032467,0.1696503609418869
2026-08-16_21-49-29,/home/as22cq/Projects/Policy-RL-Peg_insertion/force_peg_rl/logs/rl_games/Forge/2026-08-16_21-49-29/nn/Forge.pth,0,nominal,1000,False,timeout,149,35.6374397277832,0.03620554506778717,7.341739177703857,1.2110774517059326,0.06666667014360428,0.06896272301673889,2.2000272274017334,0.018010679632425308,0.75,0.75,0.017392847687005997,-0.19666120409965515
2026-08-16_21-49-29,/home/as22cq/Projects/Policy-RL-Peg_insertion/force_peg_rl/logs/rl_games/Forge/2026-08-16_21-49-29/nn/Forge.pth,0,nominal,1000,True,success,149,386.4705810546875,0.00012356042861938477,7.8467631340026855,4.468530654907227,0.0,0.0004101899976376444,0.26328161358833313,0.02326672337949276,0.75,0.75,0.001741071231663227,0.7786034941673279
2026-08-16_21-49-29,/home/as22cq/Projects/Policy-RL-Peg_insertion/force_peg_rl/logs/rl_games/Forge/2026-08-16_21-49-29/nn/Forge.pth,0,nominal,1000,False,timeout,149,29.487937927246094,0.09804139286279678,2.758089303970337,0.2541347146034241,0.0,0.027216490358114243,0.4037131071090698,0.015167709439992905,0.75,0.75,0.020970584824681282,-0.36637839674949646
2026-08-16_21-49-29,/home/as22cq/Projects/Policy-RL-Peg_insertion/force_peg_rl/logs/rl_games/Forge/2026-08-16_21-49-29/nn/Forge.pth,0,nominal,1000,False,timeout,149,29.577863693237305,0.025014247745275497,0.26892831921577454,0.062413331121206284,0.0,0.035324547439813614,1.8577533960342407,0.018633289262652397,0.75,0.75,0.01637198030948639,0.6513102650642395
2026-08-16_21-49-29,/home/as22cq/Projects/Policy-RL-Peg_insertion/force_peg_rl/logs/rl_games/Forge/2026-08-16_21-49-29/nn/Forge.pth,0,nominal,1000,False,timeout,149,37.46629333496094,0.03359223157167435,6.979697227478027,2.831742286682129,0.0,0.056070923805236816,1.2997329235076904,0.015388816595077515,0.75,0.75,0.003921461757272482,0.7233932614326477
2026-08-16_21-49-29,/home/as22cq/Projects/Policy-RL-Peg_insertion/force_peg_rl/logs/rl_games/Forge/2026-08-16_21-49-29/nn/Forge.pth,0,nominal,1000,False,timeout,149,30.0432186126709,0.08151811361312866,0.39020392298698425,0.09754272550344467,0.0,0.016178976744413376,0.28413325548171997,0.02274537831544876,0.75,0.75,0.009313339367508888,-0.08680328726768494
2026-08-16_21-49-29,/home/as22cq/Projects/Policy-RL-Peg_insertion/force_peg_rl/logs/rl_games/Forge/2026-08-16_21-49-29/nn/Forge.pth,0,nominal,1000,False,timeout,149,27.346555709838867,0.1401861160993576,1.5454076528549194,0.07806062698364258,0.0,0.04703795164823532,0.38611963391304016,0.015710577368736267,0.75,0.75,0.019425595179200172,-0.4838445484638214
2026-08-16_21-49-29,/home/as22cq/Projects/Policy-RL-Peg_insertion/force_peg_rl/logs/rl_games/Forge/2026-08-16_21-49-29/nn/Forge.pth,0,nominal,1000,False,timeout,149,32.68330001831055,0.0033657103776931763,1.0991487503051758,0.13656620681285858,0.0,0.04608400538563728,1.8829792737960815,0.02032092958688736,0.75,0.75,0.014182153157889843,0.6797966957092285
2026-08-16_21-49-29,/home/as22cq/Projects/Policy-RL-Peg_insertion/force_peg_rl/logs/rl_games/Forge/2026-08-16_21-49-29/nn/Forge.pth,0,nominal,1000,False,timeout,149,28.13599967956543,0.06905186921358109,5.713563442230225,0.5048630237579346,0.008333333767950535,0.032355234026908875,0.6706826686859131,0.014849083498120308,0.75,0.75,0.018205173313617706,0.5930506587028503
2026-08-16_21-49-29,/home/as22cq/Projects/Policy-RL-Peg_insertion/force_peg_rl/logs/rl_games/Forge/2026-08-16_21-49-29/nn/Forge.pth,0,nominal,1000,False,timeout,149,32.59950256347656,0.04189786687493324,0.1984102874994278,0.03337693214416504,0.0,0.05793680250644684,2.053607225418091,0.023617209866642952,0.75,0.75,0.01874152570962906,-0.013633453287184238
2026-08-16_21-49-29,/home/as22cq/Projects/Policy-RL-Peg_insertion/force_peg_rl/logs/rl_games/Forge/2026-08-16_21-49-29/nn/Forge.pth,0,nominal,1000,False,timeout,149,30.410293579101562,0.02843645215034485,0.5054579973220825,0.05645740404725075,0.0,0.04485226422548294,1.4724994897842407,0.02065153233706951,0.75,0.75,0.003248911816626787,-0.5557721853256226
2026-08-16_21-49-29,/home/as22cq/Projects/Policy-RL-Peg_insertion/force_peg_rl/logs/rl_games/Forge/2026-08-16_21-49-29/nn/Forge.pth,0,nominal,1000,False,timeout,149,35.474300384521484,0.016111359000205994,6.436169147491455,0.793120801448822,0.0,0.038669101893901825,1.155591368675232,0.014482613652944565,0.75,0.75,0.01868272013962269,0.7397307753562927
2026-08-16_21-49-29,/home/as22cq/Projects/Policy-RL-Peg_insertion/force_peg_rl/logs/rl_games/Forge/2026-08-16_21-49-29/nn/Forge.pth,0,nominal,1000,False,timeout,149,35.396446228027344,0.20156718790531158,4.2895073890686035,0.333862841129303,0.0,0.05426675081253052,0.4043976664543152,0.021722277626395226,0.75,0.75,0.01722043566405773,0.167257159948349
2026-08-16_21-49-29,/home/as22cq/Projects/Policy-RL-Peg_insertion/force_peg_rl/logs/rl_games/Forge/2026-08-16_21-49-29/nn/Forge.pth,0,nominal,1000,False,timeout,149,22.641698837280273,0.07373134791851044,19.09041976928711,1.5476263761520386,0.09166666865348816,0.043505601584911346,0.2319919615983963,0.020640037953853607,0.75,0.75,0.018936237320303917,0.622723400592804
2026-08-16_21-49-29,/home/as22cq/Projects/Policy-RL-Peg_insertion/force_peg_rl/logs/rl_games/Forge/2026-08-16_21-49-29/nn/Forge.pth,0,nominal,1000,False,timeout,149,32.33420944213867,0.05792774632573128,10.799659729003906,1.5435293912887573,0.008333333767950535,0.022294748574495316,0.8276723623275757,0.022477203980088234,0.75,0.75,0.01925382763147354,-0.3056117296218872
2026-08-16_21-49-29,/home/as22cq/Projects/Policy-RL-Peg_insertion/force_peg_rl/logs/rl_games/Forge/2026-08-16_21-49-29/nn/Forge.pth,0,nominal,1000,False,timeout,149,29.71764373779297,0.05953821539878845,12.603972434997559,1.080717921257019,0.03333333507180214,0.02328616753220558,0.43765974044799805,0.021109554916620255,0.75,0.75,0.007974867708981037,-0.7287020683288574
2026-08-16_21-49-29,/home/as22cq/Projects/Policy-RL-Peg_insertion/force_peg_rl/logs/rl_games/Forge/2026-08-16_21-49-29/nn/Forge.pth,0,nominal,1000,False,timeout,149,28.313249588012695,0.10120095312595367,0.921905517578125,0.11179418116807938,0.0,0.016042612493038177,0.29377228021621704,0.019211361184716225,0.75,0.75,0.01427096500992775,-0.4781971275806427
2026-08-16_21-49-29,/home/as22cq/Projects/Policy-RL-Peg_insertion/force_peg_rl/logs/rl_games/Forge/2026-08-16_21-49-29/nn/Forge.pth,0,nominal,1000,False,timeout,149,27.998823165893555,0.02437647432088852,0.25379478931427,0.04080050066113472,0.0,0.04835384711623192,1.736311435699463,0.021362097933888435,0.75,0.75,0.021569402888417244,0.3381204903125763
2026-08-16_21-49-29,/home/as22cq/Projects/Policy-RL-Peg_insertion/force_peg_rl/logs/rl_games/Forge/2026-08-16_21-49-29/nn/Forge.pth,0,nominal,1000,False,timeout,149,26.811649322509766,0.08856363594532013,18.58954429626465,2.4630286693573,0.125,0.026272650808095932,0.4890337288379669,0.015144276432693005,0.75,0.75,0.014680529944598675,-0.5940676927566528
2026-08-16_21-49-29,/home/as22cq/Projects/Policy-RL-Peg_insertion/force_peg_rl/logs/rl_games/Forge/2026-08-16_21-49-29/nn/Forge.pth,0,nominal,1000,False,timeout,149,26.13758659362793,0.04315629228949547,12.658028602600098,1.959246277809143,0.10833334177732468,0.034119583666324615,0.8086861371994019,0.01819933019578457,0.75,0.75,0.016953997313976288,-0.6358877420425415
2026-08-16_21-49-29,/home/as22cq/Projects/Policy-RL-Peg_insertion/force_peg_rl/logs/rl_games/Forge/2026-08-16_21-49-29/nn/Forge.pth,0,nominal,1000,False,timeout,149,30.27001953125,0.02385110780596733,0.40313729643821716,0.06400596350431442,0.0,0.04824526980519295,1.832444190979004,0.01859634928405285,0.75,0.75,0.014810780063271523,0.5278699398040771
2026-08-16_21-49-29,/home/as22cq/Projects/Policy-RL-Peg_insertion/force_peg_rl/logs/rl_games/Forge/2026-08-16_21-49-29/nn/Forge.pth,0,nominal,1000,False,timeout,149,33.048431396484375,0.05316416546702385,7.4566850662231445,0.9226034283638,0.0,0.02106647565960884,0.4708923399448395,0.022616706788539886,0.75,0.75,0.023331528529524803,-0.09209977090358734
2026-08-16_21-49-29,/home/as22cq/Projects/Policy-RL-Peg_insertion/force_peg_rl/logs/rl_games/Forge/2026-08-16_21-49-29/nn/Forge.pth,0,nominal,1000,False,timeout,149,25.99941062927246,0.025239836424589157,14.264734268188477,3.7012317180633545,0.20000001788139343,0.02223847433924675,0.9909751415252686,0.01667643152177334,0.75,0.75,0.008398529142141342,0.22906965017318726
2026-08-16_21-49-29,/home/as22cq/Projects/Policy-RL-Peg_insertion/force_peg_rl/logs/rl_games/Forge/2026-08-16_21-49-29/nn/Forge.pth,0,nominal,1000,False,timeout,149,27.957698822021484,0.11302439868450165,3.580576181411743,0.4046918749809265,0.0,0.02732355333864689,0.3577929735183716,0.020499691367149353,0.75,0.75,0.0212562158703804,-0.5556243062019348
2026-08-16_21-49-29,/home/as22cq/Projects/Policy-RL-Peg_insertion/force_peg_rl/logs/rl_games/Forge/2026-08-16_21-49-29/nn/Forge.pth,0,nominal,1000,False,timeout,149,27.074064254760742,0.05828394740819931,1.0854190587997437,0.09943646192550659,0.0,0.022131942212581635,0.5227658748626709,0.015302445739507675,0.75,0.75,0.0177607461810112,-0.1236727386713028
2026-08-16_21-49-29,/home/as22cq/Projects/Policy-RL-Peg_insertion/force_peg_rl/logs/rl_games/Forge/2026-08-16_21-49-29/nn/Forge.pth,0,nominal,1000,False,timeout,149,30.728689193725586,0.027621068060398102,0.6351824998855591,0.07224108278751373,0.0,0.03713064640760422,0.8491093516349792,0.017816666513681412,0.75,0.75,0.0242341086268425,0.5805005431175232
2026-08-16_21-49-29,/home/as22cq/Projects/Policy-RL-Peg_insertion/force_peg_rl/logs/rl_games/Forge/2026-08-16_21-49-29/nn/Forge.pth,0,nominal,1000,False,timeout,149,27.662288665771484,0.06856580823659897,6.005990505218506,0.6219538450241089,0.06666667014360428,0.030126390978693962,0.7613710761070251,0.02044020965695381,0.75,0.75,0.00980942789465189,-0.3797054588794708
2026-08-16_21-49-29,/home/as22cq/Projects/Policy-RL-Peg_insertion/force_peg_rl/logs/rl_games/Forge/2026-08-16_21-49-29/nn/Forge.pth,0,nominal,1000,False,timeout,149,29.10976219177246,0.06126146391034126,0.2594080865383148,0.05217137187719345,0.0,0.02039770968258381,0.8488960862159729,0.020616140216588974,0.75,0.75,0.011491778306663036,0.2706261873245239
2026-08-16_21-49-29,/home/as22cq/Projects/Policy-RL-Peg_insertion/force_peg_rl/logs/rl_games/Forge/2026-08-16_21-49-29/nn/Forge.pth,0,nominal,1000,False,timeout,149,30.571975708007812,0.02831939607858658,0.2637721002101898,0.04809287562966347,0.0,0.028577612712979317,0.9696957468986511,0.01883445493876934,0.75,0.75,0.01786666177213192,0.03476588800549507
2026-08-16_21-49-29,/home/as22cq/Projects/Policy-RL-Peg_insertion/force_peg_rl/logs/rl_games/Forge/2026-08-16_21-49-29/nn/Forge.pth,0,nominal,1000,False,timeout,149,28.429771423339844,0.0748499259352684,6.435242176055908,0.632926881313324,0.0,0.021809086203575134,0.5484467148780823,0.015616628341376781,0.75,0.75,0.019473176449537277,-0.489355206489563
2026-08-16_21-49-29,/home/as22cq/Projects/Policy-RL-Peg_insertion/force_peg_rl/logs/rl_games/Forge/2026-08-16_21-49-29/nn/Forge.pth,0,nominal,1000,False,timeout,149,30.965993881225586,0.03402271121740341,0.330501526594162,0.05040943622589111,0.0,0.038669340312480927,0.9541996717453003,0.018137915059924126,0.75,0.75,0.01773584820330143,-0.3590361177921295
2026-08-16_21-49-29,/home/as22cq/Projects/Policy-RL-Peg_insertion/force_peg_rl/logs/rl_games/Forge/2026-08-16_21-49-29/nn/Forge.pth,0,nominal,1000,False,timeout,149,31.6707763671875,0.035670727491378784,0.5529213547706604,0.16342145204544067,0.0,0.034567758440971375,0.5086888670921326,0.016296008601784706,0.75,0.75,0.00981671642512083,0.0072858016937971115
2026-08-16_21-49-29,/home/as22cq/Projects/Policy-RL-Peg_insertion/force_peg_rl/logs/rl_games/Forge/2026-08-16_21-49-29/nn/Forge.pth,0,nominal,1000,False,timeout,149,32.31719970703125,0.02588939294219017,0.348732590675354,0.060677606612443924,0.0,0.027837999165058136,0.49102094769477844,0.021955592557787895,0.75,0.75,0.016554847359657288,0.16270841658115387
2026-08-16_21-49-29,/home/as22cq/Projects/Policy-RL-Peg_insertion/force_peg_rl/logs/rl_games/Forge/2026-08-16_21-49-29/nn/Forge.pth,0,nominal,1000,False,timeout,149,33.67030334472656,0.022510863840579987,0.2529389262199402,0.034804243594408035,0.0,0.04646602272987366,1.287731647491455,0.017398741096258163,0.75,0.75,0.018239866942167282,0.24430878460407257
2026-08-16_21-49-29,/home/as22cq/Projects/Policy-RL-Peg_insertion/force_peg_rl/logs/rl_games/Forge/2026-08-16_21-49-29/nn/Forge.pth,0,nominal,1000,False,timeout,149,27.880428314208984,0.04411831870675087,1.75664222240448,0.20394091308116913,0.0,0.05662110075354576,0.8274880647659302,0.021526005119085312,0.75,0.75,0.027910269796848297,0.2353343665599823
2026-08-16_21-49-29,/home/as22cq/Projects/Policy-RL-Peg_insertion/force_peg_rl/logs/rl_games/Forge/2026-08-16_21-49-29/nn/Forge.pth,0,nominal,1000,False,timeout,149,26.605127334594727,0.12037049978971481,0.6027992367744446,0.055649884045124054,0.0,0.02414780482649803,0.2514435350894928,0.02153584733605385,0.75,0.75,0.012768102809786797,-0.694214403629303
2026-08-16_21-49-29,/home/as22cq/Projects/Policy-RL-Peg_insertion/force_peg_rl/logs/rl_games/Forge/2026-08-16_21-49-29/nn/Forge.pth,0,nominal,1000,False,timeout,149,26.89150619506836,0.15251433849334717,2.235985517501831,0.25420352816581726,0.0,0.042875517159700394,0.5723437070846558,0.020107990130782127,0.75,0.75,0.012012415565550327,-0.019184185191988945
2026-08-16_21-49-29,/home/as22cq/Projects/Policy-RL-Peg_insertion/force_peg_rl/logs/rl_games/Forge/2026-08-16_21-49-29/nn/Forge.pth,0,nominal,1000,False,timeout,149,26.511690139770508,0.06016087532043457,0.3707359731197357,0.06742092967033386,0.0,0.017272531986236572,0.4209611415863037,0.016518810763955116,0.75,0.75,0.01345665194094181,0.7783546447753906
2026-08-16_21-49-29,/home/as22cq/Projects/Policy-RL-Peg_insertion/force_peg_rl/logs/rl_games/Forge/2026-08-16_21-49-29/nn/Forge.pth,0,nominal,1000,False,timeout,149,30.711671829223633,0.0235561802983284,0.44450244307518005,0.1384999006986618,0.0,0.023228628560900688,0.6009419560432434,0.014285440556704998,0.75,0.75,0.013705601915717125,-0.0644080862402916
2026-08-16_21-49-29,/home/as22cq/Projects/Policy-RL-Peg_insertion/force_peg_rl/logs/rl_games/Forge/2026-08-16_21-49-29/nn/Forge.pth,0,nominal,1000,False,timeout,149,28.212270736694336,0.06945370137691498,0.31070229411125183,0.06765393912792206,0.0,0.001398126594722271,0.5138040781021118,0.018195345997810364,0.75,0.75,0.003924273420125246,-0.42383623123168945
2026-08-16_21-49-29,/home/as22cq/Projects/Policy-RL-Peg_insertion/force_peg_rl/logs/rl_games/Forge/2026-08-16_21-49-29/nn/Forge.pth,0,nominal,1000,False,timeout,149,27.35296058654785,0.09699706733226776,0.7157374620437622,0.10973377525806427,0.0,0.017680007964372635,0.7627180218696594,0.016275029629468918,0.75,0.75,0.019192099571228027,-0.19189885258674622
2026-08-16_21-49-29,/home/as22cq/Projects/Policy-RL-Peg_insertion/force_peg_rl/logs/rl_games/Forge/2026-08-16_21-49-29/nn/Forge.pth,0,nominal,1000,False,timeout,149,38.14034652709961,0.0028120428323745728,5.24844217300415,0.6283941864967346,0.0,0.03548349812626839,1.5236575603485107,0.020610002800822258,0.75,0.75,0.019328998401761055,0.42787811160087585
2026-08-16_21-49-29,/home/as22cq/Projects/Policy-RL-Peg_insertion/force_peg_rl/logs/rl_games/Forge/2026-08-16_21-49-29/nn/Forge.pth,0,nominal,1000,False,timeout,149,59.09168243408203,0.030091464519500732,9.800668716430664,1.9794225692749023,0.008333333767950535,0.028835617005825043,0.8520928621292114,0.014068891294300556,0.75,0.75,0.003883833298459649,-0.20936408638954163
2026-08-16_21-49-29,/home/as22cq/Projects/Policy-RL-Peg_insertion/force_peg_rl/logs/rl_games/Forge/2026-08-16_21-49-29/nn/Forge.pth,0,nominal,1000,False,timeout,149,27.65815544128418,0.11974438279867172,7.990622520446777,1.2429379224777222,0.0,0.05867455154657364,0.5649316310882568,0.01923026330769062,0.75,0.75,0.019818510860204697,0.6229040026664734
2026-08-16_21-49-29,/home/as22cq/Projects/Policy-RL-Peg_insertion/force_peg_rl/logs/rl_games/Forge/2026-08-16_21-49-29/nn/Forge.pth,0,nominal,1000,False,timeout,149,31.269662857055664,0.0314779207110405,0.40197300910949707,0.13488146662712097,0.0,0.02294202893972397,0.8639766573905945,0.01865246519446373,0.75,0.75,0.00997968576848507,-0.0895037055015564
2026-08-16_21-49-29,/home/as22cq/Projects/Policy-RL-Peg_insertion/force_peg_rl/logs/rl_games/Forge/2026-08-16_21-49-29/nn/Forge.pth,0,nominal,1000,False,timeout,149,32.36961364746094,0.021378081291913986,1.7003021240234375,0.1649588644504547,0.0,0.025695985183119774,0.8631615042686462,0.014611597172915936,0.75,0.75,0.012011678889393806,0.06948459893465042
2026-08-16_21-49-29,/home/as22cq/Projects/Policy-RL-Peg_insertion/force_peg_rl/logs/rl_games/Forge/2026-08-16_21-49-29/nn/Forge.pth,0,nominal,1000,False,timeout,149,27.023893356323242,0.08635073900222778,0.37693458795547485,0.07012049108743668,0.0,0.021709784865379333,0.750730037689209,0.02036285027861595,0.75,0.75,0.013305995613336563,-0.225971981883049
2026-08-16_21-49-29,/home/as22cq/Projects/Policy-RL-Peg_insertion/force_peg_rl/logs/rl_games/Forge/2026-08-16_21-49-29/nn/Forge.pth,0,nominal,1000,False,timeout,149,31.754528045654297,0.016311809420585632,0.3695286810398102,0.05176151916384697,0.0,0.05297840014100075,1.6315019130706787,0.023796245455741882,0.75,0.75,0.012964023277163506,0.7164013385772705
2026-08-16_21-49-29,/home/as22cq/Projects/Policy-RL-Peg_insertion/force_peg_rl/logs/rl_games/Forge/2026-08-16_21-49-29/nn/Forge.pth,0,nominal,1000,False,timeout,149,31.222524642944336,0.02811408042907715,0.36507853865623474,0.05663241446018219,0.0,0.03820702061057091,1.6468424797058105,0.01916254125535488,0.75,0.75,0.016366122290492058,0.5800651907920837
2026-08-16_21-49-29,/home/as22cq/Projects/Policy-RL-Peg_insertion/force_peg_rl/logs/rl_games/Forge/2026-08-16_21-49-29/nn/Forge.pth,0,nominal,1000,False,timeout,149,30.144182205200195,0.008351709693670273,0.4449087977409363,0.07394442707300186,0.0,0.05172773450613022,1.5316455364227295,0.022074416279792786,0.75,0.75,0.007580036763101816,0.682048499584198
2026-08-16_21-49-29,/home/as22cq/Projects/Policy-RL-Peg_insertion/force_peg_rl/logs/rl_games/Forge/2026-08-16_21-49-29/nn/Forge.pth,0,nominal,1000,False,timeout,149,26.332576751708984,0.23309344053268433,0.6344265341758728,0.12562856078147888,0.0,0.05275007337331772,0.37651655077934265,0.01404297724366188,0.75,0.75,0.01664602942764759,-0.041900698095560074
2026-08-16_21-49-29,/home/as22cq/Projects/Policy-RL-Peg_insertion/force_peg_rl/logs/rl_games/Forge/2026-08-16_21-49-29/nn/Forge.pth,0,nominal,1000,False,timeout,149,31.742231369018555,0.02700936049222946,0.3303682804107666,0.02563248574733734,0.0,0.060449834913015366,1.654569387435913,0.023470990359783173,0.75,0.75,0.0054255262948572636,0.4116021990776062
2026-08-16_21-49-29,/home/as22cq/Projects/Policy-RL-Peg_insertion/force_peg_rl/logs/rl_games/Forge/2026-08-16_21-49-29/nn/Forge.pth,0,nominal,1000,False,timeout,149,28.384815216064453,0.0675237625837326,0.5336004495620728,0.1419568806886673,0.0,0.027181778103113174,0.7014514803886414,0.021821875125169754,0.75,0.75,0.02030687965452671,-0.16185137629508972
2026-08-16_21-49-29,/home/as22cq/Projects/Policy-RL-Peg_insertion/force_peg_rl/logs/rl_games/Forge/2026-08-16_21-49-29/nn/Forge.pth,0,nominal,1000,False,timeout,149,28.2609806060791,0.08704196661710739,3.22092604637146,0.22246438264846802,0.0,0.022259432822465897,0.29513096809387207,0.02154189720749855,0.75,0.75,0.019165348261594772,-0.45010051131248474
2026-08-16_21-49-29,/home/as22cq/Projects/Policy-RL-Peg_insertion/force_peg_rl/logs/rl_games/Forge/2026-08-16_21-49-29/nn/Forge.pth,0,nominal,1000,False,timeout,149,27.91938018798828,0.024052869528532028,0.33956602215766907,0.05908026546239853,0.0,0.06420483440160751,1.7940362691879272,0.02268923446536064,0.75,0.75,0.014607585035264492,0.7358390688896179
2026-08-16_21-49-29,/home/as22cq/Projects/Policy-RL-Peg_insertion/force_peg_rl/logs/rl_games/Forge/2026-08-16_21-49-29/nn/Forge.pth,0,nominal,1000,False,timeout,149,29.62972068786621,0.09046447277069092,5.616524696350098,0.3965036869049072,0.0,0.021113179624080658,0.531482458114624,0.01819918304681778,0.75,0.75,0.02385641820728779,-0.3538558781147003
2026-08-16_21-49-29,/home/as22cq/Projects/Policy-RL-Peg_insertion/force_peg_rl/logs/rl_games/Forge/2026-08-16_21-49-29/nn/Forge.pth,0,nominal,1000,False,timeout,149,149.353271484375,0.015669766813516617,18.190603256225586,5.497130393981934,0.5833333730697632,0.0012600839836522937,1.4603856801986694,0.02384127676486969,0.75,0.75,0.024223847314715385,-0.29439887404441833
2026-08-16_21-49-29,/home/as22cq/Projects/Policy-RL-Peg_insertion/force_peg_rl/logs/rl_games/Forge/2026-08-16_21-49-29/nn/Forge.pth,0,nominal,1000,False,timeout,149,39.19487762451172,0.006437540054321289,7.008660316467285,1.2649123668670654,0.05000000447034836,0.01939898170530796,1.1313382387161255,0.019521426409482956,0.75,0.75,0.018769212067127228,0.46091803908348083
2026-08-16_21-49-29,/home/as22cq/Projects/Policy-RL-Peg_insertion/force_peg_rl/logs/rl_games/Forge/2026-08-16_21-49-29/nn/Forge.pth,0,nominal,1000,False,timeout,149,32.60801315307617,0.023123279213905334,2.085728645324707,0.10927143692970276,0.0,0.05250611901283264,1.1113505363464355,0.017901703715324402,0.75,0.75,0.027143552899360657,-0.6785184144973755
2026-08-16_21-49-29,/home/as22cq/Projects/Policy-RL-Peg_insertion/force_peg_rl/logs/rl_games/Forge/2026-08-16_21-49-29/nn/Forge.pth,0,nominal,1000,False,timeout,149,26.200963973999023,0.037800028920173645,0.31865760684013367,0.04766777902841568,0.0,0.016612205654382706,0.5068885087966919,0.01844656653702259,0.75,0.75,0.011389503255486488,-0.7289931178092957
2026-08-16_21-49-29,/home/as22cq/Projects/Policy-RL-Peg_insertion/force_peg_rl/logs/rl_games/Forge/2026-08-16_21-49-29/nn/Forge.pth,0,nominal,1000,False,timeout,149,35.18755340576172,0.023252040147781372,1.4318753480911255,0.041424188762903214,0.0,0.039892688393592834,1.4526033401489258,0.01502446923404932,0.75,0.75,0.0017566080205142498,0.08035995811223984
2026-08-16_21-49-29,/home/as22cq/Projects/Policy-RL-Peg_insertion/force_peg_rl/logs/rl_games/Forge/2026-08-16_21-49-29/nn/Forge.pth,0,nominal,1000,False,timeout,149,27.372703552246094,0.05869476497173309,0.42633238434791565,0.04315996915102005,0.0,0.017658336088061333,0.6142417788505554,0.02272612228989601,0.75,0.75,0.02078428864479065,-0.405960351228714
2026-08-16_21-49-29,/home/as22cq/Projects/Policy-RL-Peg_insertion/force_peg_rl/logs/rl_games/Forge/2026-08-16_21-49-29/nn/Forge.pth,0,nominal,1000,False,timeout,149,29.640840530395508,0.015020027756690979,0.30040329694747925,0.06259896606206894,0.0,0.04736186936497688,1.1497621536254883,0.017671700567007065,0.75,0.75,0.017524374648928642,0.5174781084060669
2026-08-16_21-49-29,/home/as22cq/Projects/Policy-RL-Peg_insertion/force_peg_rl/logs/rl_games/Forge/2026-08-16_21-49-29/nn/Forge.pth,0,nominal,1001,False,timeout,149,162.63760375976562,0.005854015238583088,18.25113296508789,8.027852058410645,0.5166667103767395,0.0006206069956533611,1.2394253015518188,0.014582974836230278,0.75,0.75,0.010110991075634956,-0.07034808397293091
2026-08-16_21-49-29,/home/as22cq/Projects/Policy-RL-Peg_insertion/force_peg_rl/logs/rl_games/Forge/2026-08-16_21-49-29/nn/Forge.pth,0,nominal,1001,False,timeout,149,50.38367462158203,0.11920520663261414,31.121227264404297,12.495919227600098,1.0250000953674316,0.02711448445916176,0.8109637498855591,0.02033928595483303,0.75,0.75,0.022193633019924164,-0.4973938465118408
2026-08-16_21-49-29,/home/as22cq/Projects/Policy-RL-Peg_insertion/force_peg_rl/logs/rl_games/Forge/2026-08-16_21-49-29/nn/Forge.pth,0,nominal,1001,False,timeout,149,107.28365325927734,0.0952930897474289,18.379547119140625,5.6430511474609375,0.30000001192092896,0.14059512317180634,0.680046021938324,0.019945984706282616,0.75,0.75,0.01767636276781559,-0.5415600538253784
2026-08-16_21-49-29,/home/as22cq/Projects/Policy-RL-Peg_insertion/force_peg_rl/logs/rl_games/Forge/2026-08-16_21-49-29/nn/Forge.pth,0,nominal,1001,False,timeout,149,39.57670593261719,0.0110321044921875,11.330745697021484,1.6510956287384033,0.125,0.03773824870586395,1.4852291345596313,0.02142946794629097,0.75,0.75,0.00800418108701706,-0.14980211853981018
2026-08-16_21-49-29,/home/as22cq/Projects/Policy-RL-Peg_insertion/force_peg_rl/logs/rl_games/Forge/2026-08-16_21-49-29/nn/Forge.pth,0,nominal,1001,False,timeout,149,50.66352844238281,0.08850467205047607,9.32189655303955,1.5453180074691772,0.0,0.0206044502556324,0.42707642912864685,0.023519529029726982,0.75,0.75,0.01866862364113331,0.7537457346916199
2026-08-16_21-49-29,/home/as22cq/Projects/Policy-RL-Peg_insertion/force_peg_rl/logs/rl_games/Forge/2026-08-16_21-49-29/nn/Forge.pth,0,nominal,1001,True,success,149,351.024169921875,4.756078124046326e-05,11.420736312866211,5.494952201843262,0.008333333767950535,0.000402491248678416,0.2719995379447937,0.022065134719014168,0.75,0.75,0.002766946330666542,0.6146127581596375
2026-08-16_21-49-29,/home/as22cq/Projects/Policy-RL-Peg_insertion/force_peg_rl/logs/rl_games/Forge/2026-08-16_21-49-29/nn/Forge.pth,0,nominal,1001,False,timeout,149,26.363018035888672,0.03784520924091339,11.520715713500977,2.117250442504883,0.30000001192092896,0.04597661644220352,1.5372388362884521,0.016289368271827698,0.75,0.75,0.011815238744020462,0.593267023563385
2026-08-16_21-49-29,/home/as22cq/Projects/Policy-RL-Peg_insertion/force_peg_rl/logs/rl_games/Forge/2026-08-16_21-49-29/nn/Forge.pth,0,nominal,1001,False,timeout,149,30.38092041015625,0.09934207797050476,8.290000915527344,0.6283785700798035,0.008333333767950535,0.013054116629064083,0.26219063997268677,0.02117471769452095,0.75,0.75,0.021404411643743515,-0.29661664366722107
2026-08-16_21-49-29,/home/as22cq/Projects/Policy-RL-Peg_insertion/force_peg_rl/logs/rl_games/Forge/2026-08-16_21-49-29/nn/Forge.pth,0,nominal,1001,False,timeout,149,186.9701385498047,0.01651773601770401,21.641359329223633,6.695891857147217,0.45000001788139343,0.0006161070195958018,0.7135215997695923,0.020500419661402702,0.75,0.75,0.007271798327565193,0.1795370876789093
2026-08-16_21-49-29,/home/as22cq/Projects/Policy-RL-Peg_insertion/force_peg_rl/logs/rl_games/Forge/2026-08-16_21-49-29/nn/Forge.pth,0,nominal,1001,True,success,149,274.0219421386719,7.422268390655518e-05,16.154438018798828,7.268525123596191,0.5166667103767395,0.0003303173871245235,0.3435754179954529,0.014920365996658802,0.75,0.75,0.0033706058748066425,0.05625622719526291
2026-08-16_21-49-29,/home/as22cq/Projects/Policy-RL-Peg_insertion/force_peg_rl/logs/rl_games/Forge/2026-08-16_21-49-29/nn/Forge.pth,0,nominal,1001,True,success,149,270.9258728027344,0.0003142058849334717,14.830695152282715,3.4439685344696045,0.17500001192092896,0.000531488680280745,0.40460875630378723,0.023447120562195778,0.75,0.75,0.008436107076704502,-0.5396464467048645
2026-08-16_21-49-29,/home/as22cq/Projects/Policy-RL-Peg_insertion/force_peg_rl/logs/rl_games/Forge/2026-08-16_21-49-29/nn/Forge.pth,0,nominal,1001,False,timeout,149,33.433712005615234,0.015696406364440918,10.33594036102295,1.4469735622406006,0.10833334177732468,0.05263999477028847,1.0433439016342163,0.021928714588284492,0.75,0.75,0.020921682938933372,-0.24840134382247925
2026-08-16_21-49-29,/home/as22cq/Projects/Policy-RL-Peg_insertion/force_peg_rl/logs/rl_games/Forge/2026-08-16_21-49-29/nn/Forge.pth,0,nominal,1001,False,timeout,149,32.48471450805664,0.0447973906993866,3.4716222286224365,0.596606969833374,0.0,0.02361425943672657,0.6447433829307556,0.021051546558737755,0.75,0.75,0.021711206063628197,-0.6493220925331116
2026-08-16_21-49-29,/home/as22cq/Projects/Policy-RL-Peg_insertion/force_peg_rl/logs/rl_games/Forge/2026-08-16_21-49-29/nn/Forge.pth,0,nominal,1001,False,timeout,149,108.44860076904297,0.07001228630542755,12.993579864501953,5.308175563812256,0.46666669845581055,0.06719502806663513,0.8090769052505493,0.023087522014975548,0.75,0.75,0.015144135802984238,-0.5551906824111938
2026-08-16_21-49-29,/home/as22cq/Projects/Policy-RL-Peg_insertion/force_peg_rl/logs/rl_games/Forge/2026-08-16_21-49-29/nn/Forge.pth,0,nominal,1001,False,timeout,149,25.410743713378906,-0.005661141127347946,21.164810180664062,4.456883430480957,0.3500000238418579,0.25939714908599854,0.7509628534317017,0.01856512390077114,0.75,0.75,0.0171226654201746,0.29567739367485046
2026-08-16_21-49-29,/home/as22cq/Projects/Policy-RL-Peg_insertion/force_peg_rl/logs/rl_games/Forge/2026-08-16_21-49-29/nn/Forge.pth,0,nominal,1001,True,success,149,357.733642578125,4.9388036131858826e-05,17.529830932617188,4.998639106750488,0.0833333358168602,0.0003002741723321378,0.3198521137237549,0.023324768990278244,0.75,0.75,0.020652227103710175,0.4007342457771301
2026-08-16_21-49-29,/home/as22cq/Projects/Policy-RL-Peg_insertion/force_peg_rl/logs/rl_games/Forge/2026-08-16_21-49-29/nn/Forge.pth,0,nominal,1001,False,timeout,149,40.30359649658203,0.014491159468889236,6.276026248931885,1.2814857959747314,0.0,0.044061802327632904,1.7474277019500732,0.016495054587721825,0.75,0.75,0.018144112080335617,-0.46352580189704895
2026-08-16_21-49-29,/home/as22cq/Projects/Policy-RL-Peg_insertion/force_peg_rl/logs/rl_games/Forge/2026-08-16_21-49-29/nn/Forge.pth,0,nominal,1001,False,timeout,149,25.355472564697266,0.15632978081703186,11.84292221069336,0.7169619202613831,0.0416666679084301,0.053846053779125214,0.39729535579681396,0.019658973440527916,0.75,0.75,0.019881224259734154,-0.43698203563690186
2026-08-16_21-49-29,/home/as22cq/Projects/Policy-RL-Peg_insertion/force_peg_rl/logs/rl_games/Forge/2026-08-16_21-49-29/nn/Forge.pth,0,nominal,1001,False,timeout,149,48.3293342590332,0.04132164642214775,14.756684303283691,2.19179368019104,0.008333333767950535,0.08591562509536743,1.6836260557174683,0.023034047335386276,0.75,0.75,0.021829308941960335,0.07910413295030594
2026-08-16_21-49-29,/home/as22cq/Projects/Policy-RL-Peg_insertion/force_peg_rl/logs/rl_games/Forge/2026-08-16_21-49-29/nn/Forge.pth,0,nominal,1001,True,success,149,334.83123779296875,0.0001399880275130272,10.428075790405273,4.289915561676025,0.02500000223517418,0.0005480354302562773,0.19829919934272766,0.018841315060853958,0.75,0.75,0.01778019405901432,0.35664674639701843
2026-08-16_21-49-29,/home/as22cq/Projects/Policy-RL-Peg_insertion/force_peg_rl/logs/rl_games/Forge/2026-08-16_21-49-29/nn/Forge.pth,0,nominal,1001,False,timeout,149,28.420936584472656,0.23054006695747375,10.25566577911377,0.9495871067047119,0.008333333767950535,0.05490664765238762,0.4501080811023712,0.019187122583389282,0.75,0.75,0.007226718124002218,-0.4442608654499054
2026-08-16_21-49-29,/home/as22cq/Projects/Policy-RL-Peg_insertion/force_peg_rl/logs/rl_games/Forge/2026-08-16_21-49-29/nn/Forge.pth,0,nominal,1001,True,success,149,312.8417053222656,0.0005172044038772583,12.140910148620605,4.503829002380371,0.11666667461395264,0.0007779253064654768,1.1366060972213745,0.020070508122444153,0.75,0.75,0.011614397168159485,-0.3421226143836975
2026-08-16_21-49-29,/home/as22cq/Projects/Policy-RL-Peg_insertion/force_peg_rl/logs/rl_games/Forge/2026-08-16_21-49-29/nn/Forge.pth,0,nominal,1001,False,timeout,149,26.15388298034668,0.0929231345653534,16.636484146118164,0.6861459016799927,0.03333333507180214,0.019678505137562752,0.5254305005073547,0.019575979560613632,0.75,0.75,0.01174683403223753,-0.6820406317710876
2026-08-16_21-49-29,/home/as22cq/Projects/Policy-RL-Peg_insertion/force_peg_rl/logs/rl_games/Forge/2026-08-16_21-49-29/nn/Forge.pth,0,nominal,1001,False,timeout,149,96.33956146240234,0.010706674307584763,20.187091827392578,9.344761848449707,1.1083333492279053,0.0006446134648285806,0.7826856970787048,0.017884882166981697,0.75,0.75,0.021071406081318855,-0.5599067211151123
2026-08-16_21-49-29,/home/as22cq/Projects/Policy-RL-Peg_insertion/force_peg_rl/logs/rl_games/Forge/2026-08-16_21-49-29/nn/Forge.pth,0,nominal,1001,False,timeout,149,77.3568344116211,0.07992281019687653,26.254947662353516,6.933247089385986,0.5416666865348816,0.7187345623970032,1.952712893486023,0.01758422702550888,0.75,0.75,0.019610924646258354,-0.2691989243030548
2026-08-16_21-49-29,/home/as22cq/Projects/Policy-RL-Peg_insertion/force_peg_rl/logs/rl_games/Forge/2026-08-16_21-49-29/nn/Forge.pth,0,nominal,1001,False,timeout,149,24.029132843017578,0.270010381937027,6.442941188812256,1.0284067392349243,0.06666667014360428,0.07108733057975769,0.31291717290878296,0.017869669944047928,0.75,0.75,0.012875811196863651,-0.618934690952301
2026-08-16_21-49-29,/home/as22cq/Projects/Policy-RL-Peg_insertion/force_peg_rl/logs/rl_games/Forge/2026-08-16_21-49-29/nn/Forge.pth,0,nominal,1001,False,timeout,149,33.86199951171875,0.04263672977685928,8.787712097167969,1.1280500888824463,0.01666666753590107,0.029523730278015137,0.596444308757782,0.01962859369814396,0.75,0.75,0.011299483478069305,-0.2725750207901001
2026-08-16_21-49-29,/home/as22cq/Projects/Policy-RL-Peg_insertion/force_peg_rl/logs/rl_games/Forge/2026-08-16_21-49-29/nn/Forge.pth,0,nominal,1001,False,timeout,149,37.29327392578125,0.11452190577983856,9.81594181060791,1.6278438568115234,0.13333334028720856,0.016791852191090584,0.4920150935649872,0.016826501116156578,0.75,0.75,0.018575113266706467,-0.09378418326377869
2026-08-16_21-49-29,/home/as22cq/Projects/Policy-RL-Peg_insertion/force_peg_rl/logs/rl_games/Forge/2026-08-16_21-49-29/nn/Forge.pth,0,nominal,1001,False,timeout,149,28.388641357421875,0.07857196033000946,11.453965187072754,1.4360005855560303,0.07500000298023224,0.01960141398012638,0.4148723781108856,0.020204121246933937,0.75,0.75,0.01512822974473238,-0.7818158864974976
2026-08-16_21-49-29,/home/as22cq/Projects/Policy-RL-Peg_insertion/force_peg_rl/logs/rl_games/Forge/2026-08-16_21-49-29/nn/Forge.pth,0,nominal,1001,False,timeout,149,29.857011795043945,0.060087986290454865,7.320818901062012,0.7276877164840698,0.05000000447034836,0.018680032342672348,0.47199782729148865,0.019322259351611137,0.75,0.75,0.005391777493059635,-0.45521241426467896
2026-08-16_21-49-29,/home/as22cq/Projects/Policy-RL-Peg_insertion/force_peg_rl/logs/rl_games/Forge/2026-08-16_21-49-29/nn/Forge.pth,0,nominal,1001,False,timeout,149,76.37802124023438,0.051119983196258545,14.692215919494629,4.847253799438477,0.40833336114883423,0.013092667795717716,0.5342758297920227,0.015515419654548168,0.75,0.75,0.008893955498933792,-0.3283514976501465
2026-08-16_21-49-29,/home/as22cq/Projects/Policy-RL-Peg_insertion/force_peg_rl/logs/rl_games/Forge/2026-08-16_21-49-29/nn/Forge.pth,0,nominal,1001,False,timeout,149,30.902118682861328,0.08076547086238861,11.287615776062012,0.7385210394859314,0.02500000223517418,0.026652025058865547,0.4394019842147827,0.016003001481294632,0.75,0.75,0.018350675702095032,0.7685384750366211
2026-08-16_21-49-29,/home/as22cq/Projects/Policy-RL-Peg_insertion/force_peg_rl/logs/rl_games/Forge/2026-08-16_21-49-29/nn/Forge.pth,0,nominal,1001,False,timeout,149,27.785781860351562,0.08956773579120636,8.6787748336792,0.8793996572494507,0.0833333358168602,0.021605178713798523,0.5174906253814697,0.023824989795684814,0.75,0.75,0.020526640117168427,-0.7491322755813599
2026-08-16_21-49-29,/home/as22cq/Projects/Policy-RL-Peg_insertion/force_peg_rl/logs/rl_games/Forge/2026-08-16_21-49-29/nn/Forge.pth,0,nominal,1001,True,success,149,367.68548583984375,7.930770516395569e-05,9.157669067382812,6.0016021728515625,0.25,0.00042464392026886344,0.3400608003139496,0.021529115736484528,0.75,0.75,0.021493110805749893,-0.12146566063165665
2026-08-16_21-49-29,/home/as22cq/Projects/Policy-RL-Peg_insertion/force_peg_rl/logs/rl_games/Forge/2026-08-16_21-49-29/nn/Forge.pth,0,nominal,1001,True,success,149,394.39483642578125,0.0002655237913131714,8.524235725402832,3.056976795196533,0.0,0.0004983889521099627,0.4941375255584717,0.017748845741152763,0.75,0.75,0.021931102499365807,0.38618290424346924
2026-08-16_21-49-29,/home/as22cq/Projects/Policy-RL-Peg_insertion/force_peg_rl/logs/rl_games/Forge/2026-08-16_21-49-29/nn/Forge.pth,0,nominal,1001,False,timeout,149,55.993988037109375,0.06976421177387238,12.491713523864746,2.8664186000823975,0.2666666805744171,0.01261028740555048,0.8848283886909485,0.019194230437278748,0.75,0.75,0.019683752208948135,-0.13773249089717865
2026-08-16_21-49-29,/home/as22cq/Projects/Policy-RL-Peg_insertion/force_peg_rl/logs/rl_games/Forge/2026-08-16_21-49-29/nn/Forge.pth,0,nominal,1001,False,timeout,149,58.5458984375,0.07789468765258789,3.2922770977020264,0.41797998547554016,0.0,0.0103068882599473,0.33584675192832947,0.015837624669075012,0.75,0.75,0.023288791999220848,-0.5399261116981506
2026-08-16_21-49-29,/home/as22cq/Projects/Policy-RL-Peg_insertion/force_peg_rl/logs/rl_games/Forge/2026-08-16_21-49-29/nn/Forge.pth,0,nominal,1001,False,timeout,149,187.07627868652344,0.014877133071422577,13.92685317993164,6.773357391357422,0.3500000238418579,0.001083721057511866,1.9002230167388916,0.021928710862994194,0.75,0.75,0.025848420336842537,-0.18032708764076233
2026-08-16_21-49-29,/home/as22cq/Projects/Policy-RL-Peg_insertion/force_peg_rl/logs/rl_games/Forge/2026-08-16_21-49-29/nn/Forge.pth,0,nominal,1001,False,timeout,149,174.37875366210938,0.007886029779911041,13.887532234191895,8.10226821899414,0.7083333730697632,0.0006909550866112113,1.429817795753479,0.01904228888452053,0.75,0.75,0.025460759177803993,0.33164212107658386
2026-08-16_21-49-29,/home/as22cq/Projects/Policy-RL-Peg_insertion/force_peg_rl/logs/rl_games/Forge/2026-08-16_21-49-29/nn/Forge.pth,0,nominal,1001,False,timeout,149,27.349628448486328,0.053522344678640366,10.50961685180664,1.4061229228973389,0.15833334624767303,0.028764085844159126,0.444130539894104,0.01983124576508999,0.75,0.75,0.02251729741692543,-0.2691696584224701
2026-08-16_21-49-29,/home/as22cq/Projects/Policy-RL-Peg_insertion/force_peg_rl/logs/rl_games/Forge/2026-08-16_21-49-29/nn/Forge.pth,0,nominal,1001,False,timeout,149,30.25953483581543,0.03079700469970703,14.350970268249512,0.796930730342865,0.008333333767950535,0.024967828765511513,0.7781986594200134,0.02237432450056076,0.75,0.75,0.02148120291531086,-0.39416682720184326
2026-08-16_21-49-29,/home/as22cq/Projects/Policy-RL-Peg_insertion/force_peg_rl/logs/rl_games/Forge/2026-08-16_21-49-29/nn/Forge.pth,0,nominal,1001,False,timeout,149,32.979679107666016,0.03799013793468475,17.867633819580078,1.7067759037017822,0.008333333767950535,0.07474365830421448,2.2590136528015137,0.020307006314396858,0.75,0.75,0.025398768484592438,0.14865505695343018
2026-08-16_21-49-29,/home/as22cq/Projects/Policy-RL-Peg_insertion/force_peg_rl/logs/rl_games/Forge/2026-08-16_21-49-29/nn/Forge.pth,0,nominal,1001,False,timeout,149,31.06162452697754,0.06480105221271515,10.048203468322754,1.4313033819198608,0.01666666753590107,0.0225545521825552,0.44716721773147583,0.018703695386648178,0.75,0.75,0.009076794609427452,-0.7004092335700989
2026-08-16_21-49-29,/home/as22cq/Projects/Policy-RL-Peg_insertion/force_peg_rl/logs/rl_games/Forge/2026-08-16_21-49-29/nn/Forge.pth,0,nominal,1001,False,timeout,149,118.48607635498047,0.020249895751476288,17.501617431640625,7.984994411468506,0.9666666984558105,0.0007289039203897119,1.5684547424316406,0.02388438582420349,0.75,0.75,0.022991864010691643,-0.5532423257827759
2026-08-16_21-49-29,/home/as22cq/Projects/Policy-RL-Peg_insertion/force_peg_rl/logs/rl_games/Forge/2026-08-16_21-49-29/nn/Forge.pth,0,nominal,1001,False,timeout,149,156.75254821777344,0.017200127243995667,14.187763214111328,7.438788890838623,0.5583333373069763,0.0008794451132416725,1.3354010581970215,0.023065969347953796,0.75,0.75,0.018991924822330475,0.20743392407894135
2026-08-16_21-49-29,/home/as22cq/Projects/Policy-RL-Peg_insertion/force_peg_rl/logs/rl_games/Forge/2026-08-16_21-49-29/nn/Forge.pth,0,nominal,1001,False,timeout,149,62.06846237182617,0.040181953459978104,5.159182071685791,0.9528544545173645,0.008333333767950535,0.031173568218946457,0.8380391597747803,0.022870369255542755,0.75,0.75,0.017809879034757614,0.6315240263938904
2026-08-16_21-49-29,/home/as22cq/Projects/Policy-RL-Peg_insertion/force_peg_rl/logs/rl_games/Forge/2026-08-16_21-49-29/nn/Forge.pth,0,nominal,1001,True,success,149,272.1077880859375,0.00011657178401947021,11.603575706481934,7.305814743041992,0.8500000238418579,0.0004858217725995928,0.3548276126384735,0.022785302251577377,0.75,0.75,0.00510643282905221,0.09131362289190292
2026-08-16_21-49-29,/home/as22cq/Projects/Policy-RL-Peg_insertion/force_peg_rl/logs/rl_games/Forge/2026-08-16_21-49-29/nn/Forge.pth,0,nominal,1001,True,success,149,215.4232177734375,0.0001743026077747345,13.419344902038574,7.432595252990723,0.4833333492279053,0.0004100290243513882,1.9379545450210571,0.023870799690485,0.75,0.75,0.015833258628845215,0.3663131892681122
2026-08-16_21-49-29,/home/as22cq/Projects/Policy-RL-Peg_insertion/force_peg_rl/logs/rl_games/Forge/2026-08-16_21-49-29/nn/Forge.pth,0,nominal,1001,False,timeout,149,127.20761108398438,0.016541555523872375,13.569231033325195,8.192784309387207,0.98333340883255,0.0007988378638401628,1.952083706855774,0.014620817266404629,0.75,0.75,0.010411480441689491,-0.14587116241455078
2026-08-16_21-49-29,/home/as22cq/Projects/Policy-RL-Peg_insertion/force_peg_rl/logs/rl_games/Forge/2026-08-16_21-49-29/nn/Forge.pth,0,nominal,1001,False,timeout,149,30.855894088745117,0.04065192490816116,10.354423522949219,0.6870792508125305,0.03333333507180214,0.02046883851289749,0.6115927696228027,0.02186746895313263,0.75,0.75,0.012933487072587013,-0.44119328260421753
2026-08-16_21-49-29,/home/as22cq/Projects/Policy-RL-Peg_insertion/force_peg_rl/logs/rl_games/Forge/2026-08-16_21-49-29/nn/Forge.pth,0,nominal,1001,False,timeout,149,38.96588134765625,0.07242336869239807,14.64248275756836,4.298398494720459,0.4583333432674408,0.022205717861652374,0.7283754348754883,0.016157617792487144,0.75,0.75,0.023202423006296158,-0.3652269244194031
2026-08-16_21-49-29,/home/as22cq/Projects/Policy-RL-Peg_insertion/force_peg_rl/logs/rl_games/Forge/2026-08-16_21-49-29/nn/Forge.pth,0,nominal,1001,False,timeout,149,51.561439514160156,-0.011394506320357323,15.874619483947754,4.111159801483154,0.36666667461395264,0.2955993413925171,0.6184817552566528,0.021059606224298477,0.75,0.75,0.01897650584578514,0.38433027267456055
2026-08-16_21-49-29,/home/as22cq/Projects/Policy-RL-Peg_insertion/force_peg_rl/logs/rl_games/Forge/2026-08-16_21-49-29/nn/Forge.pth,0,nominal,1001,False,timeout,149,84.46842956542969,0.008742548525333405,18.32109260559082,10.109801292419434,1.033333420753479,0.0006770222680643201,2.0437862873077393,0.020258717238903046,0.75,0.75,0.008386467583477497,0.2316727638244629
2026-08-16_21-49-29,/home/as22cq/Projects/Policy-RL-Peg_insertion/force_peg_rl/logs/rl_games/Forge/2026-08-16_21-49-29/nn/Forge.pth,0,nominal,1001,False,timeout,149,33.137306213378906,0.12145425379276276,8.87755298614502,1.0730910301208496,0.008333333767950535,0.04214014112949371,0.36315402388572693,0.018845554441213608,0.75,0.75,0.015989072620868683,0.055705513805150986
2026-08-16_21-49-29,/home/as22cq/Projects/Policy-RL-Peg_insertion/force_peg_rl/logs/rl_games/Forge/2026-08-16_21-49-29/nn/Forge.pth,0,nominal,1001,False,timeout,149,29.710622787475586,0.018191825598478317,16.849803924560547,10.854249000549316,1.1500000953674316,0.0007050809217616916,1.5069628953933716,0.018838200718164444,0.75,0.75,0.01841791719198227,-0.03332448750734329
2026-08-16_21-49-29,/home/as22cq/Projects/Policy-RL-Peg_insertion/force_peg_rl/logs/rl_games/Forge/2026-08-16_21-49-29/nn/Forge.pth,0,nominal,1001,False,timeout,149,32.750308990478516,0.023537464439868927,11.196171760559082,1.2819660902023315,0.0833333358168602,0.021250907331705093,0.6357723474502563,0.017856061458587646,0.75,0.75,0.011731645092368126,0.13897450268268585
2026-08-16_21-49-29,/home/as22cq/Projects/Policy-RL-Peg_insertion/force_peg_rl/logs/rl_games/Forge/2026-08-16_21-49-29/nn/Forge.pth,0,nominal,1001,False,timeout,149,152.33168029785156,0.018098801374435425,16.868793487548828,8.64596176147461,0.5666667222976685,0.0013390457024797797,1.8095455169677734,0.01571701653301716,0.75,0.75,0.01608235202729702,-0.16532404720783234
2026-08-16_21-49-29,/home/as22cq/Projects/Policy-RL-Peg_insertion/force_peg_rl/logs/rl_games/Forge/2026-08-16_21-49-29/nn/Forge.pth,0,nominal,1001,False,timeout,149,32.85997009277344,0.07749633491039276,7.879765510559082,0.8194962739944458,0.0,0.01597442477941513,0.32038211822509766,0.01593594066798687,0.75,0.75,0.013790109194815159,-0.305357426404953
2026-08-16_21-49-29,/home/as22cq/Projects/Policy-RL-Peg_insertion/force_peg_rl/logs/rl_games/Forge/2026-08-16_21-49-29/nn/Forge.pth,0,nominal,1001,False,timeout,149,32.66691970825195,0.12148775160312653,8.985654830932617,2.893503189086914,0.0,0.04764683544635773,0.3271259367465973,0.020774684846401215,0.75,0.75,0.017013665288686752,0.23199039697647095
2026-08-16_21-49-29,/home/as22cq/Projects/Policy-RL-Peg_insertion/force_peg_rl/logs/rl_games/Forge/2026-08-16_21-49-29/nn/Forge.pth,0,nominal,1001,False,timeout,149,86.05851745605469,-0.003530247136950493,21.02519989013672,7.272231578826904,0.4583333432674408,0.12310465425252914,0.8273711204528809,0.01568693108856678,0.75,0.75,0.010746468789875507,0.1386077105998993
2026-08-16_21-49-29,/home/as22cq/Projects/Policy-RL-Peg_insertion/force_peg_rl/logs/rl_games/Forge/2026-08-16_21-49-29/nn/Forge.pth,0,nominal,1001,False,timeout,149,33.412532806396484,0.024806730449199677,13.268401145935059,8.556212425231934,0.6583333611488342,0.0025895664002746344,0.7884555459022522,0.018006887286901474,0.75,0.75,0.006974481511861086,0.6974660754203796
2026-08-16_21-49-29,/home/as22cq/Projects/Policy-RL-Peg_insertion/force_peg_rl/logs/rl_games/Forge/2026-08-16_21-49-29/nn/Forge.pth,0,nominal,1001,True,success,149,182.0016326904297,4.0065497159957886e-06,20.783876419067383,8.218011856079102,0.6500000357627869,0.00017498948727734387,0.7429699897766113,0.018772847950458527,0.75,0.75,0.013196922838687897,-0.19503475725650787
2026-08-16_21-49-29,/home/as22cq/Projects/Policy-RL-Peg_insertion/force_peg_rl/logs/rl_games/Forge/2026-08-16_21-49-29/nn/Forge.pth,0,nominal,1001,True,success,149,363.0027770996094,7.921457290649414e-05,6.917561054229736,3.4399523735046387,0.0,0.00021365817519836128,0.4595712721347809,0.017154736444354057,0.75,0.75,0.02121230587363243,0.5288159251213074
2026-08-16_21-49-29,/home/as22cq/Projects/Policy-RL-Peg_insertion/force_peg_rl/logs/rl_games/Forge/2026-08-16_21-49-29/nn/Forge.pth,0,nominal,1001,False,timeout,149,201.32254028320312,0.010899389162659645,14.195301055908203,4.260980129241943,0.40000003576278687,0.000685233564581722,1.3842545747756958,0.017057888209819794,0.75,0.75,0.01905035600066185,0.2469227910041809
2026-08-16_21-49-29,/home/as22cq/Projects/Policy-RL-Peg_insertion/force_peg_rl/logs/rl_games/Forge/2026-08-16_21-49-29/nn/Forge.pth,0,nominal,1001,False,timeout,149,59.562400817871094,0.025002658367156982,10.271754264831543,6.640356063842773,0.14166668057441711,0.002499115187674761,0.4378134310245514,0.02164911851286888,0.75,0.75,0.01484785694628954,0.4333549439907074
2026-08-16_21-49-29,/home/as22cq/Projects/Policy-RL-Peg_insertion/force_peg_rl/logs/rl_games/Forge/2026-08-16_21-49-29/nn/Forge.pth,0,nominal,1001,False,timeout,149,29.780580520629883,0.02408577874302864,0.5626488327980042,0.08757518231868744,0.0,0.06657230854034424,1.9315533638000488,0.019485317170619965,0.75,0.75,0.015334457159042358,0.15942102670669556
2026-08-16_21-49-29,/home/as22cq/Projects/Policy-RL-Peg_insertion/force_peg_rl/logs/rl_games/Forge/2026-08-16_21-49-29/nn/Forge.pth,0,nominal,1001,False,timeout,149,25.134565353393555,0.09471627324819565,5.062544822692871,0.8196236491203308,0.0,0.04562133550643921,0.5937553644180298,0.01732698082923889,0.75,0.75,0.005018469877541065,0.7659934163093567
2026-08-16_21-49-29,/home/as22cq/Projects/Policy-RL-Peg_insertion/force_peg_rl/logs/rl_games/Forge/2026-08-16_21-49-29/nn/Forge.pth,0,nominal,1001,False,timeout,149,29.52566146850586,0.06918282806873322,0.31454718112945557,0.08974621444940567,0.0,0.015862492844462395,0.6261124014854431,0.017195260152220726,0.75,0.75,0.009747069329023361,-0.3258456885814667
2026-08-16_21-49-29,/home/as22cq/Projects/Policy-RL-Peg_insertion/force_peg_rl/logs/rl_games/Forge/2026-08-16_21-49-29/nn/Forge.pth,0,nominal,1001,False,timeout,149,30.200359344482422,0.015224706381559372,0.23559606075286865,0.04177457094192505,0.0,0.05712350457906723,1.9356111288070679,0.019713807851076126,0.75,0.75,0.002150452695786953,0.25809046626091003
2026-08-16_21-49-29,/home/as22cq/Projects/Policy-RL-Peg_insertion/force_peg_rl/logs/rl_games/Forge/2026-08-16_21-49-29/nn/Forge.pth,0,nominal,1001,True,success,149,188.50860595703125,0.00014461949467658997,58.63097381591797,8.26121997833252,0.6250000596046448,0.0005350962746888399,1.4241188764572144,0.016470789909362793,0.75,0.75,0.02108541689813137,0.6555227041244507
2026-08-16_21-49-29,/home/as22cq/Projects/Policy-RL-Peg_insertion/force_peg_rl/logs/rl_games/Forge/2026-08-16_21-49-29/nn/Forge.pth,0,nominal,1001,False,timeout,149,24.82794189453125,0.20944106578826904,6.514425754547119,0.8166337013244629,0.0,0.058688078075647354,0.38275593519210815,0.02107066474854946,0.75,0.75,0.021301236003637314,-0.6772103905677795
2026-08-16_21-49-29,/home/as22cq/Projects/Policy-RL-Peg_insertion/force_peg_rl/logs/rl_games/Forge/2026-08-16_21-49-29/nn/Forge.pth,0,nominal,1001,False,timeout,149,25.725414276123047,0.08195769786834717,0.45094195008277893,0.07648352533578873,0.0,0.017360392957925797,0.32381993532180786,0.019642818719148636,0.75,0.75,0.02282714657485485,-0.6422103643417358
2026-08-16_21-49-29,/home/as22cq/Projects/Policy-RL-Peg_insertion/force_peg_rl/logs/rl_games/Forge/2026-08-16_21-49-29/nn/Forge.pth,0,nominal,1001,False,timeout,149,28.30733871459961,0.08940782397985458,3.5631003379821777,0.2728586494922638,0.0,0.026087185367941856,0.4370534121990204,0.016166212037205696,0.75,0.75,0.014402458444237709,0.1898675113916397
2026-08-16_21-49-29,/home/as22cq/Projects/Policy-RL-Peg_insertion/force_peg_rl/logs/rl_games/Forge/2026-08-16_21-49-29/nn/Forge.pth,0,nominal,1001,False,timeout,149,32.4312744140625,0.056566040962934494,8.756945610046387,1.4350647926330566,0.02500000223517418,0.02887844666838646,0.550258219242096,0.02291574329137802,0.75,0.75,0.016527259722352028,-0.6966042518615723
2026-08-16_21-49-29,/home/as22cq/Projects/Policy-RL-Peg_insertion/force_peg_rl/logs/rl_games/Forge/2026-08-16_21-49-29/nn/Forge.pth,0,nominal,1001,False,timeout,149,27.47071075439453,0.11284707486629486,0.4366849958896637,0.09244773536920547,0.0,0.034275248646736145,0.41629210114479065,0.015569858253002167,0.75,0.75,0.022438734769821167,-0.7281140089035034
2026-08-16_21-49-29,/home/as22cq/Projects/Policy-RL-Peg_insertion/force_peg_rl/logs/rl_games/Forge/2026-08-16_21-49-29/nn/Forge.pth,0,nominal,1001,False,timeout,149,27.578536987304688,0.10061732679605484,5.490630149841309,0.40891891717910767,0.0,0.008912671357393265,0.4181293845176697,0.016166362911462784,0.75,0.75,0.019842974841594696,0.295145720243454
2026-08-16_21-49-29,/home/as22cq/Projects/Policy-RL-Peg_insertion/force_peg_rl/logs/rl_games/Forge/2026-08-16_21-49-29/nn/Forge.pth,0,nominal,1001,False,timeout,149,26.600234985351562,0.11052962392568588,8.183669090270996,0.6585885882377625,0.02500000223517418,0.04243416339159012,0.42932257056236267,0.023370862007141113,0.75,0.75,0.002932425821200013,-0.711712121963501
2026-08-16_21-49-29,/home/as22cq/Projects/Policy-RL-Peg_insertion/force_peg_rl/logs/rl_games/Forge/2026-08-16_21-49-29/nn/Forge.pth,0,nominal,1001,False,timeout,149,29.936695098876953,0.04973093420267105,2.920363426208496,0.4634038507938385,0.0,0.02611345797777176,0.5688350796699524,0.015642669051885605,0.75,0.75,0.02164832130074501,-0.22570373117923737
2026-08-16_21-49-29,/home/as22cq/Projects/Policy-RL-Peg_insertion/force_peg_rl/logs/rl_games/Forge/2026-08-16_21-49-29/nn/Forge.pth,0,nominal,1001,False,timeout,149,29.497591018676758,0.01130889356136322,0.3906552791595459,0.06338634341955185,0.0,0.03710915520787239,1.0038392543792725,0.018210183829069138,0.75,0.75,0.015350107103586197,0.31937673687934875
2026-08-16_21-49-29,/home/as22cq/Projects/Policy-RL-Peg_insertion/force_peg_rl/logs/rl_games/Forge/2026-08-16_21-49-29/nn/Forge.pth,0,nominal,1001,False,timeout,149,31.63697624206543,0.0626906156539917,11.578639030456543,0.5300556421279907,0.008333333767950535,0.01427889708429575,0.4000922441482544,0.016150567680597305,0.75,0.75,0.019974714145064354,0.13439245522022247
2026-08-16_21-49-29,/home/as22cq/Projects/Policy-RL-Peg_insertion/force_peg_rl/logs/rl_games/Forge/2026-08-16_21-49-29/nn/Forge.pth,0,nominal,1001,False,timeout,149,29.89243507385254,0.03840399160981178,1.035099983215332,0.07272428274154663,0.0,0.03188444674015045,0.5937185287475586,0.021775322034955025,0.75,0.75,0.009201427921652794,0.4407072365283966
2026-08-16_21-49-29,/home/as22cq/Projects/Policy-RL-Peg_insertion/force_peg_rl/logs/rl_games/Forge/2026-08-16_21-49-29/nn/Forge.pth,0,nominal,1001,False,timeout,149,28.410097122192383,0.020663663744926453,0.3662417232990265,0.07481186836957932,0.0,0.03260721638798714,0.6648915410041809,0.02289941906929016,0.75,0.75,0.01390113029628992,-0.7715246081352234
2026-08-16_21-49-29,/home/as22cq/Projects/Policy-RL-Peg_insertion/force_peg_rl/logs/rl_games/Forge/2026-08-16_21-49-29/nn/Forge.pth,0,nominal,1001,False,timeout,149,28.553773880004883,0.023462370038032532,0.35993003845214844,0.054930124431848526,0.0,0.043646909296512604,1.529888391494751,0.019238904118537903,0.75,0.75,0.01882363297045231,0.18654686212539673
2026-08-16_21-49-29,/home/as22cq/Projects/Policy-RL-Peg_insertion/force_peg_rl/logs/rl_games/Forge/2026-08-16_21-49-29/nn/Forge.pth,0,nominal,1001,False,timeout,149,67.52348327636719,0.015621992759406567,4.183775901794434,0.8893076181411743,0.0,0.037429869174957275,1.2993367910385132,0.018931817263364792,0.75,0.75,0.01968681439757347,-0.23151953518390656
2026-08-16_21-49-29,/home/as22cq/Projects/Policy-RL-Peg_insertion/force_peg_rl/logs/rl_games/Forge/2026-08-16_21-49-29/nn/Forge.pth,0,nominal,1001,False,timeout,149,27.98843002319336,0.10301940143108368,11.041746139526367,2.8889613151550293,0.03333333507180214,0.057316333055496216,0.382400244474411,0.02240586280822754,0.75,0.75,0.012530215084552765,0.13043104112148285
2026-08-16_21-49-29,/home/as22cq/Projects/Policy-RL-Peg_insertion/force_peg_rl/logs/rl_games/Forge/2026-08-16_21-49-29/nn/Forge.pth,0,nominal,1001,False,timeout,149,35.66545867919922,0.01791343092918396,3.011650800704956,0.4017314910888672,0.0,0.04091968014836311,1.030018925666809,0.02098115161061287,0.75,0.75,0.01623188517987728,-0.19918975234031677
2026-08-16_21-49-29,/home/as22cq/Projects/Policy-RL-Peg_insertion/force_peg_rl/logs/rl_games/Forge/2026-08-16_21-49-29/nn/Forge.pth,0,nominal,1001,False,timeout,149,29.55449867248535,0.028614521026611328,0.3604077696800232,0.10155374556779861,0.0,0.032651640474796295,0.7687450051307678,0.022938724607229233,0.75,0.75,0.009694133885204792,-0.0808091089129448
2026-08-16_21-49-29,/home/as22cq/Projects/Policy-RL-Peg_insertion/force_peg_rl/logs/rl_games/Forge/2026-08-16_21-49-29/nn/Forge.pth,0,nominal,1001,False,timeout,149,31.419279098510742,0.062442779541015625,7.349399089813232,0.7173205614089966,0.05833333730697632,0.012303188443183899,0.6630896329879761,0.016873560845851898,0.75,0.75,0.015161111019551754,-0.5265071392059326
2026-08-16_21-49-29,/home/as22cq/Projects/Policy-RL-Peg_insertion/force_peg_rl/logs/rl_games/Forge/2026-08-16_21-49-29/nn/Forge.pth,0,nominal,1001,False,timeout,149,32.27607345581055,0.026085495948791504,5.319519996643066,0.10866139829158783,0.0,0.050370704382658005,1.811184048652649,0.0156350526958704,0.75,0.75,0.01933639869093895,0.31334957480430603
2026-08-16_21-49-29,/home/as22cq/Projects/Policy-RL-Peg_insertion/force_peg_rl/logs/rl_games/Forge/2026-08-16_21-49-29/nn/Forge.pth,0,nominal,1001,False,timeout,149,33.5005989074707,0.011738728731870651,3.2407612800598145,0.07557519525289536,0.0,0.07437867671251297,1.2977029085159302,0.020158756524324417,0.75,0.75,0.013035551644861698,0.5365958213806152
2026-08-16_21-49-29,/home/as22cq/Projects/Policy-RL-Peg_insertion/force_peg_rl/logs/rl_games/Forge/2026-08-16_21-49-29/nn/Forge.pth,0,nominal,1001,False,timeout,149,30.84832000732422,0.05734148621559143,0.4926805794239044,0.10065942257642746,0.0,0.02134370617568493,0.5051251649856567,0.019965898245573044,0.75,0.75,0.00671359384432435,-0.4505034387111664
2026-08-16_21-49-29,/home/as22cq/Projects/Policy-RL-Peg_insertion/force_peg_rl/logs/rl_games/Forge/2026-08-16_21-49-29/nn/Forge.pth,0,nominal,1001,False,timeout,149,29.77454948425293,0.022407017648220062,1.6314858198165894,0.07245893776416779,0.0,0.022504325956106186,0.9033309817314148,0.02355351112782955,0.75,0.75,0.027021802961826324,0.15036511421203613
2026-08-16_21-49-29,/home/as22cq/Projects/Policy-RL-Peg_insertion/force_peg_rl/logs/rl_games/Forge/2026-08-16_21-49-29/nn/Forge.pth,0,nominal,1001,False,timeout,149,31.28243637084961,0.011853484436869621,0.3815540671348572,0.13306434452533722,0.0,0.04703417792916298,1.5765597820281982,0.0174166988581419,0.75,0.75,0.015642458572983742,-0.5607950687408447
2026-08-16_21-49-29,/home/as22cq/Projects/Policy-RL-Peg_insertion/force_peg_rl/logs/rl_games/Forge/2026-08-16_21-49-29/nn/Forge.pth,0,nominal,1001,False,timeout,149,33.450538635253906,0.009386979043483734,0.9131811261177063,0.07181111723184586,0.0,0.0434882789850235,1.6205583810806274,0.01682325080037117,0.75,0.75,0.013652815483510494,0.028686435893177986
2026-08-16_21-49-29,/home/as22cq/Projects/Policy-RL-Peg_insertion/force_peg_rl/logs/rl_games/Forge/2026-08-16_21-49-29/nn/Forge.pth,0,nominal,1001,False,timeout,149,29.563045501708984,0.02398713305592537,4.450304985046387,0.1116948351264,0.0,0.02571594901382923,0.5731966495513916,0.01520598866045475,0.75,0.75,0.012353871949017048,0.11279333382844925
2026-08-16_21-49-29,/home/as22cq/Projects/Policy-RL-Peg_insertion/force_peg_rl/logs/rl_games/Forge/2026-08-16_21-49-29/nn/Forge.pth,0,nominal,1001,False,timeout,149,29.82133674621582,0.019089840352535248,0.4089781641960144,0.07304608821868896,0.0,0.041996512562036514,1.6343231201171875,0.022262301295995712,0.75,0.75,0.012130232527852058,0.15834899246692657
2026-08-16_21-49-29,/home/as22cq/Projects/Policy-RL-Peg_insertion/force_peg_rl/logs/rl_games/Forge/2026-08-16_21-49-29/nn/Forge.pth,0,nominal,1001,False,timeout,149,24.340343475341797,0.23800309002399445,5.258619785308838,0.48802247643470764,0.0,0.05590396374464035,0.5507299900054932,0.014059549197554588,0.75,0.75,0.014119738712906837,-0.4990970492362976
2026-08-16_21-49-29,/home/as22cq/Projects/Policy-RL-Peg_insertion/force_peg_rl/logs/rl_games/Forge/2026-08-16_21-49-29/nn/Forge.pth,0,nominal,1001,True,success,149,384.786865234375,0.0006942451000213623,15.687979698181152,4.50435209274292,0.3083333373069763,0.0005179939907975495,0.4849138855934143,0.021552711725234985,0.75,0.75,0.020876480266451836,-0.5127936601638794
2026-08-16_21-49-29,/home/as22cq/Projects/Policy-RL-Peg_insertion/force_peg_rl/logs/rl_games/Forge/2026-08-16_21-49-29/nn/Forge.pth,0,nominal,1001,False,timeout,149,32.633399963378906,0.053010452538728714,8.76988410949707,0.9373750686645508,0.02500000223517418,0.01807343028485775,0.6584154963493347,0.020665738731622696,0.75,0.75,0.016821373254060745,0.06334131956100464
2026-08-16_21-49-29,/home/as22cq/Projects/Policy-RL-Peg_insertion/force_peg_rl/logs/rl_games/Forge/2026-08-16_21-49-29/nn/Forge.pth,0,nominal,1001,False,timeout,149,29.491764068603516,0.01849079318344593,0.32798412442207336,0.06719381362199783,0.0,0.04357406869530678,1.5298552513122559,0.021153850480914116,0.75,0.75,0.00891163945198059,0.2165878862142563
2026-08-16_21-49-29,/home/as22cq/Projects/Policy-RL-Peg_insertion/force_peg_rl/logs/rl_games/Forge/2026-08-16_21-49-29/nn/Forge.pth,0,nominal,1001,False,timeout,149,28.362516403198242,0.06779976934194565,3.2333803176879883,0.5228971242904663,0.0,0.025341946631669998,0.6699789762496948,0.021385658532381058,0.75,0.75,0.008229159750044346,-0.28635331988334656
2026-08-16_21-49-29,/home/as22cq/Projects/Policy-RL-Peg_insertion/force_peg_rl/logs/rl_games/Forge/2026-08-16_21-49-29/nn/Forge.pth,0,nominal,1001,False,timeout,149,27.36503791809082,0.07869425415992737,11.691246032714844,1.4538487195968628,0.10000000894069672,0.03463321924209595,0.6451780796051025,0.016053400933742523,0.75,0.75,0.01621880568563938,0.11821167916059494
2026-08-16_21-49-29,/home/as22cq/Projects/Policy-RL-Peg_insertion/force_peg_rl/logs/rl_games/Forge/2026-08-16_21-49-29/nn/Forge.pth,0,nominal,1001,False,timeout,149,34.99176025390625,0.008877478539943695,8.604290962219238,1.8674039840698242,0.008333333767950535,0.03392396122217178,1.0069528818130493,0.020496314391493797,0.75,0.75,0.0072102658450603485,-0.7670652866363525
2026-08-16_21-49-29,/home/as22cq/Projects/Policy-RL-Peg_insertion/force_peg_rl/logs/rl_games/Forge/2026-08-16_21-49-29/nn/Forge.pth,0,nominal,1001,False,timeout,149,30.356407165527344,0.04941564053297043,2.2993454933166504,0.07516129314899445,0.0,0.022092288359999657,0.3733530640602112,0.020682819187641144,0.75,0.75,0.009847824461758137,-0.3959408104419708
2026-08-16_21-49-29,/home/as22cq/Projects/Policy-RL-Peg_insertion/force_peg_rl/logs/rl_games/Forge/2026-08-16_21-49-29/nn/Forge.pth,0,nominal,1001,False,timeout,149,28.54737663269043,0.04842317849397659,4.937612056732178,1.510912537574768,0.0,0.03477570787072182,0.9261620044708252,0.023266304284334183,0.75,0.75,0.023187637329101562,0.4895193874835968
2026-08-16_21-49-29,/home/as22cq/Projects/Policy-RL-Peg_insertion/force_peg_rl/logs/rl_games/Forge/2026-08-16_21-49-29/nn/Forge.pth,0,nominal,1001,False,timeout,149,28.19021224975586,0.12952134013175964,0.6223930716514587,0.07983198761940002,0.0,0.041698575019836426,0.48975542187690735,0.018296927213668823,0.75,0.75,0.0075696674175560474,0.4345397353172302
2026-08-16_21-49-29,/home/as22cq/Projects/Policy-RL-Peg_insertion/force_peg_rl/logs/rl_games/Forge/2026-08-16_21-49-29/nn/Forge.pth,0,nominal,1001,False,timeout,149,31.95863914489746,0.021857667714357376,2.079803943634033,0.06859473884105682,0.0,0.04002455621957779,1.0139660835266113,0.022931180894374847,0.75,0.75,0.0144522525370121,0.41410335898399353
2026-08-16_21-49-29,/home/as22cq/Projects/Policy-RL-Peg_insertion/force_peg_rl/logs/rl_games/Forge/2026-08-16_21-49-29/nn/Forge.pth,0,nominal,1001,False,timeout,149,-15.818953514099121,0.018439143896102905,18.084579467773438,8.541351318359375,1.0250000953674316,0.02330753579735756,1.5035762786865234,0.018306290730834007,0.75,0.75,0.011412709951400757,0.376802921295166
2026-08-16_21-49-29,/home/as22cq/Projects/Policy-RL-Peg_insertion/force_peg_rl/logs/rl_games/Forge/2026-08-16_21-49-29/nn/Forge.pth,0,nominal,1001,False,timeout,149,28.650602340698242,0.05214408412575722,10.814104080200195,1.3227874040603638,0.07500000298023224,0.022614281624555588,0.9335576891899109,0.016289347782731056,0.75,0.75,0.020338712260127068,-0.6465989351272583
2026-08-16_21-49-29,/home/as22cq/Projects/Policy-RL-Peg_insertion/force_peg_rl/logs/rl_games/Forge/2026-08-16_21-49-29/nn/Forge.pth,0,nominal,1001,False,timeout,149,24.563291549682617,0.24460384249687195,8.888904571533203,0.34088075160980225,0.008333333767950535,0.04902049899101257,0.2392808347940445,0.02268315851688385,0.75,0.75,0.0179225355386734,-0.476485013961792
2026-08-16_21-49-29,/home/as22cq/Projects/Policy-RL-Peg_insertion/force_peg_rl/logs/rl_games/Forge/2026-08-16_21-49-29/nn/Forge.pth,0,nominal,1001,False,timeout,149,56.6121940612793,0.05862349271774292,8.93411922454834,0.9556997418403625,0.008333333767950535,0.01203694473952055,0.6048952341079712,0.016915027052164078,0.75,0.75,0.02115846611559391,0.36377328634262085
2026-08-16_21-49-29,/home/as22cq/Projects/Policy-RL-Peg_insertion/force_peg_rl/logs/rl_games/Forge/2026-08-16_21-49-29/nn/Forge.pth,0,nominal,1001,False,timeout,149,29.02289581298828,0.021533600986003876,11.537712097167969,2.837167263031006,0.30000001192092896,0.04315025359392166,0.8666154146194458,0.018898047506809235,0.75,0.75,0.012265103869140148,-0.3618459701538086
2026-08-16_21-49-29,/home/as22cq/Projects/Policy-RL-Peg_insertion/force_peg_rl/logs/rl_games/Forge/2026-08-16_21-49-29/nn/Forge.pth,0,nominal,1001,False,timeout,149,22.25992774963379,0.10421546548604965,9.328500747680664,1.4523569345474243,0.19166667759418488,0.025132425129413605,0.3067649304866791,0.017300201579928398,0.75,0.75,0.021430961787700653,-0.6492890119552612
2026-08-16_21-49-29,/home/as22cq/Projects/Policy-RL-Peg_insertion/force_peg_rl/logs/rl_games/Forge/2026-08-16_21-49-29/nn/Forge.pth,0,nominal,1001,False,timeout,149,29.480621337890625,0.030615180730819702,0.2979430556297302,0.052028022706508636,0.0,0.06350657343864441,1.94356369972229,0.017231246456503868,0.75,0.75,0.013714263215661049,0.15870985388755798
2026-08-16_21-49-29,/home/as22cq/Projects/Policy-RL-Peg_insertion/force_peg_rl/logs/rl_games/Forge/2026-08-16_21-49-29/nn/Forge.pth,0,nominal,1001,False,timeout,149,27.214820861816406,0.1523789018392563,0.5408602952957153,0.10183722525835037,0.0,0.05666745826601982,0.5939339995384216,0.014061514288187027,0.75,0.75,0.008627437055110931,0.485250860452652
2026-08-16_21-49-29,/home/as22cq/Projects/Policy-RL-Peg_insertion/force_peg_rl/logs/rl_games/Forge/2026-08-16_21-49-29/nn/Forge.pth,0,nominal,1001,False,timeout,149,29.71798324584961,0.031347375363111496,0.5243736505508423,0.06183231994509697,0.0,0.06173930689692497,2.2003936767578125,0.018452759832143784,0.75,0.75,0.017599990591406822,0.7177645564079285
2026-08-16_21-49-29,/home/as22cq/Projects/Policy-RL-Peg_insertion/force_peg_rl/logs/rl_games/Forge/2026-08-16_21-49-29/nn/Forge.pth,0,nominal,1001,False,timeout,149,32.96710205078125,0.07000353932380676,8.006917953491211,0.8363729119300842,0.008333333767950535,0.03602363541722298,0.45965802669525146,0.019890470430254936,0.75,0.75,0.018946925178170204,0.7266778945922852
2026-08-16_21-49-29,/home/as22cq/Projects/Policy-RL-Peg_insertion/force_peg_rl/logs/rl_games/Forge/2026-08-16_21-49-29/nn/Forge.pth,0,nominal,1001,False,timeout,149,31.802047729492188,0.05790610611438751,2.0121443271636963,0.15401558578014374,0.0,0.013820305466651917,0.3657259941101074,0.018977031111717224,0.75,0.75,0.017995428293943405,-0.21558690071105957
2026-08-16_21-49-29,/home/as22cq/Projects/Policy-RL-Peg_insertion/force_peg_rl/logs/rl_games/Forge/2026-08-16_21-49-29/nn/Forge.pth,0,nominal,1001,False,timeout,149,31.121551513671875,0.03426898270845413,10.045554161071777,1.8125897645950317,0.15000000596046448,0.043815772980451584,1.3198994398117065,0.01557972189038992,0.75,0.75,0.012333977967500687,0.3208732604980469
2026-08-16_21-49-29,/home/as22cq/Projects/Policy-RL-Peg_insertion/force_peg_rl/logs/rl_games/Forge/2026-08-16_21-49-29/nn/Forge.pth,0,nominal,1001,False,timeout,149,29.202892303466797,0.07321648299694061,0.6708325743675232,0.04931323602795601,0.0,0.02088780142366886,0.5489017367362976,0.017802242189645767,0.75,0.75,0.021507157012820244,-0.464180588722229
2026-08-16_21-49-29,/home/as22cq/Projects/Policy-RL-Peg_insertion/force_peg_rl/logs/rl_games/Forge/2026-08-16_21-49-29/nn/Forge.pth,0,nominal,1001,True,success,149,198.0579376220703,0.0002309810370206833,16.319318771362305,5.749085903167725,0.3916666805744171,0.00044606326264329255,0.48558592796325684,0.017767682671546936,0.75,0.75,0.0027543501928448677,-0.31682145595550537
2026-08-16_21-49-29,/home/as22cq/Projects/Policy-RL-Peg_insertion/force_peg_rl/logs/rl_games/Forge/2026-08-16_21-49-29/nn/Forge.pth,0,nominal,1001,False,timeout,149,30.671966552734375,0.009997634217143059,0.560059666633606,0.10011547803878784,0.0,0.06574023514986038,1.895969271659851,0.015009330585598946,0.75,0.75,0.012256965972483158,0.399362176656723
2026-08-16_21-49-29,/home/as22cq/Projects/Policy-RL-Peg_insertion/force_peg_rl/logs/rl_games/Forge/2026-08-16_21-49-29/nn/Forge.pth,0,nominal,1001,False,timeout,149,27.608362197875977,0.03540055453777313,0.5247915983200073,0.05910826101899147,0.0,0.021177105605602264,0.7454044222831726,0.02253558859229088,0.75,0.75,0.018683847039937973,0.2690579295158386
2026-08-16_21-49-29,/home/as22cq/Projects/Policy-RL-Peg_insertion/force_peg_rl/logs/rl_games/Forge/2026-08-16_21-49-29/nn/Forge.pth,0,nominal,1001,False,timeout,149,34.06239700317383,0.002184465527534485,8.870635986328125,0.9354228377342224,0.0,0.033184729516506195,1.0477514266967773,0.016178205609321594,0.75,0.75,0.01242130808532238,-0.5786872506141663
2026-08-16_21-49-29,/home/as22cq/Projects/Policy-RL-Peg_insertion/force_peg_rl/logs/rl_games/Forge/2026-08-16_21-49-29/nn/Forge.pth,0,nominal,1001,False,timeout,149,30.218061447143555,0.09585972130298615,11.345129013061523,1.1107418537139893,0.008333333767950535,0.03305944800376892,0.513692319393158,0.021530838683247566,0.75,0.75,0.015110381878912449,0.05560506880283356
2026-08-16_21-49-29,/home/as22cq/Projects/Policy-RL-Peg_insertion/force_peg_rl/logs/rl_games/Forge/2026-08-16_21-49-29/nn/Forge.pth,0,nominal,1001,False,timeout,149,36.44862365722656,0.1743806004524231,15.561578750610352,0.9748795032501221,0.0833333358168602,0.038323819637298584,0.3735804855823517,0.014759902842342854,0.75,0.75,0.01829526387155056,-0.7175599336624146
2026-08-16_21-49-29,/home/as22cq/Projects/Policy-RL-Peg_insertion/force_peg_rl/logs/rl_games/Forge/2026-08-16_21-49-29/nn/Forge.pth,0,nominal,1001,False,timeout,149,30.83234214782715,0.08866026997566223,8.311264991760254,0.624777615070343,0.008333333767950535,0.020631276071071625,0.32059428095817566,0.023537378758192062,0.75,0.75,0.02001100219786167,-0.00426830817013979
2026-08-16_21-49-29,/home/as22cq/Projects/Policy-RL-Peg_insertion/force_peg_rl/logs/rl_games/Forge/2026-08-16_21-49-29/nn/Forge.pth,0,nominal,1001,False,timeout,149,174.11465454101562,0.020559251308441162,22.21841812133789,5.994041442871094,0.36666667461395264,0.0008845422999002039,0.6409037113189697,0.021453145891427994,0.75,0.75,0.005087940488010645,-0.41542989015579224
2026-08-16_21-49-29,/home/as22cq/Projects/Policy-RL-Peg_insertion/force_peg_rl/logs/rl_games/Forge/2026-08-16_21-49-29/nn/Forge.pth,0,nominal,1001,False,timeout,149,38.292964935302734,0.028259318321943283,9.480544090270996,2.144291639328003,0.09166666865348816,0.04159936308860779,1.3817015886306763,0.023269906640052795,0.75,0.75,0.018342526629567146,0.7181453704833984
2026-08-16_21-49-29,/home/as22cq/Projects/Policy-RL-Peg_insertion/force_peg_rl/logs/rl_games/Forge/2026-08-16_21-49-29/nn/Forge.pth,0,nominal,1001,False,timeout,149,31.15093994140625,0.036401353776454926,4.643428802490234,0.09292462468147278,0.0,0.0420183390378952,0.7412323951721191,0.02015027217566967,0.75,0.75,0.009213525801897049,0.2632787823677063
2026-08-16_21-49-29,/home/as22cq/Projects/Policy-RL-Peg_insertion/force_peg_rl/logs/rl_games/Forge/2026-08-16_21-49-29/nn/Forge.pth,0,nominal,1001,False,timeout,149,25.379016876220703,0.20335134863853455,0.45449069142341614,0.08903276175260544,0.0,0.059824537485837936,0.39180701971054077,0.01780351623892784,0.75,0.75,0.019182290881872177,-0.29874444007873535
2026-08-16_21-49-29,/home/as22cq/Projects/Policy-RL-Peg_insertion/force_peg_rl/logs/rl_games/Forge/2026-08-16_21-49-29/nn/Forge.pth,0,nominal,1001,False,timeout,149,29.257692337036133,0.06899279356002808,0.41443178057670593,0.0719449371099472,0.0,0.026799866929650307,0.4897279441356659,0.016263706609606743,0.75,0.75,0.013175632804632187,0.35033491253852844
2026-08-16_21-49-29,/home/as22cq/Projects/Policy-RL-Peg_insertion/force_peg_rl/logs/rl_games/Forge/2026-08-16_21-49-29/nn/Forge.pth,0,nominal,1001,False,timeout,149,29.005794525146484,0.06421127170324326,0.43889427185058594,0.114013671875,0.0,0.0142415352165699,0.5970839262008667,0.016402853652834892,0.75,0.75,0.013304097577929497,0.19915515184402466
2026-08-16_21-49-29,/home/as22cq/Projects/Policy-RL-Peg_insertion/force_peg_rl/logs/rl_games/Forge/2026-08-16_21-49-29/nn/Forge.pth,0,nominal,1001,False,timeout,149,34.183475494384766,0.025910869240760803,13.40320873260498,3.570331335067749,0.17500001192092896,0.01754261925816536,0.7254964709281921,0.02295359969139099,0.75,0.75,0.013419264927506447,0.39455029368400574
2026-08-16_21-49-29,/home/as22cq/Projects/Policy-RL-Peg_insertion/force_peg_rl/logs/rl_games/Forge/2026-08-16_21-49-29/nn/Forge.pth,0,nominal,1001,False,timeout,149,30.503849029541016,0.0385710671544075,0.3350226581096649,0.04371011257171631,0.0,0.04381341114640236,0.5943989753723145,0.01770959608256817,0.75,0.75,0.014691845513880253,-0.5404009222984314
2026-08-16_21-49-29,/home/as22cq/Projects/Policy-RL-Peg_insertion/force_peg_rl/logs/rl_games/Forge/2026-08-16_21-49-29/nn/Forge.pth,0,nominal,1001,False,timeout,149,23.011734008789062,0.10987948626279831,10.324116706848145,0.8039461970329285,0.07500000298023224,0.047040555626153946,0.3624942898750305,0.016356922686100006,0.75,0.75,0.017856009304523468,-0.33245620131492615
2026-08-16_21-49-29,/home/as22cq/Projects/Policy-RL-Peg_insertion/force_peg_rl/logs/rl_games/Forge/2026-08-16_21-49-29/nn/Forge.pth,0,nominal,1001,False,timeout,149,30.582298278808594,0.024055544286966324,0.4836730360984802,0.09882994741201401,0.0,0.04054061323404312,1.2822465896606445,0.02057572640478611,0.75,0.75,0.015976805239915848,-0.3307815492153168
2026-08-16_21-49-29,/home/as22cq/Projects/Policy-RL-Peg_insertion/force_peg_rl/logs/rl_games/Forge/2026-08-16_21-49-29/nn/Forge.pth,0,nominal,1001,False,timeout,149,29.85767936706543,0.04568232595920563,0.23591816425323486,0.04170631617307663,0.0,0.009815164841711521,0.39259928464889526,0.01646830514073372,0.75,0.75,0.021247239783406258,-0.2188536822795868
2026-08-16_21-49-29,/home/as22cq/Projects/Policy-RL-Peg_insertion/force_peg_rl/logs/rl_games/Forge/2026-08-16_21-49-29/nn/Forge.pth,0,nominal,1001,False,timeout,149,33.8172721862793,0.023561574518680573,6.455080509185791,0.7159547209739685,0.0,0.03488380089402199,1.383094310760498,0.016161106526851654,0.75,0.75,0.01631709188222885,0.30144909024238586
2026-08-16_21-49-29,/home/as22cq/Projects/Policy-RL-Peg_insertion/force_peg_rl/logs/rl_games/Forge/2026-08-16_21-49-29/nn/Forge.pth,0,nominal,1001,False,timeout,149,30.206472396850586,0.04596453160047531,5.92839241027832,0.14577415585517883,0.008333333767950535,0.021316900849342346,0.4824829697608948,0.01702846586704254,0.75,0.75,0.014140252023935318,-0.15462133288383484
2026-08-16_21-49-29,/home/as22cq/Projects/Policy-RL-Peg_insertion/force_peg_rl/logs/rl_games/Forge/2026-08-16_21-49-29/nn/Forge.pth,0,nominal,1001,False,timeout,149,27.8350830078125,0.018476564437150955,0.27400457859039307,0.05332532525062561,0.0,0.06326112896203995,2.004055976867676,0.014587434940040112,0.75,0.75,0.020949913188815117,0.40289273858070374
2026-08-16_21-49-29,/home/as22cq/Projects/Policy-RL-Peg_insertion/force_peg_rl/logs/rl_games/Forge/2026-08-16_21-49-29/nn/Forge.pth,0,nominal,1001,False,timeout,149,28.335052490234375,0.12466999888420105,1.0618547201156616,0.06989660859107971,0.0,0.025821108371019363,0.26945653557777405,0.018362728878855705,0.75,0.75,0.01223105750977993,-0.4435054361820221
2026-08-16_21-49-29,/home/as22cq/Projects/Policy-RL-Peg_insertion/force_peg_rl/logs/rl_games/Forge/2026-08-16_21-49-29/nn/Forge.pth,0,nominal,1001,False,timeout,149,28.646072387695312,0.04241101071238518,1.3712964057922363,0.18478840589523315,0.0,0.027859583497047424,0.7974965572357178,0.01855064183473587,0.75,0.75,0.01869184523820877,-0.6091059446334839
2026-08-16_21-49-29,/home/as22cq/Projects/Policy-RL-Peg_insertion/force_peg_rl/logs/rl_games/Forge/2026-08-16_21-49-29/nn/Forge.pth,0,nominal,1001,False,timeout,149,30.4571590423584,0.032279498875141144,2.205871820449829,0.21319203078746796,0.0,0.026824241504073143,0.5992525815963745,0.018471993505954742,0.75,0.75,0.016589105129241943,-0.029500886797904968
2026-08-16_21-49-29,/home/as22cq/Projects/Policy-RL-Peg_insertion/force_peg_rl/logs/rl_games/Forge/2026-08-16_21-49-29/nn/Forge.pth,0,nominal,1001,False,timeout,149,26.818286895751953,0.18346765637397766,2.3066000938415527,0.06440246850252151,0.0,0.05752870440483093,0.5498616099357605,0.02168460376560688,0.75,0.75,0.019233984872698784,-0.3934597969055176
2026-08-16_21-49-29,/home/as22cq/Projects/Policy-RL-Peg_insertion/force_peg_rl/logs/rl_games/Forge/2026-08-16_21-49-29/nn/Forge.pth,0,nominal,1001,False,timeout,149,29.1663875579834,0.033492278307676315,0.3400340974330902,0.051069024950265884,0.0,0.05213037133216858,1.7540168762207031,0.01885201781988144,0.75,0.75,0.019675159826874733,0.6522115468978882
2026-08-16_21-49-29,/home/as22cq/Projects/Policy-RL-Peg_insertion/force_peg_rl/logs/rl_games/Forge/2026-08-16_21-49-29/nn/Forge.pth,0,nominal,1001,False,timeout,149,33.60471725463867,0.007475517690181732,0.595553457736969,0.07401660084724426,0.0,0.041239846497774124,1.4049501419067383,0.017903078347444534,0.75,0.75,0.01722608506679535,0.5483886003494263
2026-08-16_21-49-29,/home/as22cq/Projects/Policy-RL-Peg_insertion/force_peg_rl/logs/rl_games/Forge/2026-08-16_21-49-29/nn/Forge.pth,0,nominal,1001,False,timeout,149,27.737300872802734,0.02436293661594391,0.39657726883888245,0.06178516149520874,0.0,0.06412618607282639,1.3056304454803467,0.01591614820063114,0.75,0.75,0.014896406792104244,0.42344486713409424
2026-08-16_21-49-29,/home/as22cq/Projects/Policy-RL-Peg_insertion/force_peg_rl/logs/rl_games/Forge/2026-08-16_21-49-29/nn/Forge.pth,0,nominal,1001,False,timeout,149,27.34864044189453,0.029871255159378052,1.5805728435516357,0.13270507752895355,0.0,0.07507596909999847,2.1496565341949463,0.02119617350399494,0.75,0.75,0.024552397429943085,0.7525647282600403
2026-08-16_21-49-29,/home/as22cq/Projects/Policy-RL-Peg_insertion/force_peg_rl/logs/rl_games/Forge/2026-08-16_21-49-29/nn/Forge.pth,0,nominal,1001,False,timeout,149,26.1014461517334,0.14115582406520844,5.948541641235352,1.3566126823425293,0.0,0.031460121273994446,0.16222251951694489,0.022429121658205986,0.75,0.75,0.018510691821575165,-0.4727274775505066
2026-08-16_21-49-29,/home/as22cq/Projects/Policy-RL-Peg_insertion/force_peg_rl/logs/rl_games/Forge/2026-08-16_21-49-29/nn/Forge.pth,0,nominal,1001,False,timeout,149,31.730634689331055,0.008564114570617676,0.37294307351112366,0.07130284607410431,0.0,0.040305886417627335,1.262439489364624,0.01488218829035759,0.75,0.75,0.01386965997517109,0.4944983422756195
2026-08-16_21-49-29,/home/as22cq/Projects/Policy-RL-Peg_insertion/force_peg_rl/logs/rl_games/Forge/2026-08-16_21-49-29/nn/Forge.pth,0,nominal,1001,False,timeout,149,28.217891693115234,0.055701516568660736,0.32628098130226135,0.04743218421936035,0.0,0.02512432634830475,0.7581020593643188,0.017609914764761925,0.75,0.75,0.020818792283535004,0.1502843201160431
2026-08-16_21-49-29,/home/as22cq/Projects/Policy-RL-Peg_insertion/force_peg_rl/logs/rl_games/Forge/2026-08-16_21-49-29/nn/Forge.pth,0,nominal,1001,False,timeout,149,32.64009094238281,0.06345972418785095,6.002488136291504,0.7738232016563416,0.0,0.03204695135354996,0.456924706697464,0.014196322299540043,0.75,0.75,0.018837006762623787,-0.6462771892547607
2026-08-16_21-49-29,/home/as22cq/Projects/Policy-RL-Peg_insertion/force_peg_rl/logs/rl_games/Forge/2026-08-16_21-49-29/nn/Forge.pth,0,nominal,1001,False,timeout,149,28.67994499206543,0.06556209176778793,0.7595084309577942,0.11898614466190338,0.0,0.017155000939965248,0.5037017464637756,0.01995878294110298,0.75,0.75,0.021841170266270638,0.6344282031059265
2026-08-16_21-49-29,/home/as22cq/Projects/Policy-RL-Peg_insertion/force_peg_rl/logs/rl_games/Forge/2026-08-16_21-49-29/nn/Forge.pth,0,nominal,1001,False,timeout,149,40.60235595703125,0.01839219406247139,6.578481674194336,0.7701150178909302,0.008333333767950535,0.0321827158331871,1.0622433423995972,0.02250853180885315,0.75,0.75,0.018767455592751503,0.6043733358383179
2026-08-16_21-49-29,/home/as22cq/Projects/Policy-RL-Peg_insertion/force_peg_rl/logs/rl_games/Forge/2026-08-16_21-49-29/nn/Forge.pth,0,nominal,1001,False,timeout,149,27.53989601135254,0.025198940187692642,6.396230220794678,0.8210837841033936,0.0,0.05737024173140526,1.7485055923461914,0.018876703456044197,0.75,0.75,0.019832029938697815,0.632672131061554
2026-08-16_21-49-29,/home/as22cq/Projects/Policy-RL-Peg_insertion/force_peg_rl/logs/rl_games/Forge/2026-08-16_21-49-29/nn/Forge.pth,0,nominal,1001,False,timeout,149,26.88726234436035,0.04584813117980957,0.6514219641685486,0.09424202889204025,0.0,0.025771109387278557,0.6410847902297974,0.018970340490341187,0.75,0.75,0.019398557022213936,-0.38063299655914307
2026-08-16_21-49-29,/home/as22cq/Projects/Policy-RL-Peg_insertion/force_peg_rl/logs/rl_games/Forge/2026-08-16_21-49-29/nn/Forge.pth,0,nominal,1001,False,timeout,149,31.596744537353516,0.019554756581783295,0.253989577293396,0.05219201371073723,0.0,0.05995120853185654,2.0447373390197754,0.014674588106572628,0.75,0.75,0.016571562737226486,-0.01652820035815239
2026-08-16_21-49-29,/home/as22cq/Projects/Policy-RL-Peg_insertion/force_peg_rl/logs/rl_games/Forge/2026-08-16_21-49-29/nn/Forge.pth,0,nominal,1001,False,timeout,149,29.17938804626465,0.05844949185848236,0.36978814005851746,0.0734262615442276,0.0,0.020442944020032883,0.6076390147209167,0.021122463047504425,0.75,0.75,0.007517548743635416,0.4541884958744049
2026-08-16_21-49-29,/home/as22cq/Projects/Policy-RL-Peg_insertion/force_peg_rl/logs/rl_games/Forge/2026-08-16_21-49-29/nn/Forge.pth,0,nominal,1001,False,timeout,149,29.65753746032715,0.032863546162843704,8.488780975341797,0.30336982011795044,0.008333333767950535,0.012232840061187744,0.5571762323379517,0.020548122003674507,0.75,0.75,0.022836808115243912,-0.5218984484672546
2026-08-16_21-49-29,/home/as22cq/Projects/Policy-RL-Peg_insertion/force_peg_rl/logs/rl_games/Forge/2026-08-16_21-49-29/nn/Forge.pth,0,nominal,1001,False,timeout,149,26.94982147216797,0.08501589298248291,0.38477352261543274,0.08456332981586456,0.0,0.017489178106188774,0.5115313529968262,0.0146819818764925,0.75,0.75,0.009932360611855984,-0.3420926630496979
2026-08-16_21-49-29,/home/as22cq/Projects/Policy-RL-Peg_insertion/force_peg_rl/logs/rl_games/Forge/2026-08-16_21-49-29/nn/Forge.pth,0,nominal,1001,False,timeout,149,37.64557647705078,0.4845656752586365,17.431110382080078,5.270464897155762,0.28333336114883423,1.2361193895339966,0.46947920322418213,0.016416696831583977,0.75,0.75,0.015543580055236816,0.12891027331352234
2026-08-16_21-49-29,/home/as22cq/Projects/Policy-RL-Peg_insertion/force_peg_rl/logs/rl_games/Forge/2026-08-16_21-49-29/nn/Forge.pth,0,nominal,1001,False,timeout,149,29.202495574951172,0.09301042556762695,5.335890769958496,0.5836249589920044,0.0,0.030158396810293198,0.5760010480880737,0.02037438005208969,0.75,0.75,0.019716428592801094,-0.7546032667160034
2026-08-16_21-49-29,/home/as22cq/Projects/Policy-RL-Peg_insertion/force_peg_rl/logs/rl_games/Forge/2026-08-16_21-49-29/nn/Forge.pth,0,nominal,1001,False,timeout,149,30.714719772338867,0.030952364206314087,0.4744666516780853,0.09156546741724014,0.0,0.07576349377632141,1.061715841293335,0.02104412019252777,0.75,0.75,0.02434394508600235,0.4898701012134552
2026-08-16_21-49-29,/home/as22cq/Projects/Policy-RL-Peg_insertion/force_peg_rl/logs/rl_games/Forge/2026-08-16_21-49-29/nn/Forge.pth,0,nominal,1001,False,timeout,149,29.0479793548584,0.025300659239292145,0.2031560093164444,0.036867085844278336,0.0,0.05090345814824104,1.526861310005188,0.021495122462511063,0.75,0.75,0.008821305818855762,0.3837381899356842
2026-08-16_21-49-29,/home/as22cq/Projects/Policy-RL-Peg_insertion/force_peg_rl/logs/rl_games/Forge/2026-08-16_21-49-29/nn/Forge.pth,0,nominal,1001,False,timeout,149,22.067686080932617,0.12816239893436432,9.662381172180176,1.7044789791107178,0.10833334177732468,0.03826173394918442,0.34282153844833374,0.0181379783898592,0.75,0.75,0.0077208103612065315,-0.0785929337143898
2026-08-16_21-49-29,/home/as22cq/Projects/Policy-RL-Peg_insertion/force_peg_rl/logs/rl_games/Forge/2026-08-16_21-49-29/nn/Forge.pth,0,nominal,1001,False,timeout,149,24.28748893737793,0.08110365271568298,2.7093536853790283,0.10732664167881012,0.0,0.0360528789460659,0.18873044848442078,0.016820821911096573,0.75,0.75,0.020627807825803757,-0.6109328866004944
2026-08-16_21-49-29,/home/as22cq/Projects/Policy-RL-Peg_insertion/force_peg_rl/logs/rl_games/Forge/2026-08-16_21-49-29/nn/Forge.pth,0,nominal,1002,True,success,149,278.8101501464844,0.00020407140254974365,12.525894165039062,4.510409832000732,0.4833333492279053,0.0005726917297579348,0.452723890542984,0.019413884729146957,0.75,0.75,0.01789960265159607,0.45074665546417236
2026-08-16_21-49-29,/home/as22cq/Projects/Policy-RL-Peg_insertion/force_peg_rl/logs/rl_games/Forge/2026-08-16_21-49-29/nn/Forge.pth,0,nominal,1002,False,timeout,149,-14.008563041687012,0.06840117275714874,15.402486801147461,1.2976499795913696,0.11666667461395264,0.03301320970058441,0.8180201053619385,0.01712241768836975,0.75,0.75,0.00903177447617054,-0.6292104721069336
2026-08-16_21-49-29,/home/as22cq/Projects/Policy-RL-Peg_insertion/force_peg_rl/logs/rl_games/Forge/2026-08-16_21-49-29/nn/Forge.pth,0,nominal,1002,False,timeout,149,-6.533878326416016,0.06668900698423386,4.900761604309082,0.6079541444778442,0.0,0.027543485164642334,0.3968043625354767,0.01554050762206316,0.75,0.75,0.013464132323861122,-0.32392194867134094
2026-08-16_21-49-29,/home/as22cq/Projects/Policy-RL-Peg_insertion/force_peg_rl/logs/rl_games/Forge/2026-08-16_21-49-29/nn/Forge.pth,0,nominal,1002,False,timeout,149,-5.572120666503906,0.04417119920253754,11.872891426086426,2.859280824661255,0.03333333507180214,0.044010281562805176,0.9107945561408997,0.018758801743388176,0.75,0.75,0.020801255479454994,0.5808753371238708
2026-08-16_21-49-29,/home/as22cq/Projects/Policy-RL-Peg_insertion/force_peg_rl/logs/rl_games/Forge/2026-08-16_21-49-29/nn/Forge.pth,0,nominal,1002,False,timeout,149,-5.282051086425781,0.07685839384794235,9.902752876281738,1.2874914407730103,0.01666666753590107,0.011434358544647694,0.4456205368041992,0.014345498755574226,0.75,0.75,0.021153444424271584,0.22044812142848969
2026-08-16_21-49-29,/home/as22cq/Projects/Policy-RL-Peg_insertion/force_peg_rl/logs/rl_games/Forge/2026-08-16_21-49-29/nn/Forge.pth,0,nominal,1002,False,timeout,149,31.81836700439453,0.012839317321777344,15.528470993041992,9.858418464660645,1.0250000953674316,0.000666016130708158,1.419965147972107,0.015388447791337967,0.75,0.75,0.01370332483202219,-0.33679747581481934
2026-08-16_21-49-29,/home/as22cq/Projects/Policy-RL-Peg_insertion/force_peg_rl/logs/rl_games/Forge/2026-08-16_21-49-29/nn/Forge.pth,0,nominal,1002,False,timeout,149,55.54156494140625,0.756635308265686,12.44085693359375,5.324376583099365,0.5083333849906921,0.6256813406944275,0.5783793926239014,0.020567502826452255,0.75,0.75,0.018199071288108826,-0.2882532477378845
2026-08-16_21-49-29,/home/as22cq/Projects/Policy-RL-Peg_insertion/force_peg_rl/logs/rl_games/Forge/2026-08-16_21-49-29/nn/Forge.pth,0,nominal,1002,False,timeout,149,-7.32075309753418,0.024912383407354355,9.684476852416992,0.8698871731758118,0.09166666865348816,0.05385398492217064,1.6432000398635864,0.018307818099856377,0.75,0.75,0.010578595101833344,-0.5181620717048645
2026-08-16_21-49-29,/home/as22cq/Projects/Policy-RL-Peg_insertion/force_peg_rl/logs/rl_games/Forge/2026-08-16_21-49-29/nn/Forge.pth,0,nominal,1002,False,timeout,149,120.1866683959961,0.014871565625071526,15.848214149475098,9.509467124938965,0.9083333611488342,0.0005911821499466896,2.512314796447754,0.02321643754839897,0.75,0.75,0.005322881042957306,0.06376909464597702
2026-08-16_21-49-29,/home/as22cq/Projects/Policy-RL-Peg_insertion/force_peg_rl/logs/rl_games/Forge/2026-08-16_21-49-29/nn/Forge.pth,0,nominal,1002,False,timeout,149,-12.360926628112793,0.11708232015371323,5.949271202087402,0.290588915348053,0.0,0.04740878567099571,0.2716909348964691,0.014807280153036118,0.75,0.75,0.0191887766122818,-0.3304016888141632
2026-08-16_21-49-29,/home/as22cq/Projects/Policy-RL-Peg_insertion/force_peg_rl/logs/rl_games/Forge/2026-08-16_21-49-29/nn/Forge.pth,0,nominal,1002,False,timeout,149,-9.22208309173584,0.18157699704170227,5.7120890617370605,0.7082324624061584,0.0,0.041417669504880905,0.31438982486724854,0.02122945338487625,0.75,0.75,0.0049608671106398106,-0.6119070649147034
2026-08-16_21-49-29,/home/as22cq/Projects/Policy-RL-Peg_insertion/force_peg_rl/logs/rl_games/Forge/2026-08-16_21-49-29/nn/Forge.pth,0,nominal,1002,False,timeout,149,45.430625915527344,0.10134325921535492,10.462000846862793,3.779923915863037,0.21666668355464935,0.01676841638982296,0.5719829201698303,0.015919752418994904,0.75,0.75,0.013480856083333492,0.15796928107738495
2026-08-16_21-49-29,/home/as22cq/Projects/Policy-RL-Peg_insertion/force_peg_rl/logs/rl_games/Forge/2026-08-16_21-49-29/nn/Forge.pth,0,nominal,1002,False,timeout,149,160.47789001464844,0.01780121773481369,11.793680191040039,7.3404622077941895,0.40000003576278687,0.0009442346636205912,2.327859401702881,0.02155010960996151,0.75,0.75,0.010217918083071709,0.07179664820432663
2026-08-16_21-49-29,/home/as22cq/Projects/Policy-RL-Peg_insertion/force_peg_rl/logs/rl_games/Forge/2026-08-16_21-49-29/nn/Forge.pth,0,nominal,1002,False,timeout,149,171.7428436279297,0.004094712436199188,15.683918952941895,7.653712749481201,0.6500000357627869,0.000616344332229346,0.27990415692329407,0.015309987589716911,0.75,0.75,0.01897512748837471,0.4430526793003082
2026-08-16_21-49-29,/home/as22cq/Projects/Policy-RL-Peg_insertion/force_peg_rl/logs/rl_games/Forge/2026-08-16_21-49-29/nn/Forge.pth,0,nominal,1002,False,timeout,149,23.64708137512207,0.018850553780794144,26.237611770629883,10.844270706176758,1.100000023841858,0.0009378078975714743,1.734797716140747,0.017588315531611443,0.75,0.75,0.011249029077589512,-0.15198840200901031
2026-08-16_21-49-29,/home/as22cq/Projects/Policy-RL-Peg_insertion/force_peg_rl/logs/rl_games/Forge/2026-08-16_21-49-29/nn/Forge.pth,0,nominal,1002,True,success,149,304.3913879394531,6.145238876342773e-05,17.466524124145508,6.480346202850342,0.44166669249534607,0.0004594300698954612,0.4844304025173187,0.017348863184452057,0.75,0.75,0.001999589381739497,0.7696378231048584
2026-08-16_21-49-29,/home/as22cq/Projects/Policy-RL-Peg_insertion/force_peg_rl/logs/rl_games/Forge/2026-08-16_21-49-29/nn/Forge.pth,0,nominal,1002,False,timeout,149,86.26936340332031,0.020993012934923172,15.637299537658691,8.841343879699707,0.7500000596046448,0.0010812565451487899,2.2501885890960693,0.01678197830915451,0.75,0.75,0.018876828253269196,-0.28883111476898193
2026-08-16_21-49-29,/home/as22cq/Projects/Policy-RL-Peg_insertion/force_peg_rl/logs/rl_games/Forge/2026-08-16_21-49-29/nn/Forge.pth,0,nominal,1002,False,timeout,149,74.47278594970703,0.048466917127370834,17.170330047607422,5.007177829742432,0.24166667461395264,0.34224894642829895,0.3934403657913208,0.020639784634113312,0.75,0.75,0.017401155084371567,0.698418378829956
2026-08-16_21-49-29,/home/as22cq/Projects/Policy-RL-Peg_insertion/force_peg_rl/logs/rl_games/Forge/2026-08-16_21-49-29/nn/Forge.pth,0,nominal,1002,False,timeout,149,85.83172607421875,0.015887707471847534,16.57841682434082,9.442681312561035,0.98333340883255,0.001076105167157948,1.7913323640823364,0.02195141091942787,0.75,0.75,0.0175413116812706,0.5204441547393799
2026-08-16_21-49-29,/home/as22cq/Projects/Policy-RL-Peg_insertion/force_peg_rl/logs/rl_games/Forge/2026-08-16_21-49-29/nn/Forge.pth,0,nominal,1002,True,success,149,371.95599365234375,0.00040013715624809265,11.630322456359863,3.2210817337036133,0.01666666753590107,0.00022048411483410746,0.3760647475719452,0.021944817155599594,0.75,0.75,0.02279234118759632,0.2631632387638092
2026-08-16_21-49-29,/home/as22cq/Projects/Policy-RL-Peg_insertion/force_peg_rl/logs/rl_games/Forge/2026-08-16_21-49-29/nn/Forge.pth,0,nominal,1002,True,success,149,240.06373596191406,6.261467933654785e-05,12.539519309997559,5.989274024963379,0.6333333849906921,0.00014937628293409944,0.5335226655006409,0.01506362110376358,0.75,0.75,0.021574553102254868,0.7122719883918762
2026-08-16_21-49-29,/home/as22cq/Projects/Policy-RL-Peg_insertion/force_peg_rl/logs/rl_games/Forge/2026-08-16_21-49-29/nn/Forge.pth,0,nominal,1002,False,timeout,149,62.5082893371582,0.002512142062187195,29.85527992248535,10.234395980834961,0.7750000357627869,0.0008048735908232629,2.346912384033203,0.021246735006570816,0.75,0.75,0.013246471993625164,0.34015482664108276
2026-08-16_21-49-29,/home/as22cq/Projects/Policy-RL-Peg_insertion/force_peg_rl/logs/rl_games/Forge/2026-08-16_21-49-29/nn/Forge.pth,0,nominal,1002,False,timeout,149,-4.489895820617676,0.023308686912059784,11.501077651977539,0.8238584995269775,0.008333333767950535,0.03516480699181557,1.1693706512451172,0.02387821674346924,0.75,0.75,0.006745174527168274,0.5512175559997559
2026-08-16_21-49-29,/home/as22cq/Projects/Policy-RL-Peg_insertion/force_peg_rl/logs/rl_games/Forge/2026-08-16_21-49-29/nn/Forge.pth,0,nominal,1002,False,timeout,149,139.5872344970703,0.011889785528182983,18.647871017456055,9.267999649047852,0.4750000238418579,0.0008286075899377465,1.725612998008728,0.018176956102252007,0.75,0.75,0.012507934123277664,0.07099486142396927
2026-08-16_21-49-29,/home/as22cq/Projects/Policy-RL-Peg_insertion/force_peg_rl/logs/rl_games/Forge/2026-08-16_21-49-29/nn/Forge.pth,0,nominal,1002,True,success,149,100.61759185791016,5.086883902549744e-06,13.505220413208008,9.35766887664795,1.0750000476837158,0.000529313983861357,1.6416298151016235,0.023027971386909485,0.75,0.75,0.01797373779118061,-0.4308236539363861
2026-08-16_21-49-29,/home/as22cq/Projects/Policy-RL-Peg_insertion/force_peg_rl/logs/rl_games/Forge/2026-08-16_21-49-29/nn/Forge.pth,0,nominal,1002,False,timeout,149,-9.044654846191406,0.0540124773979187,16.366596221923828,0.9117604494094849,0.05000000447034836,0.016056453809142113,0.6885209679603577,0.02109156735241413,0.75,0.75,0.009917382150888443,-0.3720260262489319
2026-08-16_21-49-29,/home/as22cq/Projects/Policy-RL-Peg_insertion/force_peg_rl/logs/rl_games/Forge/2026-08-16_21-49-29/nn/Forge.pth,0,nominal,1002,False,timeout,149,-0.6053044199943542,0.004919618368148804,10.728227615356445,1.2110071182250977,0.05000000447034836,0.03192781284451485,1.2158246040344238,0.019174015149474144,0.75,0.75,0.017250249162316322,0.518789529800415
2026-08-16_21-49-29,/home/as22cq/Projects/Policy-RL-Peg_insertion/force_peg_rl/logs/rl_games/Forge/2026-08-16_21-49-29/nn/Forge.pth,0,nominal,1002,False,timeout,149,26.53713035583496,0.025014907121658325,13.907962799072266,7.267062187194824,0.7333333492279053,0.0039750621654093266,0.2994530498981476,0.019366687163710594,0.75,0.75,0.011414960958063602,0.21932949125766754
2026-08-16_21-49-29,/home/as22cq/Projects/Policy-RL-Peg_insertion/force_peg_rl/logs/rl_games/Forge/2026-08-16_21-49-29/nn/Forge.pth,0,nominal,1002,False,timeout,149,124.41128540039062,0.011529814451932907,16.811508178710938,8.644225120544434,0.6500000357627869,0.0006397027755156159,0.5247980356216431,0.016690043732523918,0.75,0.75,0.02096317522227764,-0.5644876956939697
2026-08-16_21-49-29,/home/as22cq/Projects/Policy-RL-Peg_insertion/force_peg_rl/logs/rl_games/Forge/2026-08-16_21-49-29/nn/Forge.pth,0,nominal,1002,True,success,149,328.3485107421875,6.027892231941223e-05,13.130064010620117,5.954126834869385,0.13333334028720856,0.0002678654855117202,0.22089886665344238,0.021030575037002563,0.75,0.75,0.01157835591584444,0.2417273372411728
2026-08-16_21-49-29,/home/as22cq/Projects/Policy-RL-Peg_insertion/force_peg_rl/logs/rl_games/Forge/2026-08-16_21-49-29/nn/Forge.pth,0,nominal,1002,True,success,149,365.2530212402344,0.0009824857115745544,8.810300827026367,3.646455764770508,0.09166666865348816,0.0007747685885988176,0.8485614657402039,0.014745257794857025,0.75,0.75,0.024253567680716515,0.7098237872123718
2026-08-16_21-49-29,/home/as22cq/Projects/Policy-RL-Peg_insertion/force_peg_rl/logs/rl_games/Forge/2026-08-16_21-49-29/nn/Forge.pth,0,nominal,1002,False,timeout,149,-12.36755657196045,0.12751522660255432,11.777139663696289,0.9465284943580627,0.05833333730697632,0.002415223279967904,0.4456122815608978,0.017925405874848366,0.75,0.75,0.020939335227012634,-0.5799182653427124
2026-08-16_21-49-29,/home/as22cq/Projects/Policy-RL-Peg_insertion/force_peg_rl/logs/rl_games/Forge/2026-08-16_21-49-29/nn/Forge.pth,0,nominal,1002,True,success,149,321.55029296875,5.8144330978393555e-05,14.00670051574707,5.641667366027832,0.19166667759418488,0.00013327824126463383,0.2766755521297455,0.023400066420435905,0.75,0.75,0.01801287941634655,-0.2945553660392761
2026-08-16_21-49-29,/home/as22cq/Projects/Policy-RL-Peg_insertion/force_peg_rl/logs/rl_games/Forge/2026-08-16_21-49-29/nn/Forge.pth,0,nominal,1002,False,timeout,149,-5.860935688018799,0.1342008411884308,26.614397048950195,5.437844753265381,0.31666669249534607,1.752299189567566,0.5149675607681274,0.016221296042203903,0.75,0.75,0.013299291953444481,0.49062493443489075
2026-08-16_21-49-29,/home/as22cq/Projects/Policy-RL-Peg_insertion/force_peg_rl/logs/rl_games/Forge/2026-08-16_21-49-29/nn/Forge.pth,0,nominal,1002,True,success,149,367.658203125,0.00015173852443695068,12.6217679977417,4.298367500305176,0.01666666753590107,0.0005776959005743265,0.45463433861732483,0.019461337476968765,0.75,0.75,0.009287179447710514,0.7294746041297913
2026-08-16_21-49-29,/home/as22cq/Projects/Policy-RL-Peg_insertion/force_peg_rl/logs/rl_games/Forge/2026-08-16_21-49-29/nn/Forge.pth,0,nominal,1002,True,success,149,101.14044952392578,0.00012176856398582458,14.314376831054688,8.83245849609375,0.7583333849906921,0.000514899380505085,0.28166574239730835,0.016258444637060165,0.75,0.75,0.009436296299099922,-0.49849066138267517
2026-08-16_21-49-29,/home/as22cq/Projects/Policy-RL-Peg_insertion/force_peg_rl/logs/rl_games/Forge/2026-08-16_21-49-29/nn/Forge.pth,0,nominal,1002,True,success,149,309.0424499511719,0.00019427388906478882,14.062641143798828,6.684872150421143,0.1666666716337204,0.0005394348409026861,0.5655991435050964,0.018716946244239807,0.75,0.75,0.018816489726305008,0.10864932835102081
2026-08-16_21-49-29,/home/as22cq/Projects/Policy-RL-Peg_insertion/force_peg_rl/logs/rl_games/Forge/2026-08-16_21-49-29/nn/Forge.pth,0,nominal,1002,False,timeout,149,-10.033143043518066,0.08522263169288635,10.84605598449707,1.6931869983673096,0.03333333507180214,0.022025492042303085,0.5634718537330627,0.01746673509478569,0.75,0.75,0.023673661053180695,-0.16187995672225952
2026-08-16_21-49-29,/home/as22cq/Projects/Policy-RL-Peg_insertion/force_peg_rl/logs/rl_games/Forge/2026-08-16_21-49-29/nn/Forge.pth,0,nominal,1002,True,success,149,305.58917236328125,4.811584949493408e-05,17.042238235473633,5.479269981384277,0.3333333432674408,0.00022357764828484505,0.5024760961532593,0.01440645195543766,0.75,0.75,0.012244898825883865,-0.5447081327438354
2026-08-16_21-49-29,/home/as22cq/Projects/Policy-RL-Peg_insertion/force_peg_rl/logs/rl_games/Forge/2026-08-16_21-49-29/nn/Forge.pth,0,nominal,1002,False,timeout,149,-12.952522277832031,0.056162238121032715,23.404964447021484,11.529369354248047,0.8583333492279053,0.034287046641111374,0.8060002326965332,0.021889936178922653,0.75,0.75,0.02116028591990471,-0.7573469877243042
2026-08-16_21-49-29,/home/as22cq/Projects/Policy-RL-Peg_insertion/force_peg_rl/logs/rl_games/Forge/2026-08-16_21-49-29/nn/Forge.pth,0,nominal,1002,False,timeout,149,-7.862390041351318,0.01842397265136242,15.06667709350586,1.3493578433990479,0.05000000447034836,0.0573761910200119,1.3527816534042358,0.016589166596531868,0.75,0.75,0.010192293673753738,-0.14078155159950256
2026-08-16_21-49-29,/home/as22cq/Projects/Policy-RL-Peg_insertion/force_peg_rl/logs/rl_games/Forge/2026-08-16_21-49-29/nn/Forge.pth,0,nominal,1002,False,timeout,149,-13.616910934448242,0.11191426217556,14.3808012008667,1.1177661418914795,0.10000000894069672,0.028194982558488846,0.2714727222919464,0.018467051908373833,0.75,0.75,0.006955091841518879,-0.23734819889068604
2026-08-16_21-49-29,/home/as22cq/Projects/Policy-RL-Peg_insertion/force_peg_rl/logs/rl_games/Forge/2026-08-16_21-49-29/nn/Forge.pth,0,nominal,1002,False,timeout,149,-13.087966918945312,0.07432164996862411,14.027207374572754,0.7054797410964966,0.06666667014360428,0.01358874887228012,0.7910654544830322,0.020759839564561844,0.75,0.75,0.014341910369694233,-0.05237210914492607
2026-08-16_21-49-29,/home/as22cq/Projects/Policy-RL-Peg_insertion/force_peg_rl/logs/rl_games/Forge/2026-08-16_21-49-29/nn/Forge.pth,0,nominal,1002,False,timeout,149,31.648717880249023,0.05078809708356857,9.46639633178711,3.3777828216552734,0.0,0.032455284148454666,0.6433918476104736,0.01720079593360424,0.75,0.75,0.009458223357796669,-0.17536109685897827
2026-08-16_21-49-29,/home/as22cq/Projects/Policy-RL-Peg_insertion/force_peg_rl/logs/rl_games/Forge/2026-08-16_21-49-29/nn/Forge.pth,0,nominal,1002,False,timeout,149,-11.616669654846191,0.0869407206773758,24.208261489868164,1.9459893703460693,0.05000000447034836,0.024493446573615074,0.4443436861038208,0.021759364753961563,0.75,0.75,0.00609875563532114,0.7530428171157837
2026-08-16_21-49-29,/home/as22cq/Projects/Policy-RL-Peg_insertion/force_peg_rl/logs/rl_games/Forge/2026-08-16_21-49-29/nn/Forge.pth,0,nominal,1002,False,timeout,149,-0.9377862215042114,0.15522736310958862,4.643681526184082,0.7604391574859619,0.0,0.043476399034261703,0.5317111611366272,0.0233331099152565,0.75,0.75,0.007744076196104288,0.17208805680274963
2026-08-16_21-49-29,/home/as22cq/Projects/Policy-RL-Peg_insertion/force_peg_rl/logs/rl_games/Forge/2026-08-16_21-49-29/nn/Forge.pth,0,nominal,1002,False,timeout,149,139.33665466308594,0.007879741489887238,24.368833541870117,8.509734153747559,0.5416666865348816,0.0005451836041174829,2.2893993854522705,0.021477200090885162,0.75,0.75,0.012040233239531517,0.2449764758348465
2026-08-16_21-49-29,/home/as22cq/Projects/Policy-RL-Peg_insertion/force_peg_rl/logs/rl_games/Forge/2026-08-16_21-49-29/nn/Forge.pth,0,nominal,1002,True,success,149,351.57476806640625,0.00012900680303573608,10.063802719116211,6.527674674987793,0.40833336114883423,0.0005441715475171804,0.32288405299186707,0.023808356374502182,0.75,0.75,0.017729900777339935,0.6457738876342773
2026-08-16_21-49-29,/home/as22cq/Projects/Policy-RL-Peg_insertion/force_peg_rl/logs/rl_games/Forge/2026-08-16_21-49-29/nn/Forge.pth,0,nominal,1002,True,success,149,217.84915161132812,0.00038332678377628326,16.885562896728516,8.778829574584961,0.7583333849906921,0.0006416742107830942,1.564441204071045,0.01721891015768051,0.75,0.75,0.014140610583126545,0.13803786039352417
2026-08-16_21-49-29,/home/as22cq/Projects/Policy-RL-Peg_insertion/force_peg_rl/logs/rl_games/Forge/2026-08-16_21-49-29/nn/Forge.pth,0,nominal,1002,False,timeout,149,39.37774658203125,0.021430786699056625,26.495616912841797,6.406484127044678,0.44166669249534607,0.0011032619513571262,0.4957810640335083,0.018824348226189613,0.75,0.75,0.02334660291671753,0.06929180771112442
2026-08-16_21-49-29,/home/as22cq/Projects/Policy-RL-Peg_insertion/force_peg_rl/logs/rl_games/Forge/2026-08-16_21-49-29/nn/Forge.pth,0,nominal,1002,False,timeout,149,-12.971036911010742,0.1335700899362564,12.416715621948242,0.7458063364028931,0.0416666679084301,0.04774334654211998,0.46077871322631836,0.021324120461940765,0.75,0.75,0.023754483088850975,-0.6461846232414246
2026-08-16_21-49-29,/home/as22cq/Projects/Policy-RL-Peg_insertion/force_peg_rl/logs/rl_games/Forge/2026-08-16_21-49-29/nn/Forge.pth,0,nominal,1002,False,timeout,149,9.744087219238281,0.015070714056491852,8.742814064025879,2.398516893386841,0.02500000223517418,0.04102376103401184,1.6228662729263306,0.01423654519021511,0.75,0.75,0.018009386956691742,0.523815393447876
2026-08-16_21-49-29,/home/as22cq/Projects/Policy-RL-Peg_insertion/force_peg_rl/logs/rl_games/Forge/2026-08-16_21-49-29/nn/Forge.pth,0,nominal,1002,False,timeout,149,-6.870912075042725,0.05600745230913162,9.112956047058105,1.3862773180007935,0.0833333358168602,0.025464847683906555,0.5992196798324585,0.022238317877054214,0.75,0.75,0.015628768131136894,-0.3721763789653778
2026-08-16_21-49-29,/home/as22cq/Projects/Policy-RL-Peg_insertion/force_peg_rl/logs/rl_games/Forge/2026-08-16_21-49-29/nn/Forge.pth,0,nominal,1002,False,timeout,149,-10.795724868774414,0.0935656726360321,14.241065979003906,0.773406982421875,0.02500000223517418,0.0273131150752306,0.41825687885284424,0.023817339912056923,0.75,0.75,0.012229286134243011,-0.33388614654541016
2026-08-16_21-49-29,/home/as22cq/Projects/Policy-RL-Peg_insertion/force_peg_rl/logs/rl_games/Forge/2026-08-16_21-49-29/nn/Forge.pth,0,nominal,1002,True,success,149,203.2101593017578,7.203593850135803e-05,14.259313583374023,6.871347427368164,0.40000003576278687,0.00034385547041893005,0.3112330138683319,0.015604325570166111,0.75,0.75,0.013054702430963516,0.442440390586853
2026-08-16_21-49-29,/home/as22cq/Projects/Policy-RL-Peg_insertion/force_peg_rl/logs/rl_games/Forge/2026-08-16_21-49-29/nn/Forge.pth,0,nominal,1002,False,timeout,149,-10.868882179260254,0.09317722916603088,13.458428382873535,0.9243141412734985,0.008333333767950535,0.012898316606879234,0.493417888879776,0.01654166355729103,0.75,0.75,0.007180836051702499,-0.6129394173622131
2026-08-16_21-49-29,/home/as22cq/Projects/Policy-RL-Peg_insertion/force_peg_rl/logs/rl_games/Forge/2026-08-16_21-49-29/nn/Forge.pth,0,nominal,1002,False,timeout,149,20.598684310913086,0.11101508140563965,8.28268814086914,3.258774995803833,0.06666667014360428,0.01617385633289814,0.1620430052280426,0.015367625281214714,0.75,0.75,0.009681761264801025,-0.702483057975769
2026-08-16_21-49-29,/home/as22cq/Projects/Policy-RL-Peg_insertion/force_peg_rl/logs/rl_games/Forge/2026-08-16_21-49-29/nn/Forge.pth,0,nominal,1002,True,success,149,374.7016906738281,4.233885556459427e-05,12.44148063659668,4.694216728210449,0.13333334028720856,0.0004973335890099406,0.5155492424964905,0.016587311401963234,0.75,0.75,0.004191722720861435,-0.3138895034790039
2026-08-16_21-49-29,/home/as22cq/Projects/Policy-RL-Peg_insertion/force_peg_rl/logs/rl_games/Forge/2026-08-16_21-49-29/nn/Forge.pth,0,nominal,1002,True,success,149,196.7584228515625,0.00012403354048728943,22.911922454833984,8.45034122467041,0.5416666865348816,0.0005439608939923346,1.5819705724716187,0.02069450542330742,0.75,0.75,0.007109863217920065,-0.7241960763931274
2026-08-16_21-49-29,/home/as22cq/Projects/Policy-RL-Peg_insertion/force_peg_rl/logs/rl_games/Forge/2026-08-16_21-49-29/nn/Forge.pth,0,nominal,1002,False,timeout,149,-10.181921005249023,0.13671287894248962,11.803572654724121,1.03090500831604,0.008333333767950535,0.0450979545712471,0.14553752541542053,0.014911415986716747,0.75,0.75,0.017646677792072296,-0.08787451684474945
2026-08-16_21-49-29,/home/as22cq/Projects/Policy-RL-Peg_insertion/force_peg_rl/logs/rl_games/Forge/2026-08-16_21-49-29/nn/Forge.pth,0,nominal,1002,False,timeout,149,70.31851196289062,-0.08781353384256363,12.993644714355469,3.9309816360473633,0.42500001192092896,0.17876851558685303,0.6334737539291382,0.023175688460469246,0.75,0.75,0.01900392398238182,-0.21887314319610596
2026-08-16_21-49-29,/home/as22cq/Projects/Policy-RL-Peg_insertion/force_peg_rl/logs/rl_games/Forge/2026-08-16_21-49-29/nn/Forge.pth,0,nominal,1002,True,success,149,334.9170227050781,0.0003927946090698242,11.146418571472168,3.491792678833008,0.0833333358168602,0.00045832013711333275,0.4879043996334076,0.020305711776018143,0.75,0.75,0.017524760216474533,0.28504395484924316
2026-08-16_21-49-29,/home/as22cq/Projects/Policy-RL-Peg_insertion/force_peg_rl/logs/rl_games/Forge/2026-08-16_21-49-29/nn/Forge.pth,0,nominal,1002,False,timeout,149,-12.00999927520752,0.09128749370574951,13.138528823852539,0.6514835357666016,0.03333333507180214,0.023849403485655785,0.5710933208465576,0.022102581337094307,0.75,0.75,0.021724561229348183,-0.1555425226688385
2026-08-16_21-49-29,/home/as22cq/Projects/Policy-RL-Peg_insertion/force_peg_rl/logs/rl_games/Forge/2026-08-16_21-49-29/nn/Forge.pth,0,nominal,1002,False,timeout,149,21.3443546295166,0.04968652129173279,8.280231475830078,1.597739815711975,0.0,0.028076909482479095,0.7787754535675049,0.020468013361096382,0.75,0.75,0.013485435396432877,-0.6150318384170532
2026-08-16_21-49-29,/home/as22cq/Projects/Policy-RL-Peg_insertion/force_peg_rl/logs/rl_games/Forge/2026-08-16_21-49-29/nn/Forge.pth,0,nominal,1002,True,success,149,232.37832641601562,0.0005414094775915146,9.853346824645996,5.059706211090088,0.19166667759418488,0.00014272333646658808,0.5533416271209717,0.02053002640604973,0.75,0.75,0.016058651730418205,0.19814160466194153
2026-08-16_21-49-29,/home/as22cq/Projects/Policy-RL-Peg_insertion/force_peg_rl/logs/rl_games/Forge/2026-08-16_21-49-29/nn/Forge.pth,0,nominal,1002,False,timeout,149,-89.22757720947266,0.03381066024303436,0.6303228735923767,0.03958139568567276,0.0,0.06439168751239777,2.0869221687316895,0.023736361414194107,0.75,0.75,0.019898032769560814,-0.0350927971303463
2026-08-16_21-49-29,/home/as22cq/Projects/Policy-RL-Peg_insertion/force_peg_rl/logs/rl_games/Forge/2026-08-16_21-49-29/nn/Forge.pth,0,nominal,1002,False,timeout,149,-99.04109191894531,0.01990044116973877,0.46614569425582886,0.08087555319070816,0.0,0.04001414775848389,1.1519235372543335,0.014548050239682198,0.75,0.75,0.02143809013068676,0.5012869238853455
2026-08-16_21-49-29,/home/as22cq/Projects/Policy-RL-Peg_insertion/force_peg_rl/logs/rl_games/Forge/2026-08-16_21-49-29/nn/Forge.pth,0,nominal,1002,False,timeout,149,-73.26853942871094,0.01621543988585472,1.958048939704895,0.06456829607486725,0.0,0.031839195638895035,1.0391448736190796,0.01885204203426838,0.75,0.75,0.020396744832396507,0.27641141414642334
2026-08-16_21-49-29,/home/as22cq/Projects/Policy-RL-Peg_insertion/force_peg_rl/logs/rl_games/Forge/2026-08-16_21-49-29/nn/Forge.pth,0,nominal,1002,False,timeout,149,-95.54743957519531,0.09974132478237152,3.8161396980285645,0.40497592091560364,0.0,0.021860957145690918,0.5814530253410339,0.021734148263931274,0.75,0.75,0.017300695180892944,0.6408067345619202
2026-08-16_21-49-29,/home/as22cq/Projects/Policy-RL-Peg_insertion/force_peg_rl/logs/rl_games/Forge/2026-08-16_21-49-29/nn/Forge.pth,0,nominal,1002,False,timeout,149,-92.91423797607422,0.07299202680587769,8.958551406860352,1.2485543489456177,0.07500000298023224,0.01893981732428074,0.5186644792556763,0.018596237525343895,0.75,0.75,0.015298552811145782,-0.7737395763397217
2026-08-16_21-49-29,/home/as22cq/Projects/Policy-RL-Peg_insertion/force_peg_rl/logs/rl_games/Forge/2026-08-16_21-49-29/nn/Forge.pth,0,nominal,1002,False,timeout,149,-100.71875762939453,0.029035791754722595,0.2702191174030304,0.06626351922750473,0.0,0.030347177758812904,0.6873610019683838,0.01577061414718628,0.75,0.75,0.011489741504192352,0.16696347296237946
2026-08-16_21-49-29,/home/as22cq/Projects/Policy-RL-Peg_insertion/force_peg_rl/logs/rl_games/Forge/2026-08-16_21-49-29/nn/Forge.pth,0,nominal,1002,False,timeout,149,-99.94534301757812,0.052666544914245605,4.058109760284424,0.3266517221927643,0.0,0.02610204927623272,0.6757714152336121,0.018703607842326164,0.75,0.75,0.021246062591671944,0.5655451416969299
2026-08-16_21-49-29,/home/as22cq/Projects/Policy-RL-Peg_insertion/force_peg_rl/logs/rl_games/Forge/2026-08-16_21-49-29/nn/Forge.pth,0,nominal,1002,False,timeout,149,-52.25504684448242,0.003081493079662323,5.715669631958008,0.7533498406410217,0.0,0.03518744558095932,1.4800266027450562,0.019381504505872726,0.75,0.75,0.0044946433044970036,0.5515233278274536
2026-08-16_21-49-29,/home/as22cq/Projects/Policy-RL-Peg_insertion/force_peg_rl/logs/rl_games/Forge/2026-08-16_21-49-29/nn/Forge.pth,0,nominal,1002,False,timeout,149,-91.08236694335938,0.051121972501277924,6.909008979797363,0.11310514807701111,0.008333333767950535,0.016123032197356224,0.6180559396743774,0.021511338651180267,0.75,0.75,0.0011889978777617216,0.7508190274238586
2026-08-16_21-49-29,/home/as22cq/Projects/Policy-RL-Peg_insertion/force_peg_rl/logs/rl_games/Forge/2026-08-16_21-49-29/nn/Forge.pth,0,nominal,1002,False,timeout,149,-110.39690399169922,0.08279870450496674,5.898733139038086,1.0923848152160645,0.0,0.026867544278502464,0.6416614651679993,0.019358016550540924,0.75,0.75,0.015158694237470627,0.2870752513408661
2026-08-16_21-49-29,/home/as22cq/Projects/Policy-RL-Peg_insertion/force_peg_rl/logs/rl_games/Forge/2026-08-16_21-49-29/nn/Forge.pth,0,nominal,1002,False,timeout,149,-14.626080513000488,0.05913883447647095,11.071672439575195,4.155911445617676,0.4333333671092987,0.014435586519539356,0.7129266858100891,0.022733323276042938,0.75,0.75,0.022289497777819633,0.44051793217658997
2026-08-16_21-49-29,/home/as22cq/Projects/Policy-RL-Peg_insertion/force_peg_rl/logs/rl_games/Forge/2026-08-16_21-49-29/nn/Forge.pth,0,nominal,1002,False,timeout,149,116.4039306640625,0.01105302944779396,12.319302558898926,5.007761478424072,0.3333333432674408,0.0005602806922979653,2.726518154144287,0.01642218418419361,0.75,0.75,0.009232597425580025,0.7070070505142212
2026-08-16_21-49-29,/home/as22cq/Projects/Policy-RL-Peg_insertion/force_peg_rl/logs/rl_games/Forge/2026-08-16_21-49-29/nn/Forge.pth,0,nominal,1002,False,timeout,149,-64.59013366699219,0.04982220381498337,10.994247436523438,1.1736279726028442,0.10000000894069672,0.0401063971221447,0.9390451908111572,0.015317823737859726,0.75,0.75,0.014742102473974228,-0.3844355344772339
2026-08-16_21-49-29,/home/as22cq/Projects/Policy-RL-Peg_insertion/force_peg_rl/logs/rl_games/Forge/2026-08-16_21-49-29/nn/Forge.pth,0,nominal,1002,False,timeout,149,-56.33901596069336,0.11539939045906067,12.494856834411621,1.8294563293457031,0.11666667461395264,0.013750008307397366,0.32592782378196716,0.016590312123298645,0.75,0.75,0.02550971880555153,-0.5185555219650269
2026-08-16_21-49-29,/home/as22cq/Projects/Policy-RL-Peg_insertion/force_peg_rl/logs/rl_games/Forge/2026-08-16_21-49-29/nn/Forge.pth,0,nominal,1002,False,timeout,149,32.07077407836914,0.022477256134152412,14.532743453979492,8.424102783203125,0.7916666865348816,0.001177205122075975,0.8147138953208923,0.015047406777739525,0.75,0.75,0.01568080298602581,0.6058513522148132
2026-08-16_21-49-29,/home/as22cq/Projects/Policy-RL-Peg_insertion/force_peg_rl/logs/rl_games/Forge/2026-08-16_21-49-29/nn/Forge.pth,0,nominal,1002,False,timeout,149,-93.28827667236328,0.07679711282253265,5.6566853523254395,0.8752170205116272,0.0,0.012909711338579655,0.3617359399795532,0.014026084914803505,0.75,0.75,0.012493644841015339,-0.2704593241214752
2026-08-16_21-49-29,/home/as22cq/Projects/Policy-RL-Peg_insertion/force_peg_rl/logs/rl_games/Forge/2026-08-16_21-49-29/nn/Forge.pth,0,nominal,1002,False,timeout,149,-97.89442443847656,0.03671722114086151,4.189541816711426,0.2634929120540619,0.0,0.024638816714286804,0.6883944869041443,0.020672863349318504,0.75,0.75,0.01109415851533413,-0.182298481464386
2026-08-16_21-49-29,/home/as22cq/Projects/Policy-RL-Peg_insertion/force_peg_rl/logs/rl_games/Forge/2026-08-16_21-49-29/nn/Forge.pth,0,nominal,1002,False,timeout,149,-53.374778747558594,0.022495411336421967,11.102546691894531,2.507761240005493,0.10000000894069672,0.04407254233956337,1.8206924200057983,0.020923325791954994,0.75,0.75,0.02172861434519291,-0.12418424338102341
2026-08-16_21-49-29,/home/as22cq/Projects/Policy-RL-Peg_insertion/force_peg_rl/logs/rl_games/Forge/2026-08-16_21-49-29/nn/Forge.pth,0,nominal,1002,False,timeout,149,-82.76305389404297,0.016271106898784637,8.814373970031738,0.5444386005401611,0.008333333767950535,0.03047604113817215,0.8540995717048645,0.01654907315969467,0.75,0.75,0.009351993910968304,0.3263722062110901
2026-08-16_21-49-29,/home/as22cq/Projects/Policy-RL-Peg_insertion/force_peg_rl/logs/rl_games/Forge/2026-08-16_21-49-29/nn/Forge.pth,0,nominal,1002,False,timeout,149,-78.18254852294922,0.09014332294464111,5.752707004547119,0.7318283915519714,0.01666666753590107,0.02868615835905075,0.14973841607570648,0.023344505578279495,0.75,0.75,0.02266090176999569,-0.20683889091014862
2026-08-16_21-49-29,/home/as22cq/Projects/Policy-RL-Peg_insertion/force_peg_rl/logs/rl_games/Forge/2026-08-16_21-49-29/nn/Forge.pth,0,nominal,1002,False,timeout,149,-81.83538055419922,0.012957815080881119,11.627957344055176,1.7431564331054688,0.10833334177732468,0.04902796074748039,1.501739501953125,0.019707199186086655,0.75,0.75,0.01050792820751667,0.621483325958252
2026-08-16_21-49-29,/home/as22cq/Projects/Policy-RL-Peg_insertion/force_peg_rl/logs/rl_games/Forge/2026-08-16_21-49-29/nn/Forge.pth,0,nominal,1002,False,timeout,149,-101.20310974121094,0.07356369495391846,0.24002572894096375,0.0630088746547699,0.0,0.027231860905885696,0.5526071786880493,0.019654061645269394,0.75,0.75,0.016545040532946587,0.710380494594574
2026-08-16_21-49-29,/home/as22cq/Projects/Policy-RL-Peg_insertion/force_peg_rl/logs/rl_games/Forge/2026-08-16_21-49-29/nn/Forge.pth,0,nominal,1002,False,timeout,149,84.9285888671875,0.015451990067958832,20.33054542541504,8.941222190856934,0.6250000596046448,0.001012504450045526,0.9435872435569763,0.021721793338656425,0.75,0.75,0.015264233574271202,0.21833260357379913
2026-08-16_21-49-29,/home/as22cq/Projects/Policy-RL-Peg_insertion/force_peg_rl/logs/rl_games/Forge/2026-08-16_21-49-29/nn/Forge.pth,0,nominal,1002,False,timeout,149,-102.59180450439453,-0.02909943461418152,14.662930488586426,3.827695369720459,0.2666666805744171,0.14317019283771515,0.4998335838317871,0.018091605976223946,0.75,0.75,0.01784517429769039,0.7442202568054199
2026-08-16_21-49-29,/home/as22cq/Projects/Policy-RL-Peg_insertion/force_peg_rl/logs/rl_games/Forge/2026-08-16_21-49-29/nn/Forge.pth,0,nominal,1002,False,timeout,149,-84.82673645019531,0.16053318977355957,2.909348726272583,0.09172374755144119,0.0,0.04491042718291283,0.42718306183815,0.01590709574520588,0.75,0.75,0.009809640236198902,-0.3752845823764801
2026-08-16_21-49-29,/home/as22cq/Projects/Policy-RL-Peg_insertion/force_peg_rl/logs/rl_games/Forge/2026-08-16_21-49-29/nn/Forge.pth,0,nominal,1002,False,timeout,149,-107.67931365966797,0.018595848232507706,0.6620678901672363,0.14441905915737152,0.0,0.03692034259438515,1.4611566066741943,0.019022222608327866,0.75,0.75,0.021388383582234383,-0.6673644185066223
2026-08-16_21-49-29,/home/as22cq/Projects/Policy-RL-Peg_insertion/force_peg_rl/logs/rl_games/Forge/2026-08-16_21-49-29/nn/Forge.pth,0,nominal,1002,True,success,149,241.45285034179688,7.732957601547241e-05,13.505324363708496,4.916935920715332,0.4166666865348816,0.0002279147010995075,0.4412411153316498,0.01803026907145977,0.75,0.75,0.012830269522964954,0.23435941338539124
2026-08-16_21-49-29,/home/as22cq/Projects/Policy-RL-Peg_insertion/force_peg_rl/logs/rl_games/Forge/2026-08-16_21-49-29/nn/Forge.pth,0,nominal,1002,False,timeout,149,18.728538513183594,0.00248926505446434,19.225814819335938,10.269841194152832,1.0666667222976685,0.000714407826308161,1.634352445602417,0.016793452203273773,0.75,0.75,0.007269416470080614,0.7183584570884705
2026-08-16_21-49-29,/home/as22cq/Projects/Policy-RL-Peg_insertion/force_peg_rl/logs/rl_games/Forge/2026-08-16_21-49-29/nn/Forge.pth,0,nominal,1002,False,timeout,149,-67.23065948486328,0.11562170088291168,4.159121990203857,0.570182740688324,0.0,0.014434317126870155,0.2679910659790039,0.02392515353858471,0.75,0.75,0.01636715605854988,0.6574069261550903
2026-08-16_21-49-29,/home/as22cq/Projects/Policy-RL-Peg_insertion/force_peg_rl/logs/rl_games/Forge/2026-08-16_21-49-29/nn/Forge.pth,0,nominal,1002,True,success,149,315.1370544433594,0.0010518468916416168,11.418557167053223,2.3375258445739746,0.0416666679084301,0.0007658957620151341,1.5143481492996216,0.015425212681293488,0.75,0.75,0.010845507495105267,-0.17294622957706451
2026-08-16_21-49-29,/home/as22cq/Projects/Policy-RL-Peg_insertion/force_peg_rl/logs/rl_games/Forge/2026-08-16_21-49-29/nn/Forge.pth,0,nominal,1002,False,timeout,149,-98.01112365722656,0.027853980660438538,0.5370475053787231,0.05737221613526344,0.0,0.0808187872171402,1.4626044034957886,0.022415950894355774,0.75,0.75,0.0048272497951984406,0.5737558603286743
2026-08-16_21-49-29,/home/as22cq/Projects/Policy-RL-Peg_insertion/force_peg_rl/logs/rl_games/Forge/2026-08-16_21-49-29/nn/Forge.pth,0,nominal,1002,False,timeout,149,58.91411590576172,-0.02716013789176941,15.869296073913574,7.379542827606201,0.5166667103767395,0.09300950914621353,0.9359533786773682,0.019533030688762665,0.75,0.75,0.006909668445587158,-0.18373343348503113
2026-08-16_21-49-29,/home/as22cq/Projects/Policy-RL-Peg_insertion/force_peg_rl/logs/rl_games/Forge/2026-08-16_21-49-29/nn/Forge.pth,0,nominal,1002,False,timeout,149,-98.50485229492188,0.05312688276171684,2.5169620513916016,0.10128210484981537,0.0,0.01751130074262619,0.3453270494937897,0.0217991191893816,0.75,0.75,0.01416313648223877,-0.5923187136650085
2026-08-16_21-49-29,/home/as22cq/Projects/Policy-RL-Peg_insertion/force_peg_rl/logs/rl_games/Forge/2026-08-16_21-49-29/nn/Forge.pth,0,nominal,1002,True,success,149,63.776493072509766,0.00017349235713481903,16.96524429321289,9.775672912597656,0.9000000357627869,0.0007364136981777847,1.5365986824035645,0.01697712019085884,0.75,0.75,0.009546847082674503,0.31992393732070923
2026-08-16_21-49-29,/home/as22cq/Projects/Policy-RL-Peg_insertion/force_peg_rl/logs/rl_games/Forge/2026-08-16_21-49-29/nn/Forge.pth,0,nominal,1002,False,timeout,149,-69.26036834716797,0.036510005593299866,5.834274768829346,0.974303662776947,0.0,0.03227390721440315,0.5327858924865723,0.019805314019322395,0.75,0.75,0.006348778493702412,-0.3202236592769623
2026-08-16_21-49-29,/home/as22cq/Projects/Policy-RL-Peg_insertion/force_peg_rl/logs/rl_games/Forge/2026-08-16_21-49-29/nn/Forge.pth,0,nominal,1002,False,timeout,149,-82.77613067626953,0.02740810438990593,12.067795753479004,2.603240728378296,0.21666668355464935,0.04808889329433441,0.8104204535484314,0.021873950958251953,0.75,0.75,0.022342020645737648,-0.4531630277633667
2026-08-16_21-49-29,/home/as22cq/Projects/Policy-RL-Peg_insertion/force_peg_rl/logs/rl_games/Forge/2026-08-16_21-49-29/nn/Forge.pth,0,nominal,1002,False,timeout,149,-94.90934753417969,0.053314343094825745,2.70117449760437,0.3785080313682556,0.0,0.02263816073536873,0.5418459177017212,0.01411090325564146,0.75,0.75,0.02148091420531273,0.3342389762401581
2026-08-16_21-49-29,/home/as22cq/Projects/Policy-RL-Peg_insertion/force_peg_rl/logs/rl_games/Forge/2026-08-16_21-49-29/nn/Forge.pth,0,nominal,1002,True,success,149,62.227848052978516,6.587058305740356e-05,22.44194221496582,10.666003227233887,1.033333420753479,0.0006127762608230114,1.2502374649047852,0.01805630885064602,0.75,0.75,0.0029500052332878113,-0.7209979891777039
2026-08-16_21-49-29,/home/as22cq/Projects/Policy-RL-Peg_insertion/force_peg_rl/logs/rl_games/Forge/2026-08-16_21-49-29/nn/Forge.pth,0,nominal,1002,False,timeout,149,-112.1321792602539,0.1294439733028412,3.1052463054656982,0.36325111985206604,0.0,0.03174826502799988,0.5700068473815918,0.01963941752910614,0.75,0.75,0.016916904598474503,-0.45636430382728577
2026-08-16_21-49-29,/home/as22cq/Projects/Policy-RL-Peg_insertion/force_peg_rl/logs/rl_games/Forge/2026-08-16_21-49-29/nn/Forge.pth,0,nominal,1002,False,timeout,149,-99.94071960449219,0.022977188229560852,0.36192166805267334,0.061558276414871216,0.0,0.03522264584898949,1.2351484298706055,0.015725543722510338,0.75,0.75,0.013111275620758533,0.5106745362281799
2026-08-16_21-49-29,/home/as22cq/Projects/Policy-RL-Peg_insertion/force_peg_rl/logs/rl_games/Forge/2026-08-16_21-49-29/nn/Forge.pth,0,nominal,1002,False,timeout,149,-102.26815032958984,0.0013761967420578003,0.4681815207004547,0.15108640491962433,0.0,0.03759951889514923,1.2015841007232666,0.016262071207165718,0.75,0.75,0.018508827313780785,-0.4194827973842621
2026-08-16_21-49-29,/home/as22cq/Projects/Policy-RL-Peg_insertion/force_peg_rl/logs/rl_games/Forge/2026-08-16_21-49-29/nn/Forge.pth,0,nominal,1002,False,timeout,149,-71.24737548828125,0.021634865552186966,0.36253711581230164,0.035658132284879684,0.0,0.06445898115634918,1.8028030395507812,0.019523851573467255,0.75,0.75,0.02659216709434986,0.6881676912307739
2026-08-16_21-49-29,/home/as22cq/Projects/Policy-RL-Peg_insertion/force_peg_rl/logs/rl_games/Forge/2026-08-16_21-49-29/nn/Forge.pth,0,nominal,1002,False,timeout,149,-77.74718475341797,0.015250187367200851,0.4365133047103882,0.07814813405275345,0.0,0.032198186963796616,0.9480090141296387,0.023978736251592636,0.75,0.75,0.010294116102159023,0.4520481824874878
2026-08-16_21-49-29,/home/as22cq/Projects/Policy-RL-Peg_insertion/force_peg_rl/logs/rl_games/Forge/2026-08-16_21-49-29/nn/Forge.pth,0,nominal,1002,False,timeout,149,-101.18122100830078,0.0592011958360672,0.29190510511398315,0.07597435265779495,0.0,0.015515546314418316,0.6580883860588074,0.01972881145775318,0.75,0.75,0.01685616746544838,-0.04973386600613594
2026-08-16_21-49-29,/home/as22cq/Projects/Policy-RL-Peg_insertion/force_peg_rl/logs/rl_games/Forge/2026-08-16_21-49-29/nn/Forge.pth,0,nominal,1002,False,timeout,149,-91.48712158203125,0.04012578725814819,0.4086058735847473,0.0643129050731659,0.0,0.028576547279953957,0.5842458009719849,0.02226528339087963,0.75,0.75,0.018473954871296883,0.11260611563920975
2026-08-16_21-49-29,/home/as22cq/Projects/Policy-RL-Peg_insertion/force_peg_rl/logs/rl_games/Forge/2026-08-16_21-49-29/nn/Forge.pth,0,nominal,1002,False,timeout,149,124.14507293701172,0.011104505509138107,13.888669967651367,5.037057399749756,0.1666666716337204,0.0005630427622236311,1.5313388109207153,0.020357154309749603,0.75,0.75,0.017040489241480827,0.5075076222419739
2026-08-16_21-49-29,/home/as22cq/Projects/Policy-RL-Peg_insertion/force_peg_rl/logs/rl_games/Forge/2026-08-16_21-49-29/nn/Forge.pth,0,nominal,1002,False,timeout,149,-88.83633422851562,0.02328093722462654,3.3989272117614746,0.11216583847999573,0.0,0.0526977963745594,1.8816970586776733,0.023756520822644234,0.75,0.75,0.020336158573627472,-0.575778603553772
2026-08-16_21-49-29,/home/as22cq/Projects/Policy-RL-Peg_insertion/force_peg_rl/logs/rl_games/Forge/2026-08-16_21-49-29/nn/Forge.pth,0,nominal,1002,False,timeout,149,-103.47855377197266,0.08465978503227234,11.117207527160645,1.4072027206420898,0.15000000596046448,0.03336481377482414,0.5048546195030212,0.02381220832467079,0.75,0.75,0.0032188454642891884,-0.05061739683151245
2026-08-16_21-49-29,/home/as22cq/Projects/Policy-RL-Peg_insertion/force_peg_rl/logs/rl_games/Forge/2026-08-16_21-49-29/nn/Forge.pth,0,nominal,1002,False,timeout,149,-93.1929702758789,0.055471524596214294,0.27921366691589355,0.061723921447992325,0.0,0.014382140710949898,0.49711981415748596,0.015532228164374828,0.75,0.75,0.019695384427905083,0.449902206659317
2026-08-16_21-49-29,/home/as22cq/Projects/Policy-RL-Peg_insertion/force_peg_rl/logs/rl_games/Forge/2026-08-16_21-49-29/nn/Forge.pth,0,nominal,1002,False,timeout,149,-110.75843048095703,0.15333983302116394,2.062072277069092,0.1218048483133316,0.0,0.050656508654356,0.2247670739889145,0.022354457527399063,0.75,0.75,0.005603870376944542,0.07000891119241714
2026-08-16_21-49-29,/home/as22cq/Projects/Policy-RL-Peg_insertion/force_peg_rl/logs/rl_games/Forge/2026-08-16_21-49-29/nn/Forge.pth,0,nominal,1002,False,timeout,149,-108.0254135131836,0.017837651073932648,10.461148262023926,0.6794130206108093,0.02500000223517418,0.016764309257268906,0.7433643341064453,0.016362875699996948,0.75,0.75,0.010596600361168385,-0.09549438208341599
2026-08-16_21-49-29,/home/as22cq/Projects/Policy-RL-Peg_insertion/force_peg_rl/logs/rl_games/Forge/2026-08-16_21-49-29/nn/Forge.pth,0,nominal,1002,False,timeout,149,-109.06807708740234,0.06307710707187653,2.0441341400146484,0.24953573942184448,0.0,0.023442935198545456,0.39658328890800476,0.018567224964499474,0.75,0.75,0.01895197667181492,0.3644522428512573
2026-08-16_21-49-29,/home/as22cq/Projects/Policy-RL-Peg_insertion/force_peg_rl/logs/rl_games/Forge/2026-08-16_21-49-29/nn/Forge.pth,0,nominal,1002,False,timeout,149,-92.20632934570312,0.010729299858212471,0.34962573647499084,0.04218374937772751,0.0,0.051514144986867905,1.5766444206237793,0.01460939645767212,0.75,0.75,0.022799989208579063,0.5209661722183228
2026-08-16_21-49-29,/home/as22cq/Projects/Policy-RL-Peg_insertion/force_peg_rl/logs/rl_games/Forge/2026-08-16_21-49-29/nn/Forge.pth,0,nominal,1002,False,timeout,149,142.57704162597656,0.008745566010475159,9.423381805419922,3.024355173110962,0.0,0.0009662043303251266,1.1991456747055054,0.01592688448727131,0.75,0.75,0.017749905586242676,0.579164445400238
2026-08-16_21-49-29,/home/as22cq/Projects/Policy-RL-Peg_insertion/force_peg_rl/logs/rl_games/Forge/2026-08-16_21-49-29/nn/Forge.pth,0,nominal,1002,False,timeout,149,-97.38890838623047,0.027445219457149506,0.612647533416748,0.05831674113869667,0.0,0.06365738809108734,2.2474942207336426,0.015028892084956169,0.75,0.75,0.017709312960505486,-0.08008729666471481
2026-08-16_21-49-29,/home/as22cq/Projects/Policy-RL-Peg_insertion/force_peg_rl/logs/rl_games/Forge/2026-08-16_21-49-29/nn/Forge.pth,0,nominal,1002,False,timeout,149,-81.05159759521484,0.021337077021598816,1.6778359413146973,0.06629012525081635,0.0,0.031523119658231735,1.0334060192108154,0.021021177992224693,0.75,0.75,0.004467600490897894,0.20197007060050964
2026-08-16_21-49-29,/home/as22cq/Projects/Policy-RL-Peg_insertion/force_peg_rl/logs/rl_games/Forge/2026-08-16_21-49-29/nn/Forge.pth,0,nominal,1002,False,timeout,149,-67.52326965332031,0.04607125371694565,4.127824783325195,0.5538018345832825,0.0,0.024499226361513138,0.5979483723640442,0.022016379982233047,0.75,0.75,0.018406836315989494,0.17480923235416412
2026-08-16_21-49-29,/home/as22cq/Projects/Policy-RL-Peg_insertion/force_peg_rl/logs/rl_games/Forge/2026-08-16_21-49-29/nn/Forge.pth,0,nominal,1002,False,timeout,149,-77.10286712646484,0.061867959797382355,10.399298667907715,2.7318427562713623,0.10000000894069672,0.027458643540740013,0.478286474943161,0.015933562070131302,0.75,0.75,0.024951457977294922,-0.07270640879869461
2026-08-16_21-49-29,/home/as22cq/Projects/Policy-RL-Peg_insertion/force_peg_rl/logs/rl_games/Forge/2026-08-16_21-49-29/nn/Forge.pth,0,nominal,1002,False,timeout,149,-99.49516296386719,0.040321312844753265,0.45383501052856445,0.09663363546133041,0.0,0.02129318378865719,0.3510541617870331,0.023076172918081284,0.75,0.75,0.02335609868168831,0.06091705709695816
2026-08-16_21-49-29,/home/as22cq/Projects/Policy-RL-Peg_insertion/force_peg_rl/logs/rl_games/Forge/2026-08-16_21-49-29/nn/Forge.pth,0,nominal,1002,False,timeout,149,-109.93390655517578,0.10672935843467712,5.002813816070557,0.6225342750549316,0.0,0.030325422063469887,0.3912796676158905,0.01642117276787758,0.75,0.75,0.015851473435759544,-0.5388689041137695
2026-08-16_21-49-29,/home/as22cq/Projects/Policy-RL-Peg_insertion/force_peg_rl/logs/rl_games/Forge/2026-08-16_21-49-29/nn/Forge.pth,0,nominal,1002,True,success,149,169.29727172851562,3.147125244140625e-05,15.916682243347168,6.09550666809082,0.675000011920929,0.00032587905297987163,0.397255539894104,0.016180263832211494,0.75,0.75,0.009678642265498638,0.5390855073928833
2026-08-16_21-49-29,/home/as22cq/Projects/Policy-RL-Peg_insertion/force_peg_rl/logs/rl_games/Forge/2026-08-16_21-49-29/nn/Forge.pth,0,nominal,1002,False,timeout,149,-103.30804443359375,0.02697085589170456,0.251254141330719,0.06111438199877739,0.0,0.07168538868427277,2.268018960952759,0.020893197506666183,0.75,0.75,0.0029747106600552797,0.12710297107696533
2026-08-16_21-49-29,/home/as22cq/Projects/Policy-RL-Peg_insertion/force_peg_rl/logs/rl_games/Forge/2026-08-16_21-49-29/nn/Forge.pth,0,nominal,1002,False,timeout,149,-113.0263900756836,0.07887518405914307,7.348761558532715,0.8322188854217529,0.0,0.034029725939035416,0.86150723695755,0.014635894447565079,0.75,0.75,0.011362913995981216,-0.0016678259707987309
2026-08-16_21-49-29,/home/as22cq/Projects/Policy-RL-Peg_insertion/force_peg_rl/logs/rl_games/Forge/2026-08-16_21-49-29/nn/Forge.pth,0,nominal,1002,True,success,149,147.50149536132812,0.0019526518881320953,11.138483047485352,3.352386951446533,0.22500000894069672,0.000592559517826885,1.429215431213379,0.01674528792500496,0.75,0.75,0.018491854891180992,0.5650649070739746
2026-08-16_21-49-29,/home/as22cq/Projects/Policy-RL-Peg_insertion/force_peg_rl/logs/rl_games/Forge/2026-08-16_21-49-29/nn/Forge.pth,0,nominal,1002,False,timeout,149,-108.65271759033203,0.05590803176164627,4.715057373046875,0.08527514338493347,0.0,0.01803831197321415,0.474655419588089,0.018671730533242226,0.75,0.75,0.0020025954581797123,-0.46526697278022766
2026-08-16_21-49-29,/home/as22cq/Projects/Policy-RL-Peg_insertion/force_peg_rl/logs/rl_games/Forge/2026-08-16_21-49-29/nn/Forge.pth,0,nominal,1002,False,timeout,149,-86.15980529785156,0.11262157559394836,2.9944233894348145,0.0774565115571022,0.0,0.0347113274037838,0.4376806318759918,0.01972299814224243,0.75,0.75,0.020995372906327248,-0.2710346579551697
2026-08-16_21-49-29,/home/as22cq/Projects/Policy-RL-Peg_insertion/force_peg_rl/logs/rl_games/Forge/2026-08-16_21-49-29/nn/Forge.pth,0,nominal,1002,False,timeout,149,-97.49742889404297,0.01576138287782669,0.21067798137664795,0.0526689738035202,0.0,0.0675811618566513,1.6507368087768555,0.018812652677297592,0.75,0.75,0.016727140173316002,-0.2101122885942459
2026-08-16_21-49-29,/home/as22cq/Projects/Policy-RL-Peg_insertion/force_peg_rl/logs/rl_games/Forge/2026-08-16_21-49-29/nn/Forge.pth,0,nominal,1002,False,timeout,149,-94.76136779785156,0.021407656371593475,0.9088596105575562,0.08061721175909042,0.0,0.04273999482393265,1.406275749206543,0.014468837529420853,0.75,0.75,0.017557278275489807,0.13569100201129913
2026-08-16_21-49-29,/home/as22cq/Projects/Policy-RL-Peg_insertion/force_peg_rl/logs/rl_games/Forge/2026-08-16_21-49-29/nn/Forge.pth,0,nominal,1002,False,timeout,149,-73.45507049560547,0.025223344564437866,0.39682507514953613,0.06966570764780045,0.0,0.055617623031139374,1.6861722469329834,0.016042886301875114,0.75,0.75,0.010237060487270355,0.16949419677257538
2026-08-16_21-49-29,/home/as22cq/Projects/Policy-RL-Peg_insertion/force_peg_rl/logs/rl_games/Forge/2026-08-16_21-49-29/nn/Forge.pth,0,nominal,1002,False,timeout,149,-94.7333755493164,0.05113033950328827,1.00042724609375,0.1251746565103531,0.0,0.02684217318892479,0.16103902459144592,0.017942892387509346,0.75,0.75,0.010930529795587063,0.33859768509864807
2026-08-16_21-49-29,/home/as22cq/Projects/Policy-RL-Peg_insertion/force_peg_rl/logs/rl_games/Forge/2026-08-16_21-49-29/nn/Forge.pth,0,nominal,1002,False,timeout,149,-99.03929138183594,0.10655265301465988,6.5827813148498535,1.4141557216644287,0.0,0.012094005942344666,0.6002839207649231,0.021644577383995056,0.75,0.75,0.018884098157286644,-0.5090925693511963
2026-08-16_21-49-29,/home/as22cq/Projects/Policy-RL-Peg_insertion/force_peg_rl/logs/rl_games/Forge/2026-08-16_21-49-29/nn/Forge.pth,0,nominal,1002,False,timeout,149,-93.4995346069336,0.008578255772590637,0.44984397292137146,0.07399672269821167,0.0,0.039689939469099045,1.0082974433898926,0.01763828843832016,0.75,0.75,0.017109686508774757,0.7830051779747009
2026-08-16_21-49-29,/home/as22cq/Projects/Policy-RL-Peg_insertion/force_peg_rl/logs/rl_games/Forge/2026-08-16_21-49-29/nn/Forge.pth,0,nominal,1002,False,timeout,149,-96.2533187866211,0.05482781305909157,2.673551082611084,0.6417303681373596,0.0,0.020604221150279045,0.5265877842903137,0.019849169999361038,0.75,0.75,0.00843892339617014,-0.3602277934551239
2026-08-16_21-49-29,/home/as22cq/Projects/Policy-RL-Peg_insertion/force_peg_rl/logs/rl_games/Forge/2026-08-16_21-49-29/nn/Forge.pth,0,nominal,1002,False,timeout,149,-107.44506072998047,0.06513090431690216,7.808858394622803,0.3659149408340454,0.0,0.01936783641576767,0.5585009455680847,0.014026327058672905,0.75,0.75,0.018167346715927124,0.02429848350584507
2026-08-16_21-49-29,/home/as22cq/Projects/Policy-RL-Peg_insertion/force_peg_rl/logs/rl_games/Forge/2026-08-16_21-49-29/nn/Forge.pth,0,nominal,1002,False,timeout,149,-94.79206085205078,0.02152138762176037,0.3122502267360687,0.06051425635814667,0.0,0.03179631382226944,1.5384087562561035,0.021752428263425827,0.75,0.75,0.0048210895620286465,-0.455463171005249
2026-08-16_21-49-29,/home/as22cq/Projects/Policy-RL-Peg_insertion/force_peg_rl/logs/rl_games/Forge/2026-08-16_21-49-29/nn/Forge.pth,0,nominal,1002,False,timeout,149,-61.05309295654297,0.0305183082818985,4.623281478881836,0.9317465424537659,0.0,0.03196794167160988,0.9409841895103455,0.02350851520895958,0.75,0.75,0.01819613203406334,-0.005416392348706722
2026-08-16_21-49-29,/home/as22cq/Projects/Policy-RL-Peg_insertion/force_peg_rl/logs/rl_games/Forge/2026-08-16_21-49-29/nn/Forge.pth,0,nominal,1002,False,timeout,149,-101.53684997558594,0.1023198813199997,5.652373790740967,0.3858354091644287,0.0,0.04445716366171837,0.34257087111473083,0.02101442776620388,0.75,0.75,0.009414990432560444,-0.6090927720069885
2026-08-16_21-49-29,/home/as22cq/Projects/Policy-RL-Peg_insertion/force_peg_rl/logs/rl_games/Forge/2026-08-16_21-49-29/nn/Forge.pth,0,nominal,1002,False,timeout,149,-97.05227661132812,0.041950199753046036,3.5445973873138428,0.34715956449508667,0.0,0.0343206487596035,0.8240557909011841,0.015875333920121193,0.75,0.75,0.011569038964807987,-0.7177769541740417
2026-08-16_21-49-29,/home/as22cq/Projects/Policy-RL-Peg_insertion/force_peg_rl/logs/rl_games/Forge/2026-08-16_21-49-29/nn/Forge.pth,0,nominal,1002,False,timeout,149,-69.4485092163086,0.018080437555909157,0.5283436179161072,0.055551011115312576,0.0,0.03954726830124855,1.7384763956069946,0.015258326195180416,0.75,0.75,0.018379611894488335,0.7811346054077148
2026-08-16_21-49-29,/home/as22cq/Projects/Policy-RL-Peg_insertion/force_peg_rl/logs/rl_games/Forge/2026-08-16_21-49-29/nn/Forge.pth,0,nominal,1002,False,timeout,149,-108.84943389892578,0.07673151791095734,4.638301849365234,0.7544916868209839,0.0,0.024441054090857506,0.5486591458320618,0.02088913694024086,0.75,0.75,0.022543538361787796,0.610447883605957
2026-08-16_21-49-29,/home/as22cq/Projects/Policy-RL-Peg_insertion/force_peg_rl/logs/rl_games/Forge/2026-08-16_21-49-29/nn/Forge.pth,0,nominal,1002,False,timeout,149,-108.00035095214844,0.05071213096380234,0.45738735795021057,0.061120398342609406,0.0,0.01410069689154625,0.5497772693634033,0.018048662692308426,0.75,0.75,0.017558418214321136,-0.6706448793411255
2026-08-16_21-49-29,/home/as22cq/Projects/Policy-RL-Peg_insertion/force_peg_rl/logs/rl_games/Forge/2026-08-16_21-49-29/nn/Forge.pth,0,nominal,1002,False,timeout,149,-81.7793960571289,0.02181430347263813,0.39497172832489014,0.10916969925165176,0.0,0.03814518079161644,1.7788423299789429,0.01943502202630043,0.75,0.75,0.01972445659339428,0.34388330578804016
2026-08-16_21-49-29,/home/as22cq/Projects/Policy-RL-Peg_insertion/force_peg_rl/logs/rl_games/Forge/2026-08-16_21-49-29/nn/Forge.pth,0,nominal,1002,False,timeout,149,-95.86394500732422,0.03218722343444824,0.21928934752941132,0.05622571334242821,0.0,0.07870723307132721,1.5285967588424683,0.022645199671387672,0.75,0.75,0.023847145959734917,0.5307522416114807
2026-08-16_21-49-29,/home/as22cq/Projects/Policy-RL-Peg_insertion/force_peg_rl/logs/rl_games/Forge/2026-08-16_21-49-29/nn/Forge.pth,0,nominal,1002,False,timeout,149,-106.61229705810547,0.19924604892730713,1.6536377668380737,0.08153436332941055,0.0,0.056791361421346664,0.49841535091400146,0.018944377079606056,0.75,0.75,0.006309390068054199,-0.7669963836669922
2026-08-16_21-49-29,/home/as22cq/Projects/Policy-RL-Peg_insertion/force_peg_rl/logs/rl_games/Forge/2026-08-16_21-49-29/nn/Forge.pth,0,nominal,1002,False,timeout,149,-108.1249771118164,0.04711974784731865,4.288736820220947,0.15215498208999634,0.0,0.03421809896826744,0.5819031596183777,0.018863949924707413,0.75,0.75,0.01144767738878727,-0.6433558464050293
2026-08-16_21-49-29,/home/as22cq/Projects/Policy-RL-Peg_insertion/force_peg_rl/logs/rl_games/Forge/2026-08-16_21-49-29/nn/Forge.pth,0,nominal,1002,False,timeout,149,-98.32390594482422,0.01576775312423706,4.962116718292236,0.3686714470386505,0.0,0.04422009736299515,1.119003415107727,0.01667553372681141,0.75,0.75,0.02061265893280506,-0.4601648151874542
2026-08-16_21-49-29,/home/as22cq/Projects/Policy-RL-Peg_insertion/force_peg_rl/logs/rl_games/Forge/2026-08-16_21-49-29/nn/Forge.pth,0,nominal,1002,False,timeout,149,-89.6059341430664,0.04970652610063553,9.743833541870117,1.183323621749878,0.05833333730697632,0.016513483598828316,0.6278246641159058,0.016353605315089226,0.75,0.75,0.006426599342375994,0.5460515022277832
2026-08-16_21-49-29,/home/as22cq/Projects/Policy-RL-Peg_insertion/force_peg_rl/logs/rl_games/Forge/2026-08-16_21-49-29/nn/Forge.pth,0,nominal,1002,False,timeout,149,-107.12921142578125,0.20375870168209076,0.6235171556472778,0.09644214063882828,0.0,0.0464136004447937,0.4682800769805908,0.0231495201587677,0.75,0.75,0.018361076712608337,-0.6144851446151733
2026-08-16_21-49-29,/home/as22cq/Projects/Policy-RL-Peg_insertion/force_peg_rl/logs/rl_games/Forge/2026-08-16_21-49-29/nn/Forge.pth,0,nominal,1002,False,timeout,149,-110.26234436035156,0.146409809589386,8.232829093933105,0.9642069935798645,0.06666667014360428,0.023743383586406708,0.5260370373725891,0.017960816621780396,0.75,0.75,0.024453148245811462,-0.4762102961540222
2026-08-16_21-49-29,/home/as22cq/Projects/Policy-RL-Peg_insertion/force_peg_rl/logs/rl_games/Forge/2026-08-16_21-49-29/nn/Forge.pth,0,nominal,1002,False,timeout,149,-102.416259765625,0.058817118406295776,0.31894227862358093,0.08161774277687073,0.0,0.021577877923846245,0.5520586967468262,0.019579095765948296,0.75,0.75,0.020004894584417343,0.5039832592010498
2026-08-16_21-49-29,/home/as22cq/Projects/Policy-RL-Peg_insertion/force_peg_rl/logs/rl_games/Forge/2026-08-16_21-49-29/nn/Forge.pth,0,nominal,1002,False,timeout,149,-78.35107421875,0.08144545555114746,5.38226318359375,0.5740751028060913,0.0,0.02556539699435234,0.412822425365448,0.015213627368211746,0.75,0.75,0.019050033763051033,-0.4809843897819519
2026-08-16_21-49-29,/home/as22cq/Projects/Policy-RL-Peg_insertion/force_peg_rl/logs/rl_games/Forge/2026-08-16_21-49-29/nn/Forge.pth,0,nominal,1002,False,timeout,149,-53.12229919433594,0.0870283916592598,6.6165666580200195,1.8775808811187744,0.0,0.03468254581093788,0.40078306198120117,0.02348879724740982,0.75,0.75,0.009959964081645012,0.6031556725502014
2026-08-16_21-49-29,/home/as22cq/Projects/Policy-RL-Peg_insertion/force_peg_rl/logs/rl_games/Forge/2026-08-16_21-49-29/nn/Forge.pth,0,nominal,1002,False,timeout,149,-106.9206771850586,0.052785445004701614,0.436736524105072,0.10431253910064697,0.0,0.010725918225944042,0.5478993058204651,0.018472418189048767,0.75,0.75,0.021738998591899872,0.2531190812587738
2026-08-16_21-49-29,/home/as22cq/Projects/Policy-RL-Peg_insertion/force_peg_rl/logs/rl_games/Forge/2026-08-16_21-49-29/nn/Forge.pth,0,nominal,1002,False,timeout,149,-81.31037139892578,0.021084703505039215,11.39228630065918,1.0250344276428223,0.05000000447034836,0.037945687770843506,1.0244373083114624,0.01925172284245491,0.75,0.75,0.00961276050657034,0.052236493676900864
2026-08-16_21-49-29,/home/as22cq/Projects/Policy-RL-Peg_insertion/force_peg_rl/logs/rl_games/Forge/2026-08-16_21-49-29/nn/Forge.pth,0,nominal,1002,False,timeout,149,-98.02313232421875,-0.0027656927704811096,2.192201852798462,0.11883252114057541,0.0,0.025758817791938782,0.9114604592323303,0.019380442798137665,0.75,0.75,0.016822820529341698,0.6261430382728577
2026-08-16_21-49-29,/home/as22cq/Projects/Policy-RL-Peg_insertion/force_peg_rl/logs/rl_games/Forge/2026-08-16_21-49-29/nn/Forge.pth,0,nominal,1002,False,timeout,149,-111.66570281982422,0.0695972740650177,0.5629310607910156,0.10948357731103897,0.0,0.02255232073366642,0.758949339389801,0.016794543713331223,0.75,0.75,0.018017223104834557,0.46408531069755554
2026-08-16_21-49-29,/home/as22cq/Projects/Policy-RL-Peg_insertion/force_peg_rl/logs/rl_games/Forge/2026-08-16_21-49-29/nn/Forge.pth,0,nominal,1002,False,timeout,149,-102.18754577636719,0.07522499561309814,0.3484242856502533,0.10618620365858078,0.0,0.014817841351032257,0.35682058334350586,0.019242651760578156,0.75,0.75,0.022035354748368263,0.34101155400276184
2026-08-16_21-49-29,/home/as22cq/Projects/Policy-RL-Peg_insertion/force_peg_rl/logs/rl_games/Forge/2026-08-16_21-49-29/nn/Forge.pth,0,nominal,1002,False,timeout,149,-67.37890625,0.05664987862110138,6.293487548828125,0.6513493061065674,0.0,0.01605622097849846,0.6231305599212646,0.015795283019542694,0.75,0.75,0.020367883145809174,0.34260889887809753
2026-08-16_21-49-29,/home/as22cq/Projects/Policy-RL-Peg_insertion/force_peg_rl/logs/rl_games/Forge/2026-08-16_21-49-29/nn/Forge.pth,0,nominal,1002,False,timeout,149,-106.89043426513672,0.02062813565135002,2.466392755508423,0.17396312952041626,0.0,0.059601616114377975,1.706743836402893,0.019948218017816544,0.75,0.75,0.016364311799407005,-0.2797790467739105
2026-08-16_21-49-29,/home/as22cq/Projects/Policy-RL-Peg_insertion/force_peg_rl/logs/rl_games/Forge/2026-08-16_21-49-29/nn/Forge.pth,0,nominal,1002,False,timeout,149,-92.0418930053711,0.027359727770090103,0.4868985414505005,0.05148659273982048,0.0,0.045352429151535034,1.6625195741653442,0.01647849753499031,0.75,0.75,0.012738442979753017,0.524593710899353
2026-08-16_21-49-29,/home/as22cq/Projects/Policy-RL-Peg_insertion/force_peg_rl/logs/rl_games/Forge/2026-08-16_21-49-29/nn/Forge.pth,0,nominal,1002,False,timeout,149,-100.67798614501953,0.06903542578220367,3.3525373935699463,0.3020370304584503,0.0,0.10307681560516357,1.0210597515106201,0.022872261703014374,0.75,0.75,0.0053299725987017155,0.7188141345977783
