run_id,checkpoint,training_seed,evaluation_suite,episode_seed,success,termination_reason,episode_steps,episode_return,final_insertion_depth,max_contact_force,mean_contact_force,force_above_threshold_duration,lateral_error_final,orientation_error_final,peg_mass,peg_friction,socket_friction,initial_xy_offset,initial_orientation_error
2026-08-12_21-17-52,/home/as22cq/Projects/Policy-RL-Peg_insertion/force_peg_rl/logs/rl_games/Forge/2026-08-12_21-17-52/nn/last_Forge_ep_500_rew_141.3663.pth,1,nominal,1000,False,timeout,149,52.16089630126953,0.008658550679683685,18.48219108581543,8.346563339233398,0.9416667222976685,0.059676870703697205,1.7535752058029175,0.023561738431453705,0.75,0.75,0.01671551913022995,0.7032023668289185
2026-08-12_21-17-52,/home/as22cq/Projects/Policy-RL-Peg_insertion/force_peg_rl/logs/rl_games/Forge/2026-08-12_21-17-52/nn/last_Forge_ep_500_rew_141.3663.pth,1,nominal,1000,True,success,149,396.3038635253906,0.00012937188148498535,13.542027473449707,10.188087463378906,0.8416666984558105,0.0005333252483978868,0.30459004640579224,0.017124135047197342,0.75,0.75,0.008148709312081337,0.36910954117774963
2026-08-12_21-17-52,/home/as22cq/Projects/Policy-RL-Peg_insertion/force_peg_rl/logs/rl_games/Forge/2026-08-12_21-17-52/nn/last_Forge_ep_500_rew_141.3663.pth,1,nominal,1000,False,timeout,149,32.51220703125,0.026226162910461426,25.526390075683594,12.731120109558105,1.125,0.015748629346489906,1.6836955547332764,0.014178655110299587,0.75,0.75,0.023647740483283997,0.1123204231262207
2026-08-12_21-17-52,/home/as22cq/Projects/Policy-RL-Peg_insertion/force_peg_rl/logs/rl_games/Forge/2026-08-12_21-17-52/nn/last_Forge_ep_500_rew_141.3663.pth,1,nominal,1000,False,timeout,149,40.673458099365234,0.0035986723378300667,18.565351486206055,7.159932613372803,0.6666666865348816,0.019409973174333572,1.5664653778076172,0.014822219498455524,0.75,0.75,0.014952776953577995,-0.2009725421667099
2026-08-12_21-17-52,/home/as22cq/Projects/Policy-RL-Peg_insertion/force_peg_rl/logs/rl_games/Forge/2026-08-12_21-17-52/nn/last_Forge_ep_500_rew_141.3663.pth,1,nominal,1000,True,success,149,281.2123718261719,0.0002846270799636841,35.60384750366211,17.76708984375,1.1083333492279053,0.0008119662525132298,1.5986031293869019,0.015191162936389446,0.75,0.75,0.018248779699206352,0.5954028964042664
2026-08-12_21-17-52,/home/as22cq/Projects/Policy-RL-Peg_insertion/force_peg_rl/logs/rl_games/Forge/2026-08-12_21-17-52/nn/last_Forge_ep_500_rew_141.3663.pth,1,nominal,1000,False,timeout,149,134.46583557128906,0.03872133791446686,17.82921600341797,10.920661926269531,1.133333444595337,0.02682804875075817,0.8044460415840149,0.02277202531695366,0.75,0.75,0.018479695543646812,-0.7605499029159546
2026-08-12_21-17-52,/home/as22cq/Projects/Policy-RL-Peg_insertion/force_peg_rl/logs/rl_games/Forge/2026-08-12_21-17-52/nn/last_Forge_ep_500_rew_141.3663.pth,1,nominal,1000,False,timeout,149,221.6636505126953,0.01046033576130867,38.35165786743164,19.217876434326172,1.125,0.0006929946830496192,1.3161156177520752,0.01734333485364914,0.75,0.75,0.013883262872695923,-0.4561724364757538
2026-08-12_21-17-52,/home/as22cq/Projects/Policy-RL-Peg_insertion/force_peg_rl/logs/rl_games/Forge/2026-08-12_21-17-52/nn/last_Forge_ep_500_rew_141.3663.pth,1,nominal,1000,False,timeout,149,63.56572723388672,0.006119668483734131,10.203385353088379,5.856731414794922,0.5416666865348816,0.053291212767362595,0.45928749442100525,0.015605839900672436,0.75,0.75,0.021147767081856728,-0.5716313123703003
2026-08-12_21-17-52,/home/as22cq/Projects/Policy-RL-Peg_insertion/force_peg_rl/logs/rl_games/Forge/2026-08-12_21-17-52/nn/last_Forge_ep_500_rew_141.3663.pth,1,nominal,1000,False,timeout,149,31.581445693969727,0.04988090693950653,27.72058868408203,17.0283260345459,0.9416667222976685,0.010056678205728531,0.28351742029190063,0.01608586497604847,0.75,0.75,0.02124195732176304,0.4941501319408417
2026-08-12_21-17-52,/home/as22cq/Projects/Policy-RL-Peg_insertion/force_peg_rl/logs/rl_games/Forge/2026-08-12_21-17-52/nn/last_Forge_ep_500_rew_141.3663.pth,1,nominal,1000,True,success,149,381.9853820800781,0.00015836860984563828,16.818723678588867,12.14755630493164,0.9666666984558105,0.0007939653587527573,0.9953598976135254,0.01495019905269146,0.75,0.75,0.019088279455900192,-0.26723089814186096
2026-08-12_21-17-52,/home/as22cq/Projects/Policy-RL-Peg_insertion/force_peg_rl/logs/rl_games/Forge/2026-08-12_21-17-52/nn/last_Forge_ep_500_rew_141.3663.pth,1,nominal,1000,False,timeout,149,38.32926940917969,-0.009304225444793701,28.367345809936523,12.533858299255371,1.0750000476837158,0.03294860199093819,1.5471038818359375,0.018377695232629776,0.75,0.75,0.014740400947630405,0.10799532383680344
2026-08-12_21-17-52,/home/as22cq/Projects/Policy-RL-Peg_insertion/force_peg_rl/logs/rl_games/Forge/2026-08-12_21-17-52/nn/last_Forge_ep_500_rew_141.3663.pth,1,nominal,1000,False,timeout,149,102.70819854736328,0.01913793385028839,14.078414916992188,8.730108261108398,0.7416667342185974,0.0012959480518475175,1.1071428060531616,0.022335082292556763,0.75,0.75,0.017694538459181786,0.3291117548942566
2026-08-12_21-17-52,/home/as22cq/Projects/Policy-RL-Peg_insertion/force_peg_rl/logs/rl_games/Forge/2026-08-12_21-17-52/nn/last_Forge_ep_500_rew_141.3663.pth,1,nominal,1000,False,timeout,149,62.484798431396484,0.034747786819934845,12.385992050170898,6.292860507965088,0.7250000238418579,0.02523580938577652,0.259304404258728,0.020029595121741295,0.75,0.75,0.015316269360482693,-0.7804366946220398
2026-08-12_21-17-52,/home/as22cq/Projects/Policy-RL-Peg_insertion/force_peg_rl/logs/rl_games/Forge/2026-08-12_21-17-52/nn/last_Forge_ep_500_rew_141.3663.pth,1,nominal,1000,False,timeout,149,208.700439453125,0.002584928646683693,17.31822395324707,10.98575496673584,0.9583333730697632,0.0007249060436151922,1.340966820716858,0.021023107692599297,0.75,0.75,0.009634340181946754,-0.2115703970193863
2026-08-12_21-17-52,/home/as22cq/Projects/Policy-RL-Peg_insertion/force_peg_rl/logs/rl_games/Forge/2026-08-12_21-17-52/nn/last_Forge_ep_500_rew_141.3663.pth,1,nominal,1000,False,timeout,149,177.21853637695312,0.0035510696470737457,17.620145797729492,10.07157039642334,1.1083333492279053,0.0006000847206450999,1.5222803354263306,0.022172287106513977,0.75,0.75,0.012548491358757019,-0.137803852558136
2026-08-12_21-17-52,/home/as22cq/Projects/Policy-RL-Peg_insertion/force_peg_rl/logs/rl_games/Forge/2026-08-12_21-17-52/nn/last_Forge_ep_500_rew_141.3663.pth,1,nominal,1000,False,timeout,149,214.51698303222656,0.006388828158378601,32.018226623535156,16.401100158691406,0.9250000715255737,0.0005956543609499931,0.6598645448684692,0.01987394317984581,0.75,0.75,0.022480687126517296,-0.10681559145450592
2026-08-12_21-17-52,/home/as22cq/Projects/Policy-RL-Peg_insertion/force_peg_rl/logs/rl_games/Forge/2026-08-12_21-17-52/nn/last_Forge_ep_500_rew_141.3663.pth,1,nominal,1000,False,timeout,149,205.63677978515625,0.017626285552978516,16.25197982788086,11.248334884643555,1.158333420753479,0.0007045209058560431,1.6067448854446411,0.016976987943053246,0.75,0.75,0.017675256356596947,0.7056381702423096
2026-08-12_21-17-52,/home/as22cq/Projects/Policy-RL-Peg_insertion/force_peg_rl/logs/rl_games/Forge/2026-08-12_21-17-52/nn/last_Forge_ep_500_rew_141.3663.pth,1,nominal,1000,False,timeout,149,209.27490234375,0.01230214536190033,34.72960662841797,12.454440116882324,0.9750000238418579,0.0008104046573862433,1.5933622121810913,0.023760249838232994,0.75,0.75,0.020208759233355522,0.34764203429222107
2026-08-12_21-17-52,/home/as22cq/Projects/Policy-RL-Peg_insertion/force_peg_rl/logs/rl_games/Forge/2026-08-12_21-17-52/nn/last_Forge_ep_500_rew_141.3663.pth,1,nominal,1000,True,success,149,292.27197265625,0.00014879554510116577,33.0780143737793,16.50369644165039,1.1500000953674316,0.0008086910820566118,1.3868181705474854,0.016569796949625015,0.75,0.75,0.015312105417251587,0.7492011189460754
2026-08-12_21-17-52,/home/as22cq/Projects/Policy-RL-Peg_insertion/force_peg_rl/logs/rl_games/Forge/2026-08-12_21-17-52/nn/last_Forge_ep_500_rew_141.3663.pth,1,nominal,1000,True,success,149,286.7318115234375,0.0002395734190940857,32.25093078613281,13.45009994506836,1.133333444595337,0.0005316731403581798,0.6920658946037292,0.015117974020540714,0.75,0.75,0.02137409895658493,0.21661613881587982
2026-08-12_21-17-52,/home/as22cq/Projects/Policy-RL-Peg_insertion/force_peg_rl/logs/rl_games/Forge/2026-08-12_21-17-52/nn/last_Forge_ep_500_rew_141.3663.pth,1,nominal,1000,True,success,149,204.95909118652344,0.00013624131679534912,23.00799560546875,10.288487434387207,0.8083333969116211,0.00057218101574108,1.1682711839675903,0.014010193757712841,0.75,0.75,0.015321405604481697,-0.5128018260002136
2026-08-12_21-17-52,/home/as22cq/Projects/Policy-RL-Peg_insertion/force_peg_rl/logs/rl_games/Forge/2026-08-12_21-17-52/nn/last_Forge_ep_500_rew_141.3663.pth,1,nominal,1000,False,timeout,149,181.85751342773438,0.006995994597673416,25.754150390625,12.387543678283691,1.0916666984558105,0.0009769913740456104,0.8037797212600708,0.02174752950668335,0.75,0.75,0.02025887742638588,-0.6327519416809082
2026-08-12_21-17-52,/home/as22cq/Projects/Policy-RL-Peg_insertion/force_peg_rl/logs/rl_games/Forge/2026-08-12_21-17-52/nn/last_Forge_ep_500_rew_141.3663.pth,1,nominal,1000,True,success,149,242.22288513183594,0.00017048045992851257,30.647838592529297,12.7235689163208,0.9166666865348816,0.0007395535358227789,1.1799039840698242,0.017311863601207733,0.75,0.75,0.007682320196181536,-0.4939928650856018
2026-08-12_21-17-52,/home/as22cq/Projects/Policy-RL-Peg_insertion/force_peg_rl/logs/rl_games/Forge/2026-08-12_21-17-52/nn/last_Forge_ep_500_rew_141.3663.pth,1,nominal,1000,False,timeout,149,170.7589569091797,0.01070094108581543,28.346921920776367,13.055580139160156,1.1416667699813843,0.0008359182975254953,0.911207377910614,0.020803755149245262,0.75,0.75,0.018430469557642937,0.4884280562400818
2026-08-12_21-17-52,/home/as22cq/Projects/Policy-RL-Peg_insertion/force_peg_rl/logs/rl_games/Forge/2026-08-12_21-17-52/nn/last_Forge_ep_500_rew_141.3663.pth,1,nominal,1000,False,timeout,149,200.81065368652344,0.007267266511917114,24.859081268310547,12.737207412719727,1.133333444595337,0.0006464862381108105,1.310531497001648,0.015124655328691006,0.75,0.75,0.01683112047612667,0.37920117378234863
2026-08-12_21-17-52,/home/as22cq/Projects/Policy-RL-Peg_insertion/force_peg_rl/logs/rl_games/Forge/2026-08-12_21-17-52/nn/last_Forge_ep_500_rew_141.3663.pth,1,nominal,1000,True,success,149,266.2643127441406,9.733997285366058e-05,29.09223175048828,11.884724617004395,0.8583333492279053,0.0005299394251778722,1.1327550411224365,0.01879996247589588,0.75,0.75,0.00936125684529543,0.27571365237236023
2026-08-12_21-17-52,/home/as22cq/Projects/Policy-RL-Peg_insertion/force_peg_rl/logs/rl_games/Forge/2026-08-12_21-17-52/nn/last_Forge_ep_500_rew_141.3663.pth,1,nominal,1000,True,success,149,242.98068237304688,1.1429190635681152e-05,29.69540786743164,14.815824508666992,1.133333444595337,0.0005451483302749693,1.3070402145385742,0.015738019719719887,0.75,0.75,0.013880397193133831,0.12686221301555634
2026-08-12_21-17-52,/home/as22cq/Projects/Policy-RL-Peg_insertion/force_peg_rl/logs/rl_games/Forge/2026-08-12_21-17-52/nn/last_Forge_ep_500_rew_141.3663.pth,1,nominal,1000,False,timeout,149,178.12486267089844,0.002645254135131836,15.208620071411133,10.503931999206543,1.2083333730697632,0.0005834256880916655,1.6883105039596558,0.019555186852812767,0.75,0.75,0.008305797353386879,0.0697137787938118
2026-08-12_21-17-52,/home/as22cq/Projects/Policy-RL-Peg_insertion/force_peg_rl/logs/rl_games/Forge/2026-08-12_21-17-52/nn/last_Forge_ep_500_rew_141.3663.pth,1,nominal,1000,False,timeout,149,31.156572341918945,0.01958838477730751,25.3729248046875,12.909061431884766,0.9916667342185974,0.03565289452672005,0.2856556177139282,0.02124733291566372,0.75,0.75,0.007223862688988447,-0.6261898875236511
2026-08-12_21-17-52,/home/as22cq/Projects/Policy-RL-Peg_insertion/force_peg_rl/logs/rl_games/Forge/2026-08-12_21-17-52/nn/last_Forge_ep_500_rew_141.3663.pth,1,nominal,1000,False,timeout,149,73.75338745117188,0.052489377558231354,16.199007034301758,9.719234466552734,0.9333333969116211,0.04570619761943817,0.7088889479637146,0.01970910094678402,0.75,0.75,0.007939568720757961,-0.4622341990470886
2026-08-12_21-17-52,/home/as22cq/Projects/Policy-RL-Peg_insertion/force_peg_rl/logs/rl_games/Forge/2026-08-12_21-17-52/nn/last_Forge_ep_500_rew_141.3663.pth,1,nominal,1000,False,timeout,149,192.07901000976562,0.003208998590707779,20.666934967041016,12.370890617370605,1.058333396911621,0.000663761340547353,1.4274719953536987,0.02351207286119461,0.75,0.75,0.01979965902864933,0.24725523591041565
2026-08-12_21-17-52,/home/as22cq/Projects/Policy-RL-Peg_insertion/force_peg_rl/logs/rl_games/Forge/2026-08-12_21-17-52/nn/last_Forge_ep_500_rew_141.3663.pth,1,nominal,1000,False,timeout,149,77.26451110839844,0.04764542728662491,20.131980895996094,10.715190887451172,0.98333340883255,0.06295596808195114,1.2524478435516357,0.01648496463894844,0.75,0.75,0.017878403887152672,0.7256836891174316
2026-08-12_21-17-52,/home/as22cq/Projects/Policy-RL-Peg_insertion/force_peg_rl/logs/rl_games/Forge/2026-08-12_21-17-52/nn/last_Forge_ep_500_rew_141.3663.pth,1,nominal,1000,False,timeout,149,31.99325180053711,0.05201011151075363,31.290842056274414,12.938406944274902,1.0833333730697632,0.06350976228713989,1.3114168643951416,0.01584630087018013,0.75,0.75,0.011824360117316246,-0.6743318438529968
2026-08-12_21-17-52,/home/as22cq/Projects/Policy-RL-Peg_insertion/force_peg_rl/logs/rl_games/Forge/2026-08-12_21-17-52/nn/last_Forge_ep_500_rew_141.3663.pth,1,nominal,1000,True,success,149,269.0865783691406,0.0009577777236700058,17.45252227783203,6.702746868133545,0.4750000238418579,0.0007589532760903239,1.1193219423294067,0.022326525300741196,0.75,0.75,0.018539348617196083,0.5196216702461243
2026-08-12_21-17-52,/home/as22cq/Projects/Policy-RL-Peg_insertion/force_peg_rl/logs/rl_games/Forge/2026-08-12_21-17-52/nn/last_Forge_ep_500_rew_141.3663.pth,1,nominal,1000,True,success,149,279.3466491699219,6.215088069438934e-05,18.652233123779297,11.607145309448242,1.1083333492279053,0.0005453086923807859,1.2714132070541382,0.023398861289024353,0.75,0.75,0.017740091308951378,0.14715668559074402
2026-08-12_21-17-52,/home/as22cq/Projects/Policy-RL-Peg_insertion/force_peg_rl/logs/rl_games/Forge/2026-08-12_21-17-52/nn/last_Forge_ep_500_rew_141.3663.pth,1,nominal,1000,True,success,149,199.64280700683594,0.000532783567905426,16.419326782226562,10.310039520263672,0.8916667103767395,0.00067547318758443,1.2769852876663208,0.02174619771540165,0.75,0.75,0.021507401019334793,0.24911685287952423
2026-08-12_21-17-52,/home/as22cq/Projects/Policy-RL-Peg_insertion/force_peg_rl/logs/rl_games/Forge/2026-08-12_21-17-52/nn/last_Forge_ep_500_rew_141.3663.pth,1,nominal,1000,True,success,149,385.0455017089844,6.998702883720398e-05,12.554533004760742,8.128080368041992,1.0916666984558105,7.275268580997363e-05,0.4467119574546814,0.01563699170947075,0.75,0.75,0.0176797304302454,0.26284798979759216
2026-08-12_21-17-52,/home/as22cq/Projects/Policy-RL-Peg_insertion/force_peg_rl/logs/rl_games/Forge/2026-08-12_21-17-52/nn/last_Forge_ep_500_rew_141.3663.pth,1,nominal,1000,False,timeout,149,50.846317291259766,0.014354242943227291,10.601064682006836,4.922500133514404,0.28333336114883423,0.0374566912651062,1.6670047044754028,0.01573294587433338,0.75,0.75,0.02198193036019802,0.6111094951629639
2026-08-12_21-17-52,/home/as22cq/Projects/Policy-RL-Peg_insertion/force_peg_rl/logs/rl_games/Forge/2026-08-12_21-17-52/nn/last_Forge_ep_500_rew_141.3663.pth,1,nominal,1000,True,success,149,266.9902648925781,5.7484954595565796e-05,37.584808349609375,12.693572998046875,0.9250000715255737,0.0004974215407855809,1.3715159893035889,0.014003502205014229,0.75,0.75,0.012955267913639545,-0.5995081067085266
2026-08-12_21-17-52,/home/as22cq/Projects/Policy-RL-Peg_insertion/force_peg_rl/logs/rl_games/Forge/2026-08-12_21-17-52/nn/last_Forge_ep_500_rew_141.3663.pth,1,nominal,1000,True,success,149,383.43798828125,0.00011580809950828552,14.791924476623535,8.791258811950684,1.1166666746139526,0.0005161927547305822,0.3045296370983124,0.02039811573922634,0.75,0.75,0.005036104936152697,0.553692102432251
2026-08-12_21-17-52,/home/as22cq/Projects/Policy-RL-Peg_insertion/force_peg_rl/logs/rl_games/Forge/2026-08-12_21-17-52/nn/last_Forge_ep_500_rew_141.3663.pth,1,nominal,1000,True,success,149,209.73736572265625,4.02107834815979e-05,24.850936889648438,15.431127548217773,1.1916667222976685,0.0006020593573339283,1.320520281791687,0.020300574600696564,0.75,0.75,0.00431095901876688,-0.09634539484977722
2026-08-12_21-17-52,/home/as22cq/Projects/Policy-RL-Peg_insertion/force_peg_rl/logs/rl_games/Forge/2026-08-12_21-17-52/nn/last_Forge_ep_500_rew_141.3663.pth,1,nominal,1000,True,success,149,386.4574279785156,0.00014353543519973755,18.638885498046875,15.610089302062988,1.0833333730697632,0.0005658249137923121,0.4513673186302185,0.016163671389222145,0.75,0.75,0.00822652317583561,0.26826703548431396
2026-08-12_21-17-52,/home/as22cq/Projects/Policy-RL-Peg_insertion/force_peg_rl/logs/rl_games/Forge/2026-08-12_21-17-52/nn/last_Forge_ep_500_rew_141.3663.pth,1,nominal,1000,False,timeout,149,71.1597900390625,0.07818366587162018,23.661914825439453,9.747907638549805,0.6333333849906921,0.032989710569381714,0.4030569791793823,0.017122630029916763,0.75,0.75,0.018836958333849907,-0.18231983482837677
2026-08-12_21-17-52,/home/as22cq/Projects/Policy-RL-Peg_insertion/force_peg_rl/logs/rl_games/Forge/2026-08-12_21-17-52/nn/last_Forge_ep_500_rew_141.3663.pth,1,nominal,1000,False,timeout,149,180.7990264892578,0.01056738942861557,20.50713348388672,11.555533409118652,1.158333420753479,0.0005602865130640566,1.1049978733062744,0.014354829676449299,0.75,0.75,0.017511136829853058,-0.36224284768104553
2026-08-12_21-17-52,/home/as22cq/Projects/Policy-RL-Peg_insertion/force_peg_rl/logs/rl_games/Forge/2026-08-12_21-17-52/nn/last_Forge_ep_500_rew_141.3663.pth,1,nominal,1000,False,timeout,149,77.77584838867188,0.08648619055747986,14.318470001220703,8.751062393188477,0.491666704416275,0.044233061373233795,0.45177870988845825,0.01863621547818184,0.75,0.75,0.006828145124018192,-0.2768303155899048
2026-08-12_21-17-52,/home/as22cq/Projects/Policy-RL-Peg_insertion/force_peg_rl/logs/rl_games/Forge/2026-08-12_21-17-52/nn/last_Forge_ep_500_rew_141.3663.pth,1,nominal,1000,False,timeout,149,176.0526580810547,0.00970684364438057,23.298555374145508,11.660367965698242,1.1500000953674316,0.0005395167972892523,1.227538824081421,0.018752261996269226,0.75,0.75,0.016032904386520386,-0.5150390267372131
2026-08-12_21-17-52,/home/as22cq/Projects/Policy-RL-Peg_insertion/force_peg_rl/logs/rl_games/Forge/2026-08-12_21-17-52/nn/last_Forge_ep_500_rew_141.3663.pth,1,nominal,1000,False,timeout,149,181.35548400878906,0.005091041326522827,18.733062744140625,9.509296417236328,0.7000000476837158,0.0005612962995655835,1.5124740600585938,0.015378267504274845,0.75,0.75,0.00031635010964237154,-0.4822777211666107
2026-08-12_21-17-52,/home/as22cq/Projects/Policy-RL-Peg_insertion/force_peg_rl/logs/rl_games/Forge/2026-08-12_21-17-52/nn/last_Forge_ep_500_rew_141.3663.pth,1,nominal,1000,False,timeout,149,45.4072265625,0.02927490696310997,20.82480239868164,12.137332916259766,0.9666666984558105,0.026082679629325867,0.7462234497070312,0.014141926541924477,0.75,0.75,0.006866457872092724,-0.336221307516098
2026-08-12_21-17-52,/home/as22cq/Projects/Policy-RL-Peg_insertion/force_peg_rl/logs/rl_games/Forge/2026-08-12_21-17-52/nn/last_Forge_ep_500_rew_141.3663.pth,1,nominal,1000,False,timeout,149,188.08377075195312,0.00611969456076622,18.46024513244629,11.085321426391602,1.0833333730697632,0.0007059989147819579,1.3857277631759644,0.018745511770248413,0.75,0.75,0.024047987535595894,0.6444141268730164
2026-08-12_21-17-52,/home/as22cq/Projects/Policy-RL-Peg_insertion/force_peg_rl/logs/rl_games/Forge/2026-08-12_21-17-52/nn/last_Forge_ep_500_rew_141.3663.pth,1,nominal,1000,False,timeout,149,34.0874137878418,-0.006177730858325958,41.435203552246094,13.901922225952148,0.8750000596046448,0.037997979670763016,1.5508273839950562,0.0173479113727808,0.75,0.75,0.009062601253390312,-0.15511783957481384
2026-08-12_21-17-52,/home/as22cq/Projects/Policy-RL-Peg_insertion/force_peg_rl/logs/rl_games/Forge/2026-08-12_21-17-52/nn/last_Forge_ep_500_rew_141.3663.pth,1,nominal,1000,False,timeout,149,185.4146728515625,0.0028478801250457764,25.20989227294922,11.81364917755127,0.7833333611488342,0.0006771465414203703,1.2597407102584839,0.01403332781046629,0.75,0.75,0.005143217276781797,-0.5621067881584167
2026-08-12_21-17-52,/home/as22cq/Projects/Policy-RL-Peg_insertion/force_peg_rl/logs/rl_games/Forge/2026-08-12_21-17-52/nn/last_Forge_ep_500_rew_141.3663.pth,1,nominal,1000,True,success,149,287.5054016113281,0.00014119595289230347,32.19358444213867,13.387022018432617,1.058333396911621,0.0007255775853991508,1.3500667810440063,0.018756166100502014,0.75,0.75,0.010409687645733356,0.5376743078231812
2026-08-12_21-17-52,/home/as22cq/Projects/Policy-RL-Peg_insertion/force_peg_rl/logs/rl_games/Forge/2026-08-12_21-17-52/nn/last_Forge_ep_500_rew_141.3663.pth,1,nominal,1000,True,success,149,387.5898742675781,7.393769919872284e-05,18.851442337036133,13.836982727050781,1.133333444595337,0.0002691461704671383,0.4876111149787903,0.02340727485716343,0.75,0.75,0.01523620169609785,-0.31428906321525574
2026-08-12_21-17-52,/home/as22cq/Projects/Policy-RL-Peg_insertion/force_peg_rl/logs/rl_games/Forge/2026-08-12_21-17-52/nn/last_Forge_ep_500_rew_141.3663.pth,1,nominal,1000,False,timeout,149,201.3993682861328,0.02007906883955002,27.005006790161133,8.578413009643555,0.6416667103767395,0.0008195325499400496,0.6826642155647278,0.022075120359659195,0.75,0.75,0.018452828750014305,-0.513257622718811
2026-08-12_21-17-52,/home/as22cq/Projects/Policy-RL-Peg_insertion/force_peg_rl/logs/rl_games/Forge/2026-08-12_21-17-52/nn/last_Forge_ep_500_rew_141.3663.pth,1,nominal,1000,True,success,149,364.9846496582031,0.00015062279999256134,13.939539909362793,9.712294578552246,0.7750000357627869,0.0005662739858962595,0.35529467463493347,0.015387878753244877,0.75,0.75,0.0012650977587327361,0.562414288520813
2026-08-12_21-17-52,/home/as22cq/Projects/Policy-RL-Peg_insertion/force_peg_rl/logs/rl_games/Forge/2026-08-12_21-17-52/nn/last_Forge_ep_500_rew_141.3663.pth,1,nominal,1000,False,timeout,149,176.4713897705078,0.014682687819004059,18.17547607421875,11.206568717956543,1.0166667699813843,0.0006761870463378727,1.3725879192352295,0.022252220660448074,0.75,0.75,0.016547856852412224,0.2977694571018219
2026-08-12_21-17-52,/home/as22cq/Projects/Policy-RL-Peg_insertion/force_peg_rl/logs/rl_games/Forge/2026-08-12_21-17-52/nn/last_Forge_ep_500_rew_141.3663.pth,1,nominal,1000,True,success,149,209.86395263671875,8.419901132583618e-05,21.873876571655273,10.585928916931152,0.9750000238418579,0.0005411597667261958,1.3158016204833984,0.016298748552799225,0.75,0.75,0.010977409780025482,-0.5985468029975891
2026-08-12_21-17-52,/home/as22cq/Projects/Policy-RL-Peg_insertion/force_peg_rl/logs/rl_games/Forge/2026-08-12_21-17-52/nn/last_Forge_ep_500_rew_141.3663.pth,1,nominal,1000,False,timeout,149,196.50045776367188,0.0015725791454315186,24.152019500732422,13.392723083496094,1.1750000715255737,0.000716133217792958,1.3170604705810547,0.015881797298789024,0.75,0.75,0.001004559569992125,-0.3111740052700043
2026-08-12_21-17-52,/home/as22cq/Projects/Policy-RL-Peg_insertion/force_peg_rl/logs/rl_games/Forge/2026-08-12_21-17-52/nn/last_Forge_ep_500_rew_141.3663.pth,1,nominal,1000,True,success,149,303.4675598144531,7.436051964759827e-05,38.40088653564453,16.33358383178711,1.1666667461395264,0.0005128892953507602,1.280082106590271,0.020506881177425385,0.75,0.75,0.0052452669478952885,0.23343375325202942
2026-08-12_21-17-52,/home/as22cq/Projects/Policy-RL-Peg_insertion/force_peg_rl/logs/rl_games/Forge/2026-08-12_21-17-52/nn/last_Forge_ep_500_rew_141.3663.pth,1,nominal,1000,True,success,149,362.8385314941406,0.00010115653276443481,17.396955490112305,13.077458381652832,1.0750000476837158,0.00044462730875238776,0.484481543302536,0.02275972068309784,0.75,0.75,0.023412443697452545,-0.6498783230781555
2026-08-12_21-17-52,/home/as22cq/Projects/Policy-RL-Peg_insertion/force_peg_rl/logs/rl_games/Forge/2026-08-12_21-17-52/nn/last_Forge_ep_500_rew_141.3663.pth,1,nominal,1000,False,timeout,149,30.1844482421875,0.04763012379407883,15.3539457321167,8.710371017456055,1.0416667461395264,0.04736369475722313,0.358004093170166,0.01545441523194313,0.75,0.75,0.019387586042284966,-0.5489272475242615
2026-08-12_21-17-52,/home/as22cq/Projects/Policy-RL-Peg_insertion/force_peg_rl/logs/rl_games/Forge/2026-08-12_21-17-52/nn/last_Forge_ep_500_rew_141.3663.pth,1,nominal,1000,False,timeout,149,185.03921508789062,0.02029094286262989,17.095129013061523,11.633170127868652,1.1083333492279053,0.0005756135797128081,1.48502516746521,0.015694985166192055,0.75,0.75,0.016368405893445015,0.5531549453735352
2026-08-12_21-17-52,/home/as22cq/Projects/Policy-RL-Peg_insertion/force_peg_rl/logs/rl_games/Forge/2026-08-12_21-17-52/nn/last_Forge_ep_500_rew_141.3663.pth,1,nominal,1000,False,timeout,149,66.25821685791016,-0.025043008849024773,22.604446411132812,9.270981788635254,0.9500000476837158,0.037016455084085464,1.093217372894287,0.016468822956085205,0.75,0.75,0.016171017661690712,0.044991713017225266
2026-08-12_21-17-52,/home/as22cq/Projects/Policy-RL-Peg_insertion/force_peg_rl/logs/rl_games/Forge/2026-08-12_21-17-52/nn/last_Forge_ep_500_rew_141.3663.pth,1,nominal,1000,True,success,149,303.8106384277344,0.00011749099940061569,32.23081970214844,12.845488548278809,1.1166666746139526,0.000554652651771903,1.39657461643219,0.019007405266165733,0.75,0.75,0.016064055263996124,0.47414377331733704
2026-08-12_21-17-52,/home/as22cq/Projects/Policy-RL-Peg_insertion/force_peg_rl/logs/rl_games/Forge/2026-08-12_21-17-52/nn/last_Forge_ep_500_rew_141.3663.pth,1,nominal,1000,False,timeout,149,30.3280086517334,-0.04892585426568985,27.75121307373047,14.458582878112793,0.8500000238418579,0.028237633407115936,1.9199531078338623,0.018118543550372124,0.75,0.75,0.01802942156791687,0.7498461008071899
2026-08-12_21-17-52,/home/as22cq/Projects/Policy-RL-Peg_insertion/force_peg_rl/logs/rl_games/Forge/2026-08-12_21-17-52/nn/last_Forge_ep_500_rew_141.3663.pth,1,nominal,1000,False,timeout,149,14.78380298614502,0.06094038486480713,16.507869720458984,10.862412452697754,0.9166666865348816,0.04819255694746971,0.47639596462249756,0.01966632716357708,0.75,0.75,0.007557578384876251,-0.09815933555364609
2026-08-12_21-17-52,/home/as22cq/Projects/Policy-RL-Peg_insertion/force_peg_rl/logs/rl_games/Forge/2026-08-12_21-17-52/nn/last_Forge_ep_500_rew_141.3663.pth,1,nominal,1000,False,timeout,149,32.30881118774414,-0.02016330510377884,19.819143295288086,9.04409408569336,0.8083333969116211,0.045634038746356964,1.0866689682006836,0.023308061063289642,0.75,0.75,0.012412076815962791,-0.5530489087104797
2026-08-12_21-17-52,/home/as22cq/Projects/Policy-RL-Peg_insertion/force_peg_rl/logs/rl_games/Forge/2026-08-12_21-17-52/nn/last_Forge_ep_500_rew_141.3663.pth,1,nominal,1000,False,timeout,149,27.931785583496094,0.0018605440855026245,17.063373565673828,11.33273983001709,1.058333396911621,0.06202390417456627,2.1911370754241943,0.0215561892837286,0.75,0.75,0.01169957872480154,0.7156596779823303
2026-08-12_21-17-52,/home/as22cq/Projects/Policy-RL-Peg_insertion/force_peg_rl/logs/rl_games/Forge/2026-08-12_21-17-52/nn/last_Forge_ep_500_rew_141.3663.pth,1,nominal,1000,False,timeout,149,25.17287826538086,0.020119372755289078,21.387500762939453,11.189495086669922,1.125,0.025264093652367592,1.171950101852417,0.020947342738509178,0.75,0.75,0.014580048620700836,-0.5432584285736084
2026-08-12_21-17-52,/home/as22cq/Projects/Policy-RL-Peg_insertion/force_peg_rl/logs/rl_games/Forge/2026-08-12_21-17-52/nn/last_Forge_ep_500_rew_141.3663.pth,1,nominal,1000,False,timeout,149,24.814624786376953,0.16661405563354492,12.79995059967041,4.118202209472656,0.24166667461395264,0.04550125077366829,0.5929222106933594,0.01947927102446556,0.75,0.75,0.020112982019782066,-0.3255522549152374
2026-08-12_21-17-52,/home/as22cq/Projects/Policy-RL-Peg_insertion/force_peg_rl/logs/rl_games/Forge/2026-08-12_21-17-52/nn/last_Forge_ep_500_rew_141.3663.pth,1,nominal,1000,False,timeout,149,43.25221633911133,0.036615341901779175,9.844048500061035,5.249000549316406,0.3583333492279053,0.012959922663867474,0.5822327733039856,0.023776449263095856,0.75,0.75,0.008903895504772663,-0.46175509691238403
2026-08-12_21-17-52,/home/as22cq/Projects/Policy-RL-Peg_insertion/force_peg_rl/logs/rl_games/Forge/2026-08-12_21-17-52/nn/last_Forge_ep_500_rew_141.3663.pth,1,nominal,1000,False,timeout,149,35.316246032714844,0.0027398746460676193,34.544219970703125,8.256606101989746,0.4583333432674408,0.020791752263903618,1.2555214166641235,0.020117316395044327,0.75,0.75,0.010707366280257702,-0.48739689588546753
2026-08-12_21-17-52,/home/as22cq/Projects/Policy-RL-Peg_insertion/force_peg_rl/logs/rl_games/Forge/2026-08-12_21-17-52/nn/last_Forge_ep_500_rew_141.3663.pth,1,nominal,1000,False,timeout,149,31.713176727294922,0.017873350530862808,12.325407981872559,6.821463584899902,0.17500001192092896,0.033717941492795944,0.9547907114028931,0.020863723009824753,0.75,0.75,0.021311189979314804,0.07904361933469772
2026-08-12_21-17-52,/home/as22cq/Projects/Policy-RL-Peg_insertion/force_peg_rl/logs/rl_games/Forge/2026-08-12_21-17-52/nn/last_Forge_ep_500_rew_141.3663.pth,1,nominal,1000,False,timeout,149,11.999958992004395,0.08706486225128174,14.954434394836426,8.199623107910156,0.6083333492279053,0.05551837384700775,0.5293210744857788,0.018675675615668297,0.75,0.75,0.013937028124928474,-0.2979695796966553
2026-08-12_21-17-52,/home/as22cq/Projects/Policy-RL-Peg_insertion/force_peg_rl/logs/rl_games/Forge/2026-08-12_21-17-52/nn/last_Forge_ep_500_rew_141.3663.pth,1,nominal,1000,False,timeout,149,30.428937911987305,0.002906695008277893,24.213733673095703,13.7128324508667,1.0916666984558105,0.061256591230630875,0.7170578837394714,0.01725655607879162,0.75,0.75,0.020735424011945724,-0.5086582899093628
2026-08-12_21-17-52,/home/as22cq/Projects/Policy-RL-Peg_insertion/force_peg_rl/logs/rl_games/Forge/2026-08-12_21-17-52/nn/last_Forge_ep_500_rew_141.3663.pth,1,nominal,1000,False,timeout,149,77.21199035644531,-0.05975373461842537,32.502315521240234,16.311983108520508,1.125,0.9604968428611755,0.4328659176826477,0.017080988734960556,0.75,0.75,0.02362671308219433,-0.36425384879112244
2026-08-12_21-17-52,/home/as22cq/Projects/Policy-RL-Peg_insertion/force_peg_rl/logs/rl_games/Forge/2026-08-12_21-17-52/nn/last_Forge_ep_500_rew_141.3663.pth,1,nominal,1000,False,timeout,149,32.36690139770508,0.04358670860528946,18.82157325744629,7.7054338455200195,0.8083333969116211,0.05285186320543289,1.0200276374816895,0.01959938555955887,0.75,0.75,0.008725802414119244,-0.20728302001953125
2026-08-12_21-17-52,/home/as22cq/Projects/Policy-RL-Peg_insertion/force_peg_rl/logs/rl_games/Forge/2026-08-12_21-17-52/nn/last_Forge_ep_500_rew_141.3663.pth,1,nominal,1000,False,timeout,149,17.085391998291016,-0.012732647359371185,11.189661979675293,3.9963066577911377,0.2666666805744171,0.06001611053943634,0.6235624551773071,0.01676381379365921,0.75,0.75,0.02318117953836918,-0.26434141397476196
2026-08-12_21-17-52,/home/as22cq/Projects/Policy-RL-Peg_insertion/force_peg_rl/logs/rl_games/Forge/2026-08-12_21-17-52/nn/last_Forge_ep_500_rew_141.3663.pth,1,nominal,1000,False,timeout,149,19.115985870361328,0.004134617745876312,16.674753189086914,8.557792663574219,1.0666667222976685,0.030838795006275177,0.7357689142227173,0.018617698922753334,0.75,0.75,0.010049527511000633,-0.43480250239372253
2026-08-12_21-17-52,/home/as22cq/Projects/Policy-RL-Peg_insertion/force_peg_rl/logs/rl_games/Forge/2026-08-12_21-17-52/nn/last_Forge_ep_500_rew_141.3663.pth,1,nominal,1000,False,force_limit,149,30.62089729309082,-0.005604822188615799,66.62906646728516,9.120291709899902,0.8166667222976685,0.02793518640100956,1.760865330696106,0.023897871375083923,0.75,0.75,0.018173715099692345,0.13729806244373322
2026-08-12_21-17-52,/home/as22cq/Projects/Policy-RL-Peg_insertion/force_peg_rl/logs/rl_games/Forge/2026-08-12_21-17-52/nn/last_Forge_ep_500_rew_141.3663.pth,1,nominal,1000,False,timeout,149,96.85457611083984,0.02214866131544113,26.887269973754883,15.216315269470215,1.0666667222976685,0.0007689073099754751,0.5236952304840088,0.021812450140714645,0.75,0.75,0.005449702497571707,-0.4867987334728241
2026-08-12_21-17-52,/home/as22cq/Projects/Policy-RL-Peg_insertion/force_peg_rl/logs/rl_games/Forge/2026-08-12_21-17-52/nn/last_Forge_ep_500_rew_141.3663.pth,1,nominal,1000,False,timeout,149,87.83634948730469,0.027341317385435104,16.597450256347656,9.229032516479492,0.7500000596046448,0.018792597576975822,1.9334635734558105,0.02134937047958374,0.75,0.75,0.020930200815200806,0.7350996732711792
2026-08-12_21-17-52,/home/as22cq/Projects/Policy-RL-Peg_insertion/force_peg_rl/logs/rl_games/Forge/2026-08-12_21-17-52/nn/last_Forge_ep_500_rew_141.3663.pth,1,nominal,1000,False,timeout,149,16.785465240478516,0.02592708170413971,12.489977836608887,9.744828224182129,1.0,0.0013867114903405309,1.1612682342529297,0.021089788526296616,0.75,0.75,0.012755047529935837,-0.14591597020626068
2026-08-12_21-17-52,/home/as22cq/Projects/Policy-RL-Peg_insertion/force_peg_rl/logs/rl_games/Forge/2026-08-12_21-17-52/nn/last_Forge_ep_500_rew_141.3663.pth,1,nominal,1000,False,timeout,149,16.63237953186035,0.09192685782909393,23.9610652923584,7.853845119476318,0.5,0.050635021179914474,0.3500344455242157,0.018257219344377518,0.75,0.75,0.01698097214102745,-0.5630594491958618
2026-08-12_21-17-52,/home/as22cq/Projects/Policy-RL-Peg_insertion/force_peg_rl/logs/rl_games/Forge/2026-08-12_21-17-52/nn/last_Forge_ep_500_rew_141.3663.pth,1,nominal,1000,False,timeout,149,7.866415500640869,0.011764954775571823,16.94108772277832,7.5228753089904785,0.4833333492279053,0.020183363929390907,1.670768141746521,0.02389443665742874,0.75,0.75,0.008508238010108471,-0.09283413738012314
2026-08-12_21-17-52,/home/as22cq/Projects/Policy-RL-Peg_insertion/force_peg_rl/logs/rl_games/Forge/2026-08-12_21-17-52/nn/last_Forge_ep_500_rew_141.3663.pth,1,nominal,1000,False,timeout,149,24.719465255737305,-0.024673335254192352,21.390104293823242,11.27278995513916,1.058333396911621,0.03376684710383415,1.553666114807129,0.01434275507926941,0.75,0.75,0.018330039456486702,-0.004009596072137356
2026-08-12_21-17-52,/home/as22cq/Projects/Policy-RL-Peg_insertion/force_peg_rl/logs/rl_games/Forge/2026-08-12_21-17-52/nn/last_Forge_ep_500_rew_141.3663.pth,1,nominal,1000,False,timeout,149,25.527334213256836,-0.006037980318069458,19.434988021850586,9.97987174987793,0.9916667342185974,0.0288611501455307,1.5872044563293457,0.01877862587571144,0.75,0.75,0.02176535129547119,0.15468282997608185
2026-08-12_21-17-52,/home/as22cq/Projects/Policy-RL-Peg_insertion/force_peg_rl/logs/rl_games/Forge/2026-08-12_21-17-52/nn/last_Forge_ep_500_rew_141.3663.pth,1,nominal,1000,False,timeout,149,26.84555435180664,0.017301812767982483,23.132015228271484,11.212876319885254,1.1416667699813843,0.07496559619903564,1.461883783340454,0.021160157397389412,0.75,0.75,0.02139127627015114,0.6004807949066162
2026-08-12_21-17-52,/home/as22cq/Projects/Policy-RL-Peg_insertion/force_peg_rl/logs/rl_games/Forge/2026-08-12_21-17-52/nn/last_Forge_ep_500_rew_141.3663.pth,1,nominal,1000,False,timeout,149,27.507356643676758,-0.013253927230834961,15.896809577941895,9.72583293914795,1.133333444595337,0.03580889478325844,1.8636771440505981,0.023499952629208565,0.75,0.75,0.01928936131298542,0.7430297136306763
2026-08-12_21-17-52,/home/as22cq/Projects/Policy-RL-Peg_insertion/force_peg_rl/logs/rl_games/Forge/2026-08-12_21-17-52/nn/last_Forge_ep_500_rew_141.3663.pth,1,nominal,1000,False,timeout,149,21.189714431762695,0.004864931106567383,24.438926696777344,11.513494491577148,1.1750000715255737,0.01940210536122322,0.8035891652107239,0.02208162099123001,0.75,0.75,0.017008619382977486,-0.35491257905960083
2026-08-12_21-17-52,/home/as22cq/Projects/Policy-RL-Peg_insertion/force_peg_rl/logs/rl_games/Forge/2026-08-12_21-17-52/nn/last_Forge_ep_500_rew_141.3663.pth,1,nominal,1000,True,success,149,122.45481872558594,0.00024258345365524292,18.234817504882812,8.99605655670166,0.6583333611488342,0.0005288262036629021,0.8165380954742432,0.019956247881054878,0.75,0.75,0.01755394972860813,0.13986514508724213
2026-08-12_21-17-52,/home/as22cq/Projects/Policy-RL-Peg_insertion/force_peg_rl/logs/rl_games/Forge/2026-08-12_21-17-52/nn/last_Forge_ep_500_rew_141.3663.pth,1,nominal,1000,True,success,149,265.0942687988281,0.0008543627336621284,33.58860778808594,9.878233909606934,0.5583333373069763,0.0005913369823247194,1.2478491067886353,0.016296397894620895,0.75,0.75,0.018527429550886154,0.7244347929954529
2026-08-12_21-17-52,/home/as22cq/Projects/Policy-RL-Peg_insertion/force_peg_rl/logs/rl_games/Forge/2026-08-12_21-17-52/nn/last_Forge_ep_500_rew_141.3663.pth,1,nominal,1000,False,force_limit,149,27.867616653442383,0.009815666824579239,58.1137809753418,10.587903022766113,1.0250000953674316,0.04759744554758072,1.9001835584640503,0.016626736149191856,0.75,0.75,0.01710171066224575,0.7117137908935547
2026-08-12_21-17-52,/home/as22cq/Projects/Policy-RL-Peg_insertion/force_peg_rl/logs/rl_games/Forge/2026-08-12_21-17-52/nn/last_Forge_ep_500_rew_141.3663.pth,1,nominal,1000,False,timeout,149,33.22774887084961,0.030734620988368988,17.618797302246094,9.160734176635742,1.0666667222976685,0.007308796979486942,1.8529237508773804,0.020225219428539276,0.75,0.75,0.016017749905586243,0.0034809454809874296
2026-08-12_21-17-52,/home/as22cq/Projects/Policy-RL-Peg_insertion/force_peg_rl/logs/rl_games/Forge/2026-08-12_21-17-52/nn/last_Forge_ep_500_rew_141.3663.pth,1,nominal,1000,False,timeout,149,19.304855346679688,-0.049060188233852386,19.295028686523438,8.222223281860352,0.6916667222976685,0.043183669447898865,1.4532091617584229,0.015488960780203342,0.75,0.75,0.02502834051847458,-0.7038906216621399
2026-08-12_21-17-52,/home/as22cq/Projects/Policy-RL-Peg_insertion/force_peg_rl/logs/rl_games/Forge/2026-08-12_21-17-52/nn/last_Forge_ep_500_rew_141.3663.pth,1,nominal,1000,False,timeout,149,29.71959114074707,0.03819290176033974,18.162307739257812,10.527668952941895,1.033333420753479,0.03936006501317024,0.4471288323402405,0.022106576710939407,0.75,0.75,0.00516841746866703,-0.4852777123451233
2026-08-12_21-17-52,/home/as22cq/Projects/Policy-RL-Peg_insertion/force_peg_rl/logs/rl_games/Forge/2026-08-12_21-17-52/nn/last_Forge_ep_500_rew_141.3663.pth,1,nominal,1000,False,timeout,149,35.741519927978516,-0.024877991527318954,43.71715545654297,12.469781875610352,0.9750000238418579,0.010879320092499256,2.27864670753479,0.017006417736411095,0.75,0.75,0.013639906421303749,0.48150819540023804
2026-08-12_21-17-52,/home/as22cq/Projects/Policy-RL-Peg_insertion/force_peg_rl/logs/rl_games/Forge/2026-08-12_21-17-52/nn/last_Forge_ep_500_rew_141.3663.pth,1,nominal,1000,False,timeout,149,25.16634750366211,-0.030371282249689102,25.715871810913086,10.528392791748047,1.100000023841858,0.04747844859957695,1.1785496473312378,0.01710451766848564,0.75,0.75,0.013467268086969852,-0.3489978611469269
2026-08-12_21-17-52,/home/as22cq/Projects/Policy-RL-Peg_insertion/force_peg_rl/logs/rl_games/Forge/2026-08-12_21-17-52/nn/last_Forge_ep_500_rew_141.3663.pth,1,nominal,1000,False,timeout,149,130.07447814941406,0.0032442472875118256,33.43547058105469,13.943788528442383,1.1416667699813843,0.0006049149669706821,1.249329924583435,0.015928983688354492,0.75,0.75,0.02180388756096363,0.42929592728614807
2026-08-12_21-17-52,/home/as22cq/Projects/Policy-RL-Peg_insertion/force_peg_rl/logs/rl_games/Forge/2026-08-12_21-17-52/nn/last_Forge_ep_500_rew_141.3663.pth,1,nominal,1000,False,timeout,149,15.972481727600098,-0.029582440853118896,17.178802490234375,7.047216415405273,0.4166666865348816,0.07280333340167999,1.6949975490570068,0.021516626700758934,0.75,0.75,0.02926960401237011,-0.5342552065849304
2026-08-12_21-17-52,/home/as22cq/Projects/Policy-RL-Peg_insertion/force_peg_rl/logs/rl_games/Forge/2026-08-12_21-17-52/nn/last_Forge_ep_500_rew_141.3663.pth,1,nominal,1000,False,timeout,149,52.633766174316406,0.0948934406042099,22.350027084350586,9.142973899841309,1.100000023841858,0.05402938649058342,0.17516063153743744,0.023288067430257797,0.75,0.75,0.017657635733485222,-0.610683798789978
2026-08-12_21-17-52,/home/as22cq/Projects/Policy-RL-Peg_insertion/force_peg_rl/logs/rl_games/Forge/2026-08-12_21-17-52/nn/last_Forge_ep_500_rew_141.3663.pth,1,nominal,1000,False,timeout,149,31.081342697143555,0.050267141312360764,25.18545150756836,12.174721717834473,1.158333420753479,0.015391924418509007,0.7239019870758057,0.02208520472049713,0.75,0.75,0.0059074643068015575,-0.22996221482753754
2026-08-12_21-17-52,/home/as22cq/Projects/Policy-RL-Peg_insertion/force_peg_rl/logs/rl_games/Forge/2026-08-12_21-17-52/nn/last_Forge_ep_500_rew_141.3663.pth,1,nominal,1000,False,timeout,149,23.638410568237305,0.02440045028924942,26.27444076538086,16.49589729309082,1.1750000715255737,0.027029918506741524,0.41805288195610046,0.020177297294139862,0.75,0.75,0.01687154546380043,-0.5151067972183228
2026-08-12_21-17-52,/home/as22cq/Projects/Policy-RL-Peg_insertion/force_peg_rl/logs/rl_games/Forge/2026-08-12_21-17-52/nn/last_Forge_ep_500_rew_141.3663.pth,1,nominal,1000,False,timeout,149,21.06321144104004,-0.008311614394187927,15.390581130981445,7.345999717712402,1.0833333730697632,0.034735992550849915,1.8131011724472046,0.021927693858742714,0.75,0.75,0.012710227631032467,0.1696503609418869
2026-08-12_21-17-52,/home/as22cq/Projects/Policy-RL-Peg_insertion/force_peg_rl/logs/rl_games/Forge/2026-08-12_21-17-52/nn/last_Forge_ep_500_rew_141.3663.pth,1,nominal,1000,True,success,149,167.79180908203125,0.00014153867959976196,16.640390396118164,10.22715950012207,0.9916667342185974,0.000665587664116174,1.382402777671814,0.018010679632425308,0.75,0.75,0.017392847687005997,-0.19666120409965515
2026-08-12_21-17-52,/home/as22cq/Projects/Policy-RL-Peg_insertion/force_peg_rl/logs/rl_games/Forge/2026-08-12_21-17-52/nn/last_Forge_ep_500_rew_141.3663.pth,1,nominal,1000,True,success,149,208.3462371826172,-1.3943761587142944e-05,32.60829544067383,10.727147102355957,0.8166667222976685,0.0005809100111946464,1.3369184732437134,0.02326672337949276,0.75,0.75,0.001741071231663227,0.7786034941673279
2026-08-12_21-17-52,/home/as22cq/Projects/Policy-RL-Peg_insertion/force_peg_rl/logs/rl_games/Forge/2026-08-12_21-17-52/nn/last_Forge_ep_500_rew_141.3663.pth,1,nominal,1000,False,timeout,149,29.20783042907715,-0.01692473143339157,27.779558181762695,8.355340003967285,0.7333333492279053,0.049023307859897614,0.6275071501731873,0.015167709439992905,0.75,0.75,0.020970584824681282,-0.36637839674949646
2026-08-12_21-17-52,/home/as22cq/Projects/Policy-RL-Peg_insertion/force_peg_rl/logs/rl_games/Forge/2026-08-12_21-17-52/nn/last_Forge_ep_500_rew_141.3663.pth,1,nominal,1000,False,timeout,149,169.435546875,0.010810259729623795,21.87165641784668,14.155474662780762,0.9500000476837158,0.0007092515006661415,1.5685664415359497,0.018633289262652397,0.75,0.75,0.01637198030948639,0.6513102650642395
2026-08-12_21-17-52,/home/as22cq/Projects/Policy-RL-Peg_insertion/force_peg_rl/logs/rl_games/Forge/2026-08-12_21-17-52/nn/last_Forge_ep_500_rew_141.3663.pth,1,nominal,1000,False,timeout,149,28.10887336730957,0.0800255760550499,18.03192901611328,14.393221855163574,1.1750000715255737,0.11991788446903229,2.4712891578674316,0.015388816595077515,0.75,0.75,0.003921461757272482,0.7233932614326477
2026-08-12_21-17-52,/home/as22cq/Projects/Policy-RL-Peg_insertion/force_peg_rl/logs/rl_games/Forge/2026-08-12_21-17-52/nn/last_Forge_ep_500_rew_141.3663.pth,1,nominal,1000,True,success,149,272.7547607421875,0.00016266852617263794,35.3776741027832,13.385954856872559,0.9500000476837158,0.0007114845211617649,1.2201210260391235,0.02274537831544876,0.75,0.75,0.009313339367508888,-0.08680328726768494
2026-08-12_21-17-52,/home/as22cq/Projects/Policy-RL-Peg_insertion/force_peg_rl/logs/rl_games/Forge/2026-08-12_21-17-52/nn/last_Forge_ep_500_rew_141.3663.pth,1,nominal,1000,False,timeout,149,18.67376708984375,0.030673861503601074,27.954004287719727,17.340219497680664,0.9916667342185974,0.022869424894452095,0.5584891438484192,0.015710577368736267,0.75,0.75,0.019425595179200172,-0.4838445484638214
2026-08-12_21-17-52,/home/as22cq/Projects/Policy-RL-Peg_insertion/force_peg_rl/logs/rl_games/Forge/2026-08-12_21-17-52/nn/last_Forge_ep_500_rew_141.3663.pth,1,nominal,1000,False,timeout,149,25.53339195251465,0.007037840783596039,36.94377899169922,20.84362030029297,1.0250000953674316,0.06264369189739227,2.1555089950561523,0.02032092958688736,0.75,0.75,0.014182153157889843,0.6797966957092285
2026-08-12_21-17-52,/home/as22cq/Projects/Policy-RL-Peg_insertion/force_peg_rl/logs/rl_games/Forge/2026-08-12_21-17-52/nn/last_Forge_ep_500_rew_141.3663.pth,1,nominal,1000,True,success,149,336.0616455078125,0.0001659151166677475,11.036017417907715,6.977869033813477,0.8916667103767395,0.0006670503644272685,0.4278342127799988,0.014849083498120308,0.75,0.75,0.018205173313617706,0.5930506587028503
2026-08-12_21-17-52,/home/as22cq/Projects/Policy-RL-Peg_insertion/force_peg_rl/logs/rl_games/Forge/2026-08-12_21-17-52/nn/last_Forge_ep_500_rew_141.3663.pth,1,nominal,1000,False,timeout,149,39.008304595947266,-0.01964769884943962,26.64861488342285,6.692803382873535,0.5333333611488342,0.02748674526810646,1.9339604377746582,0.023617209866642952,0.75,0.75,0.01874152570962906,-0.013633453287184238
2026-08-12_21-17-52,/home/as22cq/Projects/Policy-RL-Peg_insertion/force_peg_rl/logs/rl_games/Forge/2026-08-12_21-17-52/nn/last_Forge_ep_500_rew_141.3663.pth,1,nominal,1000,False,timeout,149,21.732168197631836,-0.013443876057863235,14.3943452835083,5.681612968444824,0.40000003576278687,0.021226443350315094,2.0905368328094482,0.02065153233706951,0.75,0.75,0.003248911816626787,-0.5557721853256226
2026-08-12_21-17-52,/home/as22cq/Projects/Policy-RL-Peg_insertion/force_peg_rl/logs/rl_games/Forge/2026-08-12_21-17-52/nn/last_Forge_ep_500_rew_141.3663.pth,1,nominal,1000,False,timeout,149,20.84307098388672,0.029441386461257935,15.413434028625488,10.139520645141602,1.0833333730697632,0.006162859965115786,1.7028834819793701,0.014482613652944565,0.75,0.75,0.01868272013962269,0.7397307753562927
2026-08-12_21-17-52,/home/as22cq/Projects/Policy-RL-Peg_insertion/force_peg_rl/logs/rl_games/Forge/2026-08-12_21-17-52/nn/last_Forge_ep_500_rew_141.3663.pth,1,nominal,1000,False,timeout,149,16.43160629272461,0.0643940269947052,23.195680618286133,13.330828666687012,1.0666667222976685,0.049156107008457184,0.5132032632827759,0.021722277626395226,0.75,0.75,0.01722043566405773,0.167257159948349
2026-08-12_21-17-52,/home/as22cq/Projects/Policy-RL-Peg_insertion/force_peg_rl/logs/rl_games/Forge/2026-08-12_21-17-52/nn/last_Forge_ep_500_rew_141.3663.pth,1,nominal,1000,False,timeout,149,36.35490798950195,-0.00954718142747879,24.963197708129883,9.711650848388672,0.8666667342185974,0.026012811809778214,1.9041146039962769,0.020640037953853607,0.75,0.75,0.018936237320303917,0.622723400592804
2026-08-12_21-17-52,/home/as22cq/Projects/Policy-RL-Peg_insertion/force_peg_rl/logs/rl_games/Forge/2026-08-12_21-17-52/nn/last_Forge_ep_500_rew_141.3663.pth,1,nominal,1000,True,success,149,162.6476593017578,0.00015935860574245453,21.826181411743164,13.218331336975098,1.1416667699813843,0.0006178758922033012,1.6352897882461548,0.022477203980088234,0.75,0.75,0.01925382763147354,-0.3056117296218872
2026-08-12_21-17-52,/home/as22cq/Projects/Policy-RL-Peg_insertion/force_peg_rl/logs/rl_games/Forge/2026-08-12_21-17-52/nn/last_Forge_ep_500_rew_141.3663.pth,1,nominal,1000,True,success,149,209.6190948486328,5.507469177246094e-05,26.11750030517578,13.879118919372559,1.133333444595337,0.0005504859145730734,1.487977147102356,0.021109554916620255,0.75,0.75,0.007974867708981037,-0.7287020683288574
2026-08-12_21-17-52,/home/as22cq/Projects/Policy-RL-Peg_insertion/force_peg_rl/logs/rl_games/Forge/2026-08-12_21-17-52/nn/last_Forge_ep_500_rew_141.3663.pth,1,nominal,1000,False,timeout,149,11.263572692871094,-0.027418453246355057,24.421926498413086,9.247992515563965,0.6583333611488342,0.019410397857427597,2.151954174041748,0.019211361184716225,0.75,0.75,0.01427096500992775,-0.4781971275806427
2026-08-12_21-17-52,/home/as22cq/Projects/Policy-RL-Peg_insertion/force_peg_rl/logs/rl_games/Forge/2026-08-12_21-17-52/nn/last_Forge_ep_500_rew_141.3663.pth,1,nominal,1000,False,timeout,149,124.35509490966797,0.0133051797747612,19.850072860717773,10.158121109008789,1.1166666746139526,0.000722058059182018,1.676724910736084,0.021362097933888435,0.75,0.75,0.021569402888417244,0.3381204903125763
2026-08-12_21-17-52,/home/as22cq/Projects/Policy-RL-Peg_insertion/force_peg_rl/logs/rl_games/Forge/2026-08-12_21-17-52/nn/last_Forge_ep_500_rew_141.3663.pth,1,nominal,1000,False,timeout,149,14.640357971191406,-0.007163830101490021,10.45283031463623,5.069680213928223,0.25,0.05163271352648735,0.4885994493961334,0.015144276432693005,0.75,0.75,0.014680529944598675,-0.5940676927566528
2026-08-12_21-17-52,/home/as22cq/Projects/Policy-RL-Peg_insertion/force_peg_rl/logs/rl_games/Forge/2026-08-12_21-17-52/nn/last_Forge_ep_500_rew_141.3663.pth,1,nominal,1000,False,timeout,149,26.510459899902344,0.015558544546365738,15.222696304321289,8.748735427856445,0.491666704416275,0.031649693846702576,1.0596801042556763,0.01819933019578457,0.75,0.75,0.016953997313976288,-0.6358877420425415
2026-08-12_21-17-52,/home/as22cq/Projects/Policy-RL-Peg_insertion/force_peg_rl/logs/rl_games/Forge/2026-08-12_21-17-52/nn/last_Forge_ep_500_rew_141.3663.pth,1,nominal,1000,False,timeout,149,37.3783073425293,-0.023404117673635483,13.841938018798828,6.613914489746094,0.7250000238418579,0.03629348427057266,2.0465941429138184,0.01859634928405285,0.75,0.75,0.014810780063271523,0.5278699398040771
2026-08-12_21-17-52,/home/as22cq/Projects/Policy-RL-Peg_insertion/force_peg_rl/logs/rl_games/Forge/2026-08-12_21-17-52/nn/last_Forge_ep_500_rew_141.3663.pth,1,nominal,1000,False,timeout,149,60.18925476074219,0.02908996120095253,12.654196739196777,8.250205993652344,0.8833333849906921,0.037934839725494385,1.4604521989822388,0.022616706788539886,0.75,0.75,0.023331528529524803,-0.09209977090358734
2026-08-12_21-17-52,/home/as22cq/Projects/Policy-RL-Peg_insertion/force_peg_rl/logs/rl_games/Forge/2026-08-12_21-17-52/nn/last_Forge_ep_500_rew_141.3663.pth,1,nominal,1000,False,timeout,149,28.105287551879883,0.02315879613161087,14.829571723937988,9.942464828491211,0.8166667222976685,0.05258353054523468,1.9945728778839111,0.01667643152177334,0.75,0.75,0.008398529142141342,0.22906965017318726
2026-08-12_21-17-52,/home/as22cq/Projects/Policy-RL-Peg_insertion/force_peg_rl/logs/rl_games/Forge/2026-08-12_21-17-52/nn/last_Forge_ep_500_rew_141.3663.pth,1,nominal,1000,False,timeout,149,27.72170639038086,-0.0012991838157176971,22.265954971313477,11.56860065460205,1.058333396911621,0.03487661853432655,1.110994815826416,0.020499691367149353,0.75,0.75,0.0212562158703804,-0.5556243062019348
2026-08-12_21-17-52,/home/as22cq/Projects/Policy-RL-Peg_insertion/force_peg_rl/logs/rl_games/Forge/2026-08-12_21-17-52/nn/last_Forge_ep_500_rew_141.3663.pth,1,nominal,1000,False,timeout,149,30.755470275878906,0.005212763324379921,16.10923194885254,10.303099632263184,1.0916666984558105,0.033484648913145065,0.9390882253646851,0.015302445739507675,0.75,0.75,0.0177607461810112,-0.1236727386713028
2026-08-12_21-17-52,/home/as22cq/Projects/Policy-RL-Peg_insertion/force_peg_rl/logs/rl_games/Forge/2026-08-12_21-17-52/nn/last_Forge_ep_500_rew_141.3663.pth,1,nominal,1000,False,timeout,149,28.30379867553711,0.012484293431043625,11.607457160949707,7.8305344581604,0.9916667342185974,0.03563809022307396,1.9780422449111938,0.017816666513681412,0.75,0.75,0.0242341086268425,0.5805005431175232
2026-08-12_21-17-52,/home/as22cq/Projects/Policy-RL-Peg_insertion/force_peg_rl/logs/rl_games/Forge/2026-08-12_21-17-52/nn/last_Forge_ep_500_rew_141.3663.pth,1,nominal,1000,False,timeout,149,33.71135711669922,0.03672485426068306,16.819608688354492,11.746710777282715,1.1416667699813843,0.01607772335410118,1.3805766105651855,0.02044020965695381,0.75,0.75,0.00980942789465189,-0.3797054588794708
2026-08-12_21-17-52,/home/as22cq/Projects/Policy-RL-Peg_insertion/force_peg_rl/logs/rl_games/Forge/2026-08-12_21-17-52/nn/last_Forge_ep_500_rew_141.3663.pth,1,nominal,1000,False,timeout,149,28.120933532714844,0.03596143051981926,16.792747497558594,7.912343502044678,0.9916667342185974,0.034275032579898834,1.791917085647583,0.020616140216588974,0.75,0.75,0.011491778306663036,0.2706261873245239
2026-08-12_21-17-52,/home/as22cq/Projects/Policy-RL-Peg_insertion/force_peg_rl/logs/rl_games/Forge/2026-08-12_21-17-52/nn/last_Forge_ep_500_rew_141.3663.pth,1,nominal,1000,False,timeout,149,32.97712707519531,-0.004053980112075806,14.298190116882324,6.455356121063232,0.675000011920929,0.030591832473874092,1.119200348854065,0.01883445493876934,0.75,0.75,0.01786666177213192,0.03476588800549507
2026-08-12_21-17-52,/home/as22cq/Projects/Policy-RL-Peg_insertion/force_peg_rl/logs/rl_games/Forge/2026-08-12_21-17-52/nn/last_Forge_ep_500_rew_141.3663.pth,1,nominal,1000,False,timeout,149,27.981422424316406,0.09839274734258652,19.0201473236084,9.459181785583496,0.6500000357627869,0.04005543515086174,0.4343894422054291,0.015616628341376781,0.75,0.75,0.019473176449537277,-0.489355206489563
2026-08-12_21-17-52,/home/as22cq/Projects/Policy-RL-Peg_insertion/force_peg_rl/logs/rl_games/Forge/2026-08-12_21-17-52/nn/last_Forge_ep_500_rew_141.3663.pth,1,nominal,1000,False,timeout,149,29.201282501220703,0.02637205272912979,16.10432243347168,8.964661598205566,0.6916667222976685,0.07541544735431671,1.0162049531936646,0.018137915059924126,0.75,0.75,0.01773584820330143,-0.3590361177921295
2026-08-12_21-17-52,/home/as22cq/Projects/Policy-RL-Peg_insertion/force_peg_rl/logs/rl_games/Forge/2026-08-12_21-17-52/nn/last_Forge_ep_500_rew_141.3663.pth,1,nominal,1000,False,timeout,149,30.495691299438477,-0.03481431305408478,20.09756088256836,3.6233251094818115,0.23333334922790527,0.04084492102265358,1.0002968311309814,0.016296008601784706,0.75,0.75,0.00981671642512083,0.0072858016937971115
2026-08-12_21-17-52,/home/as22cq/Projects/Policy-RL-Peg_insertion/force_peg_rl/logs/rl_games/Forge/2026-08-12_21-17-52/nn/last_Forge_ep_500_rew_141.3663.pth,1,nominal,1000,False,timeout,149,29.46805763244629,0.008878324180841446,29.229835510253906,12.548483848571777,0.8083333969116211,0.019641416147351265,1.1299915313720703,0.021955592557787895,0.75,0.75,0.016554847359657288,0.16270841658115387
2026-08-12_21-17-52,/home/as22cq/Projects/Policy-RL-Peg_insertion/force_peg_rl/logs/rl_games/Forge/2026-08-12_21-17-52/nn/last_Forge_ep_500_rew_141.3663.pth,1,nominal,1000,False,timeout,149,31.76041603088379,0.029108114540576935,18.00718116760254,13.323673248291016,1.1166666746139526,0.012904557399451733,1.601395845413208,0.017398741096258163,0.75,0.75,0.018239866942167282,0.24430878460407257
2026-08-12_21-17-52,/home/as22cq/Projects/Policy-RL-Peg_insertion/force_peg_rl/logs/rl_games/Forge/2026-08-12_21-17-52/nn/last_Forge_ep_500_rew_141.3663.pth,1,nominal,1000,False,timeout,149,26.914308547973633,0.04005191847681999,11.508360862731934,5.682860374450684,0.0833333358168602,0.03286705166101456,1.796527624130249,0.021526005119085312,0.75,0.75,0.027910269796848297,0.2353343665599823
2026-08-12_21-17-52,/home/as22cq/Projects/Policy-RL-Peg_insertion/force_peg_rl/logs/rl_games/Forge/2026-08-12_21-17-52/nn/last_Forge_ep_500_rew_141.3663.pth,1,nominal,1000,False,timeout,149,28.590904235839844,0.043395496904850006,24.71330451965332,11.394563674926758,1.0833333730697632,0.03076532669365406,0.36577001214027405,0.02153584733605385,0.75,0.75,0.012768102809786797,-0.694214403629303
2026-08-12_21-17-52,/home/as22cq/Projects/Policy-RL-Peg_insertion/force_peg_rl/logs/rl_games/Forge/2026-08-12_21-17-52/nn/last_Forge_ep_500_rew_141.3663.pth,1,nominal,1000,False,timeout,149,28.47257423400879,0.07470089197158813,14.532983779907227,6.091649532318115,0.5333333611488342,0.055143360048532486,0.832436203956604,0.020107990130782127,0.75,0.75,0.012012415565550327,-0.019184185191988945
2026-08-12_21-17-52,/home/as22cq/Projects/Policy-RL-Peg_insertion/force_peg_rl/logs/rl_games/Forge/2026-08-12_21-17-52/nn/last_Forge_ep_500_rew_141.3663.pth,1,nominal,1000,False,timeout,149,32.63246536254883,-0.023381154984235764,23.17980194091797,9.310141563415527,0.4833333492279053,0.01730913668870926,2.290285348892212,0.016518810763955116,0.75,0.75,0.01345665194094181,0.7783546447753906
2026-08-12_21-17-52,/home/as22cq/Projects/Policy-RL-Peg_insertion/force_peg_rl/logs/rl_games/Forge/2026-08-12_21-17-52/nn/last_Forge_ep_500_rew_141.3663.pth,1,nominal,1000,False,timeout,149,28.911195755004883,-0.028671108186244965,14.07502555847168,3.348264455795288,0.32500001788139343,0.033185698091983795,0.5701566338539124,0.014285440556704998,0.75,0.75,0.013705601915717125,-0.0644080862402916
2026-08-12_21-17-52,/home/as22cq/Projects/Policy-RL-Peg_insertion/force_peg_rl/logs/rl_games/Forge/2026-08-12_21-17-52/nn/last_Forge_ep_500_rew_141.3663.pth,1,nominal,1000,False,timeout,149,27.038896560668945,-0.008809350430965424,14.638065338134766,2.248324155807495,0.09166666865348816,0.06558476388454437,0.7170693278312683,0.018195345997810364,0.75,0.75,0.003924273420125246,-0.42383623123168945
2026-08-12_21-17-52,/home/as22cq/Projects/Policy-RL-Peg_insertion/force_peg_rl/logs/rl_games/Forge/2026-08-12_21-17-52/nn/last_Forge_ep_500_rew_141.3663.pth,1,nominal,1000,False,timeout,149,22.804073333740234,-0.03388098254799843,21.953092575073242,6.979654312133789,0.7333333492279053,0.01858670264482498,1.9099452495574951,0.016275029629468918,0.75,0.75,0.019192099571228027,-0.19189885258674622
2026-08-12_21-17-52,/home/as22cq/Projects/Policy-RL-Peg_insertion/force_peg_rl/logs/rl_games/Forge/2026-08-12_21-17-52/nn/last_Forge_ep_500_rew_141.3663.pth,1,nominal,1000,False,timeout,149,35.975826263427734,-0.04044799879193306,13.481907844543457,4.862051010131836,0.42500001192092896,0.01804797537624836,2.2610628604888916,0.020610002800822258,0.75,0.75,0.019328998401761055,0.42787811160087585
2026-08-12_21-17-52,/home/as22cq/Projects/Policy-RL-Peg_insertion/force_peg_rl/logs/rl_games/Forge/2026-08-12_21-17-52/nn/last_Forge_ep_500_rew_141.3663.pth,1,nominal,1000,False,timeout,149,134.4696807861328,0.0021891072392463684,18.73710823059082,11.061055183410645,0.7166666984558105,0.0007157759973779321,1.4206582307815552,0.014068891294300556,0.75,0.75,0.003883833298459649,-0.20936408638954163
2026-08-12_21-17-52,/home/as22cq/Projects/Policy-RL-Peg_insertion/force_peg_rl/logs/rl_games/Forge/2026-08-12_21-17-52/nn/last_Forge_ep_500_rew_141.3663.pth,1,nominal,1000,False,timeout,149,40.104469299316406,0.01201368123292923,17.766414642333984,9.403311729431152,0.7583333849906921,0.050332751125097275,1.7022291421890259,0.01923026330769062,0.75,0.75,0.019818510860204697,0.6229040026664734
2026-08-12_21-17-52,/home/as22cq/Projects/Policy-RL-Peg_insertion/force_peg_rl/logs/rl_games/Forge/2026-08-12_21-17-52/nn/last_Forge_ep_500_rew_141.3663.pth,1,nominal,1000,False,timeout,149,31.2033634185791,-0.03687471151351929,20.184402465820312,4.307009696960449,0.34166669845581055,0.02098502591252327,2.032214403152466,0.01865246519446373,0.75,0.75,0.00997968576848507,-0.0895037055015564
2026-08-12_21-17-52,/home/as22cq/Projects/Policy-RL-Peg_insertion/force_peg_rl/logs/rl_games/Forge/2026-08-12_21-17-52/nn/last_Forge_ep_500_rew_141.3663.pth,1,nominal,1000,False,timeout,149,34.492835998535156,0.0053066229447722435,16.256244659423828,8.907976150512695,0.9083333611488342,0.021797331050038338,1.7665170431137085,0.014611597172915936,0.75,0.75,0.012011678889393806,0.06948459893465042
2026-08-12_21-17-52,/home/as22cq/Projects/Policy-RL-Peg_insertion/force_peg_rl/logs/rl_games/Forge/2026-08-12_21-17-52/nn/last_Forge_ep_500_rew_141.3663.pth,1,nominal,1000,False,timeout,149,30.03426170349121,0.06699714064598083,13.07627010345459,5.750535488128662,0.6833333969116211,0.0703900158405304,1.0711714029312134,0.02036285027861595,0.75,0.75,0.013305995613336563,-0.225971981883049
2026-08-12_21-17-52,/home/as22cq/Projects/Policy-RL-Peg_insertion/force_peg_rl/logs/rl_games/Forge/2026-08-12_21-17-52/nn/last_Forge_ep_500_rew_141.3663.pth,1,nominal,1000,False,timeout,149,36.59474563598633,0.014686990529298782,14.854172706604004,5.041117191314697,0.550000011920929,0.0217718668282032,2.409736394882202,0.023796245455741882,0.75,0.75,0.012964023277163506,0.7164013385772705
2026-08-12_21-17-52,/home/as22cq/Projects/Policy-RL-Peg_insertion/force_peg_rl/logs/rl_games/Forge/2026-08-12_21-17-52/nn/last_Forge_ep_500_rew_141.3663.pth,1,nominal,1000,False,timeout,149,35.29064178466797,-0.011154724285006523,14.77895736694336,6.51738166809082,0.7166666984558105,0.024670932441949844,2.179513692855835,0.01916254125535488,0.75,0.75,0.016366122290492058,0.5800651907920837
2026-08-12_21-17-52,/home/as22cq/Projects/Policy-RL-Peg_insertion/force_peg_rl/logs/rl_games/Forge/2026-08-12_21-17-52/nn/last_Forge_ep_500_rew_141.3663.pth,1,nominal,1000,False,timeout,149,28.11490821838379,-0.005141116678714752,10.970196723937988,6.3160247802734375,0.10833334177732468,0.07208441942930222,2.2500696182250977,0.022074416279792786,0.75,0.75,0.007580036763101816,0.682048499584198
2026-08-12_21-17-52,/home/as22cq/Projects/Policy-RL-Peg_insertion/force_peg_rl/logs/rl_games/Forge/2026-08-12_21-17-52/nn/last_Forge_ep_500_rew_141.3663.pth,1,nominal,1000,False,timeout,149,14.791958808898926,0.03202611207962036,25.250354766845703,9.35706615447998,0.9666666984558105,0.0628562793135643,0.6870191097259521,0.01404297724366188,0.75,0.75,0.01664602942764759,-0.041900698095560074
2026-08-12_21-17-52,/home/as22cq/Projects/Policy-RL-Peg_insertion/force_peg_rl/logs/rl_games/Forge/2026-08-12_21-17-52/nn/last_Forge_ep_500_rew_141.3663.pth,1,nominal,1000,True,success,149,187.67738342285156,0.0001874789595603943,27.671358108520508,12.947722434997559,1.0833333730697632,0.0005948825273662806,1.3484090566635132,0.023470990359783173,0.75,0.75,0.0054255262948572636,0.4116021990776062
2026-08-12_21-17-52,/home/as22cq/Projects/Policy-RL-Peg_insertion/force_peg_rl/logs/rl_games/Forge/2026-08-12_21-17-52/nn/last_Forge_ep_500_rew_141.3663.pth,1,nominal,1000,False,timeout,149,37.061954498291016,0.0015288349241018295,25.205158233642578,10.547930717468262,1.125,0.014850469306111336,1.6342209577560425,0.021821875125169754,0.75,0.75,0.02030687965452671,-0.16185137629508972
2026-08-12_21-17-52,/home/as22cq/Projects/Policy-RL-Peg_insertion/force_peg_rl/logs/rl_games/Forge/2026-08-12_21-17-52/nn/last_Forge_ep_500_rew_141.3663.pth,1,nominal,1000,False,timeout,149,31.33030128479004,0.03897208720445633,18.405296325683594,8.43797779083252,0.8250000476837158,0.055191170424222946,0.43966785073280334,0.02154189720749855,0.75,0.75,0.019165348261594772,-0.45010051131248474
2026-08-12_21-17-52,/home/as22cq/Projects/Policy-RL-Peg_insertion/force_peg_rl/logs/rl_games/Forge/2026-08-12_21-17-52/nn/last_Forge_ep_500_rew_141.3663.pth,1,nominal,1000,False,timeout,149,40.47381591796875,0.00483299233019352,13.218936920166016,4.683725833892822,0.05833333730697632,0.016670184209942818,1.9569973945617676,0.02268923446536064,0.75,0.75,0.014607585035264492,0.7358390688896179
2026-08-12_21-17-52,/home/as22cq/Projects/Policy-RL-Peg_insertion/force_peg_rl/logs/rl_games/Forge/2026-08-12_21-17-52/nn/last_Forge_ep_500_rew_141.3663.pth,1,nominal,1000,False,timeout,149,30.581363677978516,-0.028737470507621765,20.54936408996582,8.858804702758789,0.7500000596046448,0.0221320278942585,1.7051969766616821,0.01819918304681778,0.75,0.75,0.02385641820728779,-0.3538558781147003
2026-08-12_21-17-52,/home/as22cq/Projects/Policy-RL-Peg_insertion/force_peg_rl/logs/rl_games/Forge/2026-08-12_21-17-52/nn/last_Forge_ep_500_rew_141.3663.pth,1,nominal,1000,False,timeout,149,30.64229965209961,-0.023913031443953514,11.374223709106445,5.6754584312438965,0.6250000596046448,0.024697694927453995,1.024921178817749,0.02384127676486969,0.75,0.75,0.024223847314715385,-0.29439887404441833
2026-08-12_21-17-52,/home/as22cq/Projects/Policy-RL-Peg_insertion/force_peg_rl/logs/rl_games/Forge/2026-08-12_21-17-52/nn/last_Forge_ep_500_rew_141.3663.pth,1,nominal,1000,False,timeout,149,35.23189163208008,-0.036341942846775055,37.757301330566406,5.581387042999268,0.6500000357627869,0.01908489689230919,1.9227888584136963,0.019521426409482956,0.75,0.75,0.018769212067127228,0.46091803908348083
2026-08-12_21-17-52,/home/as22cq/Projects/Policy-RL-Peg_insertion/force_peg_rl/logs/rl_games/Forge/2026-08-12_21-17-52/nn/last_Forge_ep_500_rew_141.3663.pth,1,nominal,1000,False,timeout,149,127.6944580078125,0.003881022334098816,21.376575469970703,10.158684730529785,0.9916667342185974,0.0007550373557023704,1.4434163570404053,0.017901703715324402,0.75,0.75,0.027143552899360657,-0.6785184144973755
2026-08-12_21-17-52,/home/as22cq/Projects/Policy-RL-Peg_insertion/force_peg_rl/logs/rl_games/Forge/2026-08-12_21-17-52/nn/last_Forge_ep_500_rew_141.3663.pth,1,nominal,1000,False,timeout,149,28.95656394958496,-0.027514100074768066,20.943254470825195,4.937533378601074,0.5666667222976685,0.04358595982193947,0.5437317490577698,0.01844656653702259,0.75,0.75,0.011389503255486488,-0.7289931178092957
2026-08-12_21-17-52,/home/as22cq/Projects/Policy-RL-Peg_insertion/force_peg_rl/logs/rl_games/Forge/2026-08-12_21-17-52/nn/last_Forge_ep_500_rew_141.3663.pth,1,nominal,1000,False,timeout,149,35.84297180175781,0.019723035395145416,16.23781394958496,9.303277015686035,0.8666667342185974,0.02487582340836525,1.0196633338928223,0.01502446923404932,0.75,0.75,0.0017566080205142498,0.08035995811223984
2026-08-12_21-17-52,/home/as22cq/Projects/Policy-RL-Peg_insertion/force_peg_rl/logs/rl_games/Forge/2026-08-12_21-17-52/nn/last_Forge_ep_500_rew_141.3663.pth,1,nominal,1000,False,timeout,149,27.92239761352539,-0.0015934854745864868,12.101391792297363,4.42807674407959,0.45000001788139343,0.02754122018814087,0.7356166243553162,0.02272612228989601,0.75,0.75,0.02078428864479065,-0.405960351228714
2026-08-12_21-17-52,/home/as22cq/Projects/Policy-RL-Peg_insertion/force_peg_rl/logs/rl_games/Forge/2026-08-12_21-17-52/nn/last_Forge_ep_500_rew_141.3663.pth,1,nominal,1000,False,timeout,149,27.168663024902344,-0.030197590589523315,26.202678680419922,16.176189422607422,0.8916667103767395,0.07337881624698639,2.480353832244873,0.017671700567007065,0.75,0.75,0.017524374648928642,0.5174781084060669
2026-08-12_21-17-52,/home/as22cq/Projects/Policy-RL-Peg_insertion/force_peg_rl/logs/rl_games/Forge/2026-08-12_21-17-52/nn/last_Forge_ep_500_rew_141.3663.pth,1,nominal,1001,True,success,149,142.8882293701172,0.00010925997048616409,18.26585578918457,8.53685188293457,0.5916666984558105,0.00028428612858988345,1.0532643795013428,0.014582974836230278,0.75,0.75,0.010110991075634956,-0.07034808397293091
2026-08-12_21-17-52,/home/as22cq/Projects/Policy-RL-Peg_insertion/force_peg_rl/logs/rl_games/Forge/2026-08-12_21-17-52/nn/last_Forge_ep_500_rew_141.3663.pth,1,nominal,1001,False,timeout,149,103.3852310180664,0.003423614427447319,34.50508117675781,15.940906524658203,1.158333420753479,0.0007366517093032598,1.5242283344268799,0.02033928595483303,0.75,0.75,0.022193633019924164,-0.4973938465118408
2026-08-12_21-17-52,/home/as22cq/Projects/Policy-RL-Peg_insertion/force_peg_rl/logs/rl_games/Forge/2026-08-12_21-17-52/nn/last_Forge_ep_500_rew_141.3663.pth,1,nominal,1001,False,timeout,149,121.63269805908203,0.004573240876197815,28.38932991027832,13.450904846191406,0.9083333611488342,0.0010888435645028949,1.1112219095230103,0.019945984706282616,0.75,0.75,0.01767636276781559,-0.5415600538253784
2026-08-12_21-17-52,/home/as22cq/Projects/Policy-RL-Peg_insertion/force_peg_rl/logs/rl_games/Forge/2026-08-12_21-17-52/nn/last_Forge_ep_500_rew_141.3663.pth,1,nominal,1001,True,success,149,237.7262725830078,8.683651685714722e-05,18.19394874572754,9.731598854064941,1.100000023841858,0.000520482542924583,1.32344651222229,0.02142946794629097,0.75,0.75,0.00800418108701706,-0.14980211853981018
2026-08-12_21-17-52,/home/as22cq/Projects/Policy-RL-Peg_insertion/force_peg_rl/logs/rl_games/Forge/2026-08-12_21-17-52/nn/last_Forge_ep_500_rew_141.3663.pth,1,nominal,1001,False,timeout,149,166.8955841064453,0.008542850613594055,21.022048950195312,10.748470306396484,0.8833333849906921,0.0006101204780861735,1.3610548973083496,0.023519529029726982,0.75,0.75,0.01866862364113331,0.7537457346916199
2026-08-12_21-17-52,/home/as22cq/Projects/Policy-RL-Peg_insertion/force_peg_rl/logs/rl_games/Forge/2026-08-12_21-17-52/nn/last_Forge_ep_500_rew_141.3663.pth,1,nominal,1001,True,success,149,357.6855163574219,0.00010447949171066284,14.541345596313477,9.938639640808105,0.9500000476837158,0.0005205087945796549,0.354966402053833,0.022065134719014168,0.75,0.75,0.002766946330666542,0.6146127581596375
2026-08-12_21-17-52,/home/as22cq/Projects/Policy-RL-Peg_insertion/force_peg_rl/logs/rl_games/Forge/2026-08-12_21-17-52/nn/last_Forge_ep_500_rew_141.3663.pth,1,nominal,1001,False,timeout,149,161.68707275390625,0.01577676087617874,16.587478637695312,10.95226764678955,1.1500000953674316,0.0007329043000936508,1.5944125652313232,0.016289368271827698,0.75,0.75,0.011815238744020462,0.593267023563385
2026-08-12_21-17-52,/home/as22cq/Projects/Policy-RL-Peg_insertion/force_peg_rl/logs/rl_games/Forge/2026-08-12_21-17-52/nn/last_Forge_ep_500_rew_141.3663.pth,1,nominal,1001,False,timeout,149,121.82369232177734,0.03806055337190628,13.585525512695312,6.352569580078125,0.7333333492279053,0.1873231679201126,0.37466374039649963,0.02117471769452095,0.75,0.75,0.021404411643743515,-0.29661664366722107
2026-08-12_21-17-52,/home/as22cq/Projects/Policy-RL-Peg_insertion/force_peg_rl/logs/rl_games/Forge/2026-08-12_21-17-52/nn/last_Forge_ep_500_rew_141.3663.pth,1,nominal,1001,False,timeout,149,124.75994110107422,0.024541690945625305,27.110109329223633,9.363189697265625,0.8416666984558105,0.0007715332903899252,0.7342144846916199,0.020500419661402702,0.75,0.75,0.007271798327565193,0.1795370876789093
2026-08-12_21-17-52,/home/as22cq/Projects/Policy-RL-Peg_insertion/force_peg_rl/logs/rl_games/Forge/2026-08-12_21-17-52/nn/last_Forge_ep_500_rew_141.3663.pth,1,nominal,1001,True,success,149,143.10516357421875,8.649379014968872e-05,22.3076171875,9.547842025756836,0.7833333611488342,0.0005509186303243041,1.4354366064071655,0.014920365996658802,0.75,0.75,0.0033706058748066425,0.05625622719526291
2026-08-12_21-17-52,/home/as22cq/Projects/Policy-RL-Peg_insertion/force_peg_rl/logs/rl_games/Forge/2026-08-12_21-17-52/nn/last_Forge_ep_500_rew_141.3663.pth,1,nominal,1001,True,success,149,158.969482421875,0.00020898878574371338,28.398313522338867,12.607779502868652,1.0750000476837158,0.0008938709506765008,0.7389639616012573,0.023447120562195778,0.75,0.75,0.008436107076704502,-0.5396464467048645
2026-08-12_21-17-52,/home/as22cq/Projects/Policy-RL-Peg_insertion/force_peg_rl/logs/rl_games/Forge/2026-08-12_21-17-52/nn/last_Forge_ep_500_rew_141.3663.pth,1,nominal,1001,False,timeout,149,123.51062774658203,0.00811035931110382,19.53316879272461,14.095698356628418,1.1500000953674316,0.0005952822975814342,1.298750400543213,0.021928714588284492,0.75,0.75,0.020921682938933372,-0.24840134382247925
2026-08-12_21-17-52,/home/as22cq/Projects/Policy-RL-Peg_insertion/force_peg_rl/logs/rl_games/Forge/2026-08-12_21-17-52/nn/last_Forge_ep_500_rew_141.3663.pth,1,nominal,1001,False,timeout,149,28.176605224609375,-0.017612572759389877,20.970340728759766,11.664934158325195,0.9500000476837158,0.032497115433216095,1.5666369199752808,0.021051546558737755,0.75,0.75,0.021711206063628197,-0.6493220925331116
2026-08-12_21-17-52,/home/as22cq/Projects/Policy-RL-Peg_insertion/force_peg_rl/logs/rl_games/Forge/2026-08-12_21-17-52/nn/last_Forge_ep_500_rew_141.3663.pth,1,nominal,1001,False,timeout,149,33.07884979248047,0.006155248731374741,16.235671997070312,8.122346878051758,0.30000001192092896,0.02297213301062584,1.742856740951538,0.023087522014975548,0.75,0.75,0.015144135802984238,-0.5551906824111938
2026-08-12_21-17-52,/home/as22cq/Projects/Policy-RL-Peg_insertion/force_peg_rl/logs/rl_games/Forge/2026-08-12_21-17-52/nn/last_Forge_ep_500_rew_141.3663.pth,1,nominal,1001,True,success,149,232.9420928955078,5.863979458808899e-05,28.044994354248047,14.473101615905762,1.0916666984558105,0.00018784297571983188,1.3367009162902832,0.01856512390077114,0.75,0.75,0.0171226654201746,0.29567739367485046
2026-08-12_21-17-52,/home/as22cq/Projects/Policy-RL-Peg_insertion/force_peg_rl/logs/rl_games/Forge/2026-08-12_21-17-52/nn/last_Forge_ep_500_rew_141.3663.pth,1,nominal,1001,True,success,149,260.539306640625,0.000625312328338623,16.197921752929688,7.817898273468018,0.3500000238418579,0.0008298371103592217,1.1146347522735596,0.023324768990278244,0.75,0.75,0.020652227103710175,0.4007342457771301
2026-08-12_21-17-52,/home/as22cq/Projects/Policy-RL-Peg_insertion/force_peg_rl/logs/rl_games/Forge/2026-08-12_21-17-52/nn/last_Forge_ep_500_rew_141.3663.pth,1,nominal,1001,True,success,149,175.95407104492188,6.862357258796692e-05,25.28400993347168,13.6793212890625,0.9416667222976685,0.0005294243455864489,1.1431244611740112,0.016495054587721825,0.75,0.75,0.018144112080335617,-0.46352580189704895
2026-08-12_21-17-52,/home/as22cq/Projects/Policy-RL-Peg_insertion/force_peg_rl/logs/rl_games/Forge/2026-08-12_21-17-52/nn/last_Forge_ep_500_rew_141.3663.pth,1,nominal,1001,False,timeout,149,45.51908874511719,0.09731762111186981,27.47429656982422,7.831602096557617,0.675000011920929,0.04338475316762924,0.3905678689479828,0.019658973440527916,0.75,0.75,0.019881224259734154,-0.43698203563690186
2026-08-12_21-17-52,/home/as22cq/Projects/Policy-RL-Peg_insertion/force_peg_rl/logs/rl_games/Forge/2026-08-12_21-17-52/nn/last_Forge_ep_500_rew_141.3663.pth,1,nominal,1001,False,timeout,149,63.297000885009766,0.04213447496294975,14.449324607849121,9.30929946899414,0.675000011920929,0.0465131513774395,1.4065721035003662,0.023034047335386276,0.75,0.75,0.021829308941960335,0.07910413295030594
2026-08-12_21-17-52,/home/as22cq/Projects/Policy-RL-Peg_insertion/force_peg_rl/logs/rl_games/Forge/2026-08-12_21-17-52/nn/last_Forge_ep_500_rew_141.3663.pth,1,nominal,1001,True,success,149,357.9879455566406,7.486436516046524e-05,12.926820755004883,9.920045852661133,0.7666667103767395,0.00010470134293427691,0.26561006903648376,0.018841315060853958,0.75,0.75,0.01778019405901432,0.35664674639701843
2026-08-12_21-17-52,/home/as22cq/Projects/Policy-RL-Peg_insertion/force_peg_rl/logs/rl_games/Forge/2026-08-12_21-17-52/nn/last_Forge_ep_500_rew_141.3663.pth,1,nominal,1001,False,timeout,149,169.2694091796875,0.0210968479514122,20.63325309753418,9.707918167114258,0.5916666984558105,0.0011517010862007737,0.3893580436706543,0.019187122583389282,0.75,0.75,0.007226718124002218,-0.4442608654499054
2026-08-12_21-17-52,/home/as22cq/Projects/Policy-RL-Peg_insertion/force_peg_rl/logs/rl_games/Forge/2026-08-12_21-17-52/nn/last_Forge_ep_500_rew_141.3663.pth,1,nominal,1001,True,success,149,349.9786682128906,0.00010368414223194122,15.7044677734375,7.381893157958984,0.7000000476837158,0.0005604104371741414,1.2015345096588135,0.020070508122444153,0.75,0.75,0.011614397168159485,-0.3421226143836975
2026-08-12_21-17-52,/home/as22cq/Projects/Policy-RL-Peg_insertion/force_peg_rl/logs/rl_games/Forge/2026-08-12_21-17-52/nn/last_Forge_ep_500_rew_141.3663.pth,1,nominal,1001,False,timeout,149,96.47177124023438,0.010530773550271988,28.18393325805664,14.932384490966797,1.1750000715255737,0.0009533466072753072,1.2741364240646362,0.019575979560613632,0.75,0.75,0.01174683403223753,-0.6820406317710876
2026-08-12_21-17-52,/home/as22cq/Projects/Policy-RL-Peg_insertion/force_peg_rl/logs/rl_games/Forge/2026-08-12_21-17-52/nn/last_Forge_ep_500_rew_141.3663.pth,1,nominal,1001,False,timeout,149,143.98883056640625,0.0018795914947986603,31.832679748535156,15.46977424621582,1.1500000953674316,0.0005549193010665476,1.2786943912506104,0.017884882166981697,0.75,0.75,0.021071406081318855,-0.5599067211151123
2026-08-12_21-17-52,/home/as22cq/Projects/Policy-RL-Peg_insertion/force_peg_rl/logs/rl_games/Forge/2026-08-12_21-17-52/nn/last_Forge_ep_500_rew_141.3663.pth,1,nominal,1001,True,success,149,213.92613220214844,0.00019377842545509338,18.684621810913086,11.994357109069824,1.0666667222976685,0.0006627580150961876,1.3219537734985352,0.01758422702550888,0.75,0.75,0.019610924646258354,-0.2691989243030548
2026-08-12_21-17-52,/home/as22cq/Projects/Policy-RL-Peg_insertion/force_peg_rl/logs/rl_games/Forge/2026-08-12_21-17-52/nn/last_Forge_ep_500_rew_141.3663.pth,1,nominal,1001,False,timeout,149,30.89373779296875,0.20485305786132812,39.83017349243164,5.572338581085205,0.7083333730697632,0.018189072608947754,0.31177443265914917,0.017869669944047928,0.75,0.75,0.012875811196863651,-0.618934690952301
2026-08-12_21-17-52,/home/as22cq/Projects/Policy-RL-Peg_insertion/force_peg_rl/logs/rl_games/Forge/2026-08-12_21-17-52/nn/last_Forge_ep_500_rew_141.3663.pth,1,nominal,1001,False,timeout,149,115.75955963134766,0.011783428490161896,21.101877212524414,9.48255443572998,0.7083333730697632,0.0007948428392410278,1.615057349205017,0.01962859369814396,0.75,0.75,0.011299483478069305,-0.2725750207901001
2026-08-12_21-17-52,/home/as22cq/Projects/Policy-RL-Peg_insertion/force_peg_rl/logs/rl_games/Forge/2026-08-12_21-17-52/nn/last_Forge_ep_500_rew_141.3663.pth,1,nominal,1001,False,timeout,149,18.624486923217773,0.09731534123420715,11.188945770263672,4.873302459716797,0.6250000596046448,0.05153966695070267,0.7168077826499939,0.016826501116156578,0.75,0.75,0.018575113266706467,-0.09378418326377869
2026-08-12_21-17-52,/home/as22cq/Projects/Policy-RL-Peg_insertion/force_peg_rl/logs/rl_games/Forge/2026-08-12_21-17-52/nn/last_Forge_ep_500_rew_141.3663.pth,1,nominal,1001,False,timeout,149,56.4206428527832,0.05868467688560486,18.465972900390625,11.393437385559082,1.033333420753479,0.05967589095234871,0.49126705527305603,0.020204121246933937,0.75,0.75,0.01512822974473238,-0.7818158864974976
2026-08-12_21-17-52,/home/as22cq/Projects/Policy-RL-Peg_insertion/force_peg_rl/logs/rl_games/Forge/2026-08-12_21-17-52/nn/last_Forge_ep_500_rew_141.3663.pth,1,nominal,1001,False,timeout,149,112.79354095458984,0.007875613868236542,27.65426254272461,11.64868450164795,0.8250000476837158,0.0007524635293520987,1.3259204626083374,0.019322259351611137,0.75,0.75,0.005391777493059635,-0.45521241426467896
2026-08-12_21-17-52,/home/as22cq/Projects/Policy-RL-Peg_insertion/force_peg_rl/logs/rl_games/Forge/2026-08-12_21-17-52/nn/last_Forge_ep_500_rew_141.3663.pth,1,nominal,1001,True,success,149,156.30210876464844,8.307397365570068e-05,23.26506233215332,14.08382511138916,1.125,0.000552200130186975,1.4523842334747314,0.015515419654548168,0.75,0.75,0.008893955498933792,-0.3283514976501465
2026-08-12_21-17-52,/home/as22cq/Projects/Policy-RL-Peg_insertion/force_peg_rl/logs/rl_games/Forge/2026-08-12_21-17-52/nn/last_Forge_ep_500_rew_141.3663.pth,1,nominal,1001,False,timeout,149,158.46990966796875,0.01111220009624958,20.44205665588379,11.503887176513672,1.133333444595337,0.0006298883818089962,1.387143850326538,0.016003001481294632,0.75,0.75,0.018350675702095032,0.7685384750366211
2026-08-12_21-17-52,/home/as22cq/Projects/Policy-RL-Peg_insertion/force_peg_rl/logs/rl_games/Forge/2026-08-12_21-17-52/nn/last_Forge_ep_500_rew_141.3663.pth,1,nominal,1001,False,timeout,149,25.59638786315918,-0.008447952568531036,25.988908767700195,5.668006420135498,0.30000001192092896,0.03517540916800499,0.6413714289665222,0.023824989795684814,0.75,0.75,0.020526640117168427,-0.7491322755813599
2026-08-12_21-17-52,/home/as22cq/Projects/Policy-RL-Peg_insertion/force_peg_rl/logs/rl_games/Forge/2026-08-12_21-17-52/nn/last_Forge_ep_500_rew_141.3663.pth,1,nominal,1001,False,timeout,149,176.89401245117188,0.014377709478139877,22.994129180908203,11.886040687561035,1.0250000953674316,0.0008769088890403509,1.5362037420272827,0.021529115736484528,0.75,0.75,0.021493110805749893,-0.12146566063165665
2026-08-12_21-17-52,/home/as22cq/Projects/Policy-RL-Peg_insertion/force_peg_rl/logs/rl_games/Forge/2026-08-12_21-17-52/nn/last_Forge_ep_500_rew_141.3663.pth,1,nominal,1001,True,success,149,383.0516662597656,8.343160152435303e-05,14.113330841064453,7.652464866638184,0.5250000357627869,0.0005389368743635714,1.3746581077575684,0.017748845741152763,0.75,0.75,0.021931102499365807,0.38618290424346924
2026-08-12_21-17-52,/home/as22cq/Projects/Policy-RL-Peg_insertion/force_peg_rl/logs/rl_games/Forge/2026-08-12_21-17-52/nn/last_Forge_ep_500_rew_141.3663.pth,1,nominal,1001,True,success,149,173.1832275390625,0.000613827258348465,36.76469039916992,14.38515567779541,1.0750000476837158,0.0009748596930876374,1.2005573511123657,0.019194230437278748,0.75,0.75,0.019683752208948135,-0.13773249089717865
2026-08-12_21-17-52,/home/as22cq/Projects/Policy-RL-Peg_insertion/force_peg_rl/logs/rl_games/Forge/2026-08-12_21-17-52/nn/last_Forge_ep_500_rew_141.3663.pth,1,nominal,1001,False,timeout,149,22.279390335083008,0.032062117010354996,13.046302795410156,7.8224616050720215,0.8250000476837158,0.0591452419757843,0.44505757093429565,0.015837624669075012,0.75,0.75,0.023288791999220848,-0.5399261116981506
2026-08-12_21-17-52,/home/as22cq/Projects/Policy-RL-Peg_insertion/force_peg_rl/logs/rl_games/Forge/2026-08-12_21-17-52/nn/last_Forge_ep_500_rew_141.3663.pth,1,nominal,1001,False,timeout,149,129.3020782470703,0.01657387614250183,18.417036056518555,11.103891372680664,1.1166666746139526,0.0009560844046063721,1.5255595445632935,0.021928710862994194,0.75,0.75,0.025848420336842537,-0.18032708764076233
2026-08-12_21-17-52,/home/as22cq/Projects/Policy-RL-Peg_insertion/force_peg_rl/logs/rl_games/Forge/2026-08-12_21-17-52/nn/last_Forge_ep_500_rew_141.3663.pth,1,nominal,1001,False,timeout,149,26.7127742767334,-0.024614401161670685,24.920623779296875,8.825948715209961,0.7833333611488342,0.015755213797092438,1.7243834733963013,0.01904228888452053,0.75,0.75,0.025460759177803993,0.33164212107658386
2026-08-12_21-17-52,/home/as22cq/Projects/Policy-RL-Peg_insertion/force_peg_rl/logs/rl_games/Forge/2026-08-12_21-17-52/nn/last_Forge_ep_500_rew_141.3663.pth,1,nominal,1001,True,success,149,392.4925842285156,0.0001271963119506836,16.098007202148438,13.019509315490723,1.125,0.0004383359046187252,0.36555686593055725,0.01983124576508999,0.75,0.75,0.02251729741692543,-0.2691696584224701
2026-08-12_21-17-52,/home/as22cq/Projects/Policy-RL-Peg_insertion/force_peg_rl/logs/rl_games/Forge/2026-08-12_21-17-52/nn/last_Forge_ep_500_rew_141.3663.pth,1,nominal,1001,False,timeout,149,143.1898956298828,0.04078283905982971,19.762704849243164,10.992904663085938,0.7250000238418579,0.0023096702061593533,2.411024332046509,0.02237432450056076,0.75,0.75,0.02148120291531086,-0.39416682720184326
2026-08-12_21-17-52,/home/as22cq/Projects/Policy-RL-Peg_insertion/force_peg_rl/logs/rl_games/Forge/2026-08-12_21-17-52/nn/last_Forge_ep_500_rew_141.3663.pth,1,nominal,1001,False,timeout,149,23.84833335876465,0.021205194294452667,22.801021575927734,10.922128677368164,0.8666667342185974,0.02461542747914791,1.5829365253448486,0.020307006314396858,0.75,0.75,0.025398768484592438,0.14865505695343018
2026-08-12_21-17-52,/home/as22cq/Projects/Policy-RL-Peg_insertion/force_peg_rl/logs/rl_games/Forge/2026-08-12_21-17-52/nn/last_Forge_ep_500_rew_141.3663.pth,1,nominal,1001,False,timeout,149,155.1764678955078,0.011972746811807156,25.051912307739258,16.612363815307617,1.1500000953674316,0.0007955488981679082,1.2257579565048218,0.018703695386648178,0.75,0.75,0.009076794609427452,-0.7004092335700989
2026-08-12_21-17-52,/home/as22cq/Projects/Policy-RL-Peg_insertion/force_peg_rl/logs/rl_games/Forge/2026-08-12_21-17-52/nn/last_Forge_ep_500_rew_141.3663.pth,1,nominal,1001,False,timeout,149,31.713037490844727,0.01433940976858139,20.25051498413086,5.8782501220703125,0.6916667222976685,0.033382710069417953,0.7302738428115845,0.02388438582420349,0.75,0.75,0.022991864010691643,-0.5532423257827759
2026-08-12_21-17-52,/home/as22cq/Projects/Policy-RL-Peg_insertion/force_peg_rl/logs/rl_games/Forge/2026-08-12_21-17-52/nn/last_Forge_ep_500_rew_141.3663.pth,1,nominal,1001,False,timeout,149,141.39952087402344,0.0029754191637039185,20.344594955444336,10.566915512084961,1.0666667222976685,0.0006311655743047595,1.3311609029769897,0.023065969347953796,0.75,0.75,0.018991924822330475,0.20743392407894135
2026-08-12_21-17-52,/home/as22cq/Projects/Policy-RL-Peg_insertion/force_peg_rl/logs/rl_games/Forge/2026-08-12_21-17-52/nn/last_Forge_ep_500_rew_141.3663.pth,1,nominal,1001,False,timeout,149,171.21792602539062,0.0018243584781885147,17.356351852416992,8.555870056152344,1.1083333492279053,0.0005816839402541518,1.2671319246292114,0.022870369255542755,0.75,0.75,0.017809879034757614,0.6315240263938904
2026-08-12_21-17-52,/home/as22cq/Projects/Policy-RL-Peg_insertion/force_peg_rl/logs/rl_games/Forge/2026-08-12_21-17-52/nn/last_Forge_ep_500_rew_141.3663.pth,1,nominal,1001,False,timeout,149,78.23314666748047,0.008109262213110924,15.446098327636719,7.878593444824219,0.7250000238418579,0.0006919025327078998,0.5004188418388367,0.022785302251577377,0.75,0.75,0.00510643282905221,0.09131362289190292
2026-08-12_21-17-52,/home/as22cq/Projects/Policy-RL-Peg_insertion/force_peg_rl/logs/rl_games/Forge/2026-08-12_21-17-52/nn/last_Forge_ep_500_rew_141.3663.pth,1,nominal,1001,True,success,149,217.009033203125,7.382966578006744e-05,26.85723876953125,12.959220886230469,1.0916666984558105,0.0005103307776153088,1.4538812637329102,0.023870799690485,0.75,0.75,0.015833258628845215,0.3663131892681122
2026-08-12_21-17-52,/home/as22cq/Projects/Policy-RL-Peg_insertion/force_peg_rl/logs/rl_games/Forge/2026-08-12_21-17-52/nn/last_Forge_ep_500_rew_141.3663.pth,1,nominal,1001,True,success,149,163.0141143798828,0.0003722831606864929,15.853168487548828,9.183046340942383,0.9250000715255737,0.0005309499683789909,0.9759768843650818,0.014620817266404629,0.75,0.75,0.010411480441689491,-0.14587116241455078
2026-08-12_21-17-52,/home/as22cq/Projects/Policy-RL-Peg_insertion/force_peg_rl/logs/rl_games/Forge/2026-08-12_21-17-52/nn/last_Forge_ep_500_rew_141.3663.pth,1,nominal,1001,False,timeout,149,28.894729614257812,0.00840461254119873,25.12194061279297,14.52270221710205,1.0833333730697632,0.022461693733930588,1.4998431205749512,0.02186746895313263,0.75,0.75,0.012933487072587013,-0.44119328260421753
2026-08-12_21-17-52,/home/as22cq/Projects/Policy-RL-Peg_insertion/force_peg_rl/logs/rl_games/Forge/2026-08-12_21-17-52/nn/last_Forge_ep_500_rew_141.3663.pth,1,nominal,1001,False,timeout,149,152.34942626953125,0.0013813748955726624,19.47523307800293,11.596742630004883,1.1083333492279053,0.0006624201778322458,1.3990514278411865,0.016157617792487144,0.75,0.75,0.023202423006296158,-0.3652269244194031
2026-08-12_21-17-52,/home/as22cq/Projects/Policy-RL-Peg_insertion/force_peg_rl/logs/rl_games/Forge/2026-08-12_21-17-52/nn/last_Forge_ep_500_rew_141.3663.pth,1,nominal,1001,False,timeout,149,153.39291381835938,0.007340375334024429,21.06028938293457,11.59807014465332,1.158333420753479,0.0006919910083524883,1.498604655265808,0.021059606224298477,0.75,0.75,0.01897650584578514,0.38433027267456055
2026-08-12_21-17-52,/home/as22cq/Projects/Policy-RL-Peg_insertion/force_peg_rl/logs/rl_games/Forge/2026-08-12_21-17-52/nn/last_Forge_ep_500_rew_141.3663.pth,1,nominal,1001,False,timeout,149,126.12590026855469,0.01523558795452118,27.08888053894043,13.890501976013184,1.0916666984558105,0.0008789787534624338,1.4412304162979126,0.020258717238903046,0.75,0.75,0.008386467583477497,0.2316727638244629
2026-08-12_21-17-52,/home/as22cq/Projects/Policy-RL-Peg_insertion/force_peg_rl/logs/rl_games/Forge/2026-08-12_21-17-52/nn/last_Forge_ep_500_rew_141.3663.pth,1,nominal,1001,False,timeout,149,28.42547607421875,0.025762155652046204,22.555095672607422,9.695639610290527,0.8583333492279053,0.07624177634716034,1.532415509223938,0.018845554441213608,0.75,0.75,0.015989072620868683,0.055705513805150986
2026-08-12_21-17-52,/home/as22cq/Projects/Policy-RL-Peg_insertion/force_peg_rl/logs/rl_games/Forge/2026-08-12_21-17-52/nn/last_Forge_ep_500_rew_141.3663.pth,1,nominal,1001,False,timeout,149,75.36471557617188,0.0403456948697567,17.046419143676758,11.187589645385742,1.125,0.047145385295152664,1.286896824836731,0.018838200718164444,0.75,0.75,0.01841791719198227,-0.03332448750734329
2026-08-12_21-17-52,/home/as22cq/Projects/Policy-RL-Peg_insertion/force_peg_rl/logs/rl_games/Forge/2026-08-12_21-17-52/nn/last_Forge_ep_500_rew_141.3663.pth,1,nominal,1001,True,success,149,207.9367218017578,7.838010787963867e-06,16.84586524963379,12.140974044799805,1.1666667461395264,0.0005709978868253529,1.1858947277069092,0.017856061458587646,0.75,0.75,0.011731645092368126,0.13897450268268585
2026-08-12_21-17-52,/home/as22cq/Projects/Policy-RL-Peg_insertion/force_peg_rl/logs/rl_games/Forge/2026-08-12_21-17-52/nn/last_Forge_ep_500_rew_141.3663.pth,1,nominal,1001,False,timeout,149,151.28553771972656,0.015562199056148529,20.158687591552734,13.3832368850708,0.9333333969116211,0.0014601065777242184,1.7702549695968628,0.01571701653301716,0.75,0.75,0.01608235202729702,-0.16532404720783234
2026-08-12_21-17-52,/home/as22cq/Projects/Policy-RL-Peg_insertion/force_peg_rl/logs/rl_games/Forge/2026-08-12_21-17-52/nn/last_Forge_ep_500_rew_141.3663.pth,1,nominal,1001,False,timeout,149,28.97907829284668,0.0007608085870742798,34.17799758911133,11.854218482971191,0.9083333611488342,0.030946888029575348,1.7624764442443848,0.01593594066798687,0.75,0.75,0.013790109194815159,-0.305357426404953
2026-08-12_21-17-52,/home/as22cq/Projects/Policy-RL-Peg_insertion/force_peg_rl/logs/rl_games/Forge/2026-08-12_21-17-52/nn/last_Forge_ep_500_rew_141.3663.pth,1,nominal,1001,False,timeout,149,121.1221923828125,0.013133573345839977,37.66070556640625,15.67479133605957,1.0416667461395264,0.000850583310239017,0.7268937826156616,0.020774684846401215,0.75,0.75,0.017013665288686752,0.23199039697647095
2026-08-12_21-17-52,/home/as22cq/Projects/Policy-RL-Peg_insertion/force_peg_rl/logs/rl_games/Forge/2026-08-12_21-17-52/nn/last_Forge_ep_500_rew_141.3663.pth,1,nominal,1001,False,timeout,149,142.71575927734375,0.014245253056287766,21.725690841674805,8.38189697265625,0.5666667222976685,0.00063463015248999,0.6629342436790466,0.01568693108856678,0.75,0.75,0.010746468789875507,0.1386077105998993
2026-08-12_21-17-52,/home/as22cq/Projects/Policy-RL-Peg_insertion/force_peg_rl/logs/rl_games/Forge/2026-08-12_21-17-52/nn/last_Forge_ep_500_rew_141.3663.pth,1,nominal,1001,False,timeout,149,65.45369720458984,0.04095327854156494,14.840524673461914,10.158345222473145,0.9000000357627869,0.040750596672296524,1.3560441732406616,0.018006887286901474,0.75,0.75,0.006974481511861086,0.6974660754203796
2026-08-12_21-17-52,/home/as22cq/Projects/Policy-RL-Peg_insertion/force_peg_rl/logs/rl_games/Forge/2026-08-12_21-17-52/nn/last_Forge_ep_500_rew_141.3663.pth,1,nominal,1001,True,success,149,179.79830932617188,0.00011872313916683197,27.554298400878906,15.23937702178955,1.1416667699813843,0.0006066539790481329,0.9188559055328369,0.018772847950458527,0.75,0.75,0.013196922838687897,-0.19503475725650787
2026-08-12_21-17-52,/home/as22cq/Projects/Policy-RL-Peg_insertion/force_peg_rl/logs/rl_games/Forge/2026-08-12_21-17-52/nn/last_Forge_ep_500_rew_141.3663.pth,1,nominal,1001,True,success,149,250.22984313964844,-1.0266900062561035e-05,36.53220748901367,11.886610984802246,0.9500000476837158,0.0004374166892375797,1.2398319244384766,0.017154736444354057,0.75,0.75,0.02121230587363243,0.5288159251213074
2026-08-12_21-17-52,/home/as22cq/Projects/Policy-RL-Peg_insertion/force_peg_rl/logs/rl_games/Forge/2026-08-12_21-17-52/nn/last_Forge_ep_500_rew_141.3663.pth,1,nominal,1001,True,success,149,100.42330932617188,0.00030094385147094727,18.603471755981445,7.603364944458008,0.7000000476837158,0.0005302688805386424,0.9043246507644653,0.017057888209819794,0.75,0.75,0.01905035600066185,0.2469227910041809
2026-08-12_21-17-52,/home/as22cq/Projects/Policy-RL-Peg_insertion/force_peg_rl/logs/rl_games/Forge/2026-08-12_21-17-52/nn/last_Forge_ep_500_rew_141.3663.pth,1,nominal,1001,False,timeout,149,23.623342514038086,-0.008495530113577843,11.230002403259277,6.310463905334473,0.07500000298023224,0.02626345306634903,1.8374799489974976,0.02164911851286888,0.75,0.75,0.01484785694628954,0.4333549439907074
2026-08-12_21-17-52,/home/as22cq/Projects/Policy-RL-Peg_insertion/force_peg_rl/logs/rl_games/Forge/2026-08-12_21-17-52/nn/last_Forge_ep_500_rew_141.3663.pth,1,nominal,1001,False,timeout,149,63.14166259765625,0.006875120103359222,16.018220901489258,7.726635456085205,0.6333333849906921,0.026906847953796387,1.614039421081543,0.019485317170619965,0.75,0.75,0.015334457159042358,0.15942102670669556
2026-08-12_21-17-52,/home/as22cq/Projects/Policy-RL-Peg_insertion/force_peg_rl/logs/rl_games/Forge/2026-08-12_21-17-52/nn/last_Forge_ep_500_rew_141.3663.pth,1,nominal,1001,True,success,149,385.1905212402344,6.892066448926926e-05,14.751580238342285,11.815576553344727,0.9916667342185974,0.0001973512553377077,0.27889499068260193,0.01732698082923889,0.75,0.75,0.005018469877541065,0.7659934163093567
2026-08-12_21-17-52,/home/as22cq/Projects/Policy-RL-Peg_insertion/force_peg_rl/logs/rl_games/Forge/2026-08-12_21-17-52/nn/last_Forge_ep_500_rew_141.3663.pth,1,nominal,1001,False,timeout,149,20.600505828857422,-0.028972938656806946,28.128297805786133,10.17612361907959,0.9416667222976685,0.05435050278902054,1.0548923015594482,0.017195260152220726,0.75,0.75,0.009747069329023361,-0.3258456885814667
2026-08-12_21-17-52,/home/as22cq/Projects/Policy-RL-Peg_insertion/force_peg_rl/logs/rl_games/Forge/2026-08-12_21-17-52/nn/last_Forge_ep_500_rew_141.3663.pth,1,nominal,1001,True,success,149,194.0445098876953,0.00010288134217262268,21.675331115722656,15.68588924407959,1.133333444595337,0.0005726834060624242,1.2709962129592896,0.019713807851076126,0.75,0.75,0.002150452695786953,0.25809046626091003
2026-08-12_21-17-52,/home/as22cq/Projects/Policy-RL-Peg_insertion/force_peg_rl/logs/rl_games/Forge/2026-08-12_21-17-52/nn/last_Forge_ep_500_rew_141.3663.pth,1,nominal,1001,True,success,149,228.07264709472656,0.00017797201871871948,26.103778839111328,10.887537002563477,0.9583333730697632,0.0007281328435055912,1.3809428215026855,0.016470789909362793,0.75,0.75,0.02108541689813137,0.6555227041244507
2026-08-12_21-17-52,/home/as22cq/Projects/Policy-RL-Peg_insertion/force_peg_rl/logs/rl_games/Forge/2026-08-12_21-17-52/nn/last_Forge_ep_500_rew_141.3663.pth,1,nominal,1001,False,timeout,149,38.20586013793945,0.09026657789945602,20.121915817260742,13.001946449279785,0.9416667222976685,0.03367628529667854,0.44055119156837463,0.02107066474854946,0.75,0.75,0.021301236003637314,-0.6772103905677795
2026-08-12_21-17-52,/home/as22cq/Projects/Policy-RL-Peg_insertion/force_peg_rl/logs/rl_games/Forge/2026-08-12_21-17-52/nn/last_Forge_ep_500_rew_141.3663.pth,1,nominal,1001,False,timeout,149,27.30569839477539,0.0741812139749527,21.336341857910156,13.816362380981445,1.1500000953674316,0.026969382539391518,0.38423168659210205,0.019642818719148636,0.75,0.75,0.02282714657485485,-0.6422103643417358
2026-08-12_21-17-52,/home/as22cq/Projects/Policy-RL-Peg_insertion/force_peg_rl/logs/rl_games/Forge/2026-08-12_21-17-52/nn/last_Forge_ep_500_rew_141.3663.pth,1,nominal,1001,False,timeout,149,28.30898094177246,0.0109051913022995,24.322187423706055,10.340703964233398,0.9250000715255737,0.030778968706727028,1.5871021747589111,0.016166212037205696,0.75,0.75,0.014402458444237709,0.1898675113916397
2026-08-12_21-17-52,/home/as22cq/Projects/Policy-RL-Peg_insertion/force_peg_rl/logs/rl_games/Forge/2026-08-12_21-17-52/nn/last_Forge_ep_500_rew_141.3663.pth,1,nominal,1001,True,success,149,195.73976135253906,0.0001285858452320099,20.605300903320312,8.928133010864258,0.6833333969116211,0.0007331710658036172,1.3151955604553223,0.02291574329137802,0.75,0.75,0.016527259722352028,-0.6966042518615723
2026-08-12_21-17-52,/home/as22cq/Projects/Policy-RL-Peg_insertion/force_peg_rl/logs/rl_games/Forge/2026-08-12_21-17-52/nn/last_Forge_ep_500_rew_141.3663.pth,1,nominal,1001,False,timeout,149,20.547897338867188,-0.012179605662822723,25.23478889465332,8.85943603515625,0.7916666865348816,0.03873799741268158,0.5915958881378174,0.015569858253002167,0.75,0.75,0.022438734769821167,-0.7281140089035034
2026-08-12_21-17-52,/home/as22cq/Projects/Policy-RL-Peg_insertion/force_peg_rl/logs/rl_games/Forge/2026-08-12_21-17-52/nn/last_Forge_ep_500_rew_141.3663.pth,1,nominal,1001,False,timeout,149,104.0333023071289,-0.03981495648622513,43.73454666137695,7.637557029724121,0.6000000238418579,0.15240369737148285,0.5259857773780823,0.016166362911462784,0.75,0.75,0.019842974841594696,0.295145720243454
2026-08-12_21-17-52,/home/as22cq/Projects/Policy-RL-Peg_insertion/force_peg_rl/logs/rl_games/Forge/2026-08-12_21-17-52/nn/last_Forge_ep_500_rew_141.3663.pth,1,nominal,1001,False,timeout,149,29.25876808166504,0.05741935223340988,35.99806213378906,9.29202651977539,0.9916667342185974,0.06221434473991394,0.6362403035163879,0.023370862007141113,0.75,0.75,0.002932425821200013,-0.711712121963501
2026-08-12_21-17-52,/home/as22cq/Projects/Policy-RL-Peg_insertion/force_peg_rl/logs/rl_games/Forge/2026-08-12_21-17-52/nn/last_Forge_ep_500_rew_141.3663.pth,1,nominal,1001,False,timeout,149,35.71904754638672,0.013161946088075638,17.077451705932617,9.65786075592041,0.6333333849906921,0.031630463898181915,0.7611788511276245,0.015642669051885605,0.75,0.75,0.02164832130074501,-0.22570373117923737
2026-08-12_21-17-52,/home/as22cq/Projects/Policy-RL-Peg_insertion/force_peg_rl/logs/rl_games/Forge/2026-08-12_21-17-52/nn/last_Forge_ep_500_rew_141.3663.pth,1,nominal,1001,False,timeout,149,167.95135498046875,0.006475389003753662,21.301055908203125,13.432351112365723,1.1666667461395264,0.0007310616783797741,1.3830223083496094,0.018210183829069138,0.75,0.75,0.015350107103586197,0.31937673687934875
2026-08-12_21-17-52,/home/as22cq/Projects/Policy-RL-Peg_insertion/force_peg_rl/logs/rl_games/Forge/2026-08-12_21-17-52/nn/last_Forge_ep_500_rew_141.3663.pth,1,nominal,1001,False,timeout,149,25.955793380737305,0.014493376016616821,27.005348205566406,13.243528366088867,0.8916667103767395,0.03698541596531868,1.559942364692688,0.016150567680597305,0.75,0.75,0.019974714145064354,0.13439245522022247
2026-08-12_21-17-52,/home/as22cq/Projects/Policy-RL-Peg_insertion/force_peg_rl/logs/rl_games/Forge/2026-08-12_21-17-52/nn/last_Forge_ep_500_rew_141.3663.pth,1,nominal,1001,False,timeout,149,26.275957107543945,0.035921793431043625,19.95480728149414,11.957891464233398,1.183333396911621,0.0040906756184995174,1.613761305809021,0.021775322034955025,0.75,0.75,0.009201427921652794,0.4407072365283966
2026-08-12_21-17-52,/home/as22cq/Projects/Policy-RL-Peg_insertion/force_peg_rl/logs/rl_games/Forge/2026-08-12_21-17-52/nn/last_Forge_ep_500_rew_141.3663.pth,1,nominal,1001,False,timeout,149,32.468082427978516,-0.03741111606359482,22.836990356445312,12.772161483764648,0.9250000715255737,0.03721339628100395,1.0009666681289673,0.02289941906929016,0.75,0.75,0.01390113029628992,-0.7715246081352234
2026-08-12_21-17-52,/home/as22cq/Projects/Policy-RL-Peg_insertion/force_peg_rl/logs/rl_games/Forge/2026-08-12_21-17-52/nn/last_Forge_ep_500_rew_141.3663.pth,1,nominal,1001,False,timeout,149,27.687929153442383,-0.0021150633692741394,11.157970428466797,5.890419960021973,0.7500000596046448,0.101341612637043,2.16495943069458,0.019238904118537903,0.75,0.75,0.01882363297045231,0.18654686212539673
2026-08-12_21-17-52,/home/as22cq/Projects/Policy-RL-Peg_insertion/force_peg_rl/logs/rl_games/Forge/2026-08-12_21-17-52/nn/last_Forge_ep_500_rew_141.3663.pth,1,nominal,1001,False,timeout,149,22.7793025970459,0.00758467148989439,17.046594619750977,5.930736064910889,0.11666667461395264,0.02751406654715538,1.5600882768630981,0.018931817263364792,0.75,0.75,0.01968681439757347,-0.23151953518390656
2026-08-12_21-17-52,/home/as22cq/Projects/Policy-RL-Peg_insertion/force_peg_rl/logs/rl_games/Forge/2026-08-12_21-17-52/nn/last_Forge_ep_500_rew_141.3663.pth,1,nominal,1001,False,timeout,149,26.424726486206055,0.05378246307373047,28.342933654785156,15.322721481323242,1.0500000715255737,0.022616354748606682,1.6909579038619995,0.02240586280822754,0.75,0.75,0.012530215084552765,0.13043104112148285
2026-08-12_21-17-52,/home/as22cq/Projects/Policy-RL-Peg_insertion/force_peg_rl/logs/rl_games/Forge/2026-08-12_21-17-52/nn/last_Forge_ep_500_rew_141.3663.pth,1,nominal,1001,False,timeout,149,27.13108253479004,0.0006842613220214844,17.983478546142578,6.442295551300049,0.6333333849906921,0.03086254931986332,1.450635313987732,0.02098115161061287,0.75,0.75,0.01623188517987728,-0.19918975234031677
2026-08-12_21-17-52,/home/as22cq/Projects/Policy-RL-Peg_insertion/force_peg_rl/logs/rl_games/Forge/2026-08-12_21-17-52/nn/last_Forge_ep_500_rew_141.3663.pth,1,nominal,1001,False,timeout,149,19.132192611694336,-0.02654455229640007,26.071395874023438,11.026986122131348,1.0750000476837158,0.04602542892098427,1.1811182498931885,0.022938724607229233,0.75,0.75,0.009694133885204792,-0.0808091089129448
2026-08-12_21-17-52,/home/as22cq/Projects/Policy-RL-Peg_insertion/force_peg_rl/logs/rl_games/Forge/2026-08-12_21-17-52/nn/last_Forge_ep_500_rew_141.3663.pth,1,nominal,1001,False,timeout,149,53.54981994628906,0.038779839873313904,28.737201690673828,11.740729331970215,0.9916667342185974,0.06757254153490067,1.3886932134628296,0.016873560845851898,0.75,0.75,0.015161111019551754,-0.5265071392059326
2026-08-12_21-17-52,/home/as22cq/Projects/Policy-RL-Peg_insertion/force_peg_rl/logs/rl_games/Forge/2026-08-12_21-17-52/nn/last_Forge_ep_500_rew_141.3663.pth,1,nominal,1001,False,timeout,149,142.13226318359375,0.011075641959905624,34.66075897216797,13.764662742614746,1.0,0.0005407228600233793,1.3704793453216553,0.0156350526958704,0.75,0.75,0.01933639869093895,0.31334957480430603
2026-08-12_21-17-52,/home/as22cq/Projects/Policy-RL-Peg_insertion/force_peg_rl/logs/rl_games/Forge/2026-08-12_21-17-52/nn/last_Forge_ep_500_rew_141.3663.pth,1,nominal,1001,False,timeout,149,29.910083770751953,0.01349930465221405,14.91501235961914,9.125642776489258,1.0750000476837158,0.035902656614780426,1.8949813842773438,0.020158756524324417,0.75,0.75,0.013035551644861698,0.5365958213806152
2026-08-12_21-17-52,/home/as22cq/Projects/Policy-RL-Peg_insertion/force_peg_rl/logs/rl_games/Forge/2026-08-12_21-17-52/nn/last_Forge_ep_500_rew_141.3663.pth,1,nominal,1001,False,timeout,149,62.30991744995117,0.11288343369960785,22.104061126708984,11.144047737121582,0.9500000476837158,0.1947275996208191,0.7832674980163574,0.019965898245573044,0.75,0.75,0.00671359384432435,-0.4505034387111664
2026-08-12_21-17-52,/home/as22cq/Projects/Policy-RL-Peg_insertion/force_peg_rl/logs/rl_games/Forge/2026-08-12_21-17-52/nn/last_Forge_ep_500_rew_141.3663.pth,1,nominal,1001,False,force_limit,149,29.959043502807617,-0.03269712254405022,93.56433868408203,7.3024582862854,0.3583333492279053,0.0311503317207098,1.9178225994110107,0.02355351112782955,0.75,0.75,0.027021802961826324,0.15036511421203613
2026-08-12_21-17-52,/home/as22cq/Projects/Policy-RL-Peg_insertion/force_peg_rl/logs/rl_games/Forge/2026-08-12_21-17-52/nn/last_Forge_ep_500_rew_141.3663.pth,1,nominal,1001,False,timeout,149,37.86417770385742,0.0025097187608480453,18.192394256591797,10.561858177185059,1.0166667699813843,0.01793702132999897,1.7057337760925293,0.0174166988581419,0.75,0.75,0.015642458572983742,-0.5607950687408447
2026-08-12_21-17-52,/home/as22cq/Projects/Policy-RL-Peg_insertion/force_peg_rl/logs/rl_games/Forge/2026-08-12_21-17-52/nn/last_Forge_ep_500_rew_141.3663.pth,1,nominal,1001,False,timeout,149,9.032755851745605,-0.03304257243871689,22.571338653564453,8.817999839782715,0.5083333849906921,0.024262215942144394,1.486366629600525,0.01682325080037117,0.75,0.75,0.013652815483510494,0.028686435893177986
2026-08-12_21-17-52,/home/as22cq/Projects/Policy-RL-Peg_insertion/force_peg_rl/logs/rl_games/Forge/2026-08-12_21-17-52/nn/last_Forge_ep_500_rew_141.3663.pth,1,nominal,1001,False,timeout,149,18.91517448425293,-0.022426649928092957,29.500768661499023,12.200201988220215,1.0750000476837158,0.03779124841094017,0.648324191570282,0.01520598866045475,0.75,0.75,0.012353871949017048,0.11279333382844925
2026-08-12_21-17-52,/home/as22cq/Projects/Policy-RL-Peg_insertion/force_peg_rl/logs/rl_games/Forge/2026-08-12_21-17-52/nn/last_Forge_ep_500_rew_141.3663.pth,1,nominal,1001,False,timeout,149,187.40945434570312,0.009816523641347885,30.70205307006836,12.754073143005371,1.0833333730697632,0.0005972061189822853,1.4515314102172852,0.022262301295995712,0.75,0.75,0.012130232527852058,0.15834899246692657
2026-08-12_21-17-52,/home/as22cq/Projects/Policy-RL-Peg_insertion/force_peg_rl/logs/rl_games/Forge/2026-08-12_21-17-52/nn/last_Forge_ep_500_rew_141.3663.pth,1,nominal,1001,False,timeout,149,27.788677215576172,0.1990249752998352,22.42997169494629,6.052170276641846,0.6500000357627869,0.043539997190237045,0.7645732164382935,0.014059549197554588,0.75,0.75,0.014119738712906837,-0.4990970492362976
2026-08-12_21-17-52,/home/as22cq/Projects/Policy-RL-Peg_insertion/force_peg_rl/logs/rl_games/Forge/2026-08-12_21-17-52/nn/last_Forge_ep_500_rew_141.3663.pth,1,nominal,1001,False,timeout,149,29.767139434814453,0.02047545462846756,32.596412658691406,12.844125747680664,1.1916667222976685,0.02150285616517067,1.5502116680145264,0.021552711725234985,0.75,0.75,0.020876480266451836,-0.5127936601638794
2026-08-12_21-17-52,/home/as22cq/Projects/Policy-RL-Peg_insertion/force_peg_rl/logs/rl_games/Forge/2026-08-12_21-17-52/nn/last_Forge_ep_500_rew_141.3663.pth,1,nominal,1001,False,timeout,149,22.507436752319336,-0.019438505172729492,19.34084129333496,5.853673934936523,0.6416667103767395,0.029035722836852074,1.9212565422058105,0.020665738731622696,0.75,0.75,0.016821373254060745,0.06334131956100464
2026-08-12_21-17-52,/home/as22cq/Projects/Policy-RL-Peg_insertion/force_peg_rl/logs/rl_games/Forge/2026-08-12_21-17-52/nn/last_Forge_ep_500_rew_141.3663.pth,1,nominal,1001,False,timeout,149,29.163393020629883,0.019446605816483498,22.51596450805664,11.590263366699219,1.0166667699813843,0.023777490481734276,1.3902002573013306,0.021153850480914116,0.75,0.75,0.00891163945198059,0.2165878862142563
2026-08-12_21-17-52,/home/as22cq/Projects/Policy-RL-Peg_insertion/force_peg_rl/logs/rl_games/Forge/2026-08-12_21-17-52/nn/last_Forge_ep_500_rew_141.3663.pth,1,nominal,1001,False,timeout,149,33.83363723754883,0.028014235198497772,16.238842010498047,8.051871299743652,0.9583333730697632,0.01988350600004196,1.4120895862579346,0.021385658532381058,0.75,0.75,0.008229159750044346,-0.28635331988334656
2026-08-12_21-17-52,/home/as22cq/Projects/Policy-RL-Peg_insertion/force_peg_rl/logs/rl_games/Forge/2026-08-12_21-17-52/nn/last_Forge_ep_500_rew_141.3663.pth,1,nominal,1001,False,timeout,149,145.52037048339844,0.00877920538187027,22.358299255371094,13.777474403381348,1.1750000715255737,0.0007975827320478857,1.556093454360962,0.016053400933742523,0.75,0.75,0.01621880568563938,0.11821167916059494
2026-08-12_21-17-52,/home/as22cq/Projects/Policy-RL-Peg_insertion/force_peg_rl/logs/rl_games/Forge/2026-08-12_21-17-52/nn/last_Forge_ep_500_rew_141.3663.pth,1,nominal,1001,False,timeout,149,36.134613037109375,-0.03170880675315857,17.24541473388672,7.016183853149414,0.42500001192092896,0.027927309274673462,2.1708462238311768,0.020496314391493797,0.75,0.75,0.0072102658450603485,-0.7670652866363525
2026-08-12_21-17-52,/home/as22cq/Projects/Policy-RL-Peg_insertion/force_peg_rl/logs/rl_games/Forge/2026-08-12_21-17-52/nn/last_Forge_ep_500_rew_141.3663.pth,1,nominal,1001,False,timeout,149,96.54107666015625,0.009529881179332733,23.460620880126953,12.87651252746582,1.1500000953674316,0.0006521066534332931,0.9362601637840271,0.020682819187641144,0.75,0.75,0.009847824461758137,-0.3959408104419708
2026-08-12_21-17-52,/home/as22cq/Projects/Policy-RL-Peg_insertion/force_peg_rl/logs/rl_games/Forge/2026-08-12_21-17-52/nn/last_Forge_ep_500_rew_141.3663.pth,1,nominal,1001,False,timeout,149,29.787519454956055,0.04916815832257271,14.716913223266602,8.892359733581543,0.7916666865348816,0.04649306461215019,1.1844878196716309,0.023266304284334183,0.75,0.75,0.023187637329101562,0.4895193874835968
2026-08-12_21-17-52,/home/as22cq/Projects/Policy-RL-Peg_insertion/force_peg_rl/logs/rl_games/Forge/2026-08-12_21-17-52/nn/last_Forge_ep_500_rew_141.3663.pth,1,nominal,1001,False,timeout,149,33.278785705566406,0.01859109103679657,32.04594039916992,12.740196228027344,0.7416667342185974,0.05853595584630966,1.7294921875,0.018296927213668823,0.75,0.75,0.0075696674175560474,0.4345397353172302
2026-08-12_21-17-52,/home/as22cq/Projects/Policy-RL-Peg_insertion/force_peg_rl/logs/rl_games/Forge/2026-08-12_21-17-52/nn/last_Forge_ep_500_rew_141.3663.pth,1,nominal,1001,True,success,149,167.787841796875,9.176135063171387e-05,25.562942504882812,11.115812301635742,1.0916666984558105,0.0005422974354587495,1.2703965902328491,0.022931180894374847,0.75,0.75,0.0144522525370121,0.41410335898399353
2026-08-12_21-17-52,/home/as22cq/Projects/Policy-RL-Peg_insertion/force_peg_rl/logs/rl_games/Forge/2026-08-12_21-17-52/nn/last_Forge_ep_500_rew_141.3663.pth,1,nominal,1001,False,timeout,149,33.38829040527344,-0.0369039922952652,20.891735076904297,10.735848426818848,0.98333340883255,0.021208232268691063,2.321784496307373,0.018306290730834007,0.75,0.75,0.011412709951400757,0.376802921295166
2026-08-12_21-17-52,/home/as22cq/Projects/Policy-RL-Peg_insertion/force_peg_rl/logs/rl_games/Forge/2026-08-12_21-17-52/nn/last_Forge_ep_500_rew_141.3663.pth,1,nominal,1001,True,success,149,151.19424438476562,0.0010599400848150253,23.928606033325195,13.533458709716797,1.183333396911621,0.0006335499347187579,1.517261028289795,0.016289347782731056,0.75,0.75,0.020338712260127068,-0.6465989351272583
2026-08-12_21-17-52,/home/as22cq/Projects/Policy-RL-Peg_insertion/force_peg_rl/logs/rl_games/Forge/2026-08-12_21-17-52/nn/last_Forge_ep_500_rew_141.3663.pth,1,nominal,1001,False,timeout,149,10.977402687072754,0.22566072642803192,20.003087997436523,4.430174827575684,0.2750000059604645,0.037291012704372406,0.31071460247039795,0.02268315851688385,0.75,0.75,0.0179225355386734,-0.476485013961792
2026-08-12_21-17-52,/home/as22cq/Projects/Policy-RL-Peg_insertion/force_peg_rl/logs/rl_games/Forge/2026-08-12_21-17-52/nn/last_Forge_ep_500_rew_141.3663.pth,1,nominal,1001,False,timeout,149,25.361051559448242,0.006873615086078644,22.45176887512207,7.746927738189697,0.4166666865348816,0.026170361787080765,1.6705223321914673,0.016915027052164078,0.75,0.75,0.02115846611559391,0.36377328634262085
2026-08-12_21-17-52,/home/as22cq/Projects/Policy-RL-Peg_insertion/force_peg_rl/logs/rl_games/Forge/2026-08-12_21-17-52/nn/last_Forge_ep_500_rew_141.3663.pth,1,nominal,1001,False,timeout,149,19.51300811767578,0.0076074860990047455,19.82847785949707,8.538241386413574,0.9083333611488342,0.048653338104486465,1.1069453954696655,0.018898047506809235,0.75,0.75,0.012265103869140148,-0.3618459701538086
2026-08-12_21-17-52,/home/as22cq/Projects/Policy-RL-Peg_insertion/force_peg_rl/logs/rl_games/Forge/2026-08-12_21-17-52/nn/last_Forge_ep_500_rew_141.3663.pth,1,nominal,1001,False,timeout,149,28.47133445739746,-0.013614974915981293,24.83252716064453,9.60517692565918,0.9416667222976685,0.031386297196149826,0.36121949553489685,0.017300201579928398,0.75,0.75,0.021430961787700653,-0.6492890119552612
2026-08-12_21-17-52,/home/as22cq/Projects/Policy-RL-Peg_insertion/force_peg_rl/logs/rl_games/Forge/2026-08-12_21-17-52/nn/last_Forge_ep_500_rew_141.3663.pth,1,nominal,1001,False,timeout,149,31.9572811126709,0.01610488072037697,14.05212116241455,10.281479835510254,1.1500000953674316,0.05190684646368027,2.0171942710876465,0.017231246456503868,0.75,0.75,0.013714263215661049,0.15870985388755798
2026-08-12_21-17-52,/home/as22cq/Projects/Policy-RL-Peg_insertion/force_peg_rl/logs/rl_games/Forge/2026-08-12_21-17-52/nn/last_Forge_ep_500_rew_141.3663.pth,1,nominal,1001,False,timeout,149,15.464524269104004,0.02460917830467224,33.94857406616211,15.744306564331055,0.9416667222976685,0.022729337215423584,1.6713329553604126,0.014061514288187027,0.75,0.75,0.008627437055110931,0.485250860452652
2026-08-12_21-17-52,/home/as22cq/Projects/Policy-RL-Peg_insertion/force_peg_rl/logs/rl_games/Forge/2026-08-12_21-17-52/nn/last_Forge_ep_500_rew_141.3663.pth,1,nominal,1001,False,timeout,149,26.994510650634766,-0.008883072063326836,16.87684440612793,8.702691078186035,1.0416667461395264,0.024592557922005653,2.0641772747039795,0.018452759832143784,0.75,0.75,0.017599990591406822,0.7177645564079285
2026-08-12_21-17-52,/home/as22cq/Projects/Policy-RL-Peg_insertion/force_peg_rl/logs/rl_games/Forge/2026-08-12_21-17-52/nn/last_Forge_ep_500_rew_141.3663.pth,1,nominal,1001,False,timeout,149,29.991018295288086,0.023352444171905518,32.425132751464844,14.45191764831543,1.125,0.022664330899715424,1.549411416053772,0.019890470430254936,0.75,0.75,0.018946925178170204,0.7266778945922852
2026-08-12_21-17-52,/home/as22cq/Projects/Policy-RL-Peg_insertion/force_peg_rl/logs/rl_games/Forge/2026-08-12_21-17-52/nn/last_Forge_ep_500_rew_141.3663.pth,1,nominal,1001,False,timeout,149,36.446537017822266,-0.034074243158102036,27.82473373413086,10.94989013671875,1.008333444595337,0.017224792391061783,1.7905079126358032,0.018977031111717224,0.75,0.75,0.017995428293943405,-0.21558690071105957
2026-08-12_21-17-52,/home/as22cq/Projects/Policy-RL-Peg_insertion/force_peg_rl/logs/rl_games/Forge/2026-08-12_21-17-52/nn/last_Forge_ep_500_rew_141.3663.pth,1,nominal,1001,False,timeout,149,26.709033966064453,0.04341815412044525,19.966110229492188,12.959047317504883,1.0916666984558105,0.08942687511444092,2.156344175338745,0.01557972189038992,0.75,0.75,0.012333977967500687,0.3208732604980469
2026-08-12_21-17-52,/home/as22cq/Projects/Policy-RL-Peg_insertion/force_peg_rl/logs/rl_games/Forge/2026-08-12_21-17-52/nn/last_Forge_ep_500_rew_141.3663.pth,1,nominal,1001,False,timeout,149,13.958422660827637,0.010252617299556732,11.612866401672363,6.654199600219727,0.42500001192092896,0.050200365483760834,0.7358163595199585,0.017802242189645767,0.75,0.75,0.021507157012820244,-0.464180588722229
2026-08-12_21-17-52,/home/as22cq/Projects/Policy-RL-Peg_insertion/force_peg_rl/logs/rl_games/Forge/2026-08-12_21-17-52/nn/last_Forge_ep_500_rew_141.3663.pth,1,nominal,1001,False,timeout,149,2.7267565727233887,0.027153395116329193,14.462824821472168,10.22546672821045,1.100000023841858,0.021345635876059532,0.8068351149559021,0.017767682671546936,0.75,0.75,0.0027543501928448677,-0.31682145595550537
2026-08-12_21-17-52,/home/as22cq/Projects/Policy-RL-Peg_insertion/force_peg_rl/logs/rl_games/Forge/2026-08-12_21-17-52/nn/last_Forge_ep_500_rew_141.3663.pth,1,nominal,1001,False,timeout,149,44.722896575927734,-0.013099458068609238,23.25009536743164,11.916603088378906,1.1500000953674316,0.018924295902252197,1.9959096908569336,0.015009330585598946,0.75,0.75,0.012256965972483158,0.399362176656723
2026-08-12_21-17-52,/home/as22cq/Projects/Policy-RL-Peg_insertion/force_peg_rl/logs/rl_games/Forge/2026-08-12_21-17-52/nn/last_Forge_ep_500_rew_141.3663.pth,1,nominal,1001,False,timeout,149,20.35763168334961,0.01262705773115158,13.760181427001953,7.408945560455322,0.7750000357627869,0.022622577846050262,0.6735299229621887,0.02253558859229088,0.75,0.75,0.018683847039937973,0.2690579295158386
2026-08-12_21-17-52,/home/as22cq/Projects/Policy-RL-Peg_insertion/force_peg_rl/logs/rl_games/Forge/2026-08-12_21-17-52/nn/last_Forge_ep_500_rew_141.3663.pth,1,nominal,1001,False,timeout,149,35.928550720214844,-0.017239635810256004,19.497055053710938,10.929486274719238,1.0166667699813843,0.020111089572310448,1.149573564529419,0.016178205609321594,0.75,0.75,0.01242130808532238,-0.5786872506141663
2026-08-12_21-17-52,/home/as22cq/Projects/Policy-RL-Peg_insertion/force_peg_rl/logs/rl_games/Forge/2026-08-12_21-17-52/nn/last_Forge_ep_500_rew_141.3663.pth,1,nominal,1001,False,timeout,149,33.94094467163086,-0.0064788078889250755,18.494945526123047,11.995271682739258,0.98333340883255,0.029873548075556755,1.7357232570648193,0.021530838683247566,0.75,0.75,0.015110381878912449,0.05560506880283356
2026-08-12_21-17-52,/home/as22cq/Projects/Policy-RL-Peg_insertion/force_peg_rl/logs/rl_games/Forge/2026-08-12_21-17-52/nn/last_Forge_ep_500_rew_141.3663.pth,1,nominal,1001,False,timeout,149,88.3235855102539,0.018765509128570557,30.943496704101562,17.35088539123535,1.158333420753479,0.0007959475042298436,0.7487725615501404,0.014759902842342854,0.75,0.75,0.01829526387155056,-0.7175599336624146
2026-08-12_21-17-52,/home/as22cq/Projects/Policy-RL-Peg_insertion/force_peg_rl/logs/rl_games/Forge/2026-08-12_21-17-52/nn/last_Forge_ep_500_rew_141.3663.pth,1,nominal,1001,False,timeout,149,182.40603637695312,0.004425957798957825,20.956098556518555,11.419397354125977,1.0500000715255737,0.0005004566628485918,0.3448868989944458,0.023537378758192062,0.75,0.75,0.02001100219786167,-0.00426830817013979
2026-08-12_21-17-52,/home/as22cq/Projects/Policy-RL-Peg_insertion/force_peg_rl/logs/rl_games/Forge/2026-08-12_21-17-52/nn/last_Forge_ep_500_rew_141.3663.pth,1,nominal,1001,False,timeout,149,88.42310333251953,0.05204083025455475,26.34828758239746,10.574447631835938,0.7750000357627869,0.10826072841882706,0.7876564264297485,0.021453145891427994,0.75,0.75,0.005087940488010645,-0.41542989015579224
2026-08-12_21-17-52,/home/as22cq/Projects/Policy-RL-Peg_insertion/force_peg_rl/logs/rl_games/Forge/2026-08-12_21-17-52/nn/last_Forge_ep_500_rew_141.3663.pth,1,nominal,1001,False,timeout,149,32.73666763305664,0.017526574432849884,19.790008544921875,10.166342735290527,0.9000000357627869,0.0548684187233448,2.934990167617798,0.023269906640052795,0.75,0.75,0.018342526629567146,0.7181453704833984
2026-08-12_21-17-52,/home/as22cq/Projects/Policy-RL-Peg_insertion/force_peg_rl/logs/rl_games/Forge/2026-08-12_21-17-52/nn/last_Forge_ep_500_rew_141.3663.pth,1,nominal,1001,False,timeout,149,31.307302474975586,0.005186416208744049,20.815649032592773,9.786105155944824,1.1666667461395264,0.013795347884297371,1.5213512182235718,0.02015027217566967,0.75,0.75,0.009213525801897049,0.2632787823677063
2026-08-12_21-17-52,/home/as22cq/Projects/Policy-RL-Peg_insertion/force_peg_rl/logs/rl_games/Forge/2026-08-12_21-17-52/nn/last_Forge_ep_500_rew_141.3663.pth,1,nominal,1001,False,timeout,149,13.886383056640625,0.05320896953344345,25.788393020629883,13.474226951599121,1.0250000953674316,0.0027858903631567955,0.27207568287849426,0.01780351623892784,0.75,0.75,0.019182290881872177,-0.29874444007873535
2026-08-12_21-17-52,/home/as22cq/Projects/Policy-RL-Peg_insertion/force_peg_rl/logs/rl_games/Forge/2026-08-12_21-17-52/nn/last_Forge_ep_500_rew_141.3663.pth,1,nominal,1001,False,timeout,149,34.68778991699219,-0.03186952322721481,26.054298400878906,10.395465850830078,0.8250000476837158,0.018111668527126312,2.11173415184021,0.016263706609606743,0.75,0.75,0.013175632804632187,0.35033491253852844
2026-08-12_21-17-52,/home/as22cq/Projects/Policy-RL-Peg_insertion/force_peg_rl/logs/rl_games/Forge/2026-08-12_21-17-52/nn/last_Forge_ep_500_rew_141.3663.pth,1,nominal,1001,False,timeout,149,19.996042251586914,0.020817317068576813,29.108016967773438,10.924972534179688,1.1083333492279053,0.025236448273062706,1.4177725315093994,0.016402853652834892,0.75,0.75,0.013304097577929497,0.19915515184402466
2026-08-12_21-17-52,/home/as22cq/Projects/Policy-RL-Peg_insertion/force_peg_rl/logs/rl_games/Forge/2026-08-12_21-17-52/nn/last_Forge_ep_500_rew_141.3663.pth,1,nominal,1001,False,timeout,149,15.139490127563477,-0.022046560421586037,40.92354965209961,13.311182975769043,1.033333420753479,0.05993916094303131,1.57328200340271,0.02295359969139099,0.75,0.75,0.013419264927506447,0.39455029368400574
2026-08-12_21-17-52,/home/as22cq/Projects/Policy-RL-Peg_insertion/force_peg_rl/logs/rl_games/Forge/2026-08-12_21-17-52/nn/last_Forge_ep_500_rew_141.3663.pth,1,nominal,1001,False,timeout,149,30.29046630859375,0.01656297594308853,13.549934387207031,8.043314933776855,0.8750000596046448,0.0472995862364769,0.49891266226768494,0.01770959608256817,0.75,0.75,0.014691845513880253,-0.5404009222984314
2026-08-12_21-17-52,/home/as22cq/Projects/Policy-RL-Peg_insertion/force_peg_rl/logs/rl_games/Forge/2026-08-12_21-17-52/nn/last_Forge_ep_500_rew_141.3663.pth,1,nominal,1001,False,timeout,149,32.65239334106445,-0.007334830239415169,25.809310913085938,13.968832015991211,1.1666667461395264,0.04260358586907387,1.0522074699401855,0.016356922686100006,0.75,0.75,0.017856009304523468,-0.33245620131492615
2026-08-12_21-17-52,/home/as22cq/Projects/Policy-RL-Peg_insertion/force_peg_rl/logs/rl_games/Forge/2026-08-12_21-17-52/nn/last_Forge_ep_500_rew_141.3663.pth,1,nominal,1001,False,timeout,149,33.85079574584961,-0.029951464384794235,18.3835391998291,4.179051876068115,0.3583333492279053,0.01645343378186226,1.393744707107544,0.02057572640478611,0.75,0.75,0.015976805239915848,-0.3307815492153168
2026-08-12_21-17-52,/home/as22cq/Projects/Policy-RL-Peg_insertion/force_peg_rl/logs/rl_games/Forge/2026-08-12_21-17-52/nn/last_Forge_ep_500_rew_141.3663.pth,1,nominal,1001,False,timeout,149,43.43259811401367,-0.01868543028831482,10.96677017211914,5.195298671722412,0.3333333432674408,0.05687074363231659,0.5069167613983154,0.01646830514073372,0.75,0.75,0.021247239783406258,-0.2188536822795868
2026-08-12_21-17-52,/home/as22cq/Projects/Policy-RL-Peg_insertion/force_peg_rl/logs/rl_games/Forge/2026-08-12_21-17-52/nn/last_Forge_ep_500_rew_141.3663.pth,1,nominal,1001,False,timeout,149,32.88396072387695,0.06900366395711899,18.223907470703125,11.799354553222656,1.058333396911621,0.09758932143449783,2.518869161605835,0.016161106526851654,0.75,0.75,0.01631709188222885,0.30144909024238586
2026-08-12_21-17-52,/home/as22cq/Projects/Policy-RL-Peg_insertion/force_peg_rl/logs/rl_games/Forge/2026-08-12_21-17-52/nn/last_Forge_ep_500_rew_141.3663.pth,1,nominal,1001,False,timeout,149,25.554485321044922,0.0011667683720588684,25.860103607177734,10.300307273864746,0.9500000476837158,0.06846383959054947,1.79412043094635,0.01702846586704254,0.75,0.75,0.014140252023935318,-0.15462133288383484
2026-08-12_21-17-52,/home/as22cq/Projects/Policy-RL-Peg_insertion/force_peg_rl/logs/rl_games/Forge/2026-08-12_21-17-52/nn/last_Forge_ep_500_rew_141.3663.pth,1,nominal,1001,False,timeout,149,32.200645446777344,-0.04590415582060814,18.117603302001953,10.316558837890625,0.98333340883255,0.026257066056132317,1.8314427137374878,0.014587434940040112,0.75,0.75,0.020949913188815117,0.40289273858070374
2026-08-12_21-17-52,/home/as22cq/Projects/Policy-RL-Peg_insertion/force_peg_rl/logs/rl_games/Forge/2026-08-12_21-17-52/nn/last_Forge_ep_500_rew_141.3663.pth,1,nominal,1001,False,timeout,149,28.951648712158203,0.02937529981136322,18.19240951538086,10.460017204284668,1.058333396911621,0.02050497569143772,0.24671675264835358,0.018362728878855705,0.75,0.75,0.01223105750977993,-0.4435054361820221
2026-08-12_21-17-52,/home/as22cq/Projects/Policy-RL-Peg_insertion/force_peg_rl/logs/rl_games/Forge/2026-08-12_21-17-52/nn/last_Forge_ep_500_rew_141.3663.pth,1,nominal,1001,False,timeout,149,26.376556396484375,0.004180435091257095,23.200721740722656,10.46383285522461,1.158333420753479,0.023021336644887924,1.5863128900527954,0.01855064183473587,0.75,0.75,0.01869184523820877,-0.6091059446334839
2026-08-12_21-17-52,/home/as22cq/Projects/Policy-RL-Peg_insertion/force_peg_rl/logs/rl_games/Forge/2026-08-12_21-17-52/nn/last_Forge_ep_500_rew_141.3663.pth,1,nominal,1001,False,timeout,149,26.221797943115234,0.034661103039979935,16.994726181030273,11.592578887939453,1.1166666746139526,0.11961613595485687,2.595569133758545,0.018471993505954742,0.75,0.75,0.016589105129241943,-0.029500886797904968
2026-08-12_21-17-52,/home/as22cq/Projects/Policy-RL-Peg_insertion/force_peg_rl/logs/rl_games/Forge/2026-08-12_21-17-52/nn/last_Forge_ep_500_rew_141.3663.pth,1,nominal,1001,False,timeout,149,29.758699417114258,0.11183881759643555,10.968193054199219,5.712709426879883,0.30000001192092896,0.02809428982436657,0.6298971176147461,0.02168460376560688,0.75,0.75,0.019233984872698784,-0.3934597969055176
2026-08-12_21-17-52,/home/as22cq/Projects/Policy-RL-Peg_insertion/force_peg_rl/logs/rl_games/Forge/2026-08-12_21-17-52/nn/last_Forge_ep_500_rew_141.3663.pth,1,nominal,1001,False,timeout,149,40.20183563232422,-0.010946269147098064,11.092657089233398,5.7804274559021,0.6583333611488342,0.025476938113570213,2.0917301177978516,0.01885201781988144,0.75,0.75,0.019675159826874733,0.6522115468978882
2026-08-12_21-17-52,/home/as22cq/Projects/Policy-RL-Peg_insertion/force_peg_rl/logs/rl_games/Forge/2026-08-12_21-17-52/nn/last_Forge_ep_500_rew_141.3663.pth,1,nominal,1001,False,timeout,149,27.44620132446289,0.024533003568649292,20.708223342895508,5.559122562408447,0.13333334028720856,0.03769306093454361,1.731781244277954,0.017903078347444534,0.75,0.75,0.01722608506679535,0.5483886003494263
2026-08-12_21-17-52,/home/as22cq/Projects/Policy-RL-Peg_insertion/force_peg_rl/logs/rl_games/Forge/2026-08-12_21-17-52/nn/last_Forge_ep_500_rew_141.3663.pth,1,nominal,1001,False,timeout,149,32.5076789855957,-0.009136093780398369,30.032691955566406,14.239310264587402,1.0833333730697632,0.054319046437740326,1.989280104637146,0.01591614820063114,0.75,0.75,0.014896406792104244,0.42344486713409424
2026-08-12_21-17-52,/home/as22cq/Projects/Policy-RL-Peg_insertion/force_peg_rl/logs/rl_games/Forge/2026-08-12_21-17-52/nn/last_Forge_ep_500_rew_141.3663.pth,1,nominal,1001,False,timeout,149,27.02348518371582,0.04201756417751312,16.18764305114746,6.146607398986816,0.10000000894069672,0.06837493181228638,2.0269951820373535,0.02119617350399494,0.75,0.75,0.024552397429943085,0.7525647282600403
2026-08-12_21-17-52,/home/as22cq/Projects/Policy-RL-Peg_insertion/force_peg_rl/logs/rl_games/Forge/2026-08-12_21-17-52/nn/last_Forge_ep_500_rew_141.3663.pth,1,nominal,1001,False,timeout,149,28.04287338256836,0.094913050532341,36.1085090637207,6.237240791320801,0.2750000059604645,0.055241793394088745,0.24745304882526398,0.022429121658205986,0.75,0.75,0.018510691821575165,-0.4727274775505066
2026-08-12_21-17-52,/home/as22cq/Projects/Policy-RL-Peg_insertion/force_peg_rl/logs/rl_games/Forge/2026-08-12_21-17-52/nn/last_Forge_ep_500_rew_141.3663.pth,1,nominal,1001,False,timeout,149,29.642250061035156,0.017653577029705048,17.974472045898438,14.614401817321777,1.183333396911621,0.07296290993690491,2.054166793823242,0.01488218829035759,0.75,0.75,0.01386965997517109,0.4944983422756195
2026-08-12_21-17-52,/home/as22cq/Projects/Policy-RL-Peg_insertion/force_peg_rl/logs/rl_games/Forge/2026-08-12_21-17-52/nn/last_Forge_ep_500_rew_141.3663.pth,1,nominal,1001,False,timeout,149,36.46350860595703,-0.022522546350955963,19.921283721923828,7.244163513183594,0.675000011920929,0.006179838441312313,2.1830718517303467,0.017609914764761925,0.75,0.75,0.020818792283535004,0.1502843201160431
2026-08-12_21-17-52,/home/as22cq/Projects/Policy-RL-Peg_insertion/force_peg_rl/logs/rl_games/Forge/2026-08-12_21-17-52/nn/last_Forge_ep_500_rew_141.3663.pth,1,nominal,1001,False,timeout,149,27.377046585083008,0.005021406337618828,13.61409854888916,5.83342981338501,0.05833333730697632,0.048540689051151276,1.4346187114715576,0.014196322299540043,0.75,0.75,0.018837006762623787,-0.6462771892547607
2026-08-12_21-17-52,/home/as22cq/Projects/Policy-RL-Peg_insertion/force_peg_rl/logs/rl_games/Forge/2026-08-12_21-17-52/nn/last_Forge_ep_500_rew_141.3663.pth,1,nominal,1001,False,timeout,149,30.942628860473633,-0.03361857682466507,15.438495635986328,8.714818954467773,0.8666667342185974,0.014988148584961891,2.261610984802246,0.01995878294110298,0.75,0.75,0.021841170266270638,0.6344282031059265
2026-08-12_21-17-52,/home/as22cq/Projects/Policy-RL-Peg_insertion/force_peg_rl/logs/rl_games/Forge/2026-08-12_21-17-52/nn/last_Forge_ep_500_rew_141.3663.pth,1,nominal,1001,False,timeout,149,39.60225296020508,-0.006011519581079483,34.393798828125,13.585498809814453,1.0,0.028911925852298737,1.9716030359268188,0.02250853180885315,0.75,0.75,0.018767455592751503,0.6043733358383179
2026-08-12_21-17-52,/home/as22cq/Projects/Policy-RL-Peg_insertion/force_peg_rl/logs/rl_games/Forge/2026-08-12_21-17-52/nn/last_Forge_ep_500_rew_141.3663.pth,1,nominal,1001,False,timeout,149,37.00409698486328,0.018013935536146164,15.409066200256348,9.732224464416504,0.7833333611488342,0.02341911941766739,1.8238704204559326,0.018876703456044197,0.75,0.75,0.019832029938697815,0.632672131061554
2026-08-12_21-17-52,/home/as22cq/Projects/Policy-RL-Peg_insertion/force_peg_rl/logs/rl_games/Forge/2026-08-12_21-17-52/nn/last_Forge_ep_500_rew_141.3663.pth,1,nominal,1001,False,timeout,149,29.350709915161133,-0.023350484669208527,27.662696838378906,7.083401203155518,0.40833336114883423,0.028577502816915512,1.1593607664108276,0.018970340490341187,0.75,0.75,0.019398557022213936,-0.38063299655914307
2026-08-12_21-17-52,/home/as22cq/Projects/Policy-RL-Peg_insertion/force_peg_rl/logs/rl_games/Forge/2026-08-12_21-17-52/nn/last_Forge_ep_500_rew_141.3663.pth,1,nominal,1001,False,timeout,149,27.662765502929688,-0.003896869719028473,16.777029037475586,6.723248481750488,0.8000000715255737,0.059191860258579254,1.8593863248825073,0.014674588106572628,0.75,0.75,0.016571562737226486,-0.01652820035815239
2026-08-12_21-17-52,/home/as22cq/Projects/Policy-RL-Peg_insertion/force_peg_rl/logs/rl_games/Forge/2026-08-12_21-17-52/nn/last_Forge_ep_500_rew_141.3663.pth,1,nominal,1001,False,timeout,149,36.673362731933594,-0.02543441206216812,28.97502326965332,7.965580940246582,0.7083333730697632,0.011595787480473518,2.4054200649261475,0.021122463047504425,0.75,0.75,0.007517548743635416,0.4541884958744049
2026-08-12_21-17-52,/home/as22cq/Projects/Policy-RL-Peg_insertion/force_peg_rl/logs/rl_games/Forge/2026-08-12_21-17-52/nn/last_Forge_ep_500_rew_141.3663.pth,1,nominal,1001,False,timeout,149,28.08418846130371,-0.006795801222324371,20.002836227416992,7.497930526733398,0.46666669845581055,0.037815023213624954,0.8032150268554688,0.020548122003674507,0.75,0.75,0.022836808115243912,-0.5218984484672546
2026-08-12_21-17-52,/home/as22cq/Projects/Policy-RL-Peg_insertion/force_peg_rl/logs/rl_games/Forge/2026-08-12_21-17-52/nn/last_Forge_ep_500_rew_141.3663.pth,1,nominal,1001,False,timeout,149,28.593225479125977,0.005511034280061722,22.462047576904297,7.834212779998779,0.9000000357627869,0.04239844158291817,0.8905909657478333,0.0146819818764925,0.75,0.75,0.009932360611855984,-0.3420926630496979
2026-08-12_21-17-52,/home/as22cq/Projects/Policy-RL-Peg_insertion/force_peg_rl/logs/rl_games/Forge/2026-08-12_21-17-52/nn/last_Forge_ep_500_rew_141.3663.pth,1,nominal,1001,False,timeout,149,30.488189697265625,0.03896833583712578,18.914377212524414,11.944756507873535,0.8833333849906921,0.0196034237742424,1.7304261922836304,0.016416696831583977,0.75,0.75,0.015543580055236816,0.12891027331352234
2026-08-12_21-17-52,/home/as22cq/Projects/Policy-RL-Peg_insertion/force_peg_rl/logs/rl_games/Forge/2026-08-12_21-17-52/nn/last_Forge_ep_500_rew_141.3663.pth,1,nominal,1001,False,timeout,149,32.704124450683594,0.03961746022105217,33.73493957519531,11.519413948059082,1.058333396911621,0.026241255924105644,0.9715260863304138,0.02037438005208969,0.75,0.75,0.019716428592801094,-0.7546032667160034
2026-08-12_21-17-52,/home/as22cq/Projects/Policy-RL-Peg_insertion/force_peg_rl/logs/rl_games/Forge/2026-08-12_21-17-52/nn/last_Forge_ep_500_rew_141.3663.pth,1,nominal,1001,False,timeout,149,26.81488037109375,0.012876272201538086,19.967300415039062,6.388803958892822,0.2916666865348816,0.07218537479639053,2.045686960220337,0.02104412019252777,0.75,0.75,0.02434394508600235,0.4898701012134552
2026-08-12_21-17-52,/home/as22cq/Projects/Policy-RL-Peg_insertion/force_peg_rl/logs/rl_games/Forge/2026-08-12_21-17-52/nn/last_Forge_ep_500_rew_141.3663.pth,1,nominal,1001,False,timeout,149,26.04576873779297,0.05710006505250931,17.546283721923828,12.289741516113281,1.0166667699813843,0.11317810416221619,2.6169652938842773,0.021495122462511063,0.75,0.75,0.008821305818855762,0.3837381899356842
2026-08-12_21-17-52,/home/as22cq/Projects/Policy-RL-Peg_insertion/force_peg_rl/logs/rl_games/Forge/2026-08-12_21-17-52/nn/last_Forge_ep_500_rew_141.3663.pth,1,nominal,1001,False,timeout,149,16.34788703918457,0.023615263402462006,26.625516891479492,14.088269233703613,1.1666667461395264,0.025779269635677338,1.030724048614502,0.0181379783898592,0.75,0.75,0.0077208103612065315,-0.0785929337143898
2026-08-12_21-17-52,/home/as22cq/Projects/Policy-RL-Peg_insertion/force_peg_rl/logs/rl_games/Forge/2026-08-12_21-17-52/nn/last_Forge_ep_500_rew_141.3663.pth,1,nominal,1001,False,force_limit,149,27.620065689086914,0.02179613709449768,54.60960388183594,14.186997413635254,1.1166666746139526,0.04752251133322716,0.4256986677646637,0.016820821911096573,0.75,0.75,0.020627807825803757,-0.6109328866004944
2026-08-12_21-17-52,/home/as22cq/Projects/Policy-RL-Peg_insertion/force_peg_rl/logs/rl_games/Forge/2026-08-12_21-17-52/nn/last_Forge_ep_500_rew_141.3663.pth,1,nominal,1002,False,timeout,149,195.0061492919922,0.010943964123725891,10.705904006958008,7.040718078613281,0.98333340883255,0.0005793338059447706,1.4125561714172363,0.019413884729146957,0.75,0.75,0.01789960265159607,0.45074665546417236
2026-08-12_21-17-52,/home/as22cq/Projects/Policy-RL-Peg_insertion/force_peg_rl/logs/rl_games/Forge/2026-08-12_21-17-52/nn/last_Forge_ep_500_rew_141.3663.pth,1,nominal,1002,False,timeout,149,112.08673858642578,0.0023444630205631256,26.37944221496582,12.306050300598145,1.0416667461395264,0.0005312986904755235,1.6052100658416748,0.01712241768836975,0.75,0.75,0.00903177447617054,-0.6292104721069336
2026-08-12_21-17-52,/home/as22cq/Projects/Policy-RL-Peg_insertion/force_peg_rl/logs/rl_games/Forge/2026-08-12_21-17-52/nn/last_Forge_ep_500_rew_141.3663.pth,1,nominal,1002,False,timeout,149,33.68648147583008,0.020746033638715744,16.16722869873047,9.020604133605957,1.0,0.07903400808572769,1.4584609270095825,0.01554050762206316,0.75,0.75,0.013464132323861122,-0.32392194867134094
2026-08-12_21-17-52,/home/as22cq/Projects/Policy-RL-Peg_insertion/force_peg_rl/logs/rl_games/Forge/2026-08-12_21-17-52/nn/last_Forge_ep_500_rew_141.3663.pth,1,nominal,1002,False,timeout,149,64.97168731689453,0.0644981786608696,16.72185516357422,11.899741172790527,1.033333420753479,0.05745052918791771,0.9155594110488892,0.018758801743388176,0.75,0.75,0.020801255479454994,0.5808753371238708
2026-08-12_21-17-52,/home/as22cq/Projects/Policy-RL-Peg_insertion/force_peg_rl/logs/rl_games/Forge/2026-08-12_21-17-52/nn/last_Forge_ep_500_rew_141.3663.pth,1,nominal,1002,False,timeout,149,162.65167236328125,0.015648867934942245,22.398941040039062,6.705210208892822,0.6000000238418579,0.000584611960221082,0.6092461943626404,0.014345498755574226,0.75,0.75,0.021153444424271584,0.22044812142848969
2026-08-12_21-17-52,/home/as22cq/Projects/Policy-RL-Peg_insertion/force_peg_rl/logs/rl_games/Forge/2026-08-12_21-17-52/nn/last_Forge_ep_500_rew_141.3663.pth,1,nominal,1002,False,timeout,149,187.98809814453125,0.008591510355472565,35.0197639465332,17.145132064819336,1.100000023841858,0.0006150476401671767,1.4321775436401367,0.015388447791337967,0.75,0.75,0.01370332483202219,-0.33679747581481934
2026-08-12_21-17-52,/home/as22cq/Projects/Policy-RL-Peg_insertion/force_peg_rl/logs/rl_games/Forge/2026-08-12_21-17-52/nn/last_Forge_ep_500_rew_141.3663.pth,1,nominal,1002,False,timeout,149,151.7178192138672,0.022820256650447845,25.029903411865234,12.701000213623047,1.0,0.001785034080967307,0.5318259000778198,0.020567502826452255,0.75,0.75,0.018199071288108826,-0.2882532477378845
2026-08-12_21-17-52,/home/as22cq/Projects/Policy-RL-Peg_insertion/force_peg_rl/logs/rl_games/Forge/2026-08-12_21-17-52/nn/last_Forge_ep_500_rew_141.3663.pth,1,nominal,1002,False,timeout,149,125.00409698486328,0.0024157576262950897,18.7803955078125,10.675148963928223,1.183333396911621,0.0006886705523356795,1.4620554447174072,0.018307818099856377,0.75,0.75,0.010578595101833344,-0.5181620717048645
2026-08-12_21-17-52,/home/as22cq/Projects/Policy-RL-Peg_insertion/force_peg_rl/logs/rl_games/Forge/2026-08-12_21-17-52/nn/last_Forge_ep_500_rew_141.3663.pth,1,nominal,1002,False,timeout,149,77.4079818725586,0.05663426220417023,19.582199096679688,14.949353218078613,1.133333444595337,0.05568902939558029,1.2689452171325684,0.02321643754839897,0.75,0.75,0.005322881042957306,0.06376909464597702
2026-08-12_21-17-52,/home/as22cq/Projects/Policy-RL-Peg_insertion/force_peg_rl/logs/rl_games/Forge/2026-08-12_21-17-52/nn/last_Forge_ep_500_rew_141.3663.pth,1,nominal,1002,False,timeout,149,90.81275177001953,0.1403808295726776,17.769845962524414,7.863826751708984,0.7666667103767395,0.8990511298179626,0.3737598955631256,0.014807280153036118,0.75,0.75,0.0191887766122818,-0.3304016888141632
2026-08-12_21-17-52,/home/as22cq/Projects/Policy-RL-Peg_insertion/force_peg_rl/logs/rl_games/Forge/2026-08-12_21-17-52/nn/last_Forge_ep_500_rew_141.3663.pth,1,nominal,1002,False,timeout,149,145.58023071289062,-0.04708584025502205,30.637353897094727,13.1972074508667,1.008333444595337,0.3180874288082123,0.43384069204330444,0.02122945338487625,0.75,0.75,0.0049608671106398106,-0.6119070649147034
2026-08-12_21-17-52,/home/as22cq/Projects/Policy-RL-Peg_insertion/force_peg_rl/logs/rl_games/Forge/2026-08-12_21-17-52/nn/last_Forge_ep_500_rew_141.3663.pth,1,nominal,1002,False,timeout,149,172.22186279296875,0.007461961358785629,21.100690841674805,12.657699584960938,1.1166666746139526,0.0002463092969264835,1.400800108909607,0.015919752418994904,0.75,0.75,0.013480856083333492,0.15796928107738495
2026-08-12_21-17-52,/home/as22cq/Projects/Policy-RL-Peg_insertion/force_peg_rl/logs/rl_games/Forge/2026-08-12_21-17-52/nn/last_Forge_ep_500_rew_141.3663.pth,1,nominal,1002,False,timeout,149,163.7656707763672,0.00554366409778595,14.984999656677246,10.003183364868164,0.7833333611488342,0.0006879839929752052,1.4721943140029907,0.02155010960996151,0.75,0.75,0.010217918083071709,0.07179664820432663
2026-08-12_21-17-52,/home/as22cq/Projects/Policy-RL-Peg_insertion/force_peg_rl/logs/rl_games/Forge/2026-08-12_21-17-52/nn/last_Forge_ep_500_rew_141.3663.pth,1,nominal,1002,False,timeout,149,189.06114196777344,0.018207326531410217,15.524735450744629,10.49388599395752,1.1416667699813843,0.0012786212610080838,1.99606454372406,0.015309987589716911,0.75,0.75,0.01897512748837471,0.4430526793003082
2026-08-12_21-17-52,/home/as22cq/Projects/Policy-RL-Peg_insertion/force_peg_rl/logs/rl_games/Forge/2026-08-12_21-17-52/nn/last_Forge_ep_500_rew_141.3663.pth,1,nominal,1002,True,success,149,184.72459411621094,0.00012878887355327606,25.655033111572266,11.268758773803711,1.1666667461395264,0.0005866223364137113,1.421971082687378,0.017588315531611443,0.75,0.75,0.011249029077589512,-0.15198840200901031
2026-08-12_21-17-52,/home/as22cq/Projects/Policy-RL-Peg_insertion/force_peg_rl/logs/rl_games/Forge/2026-08-12_21-17-52/nn/last_Forge_ep_500_rew_141.3663.pth,1,nominal,1002,False,timeout,149,127.10198974609375,0.0018729493021965027,23.50935173034668,10.316862106323242,1.1666667461395264,0.0005507139139808714,0.9842893481254578,0.017348863184452057,0.75,0.75,0.001999589381739497,0.7696378231048584
2026-08-12_21-17-52,/home/as22cq/Projects/Policy-RL-Peg_insertion/force_peg_rl/logs/rl_games/Forge/2026-08-12_21-17-52/nn/last_Forge_ep_500_rew_141.3663.pth,1,nominal,1002,True,success,149,151.50425720214844,9.730085730552673e-05,20.530614852905273,10.72967529296875,0.8000000715255737,0.0005090379854664207,2.0181620121002197,0.01678197830915451,0.75,0.75,0.018876828253269196,-0.28883111476898193
2026-08-12_21-17-52,/home/as22cq/Projects/Policy-RL-Peg_insertion/force_peg_rl/logs/rl_games/Forge/2026-08-12_21-17-52/nn/last_Forge_ep_500_rew_141.3663.pth,1,nominal,1002,False,timeout,149,194.83837890625,0.013148125261068344,20.79802703857422,11.533912658691406,0.9916667342185974,0.000553279067389667,1.506941795349121,0.020639784634113312,0.75,0.75,0.017401155084371567,0.698418378829956
2026-08-12_21-17-52,/home/as22cq/Projects/Policy-RL-Peg_insertion/force_peg_rl/logs/rl_games/Forge/2026-08-12_21-17-52/nn/last_Forge_ep_500_rew_141.3663.pth,1,nominal,1002,True,success,149,149.33056640625,0.0006224885582923889,18.037639617919922,10.92837905883789,1.0166667699813843,0.0007262607687152922,1.434895396232605,0.02195141091942787,0.75,0.75,0.0175413116812706,0.5204441547393799
2026-08-12_21-17-52,/home/as22cq/Projects/Policy-RL-Peg_insertion/force_peg_rl/logs/rl_games/Forge/2026-08-12_21-17-52/nn/last_Forge_ep_500_rew_141.3663.pth,1,nominal,1002,True,success,149,192.94985961914062,0.0020669735968112946,23.927139282226562,10.98447036743164,0.6833333969116211,0.00047272766823880374,1.3041412830352783,0.021944817155599594,0.75,0.75,0.02279234118759632,0.2631632387638092
2026-08-12_21-17-52,/home/as22cq/Projects/Policy-RL-Peg_insertion/force_peg_rl/logs/rl_games/Forge/2026-08-12_21-17-52/nn/last_Forge_ep_500_rew_141.3663.pth,1,nominal,1002,False,timeout,149,34.6345329284668,0.021928228437900543,26.490800857543945,13.794535636901855,1.1500000953674316,0.03155780956149101,1.3817023038864136,0.01506362110376358,0.75,0.75,0.021574553102254868,0.7122719883918762
2026-08-12_21-17-52,/home/as22cq/Projects/Policy-RL-Peg_insertion/force_peg_rl/logs/rl_games/Forge/2026-08-12_21-17-52/nn/last_Forge_ep_500_rew_141.3663.pth,1,nominal,1002,True,success,149,302.88861083984375,-1.169741153717041e-06,34.02239227294922,14.982645988464355,1.158333420753479,0.0004927740665152669,1.1652601957321167,0.021246735006570816,0.75,0.75,0.013246471993625164,0.34015482664108276
2026-08-12_21-17-52,/home/as22cq/Projects/Policy-RL-Peg_insertion/force_peg_rl/logs/rl_games/Forge/2026-08-12_21-17-52/nn/last_Forge_ep_500_rew_141.3663.pth,1,nominal,1002,False,timeout,149,161.40419006347656,0.010089792311191559,17.158714294433594,11.43143367767334,1.133333444595337,0.0007369855884462595,1.6550155878067017,0.02387821674346924,0.75,0.75,0.006745174527168274,0.5512175559997559
2026-08-12_21-17-52,/home/as22cq/Projects/Policy-RL-Peg_insertion/force_peg_rl/logs/rl_games/Forge/2026-08-12_21-17-52/nn/last_Forge_ep_500_rew_141.3663.pth,1,nominal,1002,False,timeout,149,106.3863754272461,0.017777830362319946,19.077817916870117,11.20288372039795,0.8583333492279053,0.0010686754249036312,1.7825361490249634,0.018176956102252007,0.75,0.75,0.012507934123277664,0.07099486142396927
2026-08-12_21-17-52,/home/as22cq/Projects/Policy-RL-Peg_insertion/force_peg_rl/logs/rl_games/Forge/2026-08-12_21-17-52/nn/last_Forge_ep_500_rew_141.3663.pth,1,nominal,1002,True,success,149,241.16432189941406,8.688122034072876e-05,30.09686279296875,13.489541053771973,1.1750000715255737,0.0004899455816484988,1.3118268251419067,0.023027971386909485,0.75,0.75,0.01797373779118061,-0.4308236539363861
2026-08-12_21-17-52,/home/as22cq/Projects/Policy-RL-Peg_insertion/force_peg_rl/logs/rl_games/Forge/2026-08-12_21-17-52/nn/last_Forge_ep_500_rew_141.3663.pth,1,nominal,1002,False,timeout,149,27.156831741333008,-0.008305270224809647,26.81621551513672,8.668098449707031,0.7833333611488342,0.03137800097465515,2.286425828933716,0.02109156735241413,0.75,0.75,0.009917382150888443,-0.3720260262489319
2026-08-12_21-17-52,/home/as22cq/Projects/Policy-RL-Peg_insertion/force_peg_rl/logs/rl_games/Forge/2026-08-12_21-17-52/nn/last_Forge_ep_500_rew_141.3663.pth,1,nominal,1002,False,timeout,149,138.13479614257812,0.02139975130558014,26.309295654296875,10.591583251953125,1.0,0.0015966423088684678,1.6161303520202637,0.019174015149474144,0.75,0.75,0.017250249162316322,0.518789529800415
2026-08-12_21-17-52,/home/as22cq/Projects/Policy-RL-Peg_insertion/force_peg_rl/logs/rl_games/Forge/2026-08-12_21-17-52/nn/last_Forge_ep_500_rew_141.3663.pth,1,nominal,1002,False,timeout,149,24.491134643554688,-0.010662846267223358,32.74517059326172,8.970711708068848,0.8833333849906921,0.02837521955370903,1.6019847393035889,0.019366687163710594,0.75,0.75,0.011414960958063602,0.21932949125766754
2026-08-12_21-17-52,/home/as22cq/Projects/Policy-RL-Peg_insertion/force_peg_rl/logs/rl_games/Forge/2026-08-12_21-17-52/nn/last_Forge_ep_500_rew_141.3663.pth,1,nominal,1002,False,timeout,149,40.49468231201172,0.03764853999018669,21.27855110168457,10.56297779083252,0.7250000238418579,0.12243390828371048,0.5641373991966248,0.016690043732523918,0.75,0.75,0.02096317522227764,-0.5644876956939697
2026-08-12_21-17-52,/home/as22cq/Projects/Policy-RL-Peg_insertion/force_peg_rl/logs/rl_games/Forge/2026-08-12_21-17-52/nn/last_Forge_ep_500_rew_141.3663.pth,1,nominal,1002,True,success,149,165.09231567382812,0.0009473785758018494,17.25006103515625,10.657018661499023,0.7833333611488342,0.0006427508778870106,1.2887808084487915,0.021030575037002563,0.75,0.75,0.01157835591584444,0.2417273372411728
2026-08-12_21-17-52,/home/as22cq/Projects/Policy-RL-Peg_insertion/force_peg_rl/logs/rl_games/Forge/2026-08-12_21-17-52/nn/last_Forge_ep_500_rew_141.3663.pth,1,nominal,1002,False,timeout,149,128.27191162109375,0.0013486072421073914,29.006649017333984,14.744322776794434,1.1750000715255737,0.0007664223085157573,1.4540029764175415,0.014745257794857025,0.75,0.75,0.024253567680716515,0.7098237872123718
2026-08-12_21-17-52,/home/as22cq/Projects/Policy-RL-Peg_insertion/force_peg_rl/logs/rl_games/Forge/2026-08-12_21-17-52/nn/last_Forge_ep_500_rew_141.3663.pth,1,nominal,1002,False,timeout,149,14.63611888885498,0.04367693141102791,20.888044357299805,13.693366050720215,1.0666667222976685,0.024077074602246284,0.5995093584060669,0.017925405874848366,0.75,0.75,0.020939335227012634,-0.5799182653427124
2026-08-12_21-17-52,/home/as22cq/Projects/Policy-RL-Peg_insertion/force_peg_rl/logs/rl_games/Forge/2026-08-12_21-17-52/nn/last_Forge_ep_500_rew_141.3663.pth,1,nominal,1002,True,success,149,347.1251220703125,6.0498714447021484e-05,15.3377046585083,11.685393333435059,0.9916667342185974,6.838751869508997e-05,0.37677839398384094,0.023400066420435905,0.75,0.75,0.01801287941634655,-0.2945553660392761
2026-08-12_21-17-52,/home/as22cq/Projects/Policy-RL-Peg_insertion/force_peg_rl/logs/rl_games/Forge/2026-08-12_21-17-52/nn/last_Forge_ep_500_rew_141.3663.pth,1,nominal,1002,False,timeout,149,28.27265739440918,-0.017802264541387558,22.54974937438965,6.952862739562988,0.20000001788139343,0.026259619742631912,1.9723751544952393,0.016221296042203903,0.75,0.75,0.013299291953444481,0.49062493443489075
2026-08-12_21-17-52,/home/as22cq/Projects/Policy-RL-Peg_insertion/force_peg_rl/logs/rl_games/Forge/2026-08-12_21-17-52/nn/last_Forge_ep_500_rew_141.3663.pth,1,nominal,1002,False,timeout,149,161.47860717773438,0.006930150091648102,15.782840728759766,9.922595977783203,0.8916667103767395,0.00072542141424492,1.1631275415420532,0.019461337476968765,0.75,0.75,0.009287179447710514,0.7294746041297913
2026-08-12_21-17-52,/home/as22cq/Projects/Policy-RL-Peg_insertion/force_peg_rl/logs/rl_games/Forge/2026-08-12_21-17-52/nn/last_Forge_ep_500_rew_141.3663.pth,1,nominal,1002,True,success,149,360.5253601074219,5.329027771949768e-05,15.01568603515625,10.70799732208252,0.9750000238418579,0.00041939516086131334,0.5155007243156433,0.016258444637060165,0.75,0.75,0.009436296299099922,-0.49849066138267517
2026-08-12_21-17-52,/home/as22cq/Projects/Policy-RL-Peg_insertion/force_peg_rl/logs/rl_games/Forge/2026-08-12_21-17-52/nn/last_Forge_ep_500_rew_141.3663.pth,1,nominal,1002,True,success,149,399.38201904296875,7.528811693191528e-05,17.840301513671875,11.352620124816895,1.033333420753479,0.00025324453599750996,1.4644927978515625,0.018716946244239807,0.75,0.75,0.018816489726305008,0.10864932835102081
2026-08-12_21-17-52,/home/as22cq/Projects/Policy-RL-Peg_insertion/force_peg_rl/logs/rl_games/Forge/2026-08-12_21-17-52/nn/last_Forge_ep_500_rew_141.3663.pth,1,nominal,1002,False,timeout,149,119.63099670410156,0.003395700827240944,26.871257781982422,13.004313468933105,1.0166667699813843,0.0007442912319675088,1.547179102897644,0.01746673509478569,0.75,0.75,0.023673661053180695,-0.16187995672225952
2026-08-12_21-17-52,/home/as22cq/Projects/Policy-RL-Peg_insertion/force_peg_rl/logs/rl_games/Forge/2026-08-12_21-17-52/nn/last_Forge_ep_500_rew_141.3663.pth,1,nominal,1002,False,timeout,149,151.1351776123047,0.0014721304178237915,18.269453048706055,12.094715118408203,1.1666667461395264,0.0006618113839067519,1.5082495212554932,0.01440645195543766,0.75,0.75,0.012244898825883865,-0.5447081327438354
2026-08-12_21-17-52,/home/as22cq/Projects/Policy-RL-Peg_insertion/force_peg_rl/logs/rl_games/Forge/2026-08-12_21-17-52/nn/last_Forge_ep_500_rew_141.3663.pth,1,nominal,1002,False,timeout,149,155.57264709472656,0.015536397695541382,17.59648895263672,13.594576835632324,1.0916666984558105,0.0006223826203495264,1.371458888053894,0.021889936178922653,0.75,0.75,0.02116028591990471,-0.7573469877243042
2026-08-12_21-17-52,/home/as22cq/Projects/Policy-RL-Peg_insertion/force_peg_rl/logs/rl_games/Forge/2026-08-12_21-17-52/nn/last_Forge_ep_500_rew_141.3663.pth,1,nominal,1002,False,timeout,149,51.98141098022461,0.03437136113643646,20.61956214904785,13.805157661437988,1.1083333492279053,0.06672362983226776,1.3420530557632446,0.016589166596531868,0.75,0.75,0.010192293673753738,-0.14078155159950256
2026-08-12_21-17-52,/home/as22cq/Projects/Policy-RL-Peg_insertion/force_peg_rl/logs/rl_games/Forge/2026-08-12_21-17-52/nn/last_Forge_ep_500_rew_141.3663.pth,1,nominal,1002,False,timeout,149,91.66427612304688,0.01742216944694519,29.243881225585938,17.8487606048584,1.1666667461395264,0.0005873056361451745,0.7015982270240784,0.018467051908373833,0.75,0.75,0.006955091841518879,-0.23734819889068604
2026-08-12_21-17-52,/home/as22cq/Projects/Policy-RL-Peg_insertion/force_peg_rl/logs/rl_games/Forge/2026-08-12_21-17-52/nn/last_Forge_ep_500_rew_141.3663.pth,1,nominal,1002,False,timeout,149,137.17396545410156,0.010269731283187866,22.83962631225586,9.674473762512207,1.0500000715255737,0.0007974344189278781,1.4803333282470703,0.020759839564561844,0.75,0.75,0.014341910369694233,-0.05237210914492607
2026-08-12_21-17-52,/home/as22cq/Projects/Policy-RL-Peg_insertion/force_peg_rl/logs/rl_games/Forge/2026-08-12_21-17-52/nn/last_Forge_ep_500_rew_141.3663.pth,1,nominal,1002,False,timeout,149,122.32257843017578,0.0028221923857927322,21.45432472229004,9.408607482910156,0.6250000596046448,0.000804486102424562,0.786179780960083,0.01720079593360424,0.75,0.75,0.009458223357796669,-0.17536109685897827
2026-08-12_21-17-52,/home/as22cq/Projects/Policy-RL-Peg_insertion/force_peg_rl/logs/rl_games/Forge/2026-08-12_21-17-52/nn/last_Forge_ep_500_rew_141.3663.pth,1,nominal,1002,False,timeout,149,27.63156509399414,0.011148445308208466,30.35295867919922,12.90856647491455,0.7333333492279053,0.046021778136491776,1.471979022026062,0.021759364753961563,0.75,0.75,0.00609875563532114,0.7530428171157837
2026-08-12_21-17-52,/home/as22cq/Projects/Policy-RL-Peg_insertion/force_peg_rl/logs/rl_games/Forge/2026-08-12_21-17-52/nn/last_Forge_ep_500_rew_141.3663.pth,1,nominal,1002,False,timeout,149,147.9546661376953,0.008429702371358871,36.96215057373047,17.875164031982422,1.0666667222976685,0.0005496781668625772,1.0962183475494385,0.0233331099152565,0.75,0.75,0.007744076196104288,0.17208805680274963
2026-08-12_21-17-52,/home/as22cq/Projects/Policy-RL-Peg_insertion/force_peg_rl/logs/rl_games/Forge/2026-08-12_21-17-52/nn/last_Forge_ep_500_rew_141.3663.pth,1,nominal,1002,False,timeout,149,152.42950439453125,0.00916290283203125,21.8800106048584,11.189168930053711,0.8083333969116211,0.0005491309566423297,2.7186279296875,0.021477200090885162,0.75,0.75,0.012040233239531517,0.2449764758348465
2026-08-12_21-17-52,/home/as22cq/Projects/Policy-RL-Peg_insertion/force_peg_rl/logs/rl_games/Forge/2026-08-12_21-17-52/nn/last_Forge_ep_500_rew_141.3663.pth,1,nominal,1002,False,timeout,149,194.51206970214844,0.013567984104156494,22.12640953063965,14.525847434997559,1.1916667222976685,0.0007285238243639469,1.7558996677398682,0.023808356374502182,0.75,0.75,0.017729900777339935,0.6457738876342773
2026-08-12_21-17-52,/home/as22cq/Projects/Policy-RL-Peg_insertion/force_peg_rl/logs/rl_games/Forge/2026-08-12_21-17-52/nn/last_Forge_ep_500_rew_141.3663.pth,1,nominal,1002,True,success,149,243.06329345703125,0.0001248978078365326,18.695056915283203,14.82524585723877,1.1500000953674316,0.0005147750489413738,1.3090728521347046,0.01721891015768051,0.75,0.75,0.014140610583126545,0.13803786039352417
2026-08-12_21-17-52,/home/as22cq/Projects/Policy-RL-Peg_insertion/force_peg_rl/logs/rl_games/Forge/2026-08-12_21-17-52/nn/last_Forge_ep_500_rew_141.3663.pth,1,nominal,1002,False,timeout,149,140.52230834960938,0.007439538836479187,32.604923248291016,14.690083503723145,1.1666667461395264,0.0008381974184885621,1.3317179679870605,0.018824348226189613,0.75,0.75,0.02334660291671753,0.06929180771112442
2026-08-12_21-17-52,/home/as22cq/Projects/Policy-RL-Peg_insertion/force_peg_rl/logs/rl_games/Forge/2026-08-12_21-17-52/nn/last_Forge_ep_500_rew_141.3663.pth,1,nominal,1002,False,timeout,149,51.670387268066406,0.05164453387260437,26.144010543823242,13.72431755065918,1.1083333492279053,0.04149299114942551,0.7594895958900452,0.021324120461940765,0.75,0.75,0.023754483088850975,-0.6461846232414246
2026-08-12_21-17-52,/home/as22cq/Projects/Policy-RL-Peg_insertion/force_peg_rl/logs/rl_games/Forge/2026-08-12_21-17-52/nn/last_Forge_ep_500_rew_141.3663.pth,1,nominal,1002,False,timeout,149,142.38897705078125,0.011809639632701874,16.73893165588379,10.50757884979248,1.033333420753479,0.0006749494932591915,1.8610683679580688,0.01423654519021511,0.75,0.75,0.018009386956691742,0.523815393447876
2026-08-12_21-17-52,/home/as22cq/Projects/Policy-RL-Peg_insertion/force_peg_rl/logs/rl_games/Forge/2026-08-12_21-17-52/nn/last_Forge_ep_500_rew_141.3663.pth,1,nominal,1002,True,success,149,215.21487426757812,0.00013919174671173096,23.791645050048828,10.171947479248047,0.6916667222976685,0.0006028548232279718,1.237586498260498,0.022238317877054214,0.75,0.75,0.015628768131136894,-0.3721763789653778
2026-08-12_21-17-52,/home/as22cq/Projects/Policy-RL-Peg_insertion/force_peg_rl/logs/rl_games/Forge/2026-08-12_21-17-52/nn/last_Forge_ep_500_rew_141.3663.pth,1,nominal,1002,False,timeout,149,135.97607421875,0.006846088916063309,24.4083251953125,12.824068069458008,1.0166667699813843,0.0007528322748839855,0.624752402305603,0.023817339912056923,0.75,0.75,0.012229286134243011,-0.33388614654541016
2026-08-12_21-17-52,/home/as22cq/Projects/Policy-RL-Peg_insertion/force_peg_rl/logs/rl_games/Forge/2026-08-12_21-17-52/nn/last_Forge_ep_500_rew_141.3663.pth,1,nominal,1002,False,timeout,149,29.560894012451172,0.024455633014440536,24.218074798583984,14.685225486755371,0.9333333969116211,0.002992809982970357,1.3833014965057373,0.015604325570166111,0.75,0.75,0.013054702430963516,0.442440390586853
2026-08-12_21-17-52,/home/as22cq/Projects/Policy-RL-Peg_insertion/force_peg_rl/logs/rl_games/Forge/2026-08-12_21-17-52/nn/last_Forge_ep_500_rew_141.3663.pth,1,nominal,1002,False,timeout,149,108.66873168945312,0.017387937754392624,41.84599685668945,10.09168529510498,0.6000000238418579,0.0008562497678212821,0.8005423545837402,0.01654166355729103,0.75,0.75,0.007180836051702499,-0.6129394173622131
2026-08-12_21-17-52,/home/as22cq/Projects/Policy-RL-Peg_insertion/force_peg_rl/logs/rl_games/Forge/2026-08-12_21-17-52/nn/last_Forge_ep_500_rew_141.3663.pth,1,nominal,1002,False,timeout,149,61.603328704833984,0.10808677971363068,10.835741996765137,5.7851362228393555,0.4833333492279053,0.06091906502842903,0.28493183851242065,0.015367625281214714,0.75,0.75,0.009681761264801025,-0.702483057975769
2026-08-12_21-17-52,/home/as22cq/Projects/Policy-RL-Peg_insertion/force_peg_rl/logs/rl_games/Forge/2026-08-12_21-17-52/nn/last_Forge_ep_500_rew_141.3663.pth,1,nominal,1002,False,timeout,149,96.8516616821289,0.009060236625373363,20.532033920288086,10.258020401000977,0.98333340883255,0.0005485679139383137,0.8164665699005127,0.016587311401963234,0.75,0.75,0.004191722720861435,-0.3138895034790039
2026-08-12_21-17-52,/home/as22cq/Projects/Policy-RL-Peg_insertion/force_peg_rl/logs/rl_games/Forge/2026-08-12_21-17-52/nn/last_Forge_ep_500_rew_141.3663.pth,1,nominal,1002,True,success,149,163.2947235107422,7.775798439979553e-05,58.539730072021484,16.66863250732422,1.0166667699813843,0.0005321056814864278,1.472293734550476,0.02069450542330742,0.75,0.75,0.007109863217920065,-0.7241960763931274
2026-08-12_21-17-52,/home/as22cq/Projects/Policy-RL-Peg_insertion/force_peg_rl/logs/rl_games/Forge/2026-08-12_21-17-52/nn/last_Forge_ep_500_rew_141.3663.pth,1,nominal,1002,False,timeout,149,28.114206314086914,0.08296036720275879,17.072301864624023,5.79207181930542,0.05833333730697632,0.021909188479185104,0.15742000937461853,0.014911415986716747,0.75,0.75,0.017646677792072296,-0.08787451684474945
2026-08-12_21-17-52,/home/as22cq/Projects/Policy-RL-Peg_insertion/force_peg_rl/logs/rl_games/Forge/2026-08-12_21-17-52/nn/last_Forge_ep_500_rew_141.3663.pth,1,nominal,1002,True,success,149,188.37319946289062,0.000151023268699646,14.835104942321777,8.041951179504395,0.9333333969116211,0.0006304130074568093,0.8213351964950562,0.023175688460469246,0.75,0.75,0.01900392398238182,-0.21887314319610596
2026-08-12_21-17-52,/home/as22cq/Projects/Policy-RL-Peg_insertion/force_peg_rl/logs/rl_games/Forge/2026-08-12_21-17-52/nn/last_Forge_ep_500_rew_141.3663.pth,1,nominal,1002,False,timeout,149,161.4669189453125,0.012476012110710144,27.592044830322266,10.136634826660156,0.8416666984558105,0.0005597322597168386,0.4861508011817932,0.020305711776018143,0.75,0.75,0.017524760216474533,0.28504395484924316
2026-08-12_21-17-52,/home/as22cq/Projects/Policy-RL-Peg_insertion/force_peg_rl/logs/rl_games/Forge/2026-08-12_21-17-52/nn/last_Forge_ep_500_rew_141.3663.pth,1,nominal,1002,False,timeout,149,21.217174530029297,-0.0063821375370025635,25.490816116333008,12.96850872039795,1.0666667222976685,0.03504641354084015,1.6140847206115723,0.022102581337094307,0.75,0.75,0.021724561229348183,-0.1555425226688385
2026-08-12_21-17-52,/home/as22cq/Projects/Policy-RL-Peg_insertion/force_peg_rl/logs/rl_games/Forge/2026-08-12_21-17-52/nn/last_Forge_ep_500_rew_141.3663.pth,1,nominal,1002,False,timeout,149,17.713577270507812,0.007404491305351257,25.622203826904297,10.67673397064209,0.8500000238418579,0.03061934933066368,1.0674854516983032,0.020468013361096382,0.75,0.75,0.013485435396432877,-0.6150318384170532
2026-08-12_21-17-52,/home/as22cq/Projects/Policy-RL-Peg_insertion/force_peg_rl/logs/rl_games/Forge/2026-08-12_21-17-52/nn/last_Forge_ep_500_rew_141.3663.pth,1,nominal,1002,False,timeout,149,127.09780883789062,0.008681081235408783,24.756099700927734,12.988779067993164,1.133333444595337,0.0007257770048454404,1.9034451246261597,0.02053002640604973,0.75,0.75,0.016058651730418205,0.19814160466194153
2026-08-12_21-17-52,/home/as22cq/Projects/Policy-RL-Peg_insertion/force_peg_rl/logs/rl_games/Forge/2026-08-12_21-17-52/nn/last_Forge_ep_500_rew_141.3663.pth,1,nominal,1002,False,timeout,149,24.73436737060547,0.025547444820404053,22.400726318359375,12.95165729522705,0.7833333611488342,0.019900009036064148,1.0193495750427246,0.023736361414194107,0.75,0.75,0.019898032769560814,-0.0350927971303463
2026-08-12_21-17-52,/home/as22cq/Projects/Policy-RL-Peg_insertion/force_peg_rl/logs/rl_games/Forge/2026-08-12_21-17-52/nn/last_Forge_ep_500_rew_141.3663.pth,1,nominal,1002,False,timeout,149,30.39426612854004,0.021483466029167175,18.611074447631836,7.562069892883301,0.6666666865348816,0.07277648895978928,2.7458555698394775,0.014548050239682198,0.75,0.75,0.02143809013068676,0.5012869238853455
2026-08-12_21-17-52,/home/as22cq/Projects/Policy-RL-Peg_insertion/force_peg_rl/logs/rl_games/Forge/2026-08-12_21-17-52/nn/last_Forge_ep_500_rew_141.3663.pth,1,nominal,1002,False,timeout,149,30.638811111450195,0.03513013944029808,10.575568199157715,7.635610103607178,0.7583333849906921,0.057752128690481186,1.840498685836792,0.01885204203426838,0.75,0.75,0.020396744832396507,0.27641141414642334
2026-08-12_21-17-52,/home/as22cq/Projects/Policy-RL-Peg_insertion/force_peg_rl/logs/rl_games/Forge/2026-08-12_21-17-52/nn/last_Forge_ep_500_rew_141.3663.pth,1,nominal,1002,False,timeout,149,32.30646514892578,0.02963899075984955,14.700613021850586,7.409451007843018,0.40000003576278687,0.06591867655515671,1.9221951961517334,0.021734148263931274,0.75,0.75,0.017300695180892944,0.6408067345619202
2026-08-12_21-17-52,/home/as22cq/Projects/Policy-RL-Peg_insertion/force_peg_rl/logs/rl_games/Forge/2026-08-12_21-17-52/nn/last_Forge_ep_500_rew_141.3663.pth,1,nominal,1002,False,timeout,149,122.20491790771484,0.014793682843446732,17.818241119384766,12.489859580993652,1.1500000953674316,0.0005176598788239062,1.4215216636657715,0.018596237525343895,0.75,0.75,0.015298552811145782,-0.7737395763397217
2026-08-12_21-17-52,/home/as22cq/Projects/Policy-RL-Peg_insertion/force_peg_rl/logs/rl_games/Forge/2026-08-12_21-17-52/nn/last_Forge_ep_500_rew_141.3663.pth,1,nominal,1002,False,timeout,149,39.9559326171875,-0.01930442452430725,16.980628967285156,7.510256290435791,0.8500000238418579,0.023459501564502716,1.7217469215393066,0.01577061414718628,0.75,0.75,0.011489741504192352,0.16696347296237946
2026-08-12_21-17-52,/home/as22cq/Projects/Policy-RL-Peg_insertion/force_peg_rl/logs/rl_games/Forge/2026-08-12_21-17-52/nn/last_Forge_ep_500_rew_141.3663.pth,1,nominal,1002,True,success,149,184.33767700195312,0.0004234015941619873,21.013986587524414,12.15301513671875,1.1416667699813843,0.0007816709112375975,1.4366036653518677,0.018703607842326164,0.75,0.75,0.021246062591671944,0.5655451416969299
2026-08-12_21-17-52,/home/as22cq/Projects/Policy-RL-Peg_insertion/force_peg_rl/logs/rl_games/Forge/2026-08-12_21-17-52/nn/last_Forge_ep_500_rew_141.3663.pth,1,nominal,1002,False,timeout,149,48.17869186401367,0.024487756192684174,12.640852928161621,8.953959465026855,1.0250000953674316,0.0032020919024944305,1.619874119758606,0.019381504505872726,0.75,0.75,0.0044946433044970036,0.5515233278274536
2026-08-12_21-17-52,/home/as22cq/Projects/Policy-RL-Peg_insertion/force_peg_rl/logs/rl_games/Forge/2026-08-12_21-17-52/nn/last_Forge_ep_500_rew_141.3663.pth,1,nominal,1002,False,timeout,149,35.11366271972656,0.028223171830177307,25.796058654785156,12.393585205078125,1.1916667222976685,0.010363451205193996,1.6019277572631836,0.021511338651180267,0.75,0.75,0.0011889978777617216,0.7508190274238586
2026-08-12_21-17-52,/home/as22cq/Projects/Policy-RL-Peg_insertion/force_peg_rl/logs/rl_games/Forge/2026-08-12_21-17-52/nn/last_Forge_ep_500_rew_141.3663.pth,1,nominal,1002,False,timeout,149,43.403011322021484,0.04444430395960808,24.62830352783203,10.162156105041504,0.98333340883255,0.03970545157790184,1.6116046905517578,0.019358016550540924,0.75,0.75,0.015158694237470627,0.2870752513408661
2026-08-12_21-17-52,/home/as22cq/Projects/Policy-RL-Peg_insertion/force_peg_rl/logs/rl_games/Forge/2026-08-12_21-17-52/nn/last_Forge_ep_500_rew_141.3663.pth,1,nominal,1002,False,timeout,149,27.607723236083984,0.021601684391498566,16.82718849182129,8.037639617919922,1.0833333730697632,0.027687139809131622,1.553839921951294,0.022733323276042938,0.75,0.75,0.022289497777819633,0.44051793217658997
2026-08-12_21-17-52,/home/as22cq/Projects/Policy-RL-Peg_insertion/force_peg_rl/logs/rl_games/Forge/2026-08-12_21-17-52/nn/last_Forge_ep_500_rew_141.3663.pth,1,nominal,1002,False,timeout,149,25.075843811035156,0.05472655966877937,18.19655418395996,9.008670806884766,1.0500000715255737,0.05233895778656006,1.5737589597702026,0.01642218418419361,0.75,0.75,0.009232597425580025,0.7070070505142212
2026-08-12_21-17-52,/home/as22cq/Projects/Policy-RL-Peg_insertion/force_peg_rl/logs/rl_games/Forge/2026-08-12_21-17-52/nn/last_Forge_ep_500_rew_141.3663.pth,1,nominal,1002,True,success,149,234.26046752929688,9.994208812713623e-05,27.211143493652344,14.363938331604004,1.1500000953674316,0.0005771173746325076,1.1199772357940674,0.015317823737859726,0.75,0.75,0.014742102473974228,-0.3844355344772339
2026-08-12_21-17-52,/home/as22cq/Projects/Policy-RL-Peg_insertion/force_peg_rl/logs/rl_games/Forge/2026-08-12_21-17-52/nn/last_Forge_ep_500_rew_141.3663.pth,1,nominal,1002,False,timeout,149,30.219825744628906,0.028282422572374344,19.97113609313965,8.743820190429688,0.8250000476837158,0.046831969171762466,0.9155744314193726,0.016590312123298645,0.75,0.75,0.02550971880555153,-0.5185555219650269
2026-08-12_21-17-52,/home/as22cq/Projects/Policy-RL-Peg_insertion/force_peg_rl/logs/rl_games/Forge/2026-08-12_21-17-52/nn/last_Forge_ep_500_rew_141.3663.pth,1,nominal,1002,False,timeout,149,32.570411682128906,0.039120834320783615,14.188264846801758,10.460229873657227,1.1500000953674316,0.027910230681300163,1.5092438459396362,0.015047406777739525,0.75,0.75,0.01568080298602581,0.6058513522148132
2026-08-12_21-17-52,/home/as22cq/Projects/Policy-RL-Peg_insertion/force_peg_rl/logs/rl_games/Forge/2026-08-12_21-17-52/nn/last_Forge_ep_500_rew_141.3663.pth,1,nominal,1002,False,timeout,149,139.52613830566406,0.008755513466894627,18.494617462158203,11.336591720581055,1.100000023841858,0.0006794541259296238,1.4455093145370483,0.014026084914803505,0.75,0.75,0.012493644841015339,-0.2704593241214752
2026-08-12_21-17-52,/home/as22cq/Projects/Policy-RL-Peg_insertion/force_peg_rl/logs/rl_games/Forge/2026-08-12_21-17-52/nn/last_Forge_ep_500_rew_141.3663.pth,1,nominal,1002,False,timeout,149,22.51712417602539,0.021232672035694122,11.148813247680664,5.360106468200684,0.06666667014360428,0.042986780405044556,0.8046733736991882,0.020672863349318504,0.75,0.75,0.01109415851533413,-0.182298481464386
2026-08-12_21-17-52,/home/as22cq/Projects/Policy-RL-Peg_insertion/force_peg_rl/logs/rl_games/Forge/2026-08-12_21-17-52/nn/last_Forge_ep_500_rew_141.3663.pth,1,nominal,1002,False,timeout,149,25.243444442749023,-0.01094856858253479,12.788947105407715,6.743765354156494,0.3333333432674408,0.030089572072029114,1.6012637615203857,0.020923325791954994,0.75,0.75,0.02172861434519291,-0.12418424338102341
2026-08-12_21-17-52,/home/as22cq/Projects/Policy-RL-Peg_insertion/force_peg_rl/logs/rl_games/Forge/2026-08-12_21-17-52/nn/last_Forge_ep_500_rew_141.3663.pth,1,nominal,1002,False,timeout,149,31.214221954345703,0.031532689929008484,12.505619049072266,7.412438869476318,0.8583333492279053,0.04359324276447296,1.439634919166565,0.01654907315969467,0.75,0.75,0.009351993910968304,0.3263722062110901
2026-08-12_21-17-52,/home/as22cq/Projects/Policy-RL-Peg_insertion/force_peg_rl/logs/rl_games/Forge/2026-08-12_21-17-52/nn/last_Forge_ep_500_rew_141.3663.pth,1,nominal,1002,False,timeout,149,26.00629425048828,0.023624993860721588,19.447025299072266,10.175774574279785,0.7916666865348816,0.05336858704686165,0.1512119323015213,0.023344505578279495,0.75,0.75,0.02266090176999569,-0.20683889091014862
2026-08-12_21-17-52,/home/as22cq/Projects/Policy-RL-Peg_insertion/force_peg_rl/logs/rl_games/Forge/2026-08-12_21-17-52/nn/last_Forge_ep_500_rew_141.3663.pth,1,nominal,1002,False,timeout,149,19.813337326049805,0.028195593506097794,13.362181663513184,9.070070266723633,0.6500000357627869,0.013716800138354301,1.555598497390747,0.019707199186086655,0.75,0.75,0.01050792820751667,0.621483325958252
2026-08-12_21-17-52,/home/as22cq/Projects/Policy-RL-Peg_insertion/force_peg_rl/logs/rl_games/Forge/2026-08-12_21-17-52/nn/last_Forge_ep_500_rew_141.3663.pth,1,nominal,1002,True,success,149,160.52198791503906,2.870708703994751e-05,19.992578506469727,9.971537590026855,1.0833333730697632,0.0004530256555881351,1.0383003950119019,0.019654061645269394,0.75,0.75,0.016545040532946587,0.710380494594574
2026-08-12_21-17-52,/home/as22cq/Projects/Policy-RL-Peg_insertion/force_peg_rl/logs/rl_games/Forge/2026-08-12_21-17-52/nn/last_Forge_ep_500_rew_141.3663.pth,1,nominal,1002,False,timeout,149,68.61688232421875,0.011859528720378876,22.0306339263916,10.099408149719238,0.7583333849906921,0.43851029872894287,1.0974429845809937,0.021721793338656425,0.75,0.75,0.015264233574271202,0.21833260357379913
2026-08-12_21-17-52,/home/as22cq/Projects/Policy-RL-Peg_insertion/force_peg_rl/logs/rl_games/Forge/2026-08-12_21-17-52/nn/last_Forge_ep_500_rew_141.3663.pth,1,nominal,1002,False,timeout,149,10.203149795532227,0.018638182431459427,18.869321823120117,13.860507011413574,1.100000023841858,0.055385489016771317,1.4882975816726685,0.018091605976223946,0.75,0.75,0.01784517429769039,0.7442202568054199
2026-08-12_21-17-52,/home/as22cq/Projects/Policy-RL-Peg_insertion/force_peg_rl/logs/rl_games/Forge/2026-08-12_21-17-52/nn/last_Forge_ep_500_rew_141.3663.pth,1,nominal,1002,False,timeout,149,32.70490264892578,-0.008452221751213074,22.646350860595703,13.424235343933105,1.033333420753479,0.040408868342638016,1.1710903644561768,0.01590709574520588,0.75,0.75,0.009809640236198902,-0.3752845823764801
2026-08-12_21-17-52,/home/as22cq/Projects/Policy-RL-Peg_insertion/force_peg_rl/logs/rl_games/Forge/2026-08-12_21-17-52/nn/last_Forge_ep_500_rew_141.3663.pth,1,nominal,1002,False,timeout,149,53.17687225341797,-0.02473367378115654,18.122194290161133,11.132706642150879,1.0250000953674316,0.022606931626796722,1.5625762939453125,0.019022222608327866,0.75,0.75,0.021388383582234383,-0.6673644185066223
2026-08-12_21-17-52,/home/as22cq/Projects/Policy-RL-Peg_insertion/force_peg_rl/logs/rl_games/Forge/2026-08-12_21-17-52/nn/last_Forge_ep_500_rew_141.3663.pth,1,nominal,1002,False,timeout,149,34.48728561401367,-0.028098007664084435,13.013813972473145,4.800468921661377,0.7083333730697632,0.037919532507658005,2.4772982597351074,0.01803026907145977,0.75,0.75,0.012830269522964954,0.23435941338539124
2026-08-12_21-17-52,/home/as22cq/Projects/Policy-RL-Peg_insertion/force_peg_rl/logs/rl_games/Forge/2026-08-12_21-17-52/nn/last_Forge_ep_500_rew_141.3663.pth,1,nominal,1002,False,timeout,149,34.11294937133789,0.0070381611585617065,16.43246078491211,9.966716766357422,1.0916666984558105,0.022812943905591965,1.6393630504608154,0.016793452203273773,0.75,0.75,0.007269416470080614,0.7183584570884705
2026-08-12_21-17-52,/home/as22cq/Projects/Policy-RL-Peg_insertion/force_peg_rl/logs/rl_games/Forge/2026-08-12_21-17-52/nn/last_Forge_ep_500_rew_141.3663.pth,1,nominal,1002,False,timeout,149,34.410362243652344,0.0047517940402030945,18.67400550842285,8.138943672180176,0.8000000715255737,0.083685003221035,1.3562767505645752,0.02392515353858471,0.75,0.75,0.01636715605854988,0.6574069261550903
2026-08-12_21-17-52,/home/as22cq/Projects/Policy-RL-Peg_insertion/force_peg_rl/logs/rl_games/Forge/2026-08-12_21-17-52/nn/last_Forge_ep_500_rew_141.3663.pth,1,nominal,1002,False,timeout,149,102.98224639892578,0.009075786918401718,20.25278091430664,13.338590621948242,1.1416667699813843,0.0007197993109002709,1.6881247758865356,0.015425212681293488,0.75,0.75,0.010845507495105267,-0.17294622957706451
2026-08-12_21-17-52,/home/as22cq/Projects/Policy-RL-Peg_insertion/force_peg_rl/logs/rl_games/Forge/2026-08-12_21-17-52/nn/last_Forge_ep_500_rew_141.3663.pth,1,nominal,1002,False,timeout,149,27.055667877197266,0.02990584820508957,15.629900932312012,10.257129669189453,0.9750000238418579,0.13525725901126862,2.9902102947235107,0.022415950894355774,0.75,0.75,0.0048272497951984406,0.5737558603286743
2026-08-12_21-17-52,/home/as22cq/Projects/Policy-RL-Peg_insertion/force_peg_rl/logs/rl_games/Forge/2026-08-12_21-17-52/nn/last_Forge_ep_500_rew_141.3663.pth,1,nominal,1002,True,success,149,184.9950408935547,7.764622569084167e-05,24.907814025878906,12.43389892578125,1.0,0.0003693177131935954,1.302876591682434,0.019533030688762665,0.75,0.75,0.006909668445587158,-0.18373343348503113
2026-08-12_21-17-52,/home/as22cq/Projects/Policy-RL-Peg_insertion/force_peg_rl/logs/rl_games/Forge/2026-08-12_21-17-52/nn/last_Forge_ep_500_rew_141.3663.pth,1,nominal,1002,False,timeout,149,90.48571014404297,0.03652811422944069,25.406368255615234,10.551841735839844,0.6666666865348816,0.028733056038618088,0.9627506136894226,0.0217991191893816,0.75,0.75,0.01416313648223877,-0.5923187136650085
2026-08-12_21-17-52,/home/as22cq/Projects/Policy-RL-Peg_insertion/force_peg_rl/logs/rl_games/Forge/2026-08-12_21-17-52/nn/last_Forge_ep_500_rew_141.3663.pth,1,nominal,1002,False,timeout,149,36.70335006713867,-0.01889704540371895,20.738496780395508,13.727665901184082,1.100000023841858,0.04047376289963722,1.8294535875320435,0.01697712019085884,0.75,0.75,0.009546847082674503,0.31992393732070923
2026-08-12_21-17-52,/home/as22cq/Projects/Policy-RL-Peg_insertion/force_peg_rl/logs/rl_games/Forge/2026-08-12_21-17-52/nn/last_Forge_ep_500_rew_141.3663.pth,1,nominal,1002,False,timeout,149,27.97221565246582,0.031419917941093445,15.509051322937012,8.438647270202637,0.491666704416275,0.013731926679611206,1.3187856674194336,0.019805314019322395,0.75,0.75,0.006348778493702412,-0.3202236592769623
2026-08-12_21-17-52,/home/as22cq/Projects/Policy-RL-Peg_insertion/force_peg_rl/logs/rl_games/Forge/2026-08-12_21-17-52/nn/last_Forge_ep_500_rew_141.3663.pth,1,nominal,1002,False,timeout,149,22.675395965576172,0.007992873899638653,20.443523406982422,14.713675498962402,1.1666667461395264,0.030073238536715508,1.45710289478302,0.021873950958251953,0.75,0.75,0.022342020645737648,-0.4531630277633667
2026-08-12_21-17-52,/home/as22cq/Projects/Policy-RL-Peg_insertion/force_peg_rl/logs/rl_games/Forge/2026-08-12_21-17-52/nn/last_Forge_ep_500_rew_141.3663.pth,1,nominal,1002,False,timeout,149,39.742156982421875,0.09460876882076263,27.28093147277832,10.920964241027832,0.9250000715255737,0.2697649896144867,0.729317843914032,0.01411090325564146,0.75,0.75,0.02148091420531273,0.3342389762401581
2026-08-12_21-17-52,/home/as22cq/Projects/Policy-RL-Peg_insertion/force_peg_rl/logs/rl_games/Forge/2026-08-12_21-17-52/nn/last_Forge_ep_500_rew_141.3663.pth,1,nominal,1002,True,success,149,200.9427032470703,8.158199489116669e-05,24.873916625976562,14.150038719177246,1.183333396911621,0.0006532606785185635,1.3072645664215088,0.01805630885064602,0.75,0.75,0.0029500052332878113,-0.7209979891777039
2026-08-12_21-17-52,/home/as22cq/Projects/Policy-RL-Peg_insertion/force_peg_rl/logs/rl_games/Forge/2026-08-12_21-17-52/nn/last_Forge_ep_500_rew_141.3663.pth,1,nominal,1002,False,timeout,149,34.88059616088867,0.031167421489953995,8.690425872802734,5.1510820388793945,0.0,0.012637895531952381,0.9235084652900696,0.01963941752910614,0.75,0.75,0.016916904598474503,-0.45636430382728577
2026-08-12_21-17-52,/home/as22cq/Projects/Policy-RL-Peg_insertion/force_peg_rl/logs/rl_games/Forge/2026-08-12_21-17-52/nn/last_Forge_ep_500_rew_141.3663.pth,1,nominal,1002,False,timeout,149,29.6066837310791,-0.041971515864133835,27.015052795410156,6.717376708984375,0.6000000238418579,0.053898394107818604,2.145453691482544,0.015725543722510338,0.75,0.75,0.013111275620758533,0.5106745362281799
2026-08-12_21-17-52,/home/as22cq/Projects/Policy-RL-Peg_insertion/force_peg_rl/logs/rl_games/Forge/2026-08-12_21-17-52/nn/last_Forge_ep_500_rew_141.3663.pth,1,nominal,1002,False,timeout,149,105.31433868408203,0.010868236422538757,25.301959991455078,10.824834823608398,1.125,0.0009230474242940545,1.5886982679367065,0.016262071207165718,0.75,0.75,0.018508827313780785,-0.4194827973842621
2026-08-12_21-17-52,/home/as22cq/Projects/Policy-RL-Peg_insertion/force_peg_rl/logs/rl_games/Forge/2026-08-12_21-17-52/nn/last_Forge_ep_500_rew_141.3663.pth,1,nominal,1002,False,timeout,149,32.51055908203125,0.019582945853471756,10.069673538208008,6.7317633628845215,0.31666669249534607,0.024077611044049263,1.5801855325698853,0.019523851573467255,0.75,0.75,0.02659216709434986,0.6881676912307739
2026-08-12_21-17-52,/home/as22cq/Projects/Policy-RL-Peg_insertion/force_peg_rl/logs/rl_games/Forge/2026-08-12_21-17-52/nn/last_Forge_ep_500_rew_141.3663.pth,1,nominal,1002,False,timeout,149,38.33464813232422,0.00026347115635871887,20.589452743530273,11.425301551818848,0.8333333730697632,0.03128386661410332,1.650903582572937,0.023978736251592636,0.75,0.75,0.010294116102159023,0.4520481824874878
2026-08-12_21-17-52,/home/as22cq/Projects/Policy-RL-Peg_insertion/force_peg_rl/logs/rl_games/Forge/2026-08-12_21-17-52/nn/last_Forge_ep_500_rew_141.3663.pth,1,nominal,1002,False,timeout,149,26.656177520751953,-0.004619613289833069,13.241249084472656,3.5784523487091064,0.28333336114883423,0.032197270542383194,0.8730106353759766,0.01972881145775318,0.75,0.75,0.01685616746544838,-0.04973386600613594
2026-08-12_21-17-52,/home/as22cq/Projects/Policy-RL-Peg_insertion/force_peg_rl/logs/rl_games/Forge/2026-08-12_21-17-52/nn/last_Forge_ep_500_rew_141.3663.pth,1,nominal,1002,False,timeout,149,32.75055694580078,-0.010366983711719513,21.723228454589844,7.544753074645996,0.5750000476837158,0.0895795077085495,1.6742279529571533,0.02226528339087963,0.75,0.75,0.018473954871296883,0.11260611563920975
2026-08-12_21-17-52,/home/as22cq/Projects/Policy-RL-Peg_insertion/force_peg_rl/logs/rl_games/Forge/2026-08-12_21-17-52/nn/last_Forge_ep_500_rew_141.3663.pth,1,nominal,1002,False,timeout,149,39.17544937133789,0.001540854573249817,13.387550354003906,9.756203651428223,0.9000000357627869,0.017940139397978783,1.7473875284194946,0.020357154309749603,0.75,0.75,0.017040489241480827,0.5075076222419739
2026-08-12_21-17-52,/home/as22cq/Projects/Policy-RL-Peg_insertion/force_peg_rl/logs/rl_games/Forge/2026-08-12_21-17-52/nn/last_Forge_ep_500_rew_141.3663.pth,1,nominal,1002,False,timeout,149,179.22996520996094,0.004021225497126579,43.945396423339844,20.66364097595215,1.1083333492279053,0.000707946834154427,1.3089714050292969,0.023756520822644234,0.75,0.75,0.020336158573627472,-0.575778603553772
2026-08-12_21-17-52,/home/as22cq/Projects/Policy-RL-Peg_insertion/force_peg_rl/logs/rl_games/Forge/2026-08-12_21-17-52/nn/last_Forge_ep_500_rew_141.3663.pth,1,nominal,1002,False,timeout,149,9.825216293334961,0.030923865735530853,22.410640716552734,14.149165153503418,1.183333396911621,0.022992173209786415,0.7313714027404785,0.02381220832467079,0.75,0.75,0.0032188454642891884,-0.05061739683151245
2026-08-12_21-17-52,/home/as22cq/Projects/Policy-RL-Peg_insertion/force_peg_rl/logs/rl_games/Forge/2026-08-12_21-17-52/nn/last_Forge_ep_500_rew_141.3663.pth,1,nominal,1002,False,timeout,149,16.849971771240234,0.007757343351840973,14.908432960510254,8.55810832977295,0.7416667342185974,0.04530486464500427,1.4699724912643433,0.015532228164374828,0.75,0.75,0.019695384427905083,0.449902206659317
2026-08-12_21-17-52,/home/as22cq/Projects/Policy-RL-Peg_insertion/force_peg_rl/logs/rl_games/Forge/2026-08-12_21-17-52/nn/last_Forge_ep_500_rew_141.3663.pth,1,nominal,1002,False,timeout,149,29.308635711669922,0.056007325649261475,14.308015823364258,6.037819862365723,0.42500001192092896,0.031964659690856934,0.21873469650745392,0.022354457527399063,0.75,0.75,0.005603870376944542,0.07000891119241714
2026-08-12_21-17-52,/home/as22cq/Projects/Policy-RL-Peg_insertion/force_peg_rl/logs/rl_games/Forge/2026-08-12_21-17-52/nn/last_Forge_ep_500_rew_141.3663.pth,1,nominal,1002,False,timeout,149,105.69037628173828,0.0027287155389785767,22.1909236907959,11.858635902404785,1.0,0.0007600984536111355,1.5120841264724731,0.016362875699996948,0.75,0.75,0.010596600361168385,-0.09549438208341599
2026-08-12_21-17-52,/home/as22cq/Projects/Policy-RL-Peg_insertion/force_peg_rl/logs/rl_games/Forge/2026-08-12_21-17-52/nn/last_Forge_ep_500_rew_141.3663.pth,1,nominal,1002,False,timeout,149,151.2865753173828,0.012018434703350067,17.790393829345703,11.375263214111328,0.9416667222976685,0.0006859642453491688,0.38391539454460144,0.018567224964499474,0.75,0.75,0.01895197667181492,0.3644522428512573
2026-08-12_21-17-52,/home/as22cq/Projects/Policy-RL-Peg_insertion/force_peg_rl/logs/rl_games/Forge/2026-08-12_21-17-52/nn/last_Forge_ep_500_rew_141.3663.pth,1,nominal,1002,False,timeout,149,38.47957992553711,-0.02898981235921383,18.27479362487793,10.482868194580078,0.8500000238418579,0.025357238948345184,2.3882648944854736,0.01460939645767212,0.75,0.75,0.022799989208579063,0.5209661722183228
2026-08-12_21-17-52,/home/as22cq/Projects/Policy-RL-Peg_insertion/force_peg_rl/logs/rl_games/Forge/2026-08-12_21-17-52/nn/last_Forge_ep_500_rew_141.3663.pth,1,nominal,1002,False,timeout,149,38.32999801635742,-0.03582676872611046,19.05272102355957,7.458071708679199,0.6083333492279053,0.02485693246126175,1.9684847593307495,0.01592688448727131,0.75,0.75,0.017749905586242676,0.579164445400238
2026-08-12_21-17-52,/home/as22cq/Projects/Policy-RL-Peg_insertion/force_peg_rl/logs/rl_games/Forge/2026-08-12_21-17-52/nn/last_Forge_ep_500_rew_141.3663.pth,1,nominal,1002,False,timeout,149,141.4130401611328,0.0014289617538452148,18.711809158325195,11.271748542785645,1.125,0.0008393991738557816,1.3849855661392212,0.015028892084956169,0.75,0.75,0.017709312960505486,-0.08008729666471481
2026-08-12_21-17-52,/home/as22cq/Projects/Policy-RL-Peg_insertion/force_peg_rl/logs/rl_games/Forge/2026-08-12_21-17-52/nn/last_Forge_ep_500_rew_141.3663.pth,1,nominal,1002,False,timeout,149,38.16500473022461,-0.027638103812932968,12.758932113647461,6.095431804656982,0.7500000596046448,0.019593868404626846,1.9705158472061157,0.021021177992224693,0.75,0.75,0.004467600490897894,0.20197007060050964
2026-08-12_21-17-52,/home/as22cq/Projects/Policy-RL-Peg_insertion/force_peg_rl/logs/rl_games/Forge/2026-08-12_21-17-52/nn/last_Forge_ep_500_rew_141.3663.pth,1,nominal,1002,False,timeout,149,33.79177474975586,0.011441071517765522,12.277771949768066,7.816709518432617,1.0666667222976685,0.025042906403541565,1.6809494495391846,0.022016379982233047,0.75,0.75,0.018406836315989494,0.17480923235416412
2026-08-12_21-17-52,/home/as22cq/Projects/Policy-RL-Peg_insertion/force_peg_rl/logs/rl_games/Forge/2026-08-12_21-17-52/nn/last_Forge_ep_500_rew_141.3663.pth,1,nominal,1002,False,timeout,149,82.31327056884766,0.005862012505531311,31.042348861694336,13.483778953552246,0.9750000238418579,0.000688479223754257,0.9915214776992798,0.015933562070131302,0.75,0.75,0.024951457977294922,-0.07270640879869461
2026-08-12_21-17-52,/home/as22cq/Projects/Policy-RL-Peg_insertion/force_peg_rl/logs/rl_games/Forge/2026-08-12_21-17-52/nn/last_Forge_ep_500_rew_141.3663.pth,1,nominal,1002,False,timeout,149,34.17373275756836,-0.02934083715081215,16.10475730895996,8.755091667175293,0.8750000596046448,0.026966486126184464,1.9420040845870972,0.023076172918081284,0.75,0.75,0.02335609868168831,0.06091705709695816
2026-08-12_21-17-52,/home/as22cq/Projects/Policy-RL-Peg_insertion/force_peg_rl/logs/rl_games/Forge/2026-08-12_21-17-52/nn/last_Forge_ep_500_rew_141.3663.pth,1,nominal,1002,False,timeout,149,18.744918823242188,0.03688464313745499,40.85403823852539,16.202898025512695,1.0916666984558105,0.03534618020057678,0.5950729846954346,0.01642117276787758,0.75,0.75,0.015851473435759544,-0.5388689041137695
2026-08-12_21-17-52,/home/as22cq/Projects/Policy-RL-Peg_insertion/force_peg_rl/logs/rl_games/Forge/2026-08-12_21-17-52/nn/last_Forge_ep_500_rew_141.3663.pth,1,nominal,1002,False,timeout,149,33.86586380004883,-0.033677443861961365,12.797752380371094,5.755924701690674,0.9000000357627869,0.054655421525239944,2.613812208175659,0.016180263832211494,0.75,0.75,0.009678642265498638,0.5390855073928833
2026-08-12_21-17-52,/home/as22cq/Projects/Policy-RL-Peg_insertion/force_peg_rl/logs/rl_games/Forge/2026-08-12_21-17-52/nn/last_Forge_ep_500_rew_141.3663.pth,1,nominal,1002,False,timeout,149,25.528564453125,0.004006393253803253,22.317310333251953,6.542383670806885,0.42500001192092896,0.09217996895313263,2.444056510925293,0.020893197506666183,0.75,0.75,0.0029747106600552797,0.12710297107696533
2026-08-12_21-17-52,/home/as22cq/Projects/Policy-RL-Peg_insertion/force_peg_rl/logs/rl_games/Forge/2026-08-12_21-17-52/nn/last_Forge_ep_500_rew_141.3663.pth,1,nominal,1002,False,timeout,149,34.10528564453125,0.026436328887939453,15.492952346801758,9.809558868408203,0.7083333730697632,0.016701459884643555,1.4794918298721313,0.014635894447565079,0.75,0.75,0.011362913995981216,-0.0016678259707987309
2026-08-12_21-17-52,/home/as22cq/Projects/Policy-RL-Peg_insertion/force_peg_rl/logs/rl_games/Forge/2026-08-12_21-17-52/nn/last_Forge_ep_500_rew_141.3663.pth,1,nominal,1002,False,timeout,149,30.39339828491211,0.03990878537297249,27.490062713623047,11.398265838623047,1.133333444595337,0.0152973011136055,0.6113408803939819,0.01674528792500496,0.75,0.75,0.018491854891180992,0.5650649070739746
2026-08-12_21-17-52,/home/as22cq/Projects/Policy-RL-Peg_insertion/force_peg_rl/logs/rl_games/Forge/2026-08-12_21-17-52/nn/last_Forge_ep_500_rew_141.3663.pth,1,nominal,1002,False,timeout,149,31.007205963134766,-0.01593630015850067,18.44336700439453,8.97021770477295,0.675000011920929,0.019045410677790642,0.7347918748855591,0.018671730533242226,0.75,0.75,0.0020025954581797123,-0.46526697278022766
2026-08-12_21-17-52,/home/as22cq/Projects/Policy-RL-Peg_insertion/force_peg_rl/logs/rl_games/Forge/2026-08-12_21-17-52/nn/last_Forge_ep_500_rew_141.3663.pth,1,nominal,1002,False,timeout,149,28.270898818969727,0.08041954040527344,14.280879020690918,6.941891193389893,0.7166666984558105,0.048594675958156586,0.4496031403541565,0.01972299814224243,0.75,0.75,0.020995372906327248,-0.2710346579551697
2026-08-12_21-17-52,/home/as22cq/Projects/Policy-RL-Peg_insertion/force_peg_rl/logs/rl_games/Forge/2026-08-12_21-17-52/nn/last_Forge_ep_500_rew_141.3663.pth,1,nominal,1002,False,timeout,149,30.730976104736328,0.005500994622707367,14.575687408447266,5.4990129470825195,0.34166669845581055,0.06561300158500671,2.4833202362060547,0.018812652677297592,0.75,0.75,0.016727140173316002,-0.2101122885942459
2026-08-12_21-17-52,/home/as22cq/Projects/Policy-RL-Peg_insertion/force_peg_rl/logs/rl_games/Forge/2026-08-12_21-17-52/nn/last_Forge_ep_500_rew_141.3663.pth,1,nominal,1002,False,timeout,149,35.69068908691406,0.015406128019094467,14.941810607910156,6.399262428283691,0.6666666865348816,0.0192561075091362,1.9316562414169312,0.014468837529420853,0.75,0.75,0.017557278275489807,0.13569100201129913
2026-08-12_21-17-52,/home/as22cq/Projects/Policy-RL-Peg_insertion/force_peg_rl/logs/rl_games/Forge/2026-08-12_21-17-52/nn/last_Forge_ep_500_rew_141.3663.pth,1,nominal,1002,False,timeout,149,35.729557037353516,-0.02771402895450592,14.520170211791992,5.515220642089844,0.25,0.022498976439237595,1.5134304761886597,0.016042886301875114,0.75,0.75,0.010237060487270355,0.16949419677257538
2026-08-12_21-17-52,/home/as22cq/Projects/Policy-RL-Peg_insertion/force_peg_rl/logs/rl_games/Forge/2026-08-12_21-17-52/nn/last_Forge_ep_500_rew_141.3663.pth,1,nominal,1002,False,timeout,149,32.233402252197266,-0.017267175018787384,21.727724075317383,8.525482177734375,0.8000000715255737,0.051825523376464844,2.0163824558258057,0.017942892387509346,0.75,0.75,0.010930529795587063,0.33859768509864807
2026-08-12_21-17-52,/home/as22cq/Projects/Policy-RL-Peg_insertion/force_peg_rl/logs/rl_games/Forge/2026-08-12_21-17-52/nn/last_Forge_ep_500_rew_141.3663.pth,1,nominal,1002,False,timeout,149,9.248819351196289,0.04712866619229317,20.734338760375977,8.275559425354004,0.675000011920929,0.07157665491104126,1.3609102964401245,0.021644577383995056,0.75,0.75,0.018884098157286644,-0.5090925693511963
2026-08-12_21-17-52,/home/as22cq/Projects/Policy-RL-Peg_insertion/force_peg_rl/logs/rl_games/Forge/2026-08-12_21-17-52/nn/last_Forge_ep_500_rew_141.3663.pth,1,nominal,1002,False,timeout,149,27.605724334716797,-0.00017783790826797485,12.010048866271973,8.684871673583984,0.7833333611488342,0.04647725448012352,1.945655345916748,0.01763828843832016,0.75,0.75,0.017109686508774757,0.7830051779747009
2026-08-12_21-17-52,/home/as22cq/Projects/Policy-RL-Peg_insertion/force_peg_rl/logs/rl_games/Forge/2026-08-12_21-17-52/nn/last_Forge_ep_500_rew_141.3663.pth,1,nominal,1002,False,timeout,149,34.859031677246094,0.009084589779376984,29.93901252746582,8.719327926635742,0.9583333730697632,0.027732837945222855,0.9842144250869751,0.019849169999361038,0.75,0.75,0.00843892339617014,-0.3602277934551239
2026-08-12_21-17-52,/home/as22cq/Projects/Policy-RL-Peg_insertion/force_peg_rl/logs/rl_games/Forge/2026-08-12_21-17-52/nn/last_Forge_ep_500_rew_141.3663.pth,1,nominal,1002,False,timeout,149,32.73072814941406,0.005167625844478607,9.763733863830566,4.274906635284424,0.05833333730697632,0.03812140226364136,1.8389455080032349,0.014026327058672905,0.75,0.75,0.018167346715927124,0.02429848350584507
2026-08-12_21-17-52,/home/as22cq/Projects/Policy-RL-Peg_insertion/force_peg_rl/logs/rl_games/Forge/2026-08-12_21-17-52/nn/last_Forge_ep_500_rew_141.3663.pth,1,nominal,1002,False,timeout,149,31.368091583251953,0.027034638449549675,18.12495231628418,11.658438682556152,0.8750000596046448,0.061328303068876266,2.1058077812194824,0.021752428263425827,0.75,0.75,0.0048210895620286465,-0.455463171005249
2026-08-12_21-17-52,/home/as22cq/Projects/Policy-RL-Peg_insertion/force_peg_rl/logs/rl_games/Forge/2026-08-12_21-17-52/nn/last_Forge_ep_500_rew_141.3663.pth,1,nominal,1002,False,timeout,149,31.34136199951172,0.030261550098657608,18.048480987548828,8.589836120605469,0.8833333849906921,0.04014201834797859,1.6091269254684448,0.02350851520895958,0.75,0.75,0.01819613203406334,-0.005416392348706722
2026-08-12_21-17-52,/home/as22cq/Projects/Policy-RL-Peg_insertion/force_peg_rl/logs/rl_games/Forge/2026-08-12_21-17-52/nn/last_Forge_ep_500_rew_141.3663.pth,1,nominal,1002,False,timeout,149,12.844233512878418,-0.0023862645030021667,22.016803741455078,6.108572006225586,0.30000001192092896,0.03972303494811058,0.500128448009491,0.02101442776620388,0.75,0.75,0.009414990432560444,-0.6090927720069885
2026-08-12_21-17-52,/home/as22cq/Projects/Policy-RL-Peg_insertion/force_peg_rl/logs/rl_games/Forge/2026-08-12_21-17-52/nn/last_Forge_ep_500_rew_141.3663.pth,1,nominal,1002,False,timeout,149,39.95927047729492,0.0028845928609371185,32.02351379394531,12.160295486450195,1.1666667461395264,0.022675607353448868,1.249178171157837,0.015875333920121193,0.75,0.75,0.011569038964807987,-0.7177769541740417
2026-08-12_21-17-52,/home/as22cq/Projects/Policy-RL-Peg_insertion/force_peg_rl/logs/rl_games/Forge/2026-08-12_21-17-52/nn/last_Forge_ep_500_rew_141.3663.pth,1,nominal,1002,False,timeout,149,32.792991638183594,0.016011357307434082,14.515865325927734,10.683599472045898,1.1083333492279053,0.039515215903520584,1.8213850259780884,0.015258326195180416,0.75,0.75,0.018379611894488335,0.7811346054077148
2026-08-12_21-17-52,/home/as22cq/Projects/Policy-RL-Peg_insertion/force_peg_rl/logs/rl_games/Forge/2026-08-12_21-17-52/nn/last_Forge_ep_500_rew_141.3663.pth,1,nominal,1002,False,timeout,149,150.5511474609375,0.012745659798383713,23.87298583984375,9.943434715270996,0.8166667222976685,0.0015025937464088202,0.5877779722213745,0.02088913694024086,0.75,0.75,0.022543538361787796,0.610447883605957
2026-08-12_21-17-52,/home/as22cq/Projects/Policy-RL-Peg_insertion/force_peg_rl/logs/rl_games/Forge/2026-08-12_21-17-52/nn/last_Forge_ep_500_rew_141.3663.pth,1,nominal,1002,False,timeout,149,27.698148727416992,-0.030017051845788956,13.288630485534668,3.941267490386963,0.46666669845581055,0.04506196081638336,0.6233904361724854,0.018048662692308426,0.75,0.75,0.017558418214321136,-0.6706448793411255
2026-08-12_21-17-52,/home/as22cq/Projects/Policy-RL-Peg_insertion/force_peg_rl/logs/rl_games/Forge/2026-08-12_21-17-52/nn/last_Forge_ep_500_rew_141.3663.pth,1,nominal,1002,False,timeout,149,35.83425521850586,-0.009594442322850227,16.485200881958008,7.772182464599609,0.5583333373069763,0.02986392192542553,1.5961109399795532,0.01943502202630043,0.75,0.75,0.01972445659339428,0.34388330578804016
2026-08-12_21-17-52,/home/as22cq/Projects/Policy-RL-Peg_insertion/force_peg_rl/logs/rl_games/Forge/2026-08-12_21-17-52/nn/last_Forge_ep_500_rew_141.3663.pth,1,nominal,1002,False,timeout,149,29.444320678710938,-0.030509591102600098,11.251005172729492,5.605343341827393,0.8583333492279053,0.045063260942697525,1.7295057773590088,0.022645199671387672,0.75,0.75,0.023847145959734917,0.5307522416114807
2026-08-12_21-17-52,/home/as22cq/Projects/Policy-RL-Peg_insertion/force_peg_rl/logs/rl_games/Forge/2026-08-12_21-17-52/nn/last_Forge_ep_500_rew_141.3663.pth,1,nominal,1002,False,timeout,149,26.51713752746582,0.13008365035057068,35.64931869506836,10.254589080810547,0.9166666865348816,0.043341588228940964,0.5362134575843811,0.018944377079606056,0.75,0.75,0.006309390068054199,-0.7669963836669922
2026-08-12_21-17-52,/home/as22cq/Projects/Policy-RL-Peg_insertion/force_peg_rl/logs/rl_games/Forge/2026-08-12_21-17-52/nn/last_Forge_ep_500_rew_141.3663.pth,1,nominal,1002,False,timeout,149,34.45676040649414,-0.029831238090991974,21.132530212402344,10.52105712890625,0.8833333849906921,0.028248118236660957,1.9544825553894043,0.018863949924707413,0.75,0.75,0.01144767738878727,-0.6433558464050293
2026-08-12_21-17-52,/home/as22cq/Projects/Policy-RL-Peg_insertion/force_peg_rl/logs/rl_games/Forge/2026-08-12_21-17-52/nn/last_Forge_ep_500_rew_141.3663.pth,1,nominal,1002,False,timeout,149,23.85631561279297,-0.003220321610569954,12.827777862548828,6.644808769226074,0.4750000238418579,0.027834877371788025,1.858947515487671,0.01667553372681141,0.75,0.75,0.02061265893280506,-0.4601648151874542
2026-08-12_21-17-52,/home/as22cq/Projects/Policy-RL-Peg_insertion/force_peg_rl/logs/rl_games/Forge/2026-08-12_21-17-52/nn/last_Forge_ep_500_rew_141.3663.pth,1,nominal,1002,False,timeout,149,36.7160758972168,0.03244280070066452,18.242124557495117,9.973099708557129,1.0166667699813843,0.012344609946012497,2.3287596702575684,0.016353605315089226,0.75,0.75,0.006426599342375994,0.5460515022277832
2026-08-12_21-17-52,/home/as22cq/Projects/Policy-RL-Peg_insertion/force_peg_rl/logs/rl_games/Forge/2026-08-12_21-17-52/nn/last_Forge_ep_500_rew_141.3663.pth,1,nominal,1002,False,timeout,149,26.47431755065918,0.05188484862446785,22.88494110107422,9.308003425598145,0.9666666984558105,0.07278458029031754,1.1091433763504028,0.0231495201587677,0.75,0.75,0.018361076712608337,-0.6144851446151733
2026-08-12_21-17-52,/home/as22cq/Projects/Policy-RL-Peg_insertion/force_peg_rl/logs/rl_games/Forge/2026-08-12_21-17-52/nn/last_Forge_ep_500_rew_141.3663.pth,1,nominal,1002,False,timeout,149,29.26177406311035,0.02492634579539299,27.67475128173828,14.345210075378418,1.133333444595337,0.030085161328315735,1.6051723957061768,0.017960816621780396,0.75,0.75,0.024453148245811462,-0.4762102961540222
2026-08-12_21-17-52,/home/as22cq/Projects/Policy-RL-Peg_insertion/force_peg_rl/logs/rl_games/Forge/2026-08-12_21-17-52/nn/last_Forge_ep_500_rew_141.3663.pth,1,nominal,1002,False,timeout,149,32.398746490478516,0.02759958803653717,16.049175262451172,8.821334838867188,0.7333333492279053,0.022077132016420364,2.3944203853607178,0.019579095765948296,0.75,0.75,0.020004894584417343,0.5039832592010498
2026-08-12_21-17-52,/home/as22cq/Projects/Policy-RL-Peg_insertion/force_peg_rl/logs/rl_games/Forge/2026-08-12_21-17-52/nn/last_Forge_ep_500_rew_141.3663.pth,1,nominal,1002,False,timeout,149,26.353382110595703,0.054459813982248306,11.035783767700195,4.83900785446167,0.5083333849906921,0.05444897338747978,0.5001792907714844,0.015213627368211746,0.75,0.75,0.019050033763051033,-0.4809843897819519
2026-08-12_21-17-52,/home/as22cq/Projects/Policy-RL-Peg_insertion/force_peg_rl/logs/rl_games/Forge/2026-08-12_21-17-52/nn/last_Forge_ep_500_rew_141.3663.pth,1,nominal,1002,False,timeout,149,33.2929801940918,-0.006228918209671974,18.602590560913086,8.899625778198242,0.6083333492279053,0.04053113982081413,2.1703760623931885,0.02348879724740982,0.75,0.75,0.009959964081645012,0.6031556725502014
2026-08-12_21-17-52,/home/as22cq/Projects/Policy-RL-Peg_insertion/force_peg_rl/logs/rl_games/Forge/2026-08-12_21-17-52/nn/last_Forge_ep_500_rew_141.3663.pth,1,nominal,1002,False,timeout,149,31.748302459716797,-0.03017091006040573,18.29848861694336,8.716418266296387,0.7500000596046448,0.017966685816645622,2.0459423065185547,0.018472418189048767,0.75,0.75,0.021738998591899872,0.2531190812587738
2026-08-12_21-17-52,/home/as22cq/Projects/Policy-RL-Peg_insertion/force_peg_rl/logs/rl_games/Forge/2026-08-12_21-17-52/nn/last_Forge_ep_500_rew_141.3663.pth,1,nominal,1002,False,timeout,149,15.67518138885498,0.02187493070960045,20.76624298095703,11.8781156539917,1.033333420753479,0.026210272684693336,1.8608078956604004,0.01925172284245491,0.75,0.75,0.00961276050657034,0.052236493676900864
2026-08-12_21-17-52,/home/as22cq/Projects/Policy-RL-Peg_insertion/force_peg_rl/logs/rl_games/Forge/2026-08-12_21-17-52/nn/last_Forge_ep_500_rew_141.3663.pth,1,nominal,1002,False,timeout,149,34.11396789550781,-0.03007708489894867,12.34632682800293,6.6758246421813965,0.5416666865348816,0.010859116911888123,1.1287565231323242,0.019380442798137665,0.75,0.75,0.016822820529341698,0.6261430382728577
2026-08-12_21-17-52,/home/as22cq/Projects/Policy-RL-Peg_insertion/force_peg_rl/logs/rl_games/Forge/2026-08-12_21-17-52/nn/last_Forge_ep_500_rew_141.3663.pth,1,nominal,1002,False,timeout,149,6.807650566101074,0.04076804220676422,29.093852996826172,15.673896789550781,1.1750000715255737,0.04441850632429123,1.405618667602539,0.016794543713331223,0.75,0.75,0.018017223104834557,0.46408531069755554
2026-08-12_21-17-52,/home/as22cq/Projects/Policy-RL-Peg_insertion/force_peg_rl/logs/rl_games/Forge/2026-08-12_21-17-52/nn/last_Forge_ep_500_rew_141.3663.pth,1,nominal,1002,False,timeout,149,27.89824676513672,0.015262693166732788,29.960166931152344,14.533543586730957,1.0250000953674316,0.025267938151955605,0.6992074251174927,0.019242651760578156,0.75,0.75,0.022035354748368263,0.34101155400276184
2026-08-12_21-17-52,/home/as22cq/Projects/Policy-RL-Peg_insertion/force_peg_rl/logs/rl_games/Forge/2026-08-12_21-17-52/nn/last_Forge_ep_500_rew_141.3663.pth,1,nominal,1002,False,timeout,149,33.11925506591797,-0.014656208455562592,9.648126602172852,2.9596595764160156,0.02500000223517418,0.011825201101601124,2.420868396759033,0.015795283019542694,0.75,0.75,0.020367883145809174,0.34260889887809753
2026-08-12_21-17-52,/home/as22cq/Projects/Policy-RL-Peg_insertion/force_peg_rl/logs/rl_games/Forge/2026-08-12_21-17-52/nn/last_Forge_ep_500_rew_141.3663.pth,1,nominal,1002,False,timeout,149,37.42952346801758,-0.025498485192656517,22.340709686279297,7.066588878631592,0.5833333730697632,0.034203264862298965,2.2256007194519043,0.019948218017816544,0.75,0.75,0.016364311799407005,-0.2797790467739105
2026-08-12_21-17-52,/home/as22cq/Projects/Policy-RL-Peg_insertion/force_peg_rl/logs/rl_games/Forge/2026-08-12_21-17-52/nn/last_Forge_ep_500_rew_141.3663.pth,1,nominal,1002,False,timeout,149,28.48303985595703,0.0011045671999454498,23.55903434753418,8.927398681640625,0.550000011920929,0.07186020165681839,2.531299591064453,0.01647849753499031,0.75,0.75,0.012738442979753017,0.524593710899353
2026-08-12_21-17-52,/home/as22cq/Projects/Policy-RL-Peg_insertion/force_peg_rl/logs/rl_games/Forge/2026-08-12_21-17-52/nn/last_Forge_ep_500_rew_141.3663.pth,1,nominal,1002,False,timeout,149,27.369373321533203,0.03653224930167198,19.661693572998047,14.005181312561035,1.0750000476837158,0.07664497196674347,2.1953718662261963,0.022872261703014374,0.75,0.75,0.0053299725987017155,0.7188141345977783
