run_id,checkpoint,training_seed,evaluation_suite,episode_seed,success,termination_reason,episode_steps,episode_return,final_insertion_depth,max_contact_force,mean_contact_force,force_above_threshold_duration,lateral_error_final,orientation_error_final,peg_mass,peg_friction,socket_friction,initial_xy_offset,initial_orientation_error
2026-08-10_18-03-38,/home/as22cq/Projects/Policy-RL-Peg_insertion/force_peg_rl/logs/rl_games/Forge/2026-08-10_18-03-38/nn/Forge.pth,44,nominal,1000,False,timeout,149,37.55776596069336,0.0623069703578949,16.201866149902344,11.746512413024902,1.1500000953674316,0.03834332898259163,2.902879476547241,0.023561738431453705,0.75,0.75,0.01671551913022995,0.7032023668289185
2026-08-10_18-03-38,/home/as22cq/Projects/Policy-RL-Peg_insertion/force_peg_rl/logs/rl_games/Forge/2026-08-10_18-03-38/nn/Forge.pth,44,nominal,1000,False,timeout,149,226.89549255371094,0.006704907864332199,29.036808013916016,16.445417404174805,1.1416667699813843,0.000725636025890708,1.3223155736923218,0.017124135047197342,0.75,0.75,0.008148709312081337,0.36910954117774963
2026-08-10_18-03-38,/home/as22cq/Projects/Policy-RL-Peg_insertion/force_peg_rl/logs/rl_games/Forge/2026-08-10_18-03-38/nn/Forge.pth,44,nominal,1000,False,timeout,149,35.53389358520508,0.024183154106140137,26.476266860961914,15.503739356994629,1.1666667461395264,0.002053812611848116,1.8472899198532104,0.014178655110299587,0.75,0.75,0.023647740483283997,0.1123204231262207
2026-08-10_18-03-38,/home/as22cq/Projects/Policy-RL-Peg_insertion/force_peg_rl/logs/rl_games/Forge/2026-08-10_18-03-38/nn/Forge.pth,44,nominal,1000,False,timeout,149,228.99395751953125,0.009025118313729763,16.256332397460938,10.275683403015137,1.1083333492279053,0.0006809521582908928,1.8076716661453247,0.014822219498455524,0.75,0.75,0.014952776953577995,-0.2009725421667099
2026-08-10_18-03-38,/home/as22cq/Projects/Policy-RL-Peg_insertion/force_peg_rl/logs/rl_games/Forge/2026-08-10_18-03-38/nn/Forge.pth,44,nominal,1000,False,timeout,149,55.158164978027344,0.09047325700521469,23.153818130493164,10.839771270751953,0.8916667103767395,0.06022874265909195,3.059347629547119,0.015191162936389446,0.75,0.75,0.018248779699206352,0.5954028964042664
2026-08-10_18-03-38,/home/as22cq/Projects/Policy-RL-Peg_insertion/force_peg_rl/logs/rl_games/Forge/2026-08-10_18-03-38/nn/Forge.pth,44,nominal,1000,False,timeout,149,204.93310546875,0.007099973037838936,18.7602596282959,12.909088134765625,1.1500000953674316,0.0007708618068136275,1.1888141632080078,0.02277202531695366,0.75,0.75,0.018479695543646812,-0.7605499029159546
2026-08-10_18-03-38,/home/as22cq/Projects/Policy-RL-Peg_insertion/force_peg_rl/logs/rl_games/Forge/2026-08-10_18-03-38/nn/Forge.pth,44,nominal,1000,False,timeout,149,246.70367431640625,0.0016271024942398071,18.53506088256836,15.47652816772461,1.1166666746139526,0.0006738183437846601,1.673060417175293,0.01734333485364914,0.75,0.75,0.013883262872695923,-0.4561724364757538
2026-08-10_18-03-38,/home/as22cq/Projects/Policy-RL-Peg_insertion/force_peg_rl/logs/rl_games/Forge/2026-08-10_18-03-38/nn/Forge.pth,44,nominal,1000,False,timeout,149,196.15773010253906,0.01916176825761795,20.20394515991211,9.649998664855957,1.1500000953674316,0.0018140242900699377,0.73508620262146,0.015605839900672436,0.75,0.75,0.021147767081856728,-0.5716313123703003
2026-08-10_18-03-38,/home/as22cq/Projects/Policy-RL-Peg_insertion/force_peg_rl/logs/rl_games/Forge/2026-08-10_18-03-38/nn/Forge.pth,44,nominal,1000,False,timeout,149,29.408037185668945,0.06964536011219025,28.069982528686523,14.341153144836426,1.0166667699813843,0.02384142391383648,0.2311030924320221,0.01608586497604847,0.75,0.75,0.02124195732176304,0.4941501319408417
2026-08-10_18-03-38,/home/as22cq/Projects/Policy-RL-Peg_insertion/force_peg_rl/logs/rl_games/Forge/2026-08-10_18-03-38/nn/Forge.pth,44,nominal,1000,True,success,149,283.526611328125,0.00010011997073888779,19.366849899291992,15.428085327148438,1.1166666746139526,0.00044334292761050165,-0.03226017206907272,0.01495019905269146,0.75,0.75,0.019088279455900192,-0.26723089814186096
2026-08-10_18-03-38,/home/as22cq/Projects/Policy-RL-Peg_insertion/force_peg_rl/logs/rl_games/Forge/2026-08-10_18-03-38/nn/Forge.pth,44,nominal,1000,False,timeout,149,36.08110046386719,0.046502284705638885,23.543498992919922,14.307133674621582,1.158333420753479,0.024499913677573204,2.9089581966400146,0.018377695232629776,0.75,0.75,0.014740400947630405,0.10799532383680344
2026-08-10_18-03-38,/home/as22cq/Projects/Policy-RL-Peg_insertion/force_peg_rl/logs/rl_games/Forge/2026-08-10_18-03-38/nn/Forge.pth,44,nominal,1000,False,timeout,149,37.800506591796875,0.02918326109647751,22.23067283630371,8.010132789611816,0.6500000357627869,0.02495485357940197,2.0990688800811768,0.022335082292556763,0.75,0.75,0.017694538459181786,0.3291117548942566
2026-08-10_18-03-38,/home/as22cq/Projects/Policy-RL-Peg_insertion/force_peg_rl/logs/rl_games/Forge/2026-08-10_18-03-38/nn/Forge.pth,44,nominal,1000,False,timeout,149,51.04130172729492,0.0399300754070282,15.244251251220703,7.533742427825928,0.7916666865348816,0.014353347942233086,0.2502312958240509,0.020029595121741295,0.75,0.75,0.015316269360482693,-0.7804366946220398
2026-08-10_18-03-38,/home/as22cq/Projects/Policy-RL-Peg_insertion/force_peg_rl/logs/rl_games/Forge/2026-08-10_18-03-38/nn/Forge.pth,44,nominal,1000,False,timeout,149,251.86587524414062,0.00491219200193882,19.085233688354492,14.783445358276367,1.1500000953674316,0.0007140436791814864,1.3006736040115356,0.021023107692599297,0.75,0.75,0.009634340181946754,-0.2115703970193863
2026-08-10_18-03-38,/home/as22cq/Projects/Policy-RL-Peg_insertion/force_peg_rl/logs/rl_games/Forge/2026-08-10_18-03-38/nn/Forge.pth,44,nominal,1000,False,timeout,149,210.6963348388672,0.004224818199872971,23.513479232788086,12.741049766540527,1.1666667461395264,0.000591243093367666,1.4821356534957886,0.022172287106513977,0.75,0.75,0.012548491358757019,-0.137803852558136
2026-08-10_18-03-38,/home/as22cq/Projects/Policy-RL-Peg_insertion/force_peg_rl/logs/rl_games/Forge/2026-08-10_18-03-38/nn/Forge.pth,44,nominal,1000,False,timeout,149,47.27430725097656,0.05317932367324829,27.64342498779297,12.740286827087402,0.9666666984558105,0.019044265151023865,0.6493715047836304,0.01987394317984581,0.75,0.75,0.022480687126517296,-0.10681559145450592
2026-08-10_18-03-38,/home/as22cq/Projects/Policy-RL-Peg_insertion/force_peg_rl/logs/rl_games/Forge/2026-08-10_18-03-38/nn/Forge.pth,44,nominal,1000,False,timeout,149,219.51136779785156,0.013524360954761505,19.242721557617188,12.587329864501953,1.158333420753479,0.0008960576960816979,1.9668723344802856,0.016976987943053246,0.75,0.75,0.017675256356596947,0.7056381702423096
2026-08-10_18-03-38,/home/as22cq/Projects/Policy-RL-Peg_insertion/force_peg_rl/logs/rl_games/Forge/2026-08-10_18-03-38/nn/Forge.pth,44,nominal,1000,True,success,149,375.06646728515625,0.0002649053931236267,15.788972854614258,9.81555461883545,0.8916667103767395,0.0008271775441244245,1.0323686599731445,0.023760249838232994,0.75,0.75,0.020208759233355522,0.34764203429222107
2026-08-10_18-03-38,/home/as22cq/Projects/Policy-RL-Peg_insertion/force_peg_rl/logs/rl_games/Forge/2026-08-10_18-03-38/nn/Forge.pth,44,nominal,1000,False,timeout,149,252.1441192626953,0.003956276923418045,22.000089645385742,15.263904571533203,1.1500000953674316,0.0007083278615027666,1.5490328073501587,0.016569796949625015,0.75,0.75,0.015312105417251587,0.7492011189460754
2026-08-10_18-03-38,/home/as22cq/Projects/Policy-RL-Peg_insertion/force_peg_rl/logs/rl_games/Forge/2026-08-10_18-03-38/nn/Forge.pth,44,nominal,1000,True,success,149,258.6910400390625,7.362663745880127e-05,31.07024383544922,16.316322326660156,1.1500000953674316,0.0005568862543441355,1.2731229066848755,0.015117974020540714,0.75,0.75,0.02137409895658493,0.21661613881587982
2026-08-10_18-03-38,/home/as22cq/Projects/Policy-RL-Peg_insertion/force_peg_rl/logs/rl_games/Forge/2026-08-10_18-03-38/nn/Forge.pth,44,nominal,1000,False,timeout,149,207.1884765625,0.00971335917711258,25.578405380249023,12.030023574829102,0.9083333611488342,0.0009170574485324323,1.4469521045684814,0.014010193757712841,0.75,0.75,0.015321405604481697,-0.5128018260002136
2026-08-10_18-03-38,/home/as22cq/Projects/Policy-RL-Peg_insertion/force_peg_rl/logs/rl_games/Forge/2026-08-10_18-03-38/nn/Forge.pth,44,nominal,1000,False,timeout,149,220.9412384033203,0.0015425197780132294,36.01414108276367,15.269688606262207,1.058333396911621,0.0008865520358085632,0.8243899345397949,0.02174752950668335,0.75,0.75,0.02025887742638588,-0.6327519416809082
2026-08-10_18-03-38,/home/as22cq/Projects/Policy-RL-Peg_insertion/force_peg_rl/logs/rl_games/Forge/2026-08-10_18-03-38/nn/Forge.pth,44,nominal,1000,False,timeout,149,218.27987670898438,0.009036816656589508,35.70070266723633,12.076399803161621,0.8583333492279053,0.0005866959691047668,1.513094425201416,0.017311863601207733,0.75,0.75,0.007682320196181536,-0.4939928650856018
2026-08-10_18-03-38,/home/as22cq/Projects/Policy-RL-Peg_insertion/force_peg_rl/logs/rl_games/Forge/2026-08-10_18-03-38/nn/Forge.pth,44,nominal,1000,False,timeout,149,216.93865966796875,0.0029964372515678406,31.52938461303711,14.43787670135498,1.1416667699813843,0.000679018790833652,1.0951143503189087,0.020803755149245262,0.75,0.75,0.018430469557642937,0.4884280562400818
2026-08-10_18-03-38,/home/as22cq/Projects/Policy-RL-Peg_insertion/force_peg_rl/logs/rl_games/Forge/2026-08-10_18-03-38/nn/Forge.pth,44,nominal,1000,False,timeout,149,216.14210510253906,0.008570507168769836,25.987823486328125,14.182904243469238,1.133333444595337,0.0006855163956061006,1.2532507181167603,0.015124655328691006,0.75,0.75,0.01683112047612667,0.37920117378234863
2026-08-10_18-03-38,/home/as22cq/Projects/Policy-RL-Peg_insertion/force_peg_rl/logs/rl_games/Forge/2026-08-10_18-03-38/nn/Forge.pth,44,nominal,1000,True,success,149,258.510009765625,0.0008012223988771439,28.053083419799805,11.212678909301758,0.9666666984558105,0.0006041466840542853,1.311460018157959,0.01879996247589588,0.75,0.75,0.00936125684529543,0.27571365237236023
2026-08-10_18-03-38,/home/as22cq/Projects/Policy-RL-Peg_insertion/force_peg_rl/logs/rl_games/Forge/2026-08-10_18-03-38/nn/Forge.pth,44,nominal,1000,False,timeout,149,141.28895568847656,0.007922552525997162,39.75407791137695,18.23515510559082,1.100000023841858,0.021323274821043015,1.345141053199768,0.015738019719719887,0.75,0.75,0.013880397193133831,0.12686221301555634
2026-08-10_18-03-38,/home/as22cq/Projects/Policy-RL-Peg_insertion/force_peg_rl/logs/rl_games/Forge/2026-08-10_18-03-38/nn/Forge.pth,44,nominal,1000,False,timeout,149,49.73710632324219,0.027896635234355927,16.99239730834961,11.166115760803223,1.225000023841858,0.0023528963793069124,2.6065120697021484,0.019555186852812767,0.75,0.75,0.008305797353386879,0.0697137787938118
2026-08-10_18-03-38,/home/as22cq/Projects/Policy-RL-Peg_insertion/force_peg_rl/logs/rl_games/Forge/2026-08-10_18-03-38/nn/Forge.pth,44,nominal,1000,False,timeout,149,235.67233276367188,0.0048936158418655396,23.34320640563965,16.445980072021484,1.1500000953674316,0.0007418917957693338,1.1053284406661987,0.02124733291566372,0.75,0.75,0.007223862688988447,-0.6261898875236511
2026-08-10_18-03-38,/home/as22cq/Projects/Policy-RL-Peg_insertion/force_peg_rl/logs/rl_games/Forge/2026-08-10_18-03-38/nn/Forge.pth,44,nominal,1000,False,timeout,149,74.12213134765625,0.03016655147075653,17.897390365600586,11.8539457321167,1.133333444595337,0.00893879309296608,0.6638613939285278,0.01970910094678402,0.75,0.75,0.007939568720757961,-0.4622341990470886
2026-08-10_18-03-38,/home/as22cq/Projects/Policy-RL-Peg_insertion/force_peg_rl/logs/rl_games/Forge/2026-08-10_18-03-38/nn/Forge.pth,44,nominal,1000,False,timeout,149,51.91731262207031,0.024530787020921707,22.51658058166504,11.948060989379883,0.8833333849906921,0.003358306363224983,1.3041737079620361,0.02351207286119461,0.75,0.75,0.01979965902864933,0.24725523591041565
2026-08-10_18-03-38,/home/as22cq/Projects/Policy-RL-Peg_insertion/force_peg_rl/logs/rl_games/Forge/2026-08-10_18-03-38/nn/Forge.pth,44,nominal,1000,False,timeout,149,74.00041198730469,0.07144409418106079,19.179515838623047,12.746696472167969,1.158333420753479,0.056754399091005325,2.749387502670288,0.01648496463894844,0.75,0.75,0.017878403887152672,0.7256836891174316
2026-08-10_18-03-38,/home/as22cq/Projects/Policy-RL-Peg_insertion/force_peg_rl/logs/rl_games/Forge/2026-08-10_18-03-38/nn/Forge.pth,44,nominal,1000,False,timeout,149,31.76360511779785,0.06288206577301025,25.32778549194336,13.45822525024414,1.1500000953674316,0.08449947088956833,1.4514440298080444,0.01584630087018013,0.75,0.75,0.011824360117316246,-0.6743318438529968
2026-08-10_18-03-38,/home/as22cq/Projects/Policy-RL-Peg_insertion/force_peg_rl/logs/rl_games/Forge/2026-08-10_18-03-38/nn/Forge.pth,44,nominal,1000,False,timeout,149,37.703086853027344,0.07891032099723816,23.793399810791016,8.611425399780273,0.5833333730697632,0.06844329088926315,2.7233450412750244,0.022326525300741196,0.75,0.75,0.018539348617196083,0.5196216702461243
2026-08-10_18-03-38,/home/as22cq/Projects/Policy-RL-Peg_insertion/force_peg_rl/logs/rl_games/Forge/2026-08-10_18-03-38/nn/Forge.pth,44,nominal,1000,True,success,149,395.55133056640625,0.00021431408822536469,19.115158081054688,13.952178001403809,1.133333444595337,0.0008485362632200122,1.0257790088653564,0.023398861289024353,0.75,0.75,0.017740091308951378,0.14715668559074402
2026-08-10_18-03-38,/home/as22cq/Projects/Policy-RL-Peg_insertion/force_peg_rl/logs/rl_games/Forge/2026-08-10_18-03-38/nn/Forge.pth,44,nominal,1000,False,timeout,149,198.0303955078125,0.01705801859498024,22.03821563720703,13.285867691040039,1.100000023841858,0.0006775819347240031,1.3531981706619263,0.02174619771540165,0.75,0.75,0.021507401019334793,0.24911685287952423
2026-08-10_18-03-38,/home/as22cq/Projects/Policy-RL-Peg_insertion/force_peg_rl/logs/rl_games/Forge/2026-08-10_18-03-38/nn/Forge.pth,44,nominal,1000,True,success,149,395.4056091308594,6.988830864429474e-05,13.512165069580078,9.865628242492676,1.0750000476837158,0.000399650918552652,0.4258715808391571,0.01563699170947075,0.75,0.75,0.0176797304302454,0.26284798979759216
2026-08-10_18-03-38,/home/as22cq/Projects/Policy-RL-Peg_insertion/force_peg_rl/logs/rl_games/Forge/2026-08-10_18-03-38/nn/Forge.pth,44,nominal,1000,False,timeout,149,33.585838317871094,0.1118018850684166,9.582005500793457,6.265655040740967,0.7000000476837158,0.04905965179204941,3.0457029342651367,0.01573294587433338,0.75,0.75,0.02198193036019802,0.6111094951629639
2026-08-10_18-03-38,/home/as22cq/Projects/Policy-RL-Peg_insertion/force_peg_rl/logs/rl_games/Forge/2026-08-10_18-03-38/nn/Forge.pth,44,nominal,1000,False,timeout,149,237.24948120117188,0.006858441978693008,25.13502311706543,14.017667770385742,1.0833333730697632,0.0005734536098316312,1.5107170343399048,0.014003502205014229,0.75,0.75,0.012955267913639545,-0.5995081067085266
2026-08-10_18-03-38,/home/as22cq/Projects/Policy-RL-Peg_insertion/force_peg_rl/logs/rl_games/Forge/2026-08-10_18-03-38/nn/Forge.pth,44,nominal,1000,True,success,149,324.81536865234375,0.0001396574079990387,13.157683372497559,9.935359001159668,1.1166666746139526,0.0005822358652949333,0.6809124946594238,0.02039811573922634,0.75,0.75,0.005036104936152697,0.553692102432251
2026-08-10_18-03-38,/home/as22cq/Projects/Policy-RL-Peg_insertion/force_peg_rl/logs/rl_games/Forge/2026-08-10_18-03-38/nn/Forge.pth,44,nominal,1000,True,success,149,401.2547302246094,0.0001458004117012024,23.276033401489258,17.88104248046875,1.1416667699813843,0.0007643771241419017,0.9918241500854492,0.020300574600696564,0.75,0.75,0.00431095901876688,-0.09634539484977722
2026-08-10_18-03-38,/home/as22cq/Projects/Policy-RL-Peg_insertion/force_peg_rl/logs/rl_games/Forge/2026-08-10_18-03-38/nn/Forge.pth,44,nominal,1000,False,timeout,149,197.10525512695312,0.00866185873746872,34.406578063964844,19.920801162719727,1.133333444595337,0.0008546454482711852,1.4390980005264282,0.016163671389222145,0.75,0.75,0.00822652317583561,0.26826703548431396
2026-08-10_18-03-38,/home/as22cq/Projects/Policy-RL-Peg_insertion/force_peg_rl/logs/rl_games/Forge/2026-08-10_18-03-38/nn/Forge.pth,44,nominal,1000,False,timeout,149,34.09236145019531,0.06434372067451477,22.69639778137207,8.452766418457031,0.45000001788139343,0.005466003902256489,0.35802435874938965,0.017122630029916763,0.75,0.75,0.018836958333849907,-0.18231983482837677
2026-08-10_18-03-38,/home/as22cq/Projects/Policy-RL-Peg_insertion/force_peg_rl/logs/rl_games/Forge/2026-08-10_18-03-38/nn/Forge.pth,44,nominal,1000,False,timeout,149,208.67825317382812,0.011641338467597961,24.29920196533203,12.807339668273926,1.1416667699813843,0.0007683798903599381,1.192326307296753,0.014354829676449299,0.75,0.75,0.017511136829853058,-0.36224284768104553
2026-08-10_18-03-38,/home/as22cq/Projects/Policy-RL-Peg_insertion/force_peg_rl/logs/rl_games/Forge/2026-08-10_18-03-38/nn/Forge.pth,44,nominal,1000,False,timeout,149,186.9717559814453,0.022714368999004364,31.53798484802246,16.458951950073242,1.158333420753479,0.0019820169545710087,0.5572975277900696,0.01863621547818184,0.75,0.75,0.006828145124018192,-0.2768303155899048
2026-08-10_18-03-38,/home/as22cq/Projects/Policy-RL-Peg_insertion/force_peg_rl/logs/rl_games/Forge/2026-08-10_18-03-38/nn/Forge.pth,44,nominal,1000,False,timeout,149,195.07855224609375,0.018861044198274612,26.036542892456055,17.3076229095459,1.1416667699813843,0.0010429518297314644,1.0154308080673218,0.018752261996269226,0.75,0.75,0.016032904386520386,-0.5150390267372131
2026-08-10_18-03-38,/home/as22cq/Projects/Policy-RL-Peg_insertion/force_peg_rl/logs/rl_games/Forge/2026-08-10_18-03-38/nn/Forge.pth,44,nominal,1000,False,timeout,149,239.44676208496094,0.0022458061575889587,24.980365753173828,10.690325736999512,0.8916667103767395,0.0005219696904532611,1.4161070585250854,0.015378267504274845,0.75,0.75,0.00031635010964237154,-0.4822777211666107
2026-08-10_18-03-38,/home/as22cq/Projects/Policy-RL-Peg_insertion/force_peg_rl/logs/rl_games/Forge/2026-08-10_18-03-38/nn/Forge.pth,44,nominal,1000,False,timeout,149,33.334835052490234,0.03323556110262871,22.247783660888672,12.804827690124512,1.100000023841858,0.01836947724223137,0.5729986429214478,0.014141926541924477,0.75,0.75,0.006866457872092724,-0.336221307516098
2026-08-10_18-03-38,/home/as22cq/Projects/Policy-RL-Peg_insertion/force_peg_rl/logs/rl_games/Forge/2026-08-10_18-03-38/nn/Forge.pth,44,nominal,1000,False,timeout,149,137.69895935058594,0.07327862828969955,25.89552879333496,12.365755081176758,1.158333420753479,0.042272381484508514,3.031510353088379,0.018745511770248413,0.75,0.75,0.024047987535595894,0.6444141268730164
2026-08-10_18-03-38,/home/as22cq/Projects/Policy-RL-Peg_insertion/force_peg_rl/logs/rl_games/Forge/2026-08-10_18-03-38/nn/Forge.pth,44,nominal,1000,False,timeout,149,33.765750885009766,0.02147742360830307,42.39945602416992,14.227121353149414,1.008333444595337,0.018576480448246002,2.555523633956909,0.0173479113727808,0.75,0.75,0.009062601253390312,-0.15511783957481384
2026-08-10_18-03-38,/home/as22cq/Projects/Policy-RL-Peg_insertion/force_peg_rl/logs/rl_games/Forge/2026-08-10_18-03-38/nn/Forge.pth,44,nominal,1000,True,success,149,258.938720703125,0.00013972818851470947,21.80698585510254,14.208505630493164,1.0916666984558105,0.0005823009414598346,1.5015605688095093,0.01403332781046629,0.75,0.75,0.005143217276781797,-0.5621067881584167
2026-08-10_18-03-38,/home/as22cq/Projects/Policy-RL-Peg_insertion/force_peg_rl/logs/rl_games/Forge/2026-08-10_18-03-38/nn/Forge.pth,44,nominal,1000,False,timeout,149,82.42261505126953,0.0215366929769516,23.871620178222656,10.81592082977295,0.6916667222976685,0.022754209116101265,2.294097900390625,0.018756166100502014,0.75,0.75,0.010409687645733356,0.5376743078231812
2026-08-10_18-03-38,/home/as22cq/Projects/Policy-RL-Peg_insertion/force_peg_rl/logs/rl_games/Forge/2026-08-10_18-03-38/nn/Forge.pth,44,nominal,1000,False,timeout,149,222.67994689941406,0.007224956527352333,34.03626251220703,21.18633460998535,1.158333420753479,0.0007114785839803517,1.5975826978683472,0.02340727485716343,0.75,0.75,0.01523620169609785,-0.31428906321525574
2026-08-10_18-03-38,/home/as22cq/Projects/Policy-RL-Peg_insertion/force_peg_rl/logs/rl_games/Forge/2026-08-10_18-03-38/nn/Forge.pth,44,nominal,1000,False,timeout,149,61.1497917175293,0.2628454566001892,13.971077919006348,5.685278415679932,0.5666667222976685,0.02654120698571205,0.8859058618545532,0.022075120359659195,0.75,0.75,0.018452828750014305,-0.513257622718811
2026-08-10_18-03-38,/home/as22cq/Projects/Policy-RL-Peg_insertion/force_peg_rl/logs/rl_games/Forge/2026-08-10_18-03-38/nn/Forge.pth,44,nominal,1000,False,timeout,149,254.5341033935547,0.00411543995141983,13.918352127075195,9.468270301818848,0.6583333611488342,0.0006869242643006146,1.7563371658325195,0.015387878753244877,0.75,0.75,0.0012650977587327361,0.562414288520813
2026-08-10_18-03-38,/home/as22cq/Projects/Policy-RL-Peg_insertion/force_peg_rl/logs/rl_games/Forge/2026-08-10_18-03-38/nn/Forge.pth,44,nominal,1000,False,timeout,149,205.0814208984375,0.017484933137893677,24.57199478149414,13.296966552734375,1.100000023841858,0.0008668900700286031,1.554182529449463,0.022252220660448074,0.75,0.75,0.016547856852412224,0.2977694571018219
2026-08-10_18-03-38,/home/as22cq/Projects/Policy-RL-Peg_insertion/force_peg_rl/logs/rl_games/Forge/2026-08-10_18-03-38/nn/Forge.pth,44,nominal,1000,True,success,149,223.7963104248047,0.0004541836678981781,26.402254104614258,12.792652130126953,1.1166666746139526,0.0006129344110377133,1.635265588760376,0.016298748552799225,0.75,0.75,0.010977409780025482,-0.5985468029975891
2026-08-10_18-03-38,/home/as22cq/Projects/Policy-RL-Peg_insertion/force_peg_rl/logs/rl_games/Forge/2026-08-10_18-03-38/nn/Forge.pth,44,nominal,1000,False,timeout,149,238.74264526367188,0.0032715946435928345,32.97404098510742,16.440690994262695,1.1750000715255737,0.0007068152190186083,1.4735840559005737,0.015881797298789024,0.75,0.75,0.001004559569992125,-0.3111740052700043
2026-08-10_18-03-38,/home/as22cq/Projects/Policy-RL-Peg_insertion/force_peg_rl/logs/rl_games/Forge/2026-08-10_18-03-38/nn/Forge.pth,44,nominal,1000,False,timeout,149,62.734500885009766,0.029077325016260147,29.161333084106445,16.708341598510742,1.183333396911621,0.014390438795089722,1.986434817314148,0.020506881177425385,0.75,0.75,0.0052452669478952885,0.23343375325202942
2026-08-10_18-03-38,/home/as22cq/Projects/Policy-RL-Peg_insertion/force_peg_rl/logs/rl_games/Forge/2026-08-10_18-03-38/nn/Forge.pth,44,nominal,1000,True,success,149,170.447998046875,8.764117956161499e-05,17.569759368896484,12.673006057739258,1.1083333492279053,0.0005330291460268199,0.2410467118024826,0.02275972068309784,0.75,0.75,0.023412443697452545,-0.6498783230781555
2026-08-10_18-03-38,/home/as22cq/Projects/Policy-RL-Peg_insertion/force_peg_rl/logs/rl_games/Forge/2026-08-10_18-03-38/nn/Forge.pth,44,nominal,1000,False,timeout,149,28.610897064208984,0.05795484036207199,16.939722061157227,10.163496017456055,1.100000023841858,0.011313578113913536,0.3556966185569763,0.01545441523194313,0.75,0.75,0.019387586042284966,-0.5489272475242615
2026-08-10_18-03-38,/home/as22cq/Projects/Policy-RL-Peg_insertion/force_peg_rl/logs/rl_games/Forge/2026-08-10_18-03-38/nn/Forge.pth,44,nominal,1000,False,timeout,149,245.17665100097656,0.007297862321138382,18.233367919921875,13.581616401672363,1.125,0.000752212421502918,1.9895858764648438,0.015694985166192055,0.75,0.75,0.016368405893445015,0.5531549453735352
2026-08-10_18-03-38,/home/as22cq/Projects/Policy-RL-Peg_insertion/force_peg_rl/logs/rl_games/Forge/2026-08-10_18-03-38/nn/Forge.pth,44,nominal,1000,False,timeout,149,65.04131317138672,0.022867519408464432,23.211910247802734,12.757448196411133,1.125,0.001974433893337846,1.5193028450012207,0.016468822956085205,0.75,0.75,0.016171017661690712,0.044991713017225266
2026-08-10_18-03-38,/home/as22cq/Projects/Policy-RL-Peg_insertion/force_peg_rl/logs/rl_games/Forge/2026-08-10_18-03-38/nn/Forge.pth,44,nominal,1000,False,timeout,149,35.497459411621094,0.08958343416452408,24.56034278869629,11.32592487335205,1.1166666746139526,0.03357064723968506,3.0301806926727295,0.019007405266165733,0.75,0.75,0.016064055263996124,0.47414377331733704
2026-08-10_18-03-38,/home/as22cq/Projects/Policy-RL-Peg_insertion/force_peg_rl/logs/rl_games/Forge/2026-08-10_18-03-38/nn/Forge.pth,44,nominal,1000,False,timeout,149,37.37824630737305,-0.012942682951688766,31.43425750732422,19.056995391845703,1.0250000953674316,0.023922797292470932,2.1152758598327637,0.018118543550372124,0.75,0.75,0.01802942156791687,0.7498461008071899
2026-08-10_18-03-38,/home/as22cq/Projects/Policy-RL-Peg_insertion/force_peg_rl/logs/rl_games/Forge/2026-08-10_18-03-38/nn/Forge.pth,44,nominal,1000,False,timeout,149,29.84088134765625,0.07099270820617676,19.02259063720703,12.40917682647705,1.0833333730697632,0.03520377352833748,0.4534882605075836,0.01966632716357708,0.75,0.75,0.007557578384876251,-0.09815933555364609
2026-08-10_18-03-38,/home/as22cq/Projects/Policy-RL-Peg_insertion/force_peg_rl/logs/rl_games/Forge/2026-08-10_18-03-38/nn/Forge.pth,44,nominal,1000,False,timeout,149,33.49790573120117,0.025391295552253723,21.043848037719727,12.347453117370605,1.0916666984558105,0.02343003824353218,0.7891310453414917,0.023308061063289642,0.75,0.75,0.012412076815962791,-0.5530489087104797
2026-08-10_18-03-38,/home/as22cq/Projects/Policy-RL-Peg_insertion/force_peg_rl/logs/rl_games/Forge/2026-08-10_18-03-38/nn/Forge.pth,44,nominal,1000,False,timeout,149,51.49565887451172,0.028258386999368668,27.452177047729492,11.479883193969727,1.2000000476837158,0.016229012981057167,2.6434149742126465,0.0215561892837286,0.75,0.75,0.01169957872480154,0.7156596779823303
2026-08-10_18-03-38,/home/as22cq/Projects/Policy-RL-Peg_insertion/force_peg_rl/logs/rl_games/Forge/2026-08-10_18-03-38/nn/Forge.pth,44,nominal,1000,False,timeout,149,33.637184143066406,0.005632590502500534,19.778278350830078,9.962377548217773,1.058333396911621,0.027920668944716454,0.8145535588264465,0.020947342738509178,0.75,0.75,0.014580048620700836,-0.5432584285736084
2026-08-10_18-03-38,/home/as22cq/Projects/Policy-RL-Peg_insertion/force_peg_rl/logs/rl_games/Forge/2026-08-10_18-03-38/nn/Forge.pth,44,nominal,1000,False,timeout,149,26.370407104492188,0.17698286473751068,12.39262580871582,5.131308078765869,0.15000000596046448,0.015087802894413471,0.6516488790512085,0.01947927102446556,0.75,0.75,0.020112982019782066,-0.3255522549152374
2026-08-10_18-03-38,/home/as22cq/Projects/Policy-RL-Peg_insertion/force_peg_rl/logs/rl_games/Forge/2026-08-10_18-03-38/nn/Forge.pth,44,nominal,1000,False,timeout,149,32.75947570800781,0.04037494957447052,18.387048721313477,7.446680545806885,0.7833333611488342,0.02021200768649578,0.5366306304931641,0.023776449263095856,0.75,0.75,0.008903895504772663,-0.46175509691238403
2026-08-10_18-03-38,/home/as22cq/Projects/Policy-RL-Peg_insertion/force_peg_rl/logs/rl_games/Forge/2026-08-10_18-03-38/nn/Forge.pth,44,nominal,1000,False,timeout,149,212.7588653564453,0.005347065627574921,24.23698616027832,12.888429641723633,0.9750000238418579,0.0006080023595131934,1.7589104175567627,0.020117316395044327,0.75,0.75,0.010707366280257702,-0.48739689588546753
2026-08-10_18-03-38,/home/as22cq/Projects/Policy-RL-Peg_insertion/force_peg_rl/logs/rl_games/Forge/2026-08-10_18-03-38/nn/Forge.pth,44,nominal,1000,False,timeout,149,32.207244873046875,0.038773465901613235,11.657059669494629,6.775186538696289,0.11666667461395264,0.030502451583743095,0.6421151757240295,0.020863723009824753,0.75,0.75,0.021311189979314804,0.07904361933469772
2026-08-10_18-03-38,/home/as22cq/Projects/Policy-RL-Peg_insertion/force_peg_rl/logs/rl_games/Forge/2026-08-10_18-03-38/nn/Forge.pth,44,nominal,1000,False,timeout,149,29.925588607788086,0.04584052041172981,17.958003997802734,9.951549530029297,1.033333420753479,0.03511755168437958,0.6213744878768921,0.018675675615668297,0.75,0.75,0.013937028124928474,-0.2979695796966553
2026-08-10_18-03-38,/home/as22cq/Projects/Policy-RL-Peg_insertion/force_peg_rl/logs/rl_games/Forge/2026-08-10_18-03-38/nn/Forge.pth,44,nominal,1000,False,timeout,149,27.53582191467285,0.07835495471954346,22.562902450561523,11.679987907409668,1.0500000715255737,0.023206159472465515,0.49105632305145264,0.01725655607879162,0.75,0.75,0.020735424011945724,-0.5086582899093628
2026-08-10_18-03-38,/home/as22cq/Projects/Policy-RL-Peg_insertion/force_peg_rl/logs/rl_games/Forge/2026-08-10_18-03-38/nn/Forge.pth,44,nominal,1000,False,timeout,149,29.10822296142578,0.036422260105609894,25.79429817199707,17.81980323791504,1.1666667461395264,0.019372696056962013,0.365896999835968,0.017080988734960556,0.75,0.75,0.02362671308219433,-0.36425384879112244
2026-08-10_18-03-38,/home/as22cq/Projects/Policy-RL-Peg_insertion/force_peg_rl/logs/rl_games/Forge/2026-08-10_18-03-38/nn/Forge.pth,44,nominal,1000,False,timeout,149,29.367109298706055,0.07332167029380798,15.089611053466797,7.997750282287598,0.5750000476837158,0.05342360585927963,0.8170551061630249,0.01959938555955887,0.75,0.75,0.008725802414119244,-0.20728302001953125
2026-08-10_18-03-38,/home/as22cq/Projects/Policy-RL-Peg_insertion/force_peg_rl/logs/rl_games/Forge/2026-08-10_18-03-38/nn/Forge.pth,44,nominal,1000,False,timeout,149,30.41815948486328,0.016022466123104095,16.171327590942383,5.001165390014648,0.22500000894069672,0.0408339649438858,0.4610852003097534,0.01676381379365921,0.75,0.75,0.02318117953836918,-0.26434141397476196
2026-08-10_18-03-38,/home/as22cq/Projects/Policy-RL-Peg_insertion/force_peg_rl/logs/rl_games/Forge/2026-08-10_18-03-38/nn/Forge.pth,44,nominal,1000,False,timeout,149,51.37434005737305,0.030579492449760437,22.506107330322266,9.906209945678711,1.1083333492279053,0.008254485204815865,0.6510734558105469,0.018617698922753334,0.75,0.75,0.010049527511000633,-0.43480250239372253
2026-08-10_18-03-38,/home/as22cq/Projects/Policy-RL-Peg_insertion/force_peg_rl/logs/rl_games/Forge/2026-08-10_18-03-38/nn/Forge.pth,44,nominal,1000,False,timeout,149,32.3421630859375,0.05963960662484169,22.328893661499023,8.265104293823242,0.9083333611488342,0.08578138053417206,2.9627797603607178,0.023897871375083923,0.75,0.75,0.018173715099692345,0.13729806244373322
2026-08-10_18-03-38,/home/as22cq/Projects/Policy-RL-Peg_insertion/force_peg_rl/logs/rl_games/Forge/2026-08-10_18-03-38/nn/Forge.pth,44,nominal,1000,False,timeout,149,32.041770935058594,0.018504425883293152,24.584083557128906,11.959763526916504,0.7916666865348816,0.028440892696380615,0.26719263195991516,0.021812450140714645,0.75,0.75,0.005449702497571707,-0.4867987334728241
2026-08-10_18-03-38,/home/as22cq/Projects/Policy-RL-Peg_insertion/force_peg_rl/logs/rl_games/Forge/2026-08-10_18-03-38/nn/Forge.pth,44,nominal,1000,False,timeout,149,231.4411163330078,0.008816290646791458,16.437711715698242,10.274986267089844,0.9666666984558105,0.0008449475280940533,1.7827682495117188,0.02134937047958374,0.75,0.75,0.020930200815200806,0.7350996732711792
2026-08-10_18-03-38,/home/as22cq/Projects/Policy-RL-Peg_insertion/force_peg_rl/logs/rl_games/Forge/2026-08-10_18-03-38/nn/Forge.pth,44,nominal,1000,False,timeout,149,255.8617401123047,0.003283495083451271,17.773544311523438,13.478551864624023,1.0666667222976685,0.0005813701427541673,0.9580461382865906,0.021089788526296616,0.75,0.75,0.012755047529935837,-0.14591597020626068
2026-08-10_18-03-38,/home/as22cq/Projects/Policy-RL-Peg_insertion/force_peg_rl/logs/rl_games/Forge/2026-08-10_18-03-38/nn/Forge.pth,44,nominal,1000,False,timeout,149,229.13540649414062,0.00954882800579071,31.86124610900879,20.89048957824707,1.1666667461395264,0.0006796203088015318,1.1111358404159546,0.018257219344377518,0.75,0.75,0.01698097214102745,-0.5630594491958618
2026-08-10_18-03-38,/home/as22cq/Projects/Policy-RL-Peg_insertion/force_peg_rl/logs/rl_games/Forge/2026-08-10_18-03-38/nn/Forge.pth,44,nominal,1000,False,timeout,149,35.114078521728516,0.016110718250274658,21.666988372802734,8.932293891906738,0.6500000357627869,0.022295942530035973,1.9113998413085938,0.02389443665742874,0.75,0.75,0.008508238010108471,-0.09283413738012314
2026-08-10_18-03-38,/home/as22cq/Projects/Policy-RL-Peg_insertion/force_peg_rl/logs/rl_games/Forge/2026-08-10_18-03-38/nn/Forge.pth,44,nominal,1000,False,timeout,149,35.73112106323242,0.04227965325117111,20.933481216430664,10.839682579040527,1.1166666746139526,0.04464451223611832,2.9946506023406982,0.01434275507926941,0.75,0.75,0.018330039456486702,-0.004009596072137356
2026-08-10_18-03-38,/home/as22cq/Projects/Policy-RL-Peg_insertion/force_peg_rl/logs/rl_games/Forge/2026-08-10_18-03-38/nn/Forge.pth,44,nominal,1000,False,timeout,149,36.06789016723633,0.028383493423461914,27.162174224853516,11.345005989074707,1.158333420753479,0.01640673540532589,2.4414055347442627,0.01877862587571144,0.75,0.75,0.02176535129547119,0.15468282997608185
2026-08-10_18-03-38,/home/as22cq/Projects/Policy-RL-Peg_insertion/force_peg_rl/logs/rl_games/Forge/2026-08-10_18-03-38/nn/Forge.pth,44,nominal,1000,False,timeout,149,67.32818603515625,0.05119303613901138,22.430078506469727,11.459383010864258,1.0916666984558105,0.043925411999225616,-3.069788694381714,0.021160157397389412,0.75,0.75,0.02139127627015114,0.6004807949066162
2026-08-10_18-03-38,/home/as22cq/Projects/Policy-RL-Peg_insertion/force_peg_rl/logs/rl_games/Forge/2026-08-10_18-03-38/nn/Forge.pth,44,nominal,1000,False,timeout,149,37.067039489746094,0.04027899354696274,16.47156524658203,10.858206748962402,1.2000000476837158,0.011850312352180481,3.0776631832122803,0.023499952629208565,0.75,0.75,0.01928936131298542,0.7430297136306763
2026-08-10_18-03-38,/home/as22cq/Projects/Policy-RL-Peg_insertion/force_peg_rl/logs/rl_games/Forge/2026-08-10_18-03-38/nn/Forge.pth,44,nominal,1000,False,timeout,149,30.349750518798828,0.025942470878362656,19.50000762939453,14.721148490905762,1.2000000476837158,0.02292598970234394,0.6963231563568115,0.02208162099123001,0.75,0.75,0.017008619382977486,-0.35491257905960083
2026-08-10_18-03-38,/home/as22cq/Projects/Policy-RL-Peg_insertion/force_peg_rl/logs/rl_games/Forge/2026-08-10_18-03-38/nn/Forge.pth,44,nominal,1000,False,timeout,149,32.21328353881836,-0.0057964324951171875,32.489654541015625,16.749971389770508,1.058333396911621,0.030356617644429207,0.7049883604049683,0.019956247881054878,0.75,0.75,0.01755394972860813,0.13986514508724213
2026-08-10_18-03-38,/home/as22cq/Projects/Policy-RL-Peg_insertion/force_peg_rl/logs/rl_games/Forge/2026-08-10_18-03-38/nn/Forge.pth,44,nominal,1000,False,timeout,149,33.7745475769043,0.09169909358024597,17.828845977783203,5.648229598999023,0.09166666865348816,0.03520578518509865,2.849951982498169,0.016296397894620895,0.75,0.75,0.018527429550886154,0.7244347929954529
2026-08-10_18-03-38,/home/as22cq/Projects/Policy-RL-Peg_insertion/force_peg_rl/logs/rl_games/Forge/2026-08-10_18-03-38/nn/Forge.pth,44,nominal,1000,False,timeout,149,234.9214630126953,0.0017848946154117584,29.71889877319336,14.822694778442383,1.125,0.0007040151976980269,1.4391698837280273,0.016626736149191856,0.75,0.75,0.01710171066224575,0.7117137908935547
2026-08-10_18-03-38,/home/as22cq/Projects/Policy-RL-Peg_insertion/force_peg_rl/logs/rl_games/Forge/2026-08-10_18-03-38/nn/Forge.pth,44,nominal,1000,False,timeout,149,32.662193298339844,0.1034451499581337,17.300525665283203,9.789080619812012,1.0166667699813843,0.04148901626467705,2.8099000453948975,0.020225219428539276,0.75,0.75,0.016017749905586243,0.0034809454809874296
2026-08-10_18-03-38,/home/as22cq/Projects/Policy-RL-Peg_insertion/force_peg_rl/logs/rl_games/Forge/2026-08-10_18-03-38/nn/Forge.pth,44,nominal,1000,False,timeout,149,31.825054168701172,0.01928246021270752,16.53999137878418,10.400890350341797,1.158333420753479,0.030565664172172546,0.792119562625885,0.015488960780203342,0.75,0.75,0.02502834051847458,-0.7038906216621399
2026-08-10_18-03-38,/home/as22cq/Projects/Policy-RL-Peg_insertion/force_peg_rl/logs/rl_games/Forge/2026-08-10_18-03-38/nn/Forge.pth,44,nominal,1000,False,force_limit,149,26.772117614746094,0.1129303127527237,121.45372772216797,9.684107780456543,0.8750000596046448,0.1927611380815506,0.7910237908363342,0.022106576710939407,0.75,0.75,0.00516841746866703,-0.4852777123451233
2026-08-10_18-03-38,/home/as22cq/Projects/Policy-RL-Peg_insertion/force_peg_rl/logs/rl_games/Forge/2026-08-10_18-03-38/nn/Forge.pth,44,nominal,1000,False,timeout,149,34.76536178588867,0.037237584590911865,21.447633743286133,14.06124496459961,1.2000000476837158,0.06566499918699265,3.051809549331665,0.017006417736411095,0.75,0.75,0.013639906421303749,0.48150819540023804
2026-08-10_18-03-38,/home/as22cq/Projects/Policy-RL-Peg_insertion/force_peg_rl/logs/rl_games/Forge/2026-08-10_18-03-38/nn/Forge.pth,44,nominal,1000,False,timeout,149,32.344970703125,-0.024504121392965317,35.83134078979492,16.067771911621094,1.100000023841858,0.02659017965197563,0.8905949592590332,0.01710451766848564,0.75,0.75,0.013467268086969852,-0.3489978611469269
2026-08-10_18-03-38,/home/as22cq/Projects/Policy-RL-Peg_insertion/force_peg_rl/logs/rl_games/Forge/2026-08-10_18-03-38/nn/Forge.pth,44,nominal,1000,True,success,149,286.0972900390625,0.0005524605512619019,22.99952507019043,13.585405349731445,1.2166666984558105,0.0007493675220757723,1.1686429977416992,0.015928983688354492,0.75,0.75,0.02180388756096363,0.42929592728614807
2026-08-10_18-03-38,/home/as22cq/Projects/Policy-RL-Peg_insertion/force_peg_rl/logs/rl_games/Forge/2026-08-10_18-03-38/nn/Forge.pth,44,nominal,1000,False,timeout,149,32.3425178527832,-0.01983775943517685,28.37467384338379,10.260476112365723,0.8166667222976685,0.07820682227611542,1.419216513633728,0.021516626700758934,0.75,0.75,0.02926960401237011,-0.5342552065849304
2026-08-10_18-03-38,/home/as22cq/Projects/Policy-RL-Peg_insertion/force_peg_rl/logs/rl_games/Forge/2026-08-10_18-03-38/nn/Forge.pth,44,nominal,1000,False,timeout,149,44.12142562866211,0.09938894212245941,15.78249740600586,10.000164031982422,1.1500000953674316,0.035266876220703125,0.22409075498580933,0.023288067430257797,0.75,0.75,0.017657635733485222,-0.610683798789978
2026-08-10_18-03-38,/home/as22cq/Projects/Policy-RL-Peg_insertion/force_peg_rl/logs/rl_games/Forge/2026-08-10_18-03-38/nn/Forge.pth,44,nominal,1000,False,timeout,149,26.084243774414062,0.06392084062099457,19.129329681396484,12.017836570739746,1.158333420753479,0.03999729081988335,0.5126120448112488,0.02208520472049713,0.75,0.75,0.0059074643068015575,-0.22996221482753754
2026-08-10_18-03-38,/home/as22cq/Projects/Policy-RL-Peg_insertion/force_peg_rl/logs/rl_games/Forge/2026-08-10_18-03-38/nn/Forge.pth,44,nominal,1000,False,timeout,149,229.0902557373047,0.008634217083454132,24.040006637573242,18.67325210571289,1.1750000715255737,0.0007638573297299445,1.2248326539993286,0.020177297294139862,0.75,0.75,0.01687154546380043,-0.5151067972183228
2026-08-10_18-03-38,/home/as22cq/Projects/Policy-RL-Peg_insertion/force_peg_rl/logs/rl_games/Forge/2026-08-10_18-03-38/nn/Forge.pth,44,nominal,1000,False,timeout,149,32.947872161865234,0.07736903429031372,22.92391014099121,6.738784313201904,0.8416666984558105,0.06289755553007126,3.0785303115844727,0.021927693858742714,0.75,0.75,0.012710227631032467,0.1696503609418869
2026-08-10_18-03-38,/home/as22cq/Projects/Policy-RL-Peg_insertion/force_peg_rl/logs/rl_games/Forge/2026-08-10_18-03-38/nn/Forge.pth,44,nominal,1000,False,timeout,149,37.249610900878906,0.02908436954021454,12.867709159851074,7.351672172546387,0.9250000715255737,0.014764548279345036,2.397552728652954,0.018010679632425308,0.75,0.75,0.017392847687005997,-0.19666120409965515
2026-08-10_18-03-38,/home/as22cq/Projects/Policy-RL-Peg_insertion/force_peg_rl/logs/rl_games/Forge/2026-08-10_18-03-38/nn/Forge.pth,44,nominal,1000,False,timeout,149,223.09007263183594,0.0018867887556552887,23.165494918823242,12.743460655212402,0.9416667222976685,0.0006054480327293277,1.1798595190048218,0.02326672337949276,0.75,0.75,0.001741071231663227,0.7786034941673279
2026-08-10_18-03-38,/home/as22cq/Projects/Policy-RL-Peg_insertion/force_peg_rl/logs/rl_games/Forge/2026-08-10_18-03-38/nn/Forge.pth,44,nominal,1000,False,timeout,149,31.204862594604492,0.017281755805015564,29.781227111816406,18.342029571533203,1.1416667699813843,0.03519836440682411,0.4013233482837677,0.015167709439992905,0.75,0.75,0.020970584824681282,-0.36637839674949646
2026-08-10_18-03-38,/home/as22cq/Projects/Policy-RL-Peg_insertion/force_peg_rl/logs/rl_games/Forge/2026-08-10_18-03-38/nn/Forge.pth,44,nominal,1000,False,timeout,149,34.62468338012695,0.10443650186061859,14.379470825195312,9.209680557250977,0.5416666865348816,0.03414090350270271,3.0953476428985596,0.018633289262652397,0.75,0.75,0.01637198030948639,0.6513102650642395
2026-08-10_18-03-38,/home/as22cq/Projects/Policy-RL-Peg_insertion/force_peg_rl/logs/rl_games/Forge/2026-08-10_18-03-38/nn/Forge.pth,44,nominal,1000,False,timeout,149,33.48625946044922,0.11464178562164307,19.61484146118164,13.668656349182129,1.0500000715255737,0.06519955396652222,2.9049336910247803,0.015388816595077515,0.75,0.75,0.003921461757272482,0.7233932614326477
2026-08-10_18-03-38,/home/as22cq/Projects/Policy-RL-Peg_insertion/force_peg_rl/logs/rl_games/Forge/2026-08-10_18-03-38/nn/Forge.pth,44,nominal,1000,False,timeout,149,140.30625915527344,-0.06767184287309647,26.72614860534668,13.547463417053223,1.0833333730697632,0.11658243834972382,1.51472008228302,0.02274537831544876,0.75,0.75,0.009313339367508888,-0.08680328726768494
2026-08-10_18-03-38,/home/as22cq/Projects/Policy-RL-Peg_insertion/force_peg_rl/logs/rl_games/Forge/2026-08-10_18-03-38/nn/Forge.pth,44,nominal,1000,False,timeout,149,30.826190948486328,0.039495110511779785,33.28279113769531,19.51265525817871,1.1083333492279053,0.01390644907951355,0.4360772669315338,0.015710577368736267,0.75,0.75,0.019425595179200172,-0.4838445484638214
2026-08-10_18-03-38,/home/as22cq/Projects/Policy-RL-Peg_insertion/force_peg_rl/logs/rl_games/Forge/2026-08-10_18-03-38/nn/Forge.pth,44,nominal,1000,False,timeout,149,53.591827392578125,0.02938498556613922,20.477632522583008,12.283736228942871,1.0916666984558105,0.004894701298326254,2.714202642440796,0.02032092958688736,0.75,0.75,0.014182153157889843,0.6797966957092285
2026-08-10_18-03-38,/home/as22cq/Projects/Policy-RL-Peg_insertion/force_peg_rl/logs/rl_games/Forge/2026-08-10_18-03-38/nn/Forge.pth,44,nominal,1000,False,timeout,149,33.44383239746094,0.09198106825351715,15.161261558532715,7.892056465148926,0.8166667222976685,0.03562673553824425,3.0161187648773193,0.014849083498120308,0.75,0.75,0.018205173313617706,0.5930506587028503
2026-08-10_18-03-38,/home/as22cq/Projects/Policy-RL-Peg_insertion/force_peg_rl/logs/rl_games/Forge/2026-08-10_18-03-38/nn/Forge.pth,44,nominal,1000,False,timeout,149,40.382293701171875,0.0027817152440547943,24.997732162475586,12.293322563171387,1.0916666984558105,0.014724772423505783,1.9906741380691528,0.023617209866642952,0.75,0.75,0.01874152570962906,-0.013633453287184238
2026-08-10_18-03-38,/home/as22cq/Projects/Policy-RL-Peg_insertion/force_peg_rl/logs/rl_games/Forge/2026-08-10_18-03-38/nn/Forge.pth,44,nominal,1000,False,timeout,149,35.02499771118164,0.051001451909542084,18.583450317382812,9.053290367126465,0.9166666865348816,0.03674962371587753,2.708301305770874,0.02065153233706951,0.75,0.75,0.003248911816626787,-0.5557721853256226
2026-08-10_18-03-38,/home/as22cq/Projects/Policy-RL-Peg_insertion/force_peg_rl/logs/rl_games/Forge/2026-08-10_18-03-38/nn/Forge.pth,44,nominal,1000,False,timeout,149,31.6256103515625,0.04611198604106903,15.992431640625,8.65966510772705,0.8916667103767395,0.030300699174404144,3.0620994567871094,0.014482613652944565,0.75,0.75,0.01868272013962269,0.7397307753562927
2026-08-10_18-03-38,/home/as22cq/Projects/Policy-RL-Peg_insertion/force_peg_rl/logs/rl_games/Forge/2026-08-10_18-03-38/nn/Forge.pth,44,nominal,1000,False,timeout,149,30.09950828552246,0.046446457505226135,31.133710861206055,15.802301406860352,1.1500000953674316,0.01142691820859909,0.3159206211566925,0.021722277626395226,0.75,0.75,0.01722043566405773,0.167257159948349
2026-08-10_18-03-38,/home/as22cq/Projects/Policy-RL-Peg_insertion/force_peg_rl/logs/rl_games/Forge/2026-08-10_18-03-38/nn/Forge.pth,44,nominal,1000,False,timeout,149,35.90550231933594,0.021660707890987396,28.938125610351562,9.619620323181152,0.6916667222976685,0.017384449020028114,2.945774793624878,0.020640037953853607,0.75,0.75,0.018936237320303917,0.622723400592804
2026-08-10_18-03-38,/home/as22cq/Projects/Policy-RL-Peg_insertion/force_peg_rl/logs/rl_games/Forge/2026-08-10_18-03-38/nn/Forge.pth,44,nominal,1000,False,timeout,149,214.32254028320312,0.01305193081498146,29.4433536529541,15.802783966064453,1.133333444595337,0.0006738613592460752,1.9696660041809082,0.022477203980088234,0.75,0.75,0.01925382763147354,-0.3056117296218872
2026-08-10_18-03-38,/home/as22cq/Projects/Policy-RL-Peg_insertion/force_peg_rl/logs/rl_games/Forge/2026-08-10_18-03-38/nn/Forge.pth,44,nominal,1000,False,timeout,149,33.25516128540039,0.019247114658355713,31.43328857421875,17.9125919342041,1.1500000953674316,0.026884689927101135,0.9395066499710083,0.021109554916620255,0.75,0.75,0.007974867708981037,-0.7287020683288574
2026-08-10_18-03-38,/home/as22cq/Projects/Policy-RL-Peg_insertion/force_peg_rl/logs/rl_games/Forge/2026-08-10_18-03-38/nn/Forge.pth,44,nominal,1000,False,timeout,149,35.82524871826172,0.04069096967577934,25.0481014251709,9.281933784484863,0.6000000238418579,0.05072605982422829,2.8426995277404785,0.019211361184716225,0.75,0.75,0.01427096500992775,-0.4781971275806427
2026-08-10_18-03-38,/home/as22cq/Projects/Policy-RL-Peg_insertion/force_peg_rl/logs/rl_games/Forge/2026-08-10_18-03-38/nn/Forge.pth,44,nominal,1000,False,timeout,149,181.8594512939453,0.01916830986738205,32.32533264160156,18.30788230895996,1.1916667222976685,0.000858419225551188,1.9837819337844849,0.021362097933888435,0.75,0.75,0.021569402888417244,0.3381204903125763
2026-08-10_18-03-38,/home/as22cq/Projects/Policy-RL-Peg_insertion/force_peg_rl/logs/rl_games/Forge/2026-08-10_18-03-38/nn/Forge.pth,44,nominal,1000,False,timeout,149,31.330135345458984,0.01147633045911789,11.281997680664062,6.153252601623535,0.36666667461395264,0.028072020038962364,0.3823828101158142,0.015144276432693005,0.75,0.75,0.014680529944598675,-0.5940676927566528
2026-08-10_18-03-38,/home/as22cq/Projects/Policy-RL-Peg_insertion/force_peg_rl/logs/rl_games/Forge/2026-08-10_18-03-38/nn/Forge.pth,44,nominal,1000,False,timeout,149,97.18546295166016,0.028089869767427444,19.545930862426758,12.03933048248291,0.9583333730697632,0.011247348971664906,1.263383150100708,0.01819933019578457,0.75,0.75,0.016953997313976288,-0.6358877420425415
2026-08-10_18-03-38,/home/as22cq/Projects/Policy-RL-Peg_insertion/force_peg_rl/logs/rl_games/Forge/2026-08-10_18-03-38/nn/Forge.pth,44,nominal,1000,False,timeout,149,34.401058197021484,0.03373962268233299,14.801420211791992,7.082577705383301,0.7416667342185974,0.019548892974853516,2.598458766937256,0.01859634928405285,0.75,0.75,0.014810780063271523,0.5278699398040771
2026-08-10_18-03-38,/home/as22cq/Projects/Policy-RL-Peg_insertion/force_peg_rl/logs/rl_games/Forge/2026-08-10_18-03-38/nn/Forge.pth,44,nominal,1000,False,timeout,149,36.47535705566406,0.057272229343652725,14.398100852966309,7.353302478790283,0.5,0.06444840878248215,3.1059141159057617,0.022616706788539886,0.75,0.75,0.023331528529524803,-0.09209977090358734
2026-08-10_18-03-38,/home/as22cq/Projects/Policy-RL-Peg_insertion/force_peg_rl/logs/rl_games/Forge/2026-08-10_18-03-38/nn/Forge.pth,44,nominal,1000,False,timeout,149,36.799373626708984,0.023195993155241013,20.353694915771484,11.038737297058105,0.8333333730697632,0.019189011305570602,2.3343324661254883,0.01667643152177334,0.75,0.75,0.008398529142141342,0.22906965017318726
2026-08-10_18-03-38,/home/as22cq/Projects/Policy-RL-Peg_insertion/force_peg_rl/logs/rl_games/Forge/2026-08-10_18-03-38/nn/Forge.pth,44,nominal,1000,False,timeout,149,30.486297607421875,-0.016157006844878197,22.9326114654541,10.043657302856445,1.0916666984558105,0.028877096250653267,0.9264878034591675,0.020499691367149353,0.75,0.75,0.0212562158703804,-0.5556243062019348
2026-08-10_18-03-38,/home/as22cq/Projects/Policy-RL-Peg_insertion/force_peg_rl/logs/rl_games/Forge/2026-08-10_18-03-38/nn/Forge.pth,44,nominal,1000,False,timeout,149,30.856212615966797,0.03181091696023941,17.69894027709961,13.195039749145508,1.1750000715255737,0.03783777728676796,0.6888628005981445,0.015302445739507675,0.75,0.75,0.0177607461810112,-0.1236727386713028
2026-08-10_18-03-38,/home/as22cq/Projects/Policy-RL-Peg_insertion/force_peg_rl/logs/rl_games/Forge/2026-08-10_18-03-38/nn/Forge.pth,44,nominal,1000,False,timeout,149,33.47606658935547,0.0448920875787735,15.560412406921387,7.288791179656982,0.8916667103767395,0.08219284564256668,2.9243597984313965,0.017816666513681412,0.75,0.75,0.0242341086268425,0.5805005431175232
2026-08-10_18-03-38,/home/as22cq/Projects/Policy-RL-Peg_insertion/force_peg_rl/logs/rl_games/Forge/2026-08-10_18-03-38/nn/Forge.pth,44,nominal,1000,False,timeout,149,29.966217041015625,0.057578664273023605,15.753124237060547,12.140885353088379,1.183333396911621,0.059895653277635574,1.385244607925415,0.02044020965695381,0.75,0.75,0.00980942789465189,-0.3797054588794708
2026-08-10_18-03-38,/home/as22cq/Projects/Policy-RL-Peg_insertion/force_peg_rl/logs/rl_games/Forge/2026-08-10_18-03-38/nn/Forge.pth,44,nominal,1000,False,timeout,149,33.21121597290039,0.10440514981746674,13.279718399047852,9.108677864074707,1.100000023841858,0.08236826211214066,3.0857417583465576,0.020616140216588974,0.75,0.75,0.011491778306663036,0.2706261873245239
2026-08-10_18-03-38,/home/as22cq/Projects/Policy-RL-Peg_insertion/force_peg_rl/logs/rl_games/Forge/2026-08-10_18-03-38/nn/Forge.pth,44,nominal,1000,False,timeout,149,34.047630310058594,0.009793233126401901,17.923973083496094,9.982297897338867,0.9916667342185974,0.030817316845059395,0.9619671702384949,0.01883445493876934,0.75,0.75,0.01786666177213192,0.03476588800549507
2026-08-10_18-03-38,/home/as22cq/Projects/Policy-RL-Peg_insertion/force_peg_rl/logs/rl_games/Forge/2026-08-10_18-03-38/nn/Forge.pth,44,nominal,1000,False,timeout,149,29.352548599243164,0.09066472947597504,18.816650390625,8.883268356323242,0.5833333730697632,0.05049292743206024,0.5579578876495361,0.015616628341376781,0.75,0.75,0.019473176449537277,-0.489355206489563
2026-08-10_18-03-38,/home/as22cq/Projects/Policy-RL-Peg_insertion/force_peg_rl/logs/rl_games/Forge/2026-08-10_18-03-38/nn/Forge.pth,44,nominal,1000,False,timeout,149,203.95062255859375,0.016846053302288055,33.60240936279297,15.123913764953613,1.0833333730697632,0.001214115764014423,1.172437310218811,0.018137915059924126,0.75,0.75,0.01773584820330143,-0.3590361177921295
2026-08-10_18-03-38,/home/as22cq/Projects/Policy-RL-Peg_insertion/force_peg_rl/logs/rl_games/Forge/2026-08-10_18-03-38/nn/Forge.pth,44,nominal,1000,False,timeout,149,36.163814544677734,0.016803473234176636,13.482625007629395,3.344714641571045,0.10833334177732468,0.08129135519266129,1.2119169235229492,0.016296008601784706,0.75,0.75,0.00981671642512083,0.0072858016937971115
2026-08-10_18-03-38,/home/as22cq/Projects/Policy-RL-Peg_insertion/force_peg_rl/logs/rl_games/Forge/2026-08-10_18-03-38/nn/Forge.pth,44,nominal,1000,False,timeout,149,26.810937881469727,0.027090270072221756,24.736419677734375,14.455103874206543,1.133333444595337,0.02912421151995659,0.5855131149291992,0.021955592557787895,0.75,0.75,0.016554847359657288,0.16270841658115387
2026-08-10_18-03-38,/home/as22cq/Projects/Policy-RL-Peg_insertion/force_peg_rl/logs/rl_games/Forge/2026-08-10_18-03-38/nn/Forge.pth,44,nominal,1000,False,timeout,149,36.577266693115234,0.05055618658661842,22.80574607849121,13.606805801391602,1.1166666746139526,0.04394045099616051,2.7942090034484863,0.017398741096258163,0.75,0.75,0.018239866942167282,0.24430878460407257
2026-08-10_18-03-38,/home/as22cq/Projects/Policy-RL-Peg_insertion/force_peg_rl/logs/rl_games/Forge/2026-08-10_18-03-38/nn/Forge.pth,44,nominal,1000,False,timeout,149,49.69327926635742,0.05678572133183479,17.755985260009766,6.644059181213379,0.18333333730697632,0.07152073830366135,2.6119234561920166,0.021526005119085312,0.75,0.75,0.027910269796848297,0.2353343665599823
2026-08-10_18-03-38,/home/as22cq/Projects/Policy-RL-Peg_insertion/force_peg_rl/logs/rl_games/Forge/2026-08-10_18-03-38/nn/Forge.pth,44,nominal,1000,False,timeout,149,31.320592880249023,0.0371917188167572,16.821901321411133,11.57028579711914,1.1083333492279053,0.01930248737335205,0.4527963101863861,0.02153584733605385,0.75,0.75,0.012768102809786797,-0.694214403629303
2026-08-10_18-03-38,/home/as22cq/Projects/Policy-RL-Peg_insertion/force_peg_rl/logs/rl_games/Forge/2026-08-10_18-03-38/nn/Forge.pth,44,nominal,1000,False,timeout,149,31.315963745117188,0.08546876907348633,17.57025718688965,6.994171142578125,0.6333333849906921,0.03706475719809532,0.8477015495300293,0.020107990130782127,0.75,0.75,0.012012415565550327,-0.019184185191988945
2026-08-10_18-03-38,/home/as22cq/Projects/Policy-RL-Peg_insertion/force_peg_rl/logs/rl_games/Forge/2026-08-10_18-03-38/nn/Forge.pth,44,nominal,1000,False,timeout,149,35.25896072387695,0.04860478639602661,22.02495765686035,9.83968734741211,0.46666669845581055,0.021438878029584885,2.79427170753479,0.016518810763955116,0.75,0.75,0.01345665194094181,0.7783546447753906
2026-08-10_18-03-38,/home/as22cq/Projects/Policy-RL-Peg_insertion/force_peg_rl/logs/rl_games/Forge/2026-08-10_18-03-38/nn/Forge.pth,44,nominal,1000,False,timeout,149,29.447301864624023,0.028595782816410065,11.811206817626953,6.693607807159424,0.6666666865348816,0.01952299103140831,0.36678680777549744,0.014285440556704998,0.75,0.75,0.013705601915717125,-0.0644080862402916
2026-08-10_18-03-38,/home/as22cq/Projects/Policy-RL-Peg_insertion/force_peg_rl/logs/rl_games/Forge/2026-08-10_18-03-38/nn/Forge.pth,44,nominal,1000,False,timeout,149,30.229473114013672,0.014945685863494873,18.97188377380371,12.234187126159668,1.125,0.023780949413776398,0.4132372736930847,0.018195345997810364,0.75,0.75,0.003924273420125246,-0.42383623123168945
2026-08-10_18-03-38,/home/as22cq/Projects/Policy-RL-Peg_insertion/force_peg_rl/logs/rl_games/Forge/2026-08-10_18-03-38/nn/Forge.pth,44,nominal,1000,False,timeout,149,30.923173904418945,0.00021310895681381226,21.389448165893555,10.165390968322754,1.158333420753479,0.02626096084713936,1.1823667287826538,0.016275029629468918,0.75,0.75,0.019192099571228027,-0.19189885258674622
2026-08-10_18-03-38,/home/as22cq/Projects/Policy-RL-Peg_insertion/force_peg_rl/logs/rl_games/Forge/2026-08-10_18-03-38/nn/Forge.pth,44,nominal,1000,False,timeout,149,38.07065200805664,0.03165522217750549,22.70133399963379,9.477951049804688,1.0,0.01854393072426319,2.905905246734619,0.020610002800822258,0.75,0.75,0.019328998401761055,0.42787811160087585
2026-08-10_18-03-38,/home/as22cq/Projects/Policy-RL-Peg_insertion/force_peg_rl/logs/rl_games/Forge/2026-08-10_18-03-38/nn/Forge.pth,44,nominal,1000,False,timeout,149,32.04465103149414,0.016504548490047455,23.301441192626953,14.374112129211426,1.1666667461395264,0.02628267928957939,0.8699361681938171,0.014068891294300556,0.75,0.75,0.003883833298459649,-0.20936408638954163
2026-08-10_18-03-38,/home/as22cq/Projects/Policy-RL-Peg_insertion/force_peg_rl/logs/rl_games/Forge/2026-08-10_18-03-38/nn/Forge.pth,44,nominal,1000,False,timeout,149,214.3522186279297,0.009627750143408775,26.71863555908203,11.695948600769043,0.8500000238418579,0.0007599153323099017,0.7280946373939514,0.01923026330769062,0.75,0.75,0.019818510860204697,0.6229040026664734
2026-08-10_18-03-38,/home/as22cq/Projects/Policy-RL-Peg_insertion/force_peg_rl/logs/rl_games/Forge/2026-08-10_18-03-38/nn/Forge.pth,44,nominal,1000,False,timeout,149,29.65532684326172,0.026028044521808624,19.3377628326416,13.235861778259277,1.2166666984558105,0.01993170939385891,1.1599546670913696,0.01865246519446373,0.75,0.75,0.00997968576848507,-0.0895037055015564
2026-08-10_18-03-38,/home/as22cq/Projects/Policy-RL-Peg_insertion/force_peg_rl/logs/rl_games/Forge/2026-08-10_18-03-38/nn/Forge.pth,44,nominal,1000,False,timeout,149,34.7412109375,0.04619991406798363,23.580791473388672,9.290301322937012,0.8250000476837158,0.07361865788698196,2.82556414604187,0.014611597172915936,0.75,0.75,0.012011678889393806,0.06948459893465042
2026-08-10_18-03-38,/home/as22cq/Projects/Policy-RL-Peg_insertion/force_peg_rl/logs/rl_games/Forge/2026-08-10_18-03-38/nn/Forge.pth,44,nominal,1000,False,timeout,149,31.815309524536133,0.05816183611750603,25.354785919189453,6.857874393463135,0.8500000238418579,0.06971227377653122,1.321974515914917,0.02036285027861595,0.75,0.75,0.013305995613336563,-0.225971981883049
2026-08-10_18-03-38,/home/as22cq/Projects/Policy-RL-Peg_insertion/force_peg_rl/logs/rl_games/Forge/2026-08-10_18-03-38/nn/Forge.pth,44,nominal,1000,False,timeout,149,37.860347747802734,0.061565615236759186,13.280244827270508,8.784453392028809,1.0166667699813843,0.06932603567838669,3.043379783630371,0.023796245455741882,0.75,0.75,0.012964023277163506,0.7164013385772705
2026-08-10_18-03-38,/home/as22cq/Projects/Policy-RL-Peg_insertion/force_peg_rl/logs/rl_games/Forge/2026-08-10_18-03-38/nn/Forge.pth,44,nominal,1000,False,timeout,149,34.04787826538086,-0.019185084849596024,18.474578857421875,12.925928115844727,1.0416667461395264,0.03008243627846241,1.5956307649612427,0.01916254125535488,0.75,0.75,0.016366122290492058,0.5800651907920837
2026-08-10_18-03-38,/home/as22cq/Projects/Policy-RL-Peg_insertion/force_peg_rl/logs/rl_games/Forge/2026-08-10_18-03-38/nn/Forge.pth,44,nominal,1000,False,timeout,149,35.950138092041016,0.06285353004932404,11.16190242767334,6.915674686431885,0.3750000298023224,0.06131788343191147,3.138376474380493,0.022074416279792786,0.75,0.75,0.007580036763101816,0.682048499584198
2026-08-10_18-03-38,/home/as22cq/Projects/Policy-RL-Peg_insertion/force_peg_rl/logs/rl_games/Forge/2026-08-10_18-03-38/nn/Forge.pth,44,nominal,1000,False,timeout,149,29.94329071044922,0.04354911297559738,14.911104202270508,7.920738697052002,0.7000000476837158,0.080225370824337,0.841555118560791,0.01404297724366188,0.75,0.75,0.01664602942764759,-0.041900698095560074
2026-08-10_18-03-38,/home/as22cq/Projects/Policy-RL-Peg_insertion/force_peg_rl/logs/rl_games/Forge/2026-08-10_18-03-38/nn/Forge.pth,44,nominal,1000,False,timeout,149,36.31797409057617,0.014591112732887268,16.648094177246094,10.91080093383789,1.1416667699813843,0.028014009818434715,1.4383320808410645,0.023470990359783173,0.75,0.75,0.0054255262948572636,0.4116021990776062
2026-08-10_18-03-38,/home/as22cq/Projects/Policy-RL-Peg_insertion/force_peg_rl/logs/rl_games/Forge/2026-08-10_18-03-38/nn/Forge.pth,44,nominal,1000,True,success,149,261.426025390625,3.3974647521972656e-05,24.78081512451172,13.763331413269043,1.100000023841858,0.0004203451971989125,1.1610745191574097,0.021821875125169754,0.75,0.75,0.02030687965452671,-0.16185137629508972
2026-08-10_18-03-38,/home/as22cq/Projects/Policy-RL-Peg_insertion/force_peg_rl/logs/rl_games/Forge/2026-08-10_18-03-38/nn/Forge.pth,44,nominal,1000,False,timeout,149,34.33518600463867,0.023183979094028473,20.689208984375,8.38805866241455,0.7583333849906921,0.027479534968733788,0.5787674784660339,0.02154189720749855,0.75,0.75,0.019165348261594772,-0.45010051131248474
2026-08-10_18-03-38,/home/as22cq/Projects/Policy-RL-Peg_insertion/force_peg_rl/logs/rl_games/Forge/2026-08-10_18-03-38/nn/Forge.pth,44,nominal,1000,False,timeout,149,34.40989303588867,0.0755552351474762,15.967926025390625,5.46302604675293,0.15833334624767303,0.02484440617263317,2.769420623779297,0.02268923446536064,0.75,0.75,0.014607585035264492,0.7358390688896179
2026-08-10_18-03-38,/home/as22cq/Projects/Policy-RL-Peg_insertion/force_peg_rl/logs/rl_games/Forge/2026-08-10_18-03-38/nn/Forge.pth,44,nominal,1000,False,timeout,149,33.9146728515625,0.0009731128811836243,31.32082748413086,14.18678092956543,0.9250000715255737,0.02442266419529915,1.391825556755066,0.01819918304681778,0.75,0.75,0.02385641820728779,-0.3538558781147003
2026-08-10_18-03-38,/home/as22cq/Projects/Policy-RL-Peg_insertion/force_peg_rl/logs/rl_games/Forge/2026-08-10_18-03-38/nn/Forge.pth,44,nominal,1000,False,timeout,149,28.137975692749023,-0.01160881295800209,29.993877410888672,16.313568115234375,1.0916666984558105,0.034940723329782486,0.8104881048202515,0.02384127676486969,0.75,0.75,0.024223847314715385,-0.29439887404441833
2026-08-10_18-03-38,/home/as22cq/Projects/Policy-RL-Peg_insertion/force_peg_rl/logs/rl_games/Forge/2026-08-10_18-03-38/nn/Forge.pth,44,nominal,1000,False,timeout,149,34.79694747924805,0.002063348889350891,16.709304809570312,5.919543743133545,0.6916667222976685,0.0305850300937891,1.6593436002731323,0.019521426409482956,0.75,0.75,0.018769212067127228,0.46091803908348083
2026-08-10_18-03-38,/home/as22cq/Projects/Policy-RL-Peg_insertion/force_peg_rl/logs/rl_games/Forge/2026-08-10_18-03-38/nn/Forge.pth,44,nominal,1000,False,timeout,149,130.39614868164062,0.025267794728279114,32.6517333984375,14.376946449279785,1.033333420753479,0.0032680861186236143,2.41510272026062,0.017901703715324402,0.75,0.75,0.027143552899360657,-0.6785184144973755
2026-08-10_18-03-38,/home/as22cq/Projects/Policy-RL-Peg_insertion/force_peg_rl/logs/rl_games/Forge/2026-08-10_18-03-38/nn/Forge.pth,44,nominal,1000,False,timeout,149,32.3265495300293,0.0037749484181404114,28.374042510986328,19.421863555908203,1.1916667222976685,0.018438255414366722,0.4051598906517029,0.01844656653702259,0.75,0.75,0.011389503255486488,-0.7289931178092957
2026-08-10_18-03-38,/home/as22cq/Projects/Policy-RL-Peg_insertion/force_peg_rl/logs/rl_games/Forge/2026-08-10_18-03-38/nn/Forge.pth,44,nominal,1000,False,timeout,149,31.940536499023438,0.043383002281188965,16.47467041015625,10.724370956420898,1.1083333492279053,0.03037966415286064,0.9226622581481934,0.01502446923404932,0.75,0.75,0.0017566080205142498,0.08035995811223984
2026-08-10_18-03-38,/home/as22cq/Projects/Policy-RL-Peg_insertion/force_peg_rl/logs/rl_games/Forge/2026-08-10_18-03-38/nn/Forge.pth,44,nominal,1000,False,timeout,149,31.158010482788086,-0.011483840644359589,14.02719497680664,7.5564751625061035,0.8500000238418579,0.04427408054471016,0.7718712687492371,0.02272612228989601,0.75,0.75,0.02078428864479065,-0.405960351228714
2026-08-10_18-03-38,/home/as22cq/Projects/Policy-RL-Peg_insertion/force_peg_rl/logs/rl_games/Forge/2026-08-10_18-03-38/nn/Forge.pth,44,nominal,1000,False,timeout,149,213.9762420654297,0.007939532399177551,41.85737609863281,22.978675842285156,1.1916667222976685,0.0007849428802728653,1.7718571424484253,0.017671700567007065,0.75,0.75,0.017524374648928642,0.5174781084060669
2026-08-10_18-03-38,/home/as22cq/Projects/Policy-RL-Peg_insertion/force_peg_rl/logs/rl_games/Forge/2026-08-10_18-03-38/nn/Forge.pth,44,nominal,1001,True,success,149,381.8084716796875,0.0001545557752251625,17.117517471313477,12.58251953125,1.0166667699813843,0.0006121565820649266,0.4504413306713104,0.014582974836230278,0.75,0.75,0.010110991075634956,-0.07034808397293091
2026-08-10_18-03-38,/home/as22cq/Projects/Policy-RL-Peg_insertion/force_peg_rl/logs/rl_games/Forge/2026-08-10_18-03-38/nn/Forge.pth,44,nominal,1001,True,success,149,332.1185607910156,0.00016533583402633667,19.832780838012695,14.749503135681152,1.133333444595337,0.0005466180737130344,-0.054611533880233765,0.02033928595483303,0.75,0.75,0.022193633019924164,-0.4973938465118408
2026-08-10_18-03-38,/home/as22cq/Projects/Policy-RL-Peg_insertion/force_peg_rl/logs/rl_games/Forge/2026-08-10_18-03-38/nn/Forge.pth,44,nominal,1001,False,timeout,149,99.93936920166016,-0.031312569975852966,30.311861038208008,13.069141387939453,0.9166666865348816,0.17432136833667755,2.9750938415527344,0.019945984706282616,0.75,0.75,0.01767636276781559,-0.5415600538253784
2026-08-10_18-03-38,/home/as22cq/Projects/Policy-RL-Peg_insertion/force_peg_rl/logs/rl_games/Forge/2026-08-10_18-03-38/nn/Forge.pth,44,nominal,1001,False,timeout,149,165.23757934570312,0.05482722818851471,24.390331268310547,9.827116966247559,0.9583333730697632,0.25293582677841187,1.4549567699432373,0.02142946794629097,0.75,0.75,0.00800418108701706,-0.14980211853981018
2026-08-10_18-03-38,/home/as22cq/Projects/Policy-RL-Peg_insertion/force_peg_rl/logs/rl_games/Forge/2026-08-10_18-03-38/nn/Forge.pth,44,nominal,1001,False,timeout,149,204.42593383789062,0.011769682168960571,28.593393325805664,11.924086570739746,0.8250000476837158,0.0005368912243284285,1.7790418863296509,0.023519529029726982,0.75,0.75,0.01866862364113331,0.7537457346916199
2026-08-10_18-03-38,/home/as22cq/Projects/Policy-RL-Peg_insertion/force_peg_rl/logs/rl_games/Forge/2026-08-10_18-03-38/nn/Forge.pth,44,nominal,1001,True,success,149,333.6162109375,0.000581495463848114,17.776004791259766,12.351895332336426,1.0416667461395264,0.0007529071881435812,1.4161351919174194,0.022065134719014168,0.75,0.75,0.002766946330666542,0.6146127581596375
2026-08-10_18-03-38,/home/as22cq/Projects/Policy-RL-Peg_insertion/force_peg_rl/logs/rl_games/Forge/2026-08-10_18-03-38/nn/Forge.pth,44,nominal,1001,False,timeout,149,91.40076446533203,0.05003875494003296,13.87492561340332,8.252294540405273,0.9583333730697632,0.05616891384124756,2.840873956680298,0.016289368271827698,0.75,0.75,0.011815238744020462,0.593267023563385
2026-08-10_18-03-38,/home/as22cq/Projects/Policy-RL-Peg_insertion/force_peg_rl/logs/rl_games/Forge/2026-08-10_18-03-38/nn/Forge.pth,44,nominal,1001,False,timeout,149,85.31735229492188,0.03061649203300476,17.963109970092773,9.669897079467773,1.1083333492279053,0.039784688502550125,1.1671806573867798,0.02117471769452095,0.75,0.75,0.021404411643743515,-0.29661664366722107
2026-08-10_18-03-38,/home/as22cq/Projects/Policy-RL-Peg_insertion/force_peg_rl/logs/rl_games/Forge/2026-08-10_18-03-38/nn/Forge.pth,44,nominal,1001,True,success,149,236.1143035888672,0.0003307908773422241,26.197574615478516,11.103415489196777,0.9416667222976685,0.0005277898162603378,0.9134556651115417,0.020500419661402702,0.75,0.75,0.007271798327565193,0.1795370876789093
2026-08-10_18-03-38,/home/as22cq/Projects/Policy-RL-Peg_insertion/force_peg_rl/logs/rl_games/Forge/2026-08-10_18-03-38/nn/Forge.pth,44,nominal,1001,False,timeout,149,207.06419372558594,0.011721031740307808,19.36577033996582,11.22686767578125,1.0500000715255737,0.0006314298370853066,1.3649756908416748,0.014920365996658802,0.75,0.75,0.0033706058748066425,0.05625622719526291
2026-08-10_18-03-38,/home/as22cq/Projects/Policy-RL-Peg_insertion/force_peg_rl/logs/rl_games/Forge/2026-08-10_18-03-38/nn/Forge.pth,44,nominal,1001,False,timeout,149,197.0153045654297,0.016469642519950867,24.465364456176758,12.900797843933105,1.1500000953674316,0.0010739373974502087,0.5879548192024231,0.023447120562195778,0.75,0.75,0.008436107076704502,-0.5396464467048645
2026-08-10_18-03-38,/home/as22cq/Projects/Policy-RL-Peg_insertion/force_peg_rl/logs/rl_games/Forge/2026-08-10_18-03-38/nn/Forge.pth,44,nominal,1001,True,success,149,277.6895751953125,0.0001673772931098938,29.724363327026367,16.657381057739258,1.1666667461395264,0.0007468963740393519,1.4155573844909668,0.021928714588284492,0.75,0.75,0.020921682938933372,-0.24840134382247925
2026-08-10_18-03-38,/home/as22cq/Projects/Policy-RL-Peg_insertion/force_peg_rl/logs/rl_games/Forge/2026-08-10_18-03-38/nn/Forge.pth,44,nominal,1001,False,timeout,149,33.408939361572266,0.023909378796815872,21.758668899536133,14.224135398864746,1.125,0.019649749621748924,1.55866277217865,0.021051546558737755,0.75,0.75,0.021711206063628197,-0.6493220925331116
2026-08-10_18-03-38,/home/as22cq/Projects/Policy-RL-Peg_insertion/force_peg_rl/logs/rl_games/Forge/2026-08-10_18-03-38/nn/Forge.pth,44,nominal,1001,False,timeout,149,37.15176773071289,0.05098501220345497,16.013437271118164,9.417661666870117,0.7833333611488342,0.042270999401807785,2.968698024749756,0.023087522014975548,0.75,0.75,0.015144135802984238,-0.5551906824111938
2026-08-10_18-03-38,/home/as22cq/Projects/Policy-RL-Peg_insertion/force_peg_rl/logs/rl_games/Forge/2026-08-10_18-03-38/nn/Forge.pth,44,nominal,1001,True,success,149,258.56103515625,0.0003893934190273285,33.03047561645508,16.607810974121094,1.1166666746139526,0.0007821712642908096,1.1653836965560913,0.01856512390077114,0.75,0.75,0.0171226654201746,0.29567739367485046
2026-08-10_18-03-38,/home/as22cq/Projects/Policy-RL-Peg_insertion/force_peg_rl/logs/rl_games/Forge/2026-08-10_18-03-38/nn/Forge.pth,44,nominal,1001,False,timeout,149,36.53282928466797,0.04734037443995476,14.708502769470215,6.856579303741455,0.30000001192092896,0.031743988394737244,2.499518871307373,0.023324768990278244,0.75,0.75,0.020652227103710175,0.4007342457771301
2026-08-10_18-03-38,/home/as22cq/Projects/Policy-RL-Peg_insertion/force_peg_rl/logs/rl_games/Forge/2026-08-10_18-03-38/nn/Forge.pth,44,nominal,1001,False,timeout,149,231.7004852294922,0.003984745591878891,22.662851333618164,14.383919715881348,1.0500000715255737,0.0006170046399347484,2.069204807281494,0.016495054587721825,0.75,0.75,0.018144112080335617,-0.46352580189704895
2026-08-10_18-03-38,/home/as22cq/Projects/Policy-RL-Peg_insertion/force_peg_rl/logs/rl_games/Forge/2026-08-10_18-03-38/nn/Forge.pth,44,nominal,1001,False,timeout,149,75.32234954833984,0.07427670061588287,23.61547088623047,9.001114845275879,0.7250000238418579,0.010452644899487495,0.3576854467391968,0.019658973440527916,0.75,0.75,0.019881224259734154,-0.43698203563690186
2026-08-10_18-03-38,/home/as22cq/Projects/Policy-RL-Peg_insertion/force_peg_rl/logs/rl_games/Forge/2026-08-10_18-03-38/nn/Forge.pth,44,nominal,1001,False,timeout,149,53.97382354736328,0.024124223738908768,13.309209823608398,9.144638061523438,0.5833333730697632,0.0029006926342844963,1.3797749280929565,0.023034047335386276,0.75,0.75,0.021829308941960335,0.07910413295030594
2026-08-10_18-03-38,/home/as22cq/Projects/Policy-RL-Peg_insertion/force_peg_rl/logs/rl_games/Forge/2026-08-10_18-03-38/nn/Forge.pth,44,nominal,1001,True,success,149,392.8522033691406,7.89174810051918e-05,17.847713470458984,13.509947776794434,1.0500000715255737,0.0002838082436937839,0.25820693373680115,0.018841315060853958,0.75,0.75,0.01778019405901432,0.35664674639701843
2026-08-10_18-03-38,/home/as22cq/Projects/Policy-RL-Peg_insertion/force_peg_rl/logs/rl_games/Forge/2026-08-10_18-03-38/nn/Forge.pth,44,nominal,1001,False,timeout,149,67.07398986816406,0.08352243155241013,20.482444763183594,11.220576286315918,0.8500000238418579,0.033132705837488174,0.32245609164237976,0.019187122583389282,0.75,0.75,0.007226718124002218,-0.4442608654499054
2026-08-10_18-03-38,/home/as22cq/Projects/Policy-RL-Peg_insertion/force_peg_rl/logs/rl_games/Forge/2026-08-10_18-03-38/nn/Forge.pth,44,nominal,1001,False,timeout,149,42.09270095825195,0.03137835115194321,12.048552513122559,7.961337089538574,0.7333333492279053,0.028979944065213203,1.3096166849136353,0.020070508122444153,0.75,0.75,0.011614397168159485,-0.3421226143836975
2026-08-10_18-03-38,/home/as22cq/Projects/Policy-RL-Peg_insertion/force_peg_rl/logs/rl_games/Forge/2026-08-10_18-03-38/nn/Forge.pth,44,nominal,1001,False,timeout,149,143.2749786376953,0.028648559004068375,37.54573059082031,18.8179931640625,1.158333420753479,0.004689602181315422,0.9811771512031555,0.019575979560613632,0.75,0.75,0.01174683403223753,-0.6820406317710876
2026-08-10_18-03-38,/home/as22cq/Projects/Policy-RL-Peg_insertion/force_peg_rl/logs/rl_games/Forge/2026-08-10_18-03-38/nn/Forge.pth,44,nominal,1001,False,timeout,149,229.33436584472656,0.005838155746459961,32.89338684082031,17.011375427246094,1.1750000715255737,0.0005510036717168987,1.3559889793395996,0.017884882166981697,0.75,0.75,0.021071406081318855,-0.5599067211151123
2026-08-10_18-03-38,/home/as22cq/Projects/Policy-RL-Peg_insertion/force_peg_rl/logs/rl_games/Forge/2026-08-10_18-03-38/nn/Forge.pth,44,nominal,1001,False,timeout,149,214.6132049560547,0.016777317970991135,27.182016372680664,15.657548904418945,1.158333420753479,0.0010535167530179024,1.7060192823410034,0.01758422702550888,0.75,0.75,0.019610924646258354,-0.2691989243030548
2026-08-10_18-03-38,/home/as22cq/Projects/Policy-RL-Peg_insertion/force_peg_rl/logs/rl_games/Forge/2026-08-10_18-03-38/nn/Forge.pth,44,nominal,1001,False,timeout,149,25.117942810058594,0.21583594381809235,36.87480926513672,5.801471710205078,0.7916666865348816,0.017431525513529778,0.3681195080280304,0.017869669944047928,0.75,0.75,0.012875811196863651,-0.618934690952301
2026-08-10_18-03-38,/home/as22cq/Projects/Policy-RL-Peg_insertion/force_peg_rl/logs/rl_games/Forge/2026-08-10_18-03-38/nn/Forge.pth,44,nominal,1001,False,timeout,149,195.88229370117188,0.016607411205768585,25.308761596679688,12.217964172363281,1.058333396911621,0.0006617979379370809,1.5950034856796265,0.01962859369814396,0.75,0.75,0.011299483478069305,-0.2725750207901001
2026-08-10_18-03-38,/home/as22cq/Projects/Policy-RL-Peg_insertion/force_peg_rl/logs/rl_games/Forge/2026-08-10_18-03-38/nn/Forge.pth,44,nominal,1001,False,timeout,149,73.65492248535156,0.08451688289642334,19.219982147216797,8.059669494628906,0.8583333492279053,0.061004411429166794,0.9492552280426025,0.016826501116156578,0.75,0.75,0.018575113266706467,-0.09378418326377869
2026-08-10_18-03-38,/home/as22cq/Projects/Policy-RL-Peg_insertion/force_peg_rl/logs/rl_games/Forge/2026-08-10_18-03-38/nn/Forge.pth,44,nominal,1001,False,timeout,149,112.12291717529297,0.03614100068807602,17.65131187438965,13.265098571777344,1.1416667699813843,0.020882373675704002,0.5875230431556702,0.020204121246933937,0.75,0.75,0.01512822974473238,-0.7818158864974976
2026-08-10_18-03-38,/home/as22cq/Projects/Policy-RL-Peg_insertion/force_peg_rl/logs/rl_games/Forge/2026-08-10_18-03-38/nn/Forge.pth,44,nominal,1001,False,force_limit,149,49.53750991821289,0.030977271497249603,51.64561080932617,15.625043869018555,0.9583333730697632,0.006673821248114109,0.4718877375125885,0.019322259351611137,0.75,0.75,0.005391777493059635,-0.45521241426467896
2026-08-10_18-03-38,/home/as22cq/Projects/Policy-RL-Peg_insertion/force_peg_rl/logs/rl_games/Forge/2026-08-10_18-03-38/nn/Forge.pth,44,nominal,1001,False,timeout,149,228.87432861328125,0.005980007350444794,33.42987823486328,17.222951889038086,1.1666667461395264,0.0007225548615679145,1.78471040725708,0.015515419654548168,0.75,0.75,0.008893955498933792,-0.3283514976501465
2026-08-10_18-03-38,/home/as22cq/Projects/Policy-RL-Peg_insertion/force_peg_rl/logs/rl_games/Forge/2026-08-10_18-03-38/nn/Forge.pth,44,nominal,1001,False,timeout,149,59.054222106933594,0.02528083696961403,11.732184410095215,5.890370845794678,0.3333333432674408,0.004226884339004755,-0.08726053684949875,0.016003001481294632,0.75,0.75,0.018350675702095032,0.7685384750366211
2026-08-10_18-03-38,/home/as22cq/Projects/Policy-RL-Peg_insertion/force_peg_rl/logs/rl_games/Forge/2026-08-10_18-03-38/nn/Forge.pth,44,nominal,1001,False,timeout,149,31.20699119567871,0.057101771235466,18.655595779418945,8.292560577392578,0.9416667222976685,0.03728596493601799,0.6418368220329285,0.023824989795684814,0.75,0.75,0.020526640117168427,-0.7491322755813599
2026-08-10_18-03-38,/home/as22cq/Projects/Policy-RL-Peg_insertion/force_peg_rl/logs/rl_games/Forge/2026-08-10_18-03-38/nn/Forge.pth,44,nominal,1001,True,success,149,343.361572265625,0.004120916128158569,20.27199363708496,14.747499465942383,1.0416667461395264,0.0007524887914769351,1.356087327003479,0.021529115736484528,0.75,0.75,0.021493110805749893,-0.12146566063165665
2026-08-10_18-03-38,/home/as22cq/Projects/Policy-RL-Peg_insertion/force_peg_rl/logs/rl_games/Forge/2026-08-10_18-03-38/nn/Forge.pth,44,nominal,1001,False,timeout,149,244.71023559570312,0.005218006670475006,30.37674331665039,13.92944049835205,1.033333420753479,0.0005920020630583167,1.8084639310836792,0.017748845741152763,0.75,0.75,0.021931102499365807,0.38618290424346924
2026-08-10_18-03-38,/home/as22cq/Projects/Policy-RL-Peg_insertion/force_peg_rl/logs/rl_games/Forge/2026-08-10_18-03-38/nn/Forge.pth,44,nominal,1001,False,timeout,149,210.1425018310547,0.007927145808935165,39.43777084350586,15.636276245117188,1.133333444595337,0.0017411431763321161,1.3393371105194092,0.019194230437278748,0.75,0.75,0.019683752208948135,-0.13773249089717865
2026-08-10_18-03-38,/home/as22cq/Projects/Policy-RL-Peg_insertion/force_peg_rl/logs/rl_games/Forge/2026-08-10_18-03-38/nn/Forge.pth,44,nominal,1001,False,force_limit,149,29.393217086791992,0.07077880203723907,72.43223571777344,11.922107696533203,0.9916667342185974,0.04387447237968445,0.32417765259742737,0.015837624669075012,0.75,0.75,0.023288791999220848,-0.5399261116981506
2026-08-10_18-03-38,/home/as22cq/Projects/Policy-RL-Peg_insertion/force_peg_rl/logs/rl_games/Forge/2026-08-10_18-03-38/nn/Forge.pth,44,nominal,1001,False,timeout,149,36.90247344970703,0.003929883241653442,23.65024757385254,8.487510681152344,0.7250000238418579,0.024070486426353455,1.5250324010849,0.021928710862994194,0.75,0.75,0.025848420336842537,-0.18032708764076233
2026-08-10_18-03-38,/home/as22cq/Projects/Policy-RL-Peg_insertion/force_peg_rl/logs/rl_games/Forge/2026-08-10_18-03-38/nn/Forge.pth,44,nominal,1001,False,timeout,149,69.0720443725586,0.028734475374221802,23.643590927124023,11.61215877532959,1.0916666984558105,0.008900532498955727,2.626444101333618,0.01904228888452053,0.75,0.75,0.025460759177803993,0.33164212107658386
2026-08-10_18-03-38,/home/as22cq/Projects/Policy-RL-Peg_insertion/force_peg_rl/logs/rl_games/Forge/2026-08-10_18-03-38/nn/Forge.pth,44,nominal,1001,False,timeout,149,206.59129333496094,0.010930489748716354,28.415584564208984,16.942171096801758,1.1750000715255737,0.0005640244926325977,0.9762881398200989,0.01983124576508999,0.75,0.75,0.02251729741692543,-0.2691696584224701
2026-08-10_18-03-38,/home/as22cq/Projects/Policy-RL-Peg_insertion/force_peg_rl/logs/rl_games/Forge/2026-08-10_18-03-38/nn/Forge.pth,44,nominal,1001,False,timeout,149,32.57048416137695,0.07833539694547653,19.54805564880371,5.679186820983887,0.25833335518836975,0.07249303162097931,2.713286876678467,0.02237432450056076,0.75,0.75,0.02148120291531086,-0.39416682720184326
2026-08-10_18-03-38,/home/as22cq/Projects/Policy-RL-Peg_insertion/force_peg_rl/logs/rl_games/Forge/2026-08-10_18-03-38/nn/Forge.pth,44,nominal,1001,False,timeout,149,60.47603225708008,0.05292113870382309,25.663471221923828,13.576430320739746,0.9666666984558105,0.03478013724088669,2.4461727142333984,0.020307006314396858,0.75,0.75,0.025398768484592438,0.14865505695343018
2026-08-10_18-03-38,/home/as22cq/Projects/Policy-RL-Peg_insertion/force_peg_rl/logs/rl_games/Forge/2026-08-10_18-03-38/nn/Forge.pth,44,nominal,1001,True,success,149,319.6295471191406,0.00041434820741415024,18.040231704711914,14.540152549743652,1.1666667461395264,0.000701640616171062,1.1388976573944092,0.018703695386648178,0.75,0.75,0.009076794609427452,-0.7004092335700989
2026-08-10_18-03-38,/home/as22cq/Projects/Policy-RL-Peg_insertion/force_peg_rl/logs/rl_games/Forge/2026-08-10_18-03-38/nn/Forge.pth,44,nominal,1001,False,timeout,149,62.94097137451172,0.031036727130413055,14.550566673278809,8.072012901306152,0.8083333969116211,0.01861940324306488,0.6452233195304871,0.02388438582420349,0.75,0.75,0.022991864010691643,-0.5532423257827759
2026-08-10_18-03-38,/home/as22cq/Projects/Policy-RL-Peg_insertion/force_peg_rl/logs/rl_games/Forge/2026-08-10_18-03-38/nn/Forge.pth,44,nominal,1001,False,timeout,149,78.85430145263672,0.025380246341228485,22.294023513793945,10.759359359741211,1.033333420753479,0.018740354105830193,2.064950704574585,0.023065969347953796,0.75,0.75,0.018991924822330475,0.20743392407894135
2026-08-10_18-03-38,/home/as22cq/Projects/Policy-RL-Peg_insertion/force_peg_rl/logs/rl_games/Forge/2026-08-10_18-03-38/nn/Forge.pth,44,nominal,1001,False,timeout,149,219.36073303222656,0.00220329686999321,21.58553695678711,10.086060523986816,1.1416667699813843,0.0006073404802009463,1.6287890672683716,0.022870369255542755,0.75,0.75,0.017809879034757614,0.6315240263938904
2026-08-10_18-03-38,/home/as22cq/Projects/Policy-RL-Peg_insertion/force_peg_rl/logs/rl_games/Forge/2026-08-10_18-03-38/nn/Forge.pth,44,nominal,1001,False,timeout,149,53.30767822265625,0.02712048403918743,10.41938304901123,7.074705600738525,0.6500000357627869,0.01753665879368782,0.8684651851654053,0.022785302251577377,0.75,0.75,0.00510643282905221,0.09131362289190292
2026-08-10_18-03-38,/home/as22cq/Projects/Policy-RL-Peg_insertion/force_peg_rl/logs/rl_games/Forge/2026-08-10_18-03-38/nn/Forge.pth,44,nominal,1001,True,success,149,266.9736022949219,-1.5858560800552368e-05,21.53238296508789,12.348917007446289,0.98333340883255,0.00045672585838474333,1.3172069787979126,0.023870799690485,0.75,0.75,0.015833258628845215,0.3663131892681122
2026-08-10_18-03-38,/home/as22cq/Projects/Policy-RL-Peg_insertion/force_peg_rl/logs/rl_games/Forge/2026-08-10_18-03-38/nn/Forge.pth,44,nominal,1001,False,timeout,149,205.3619842529297,0.016558952629566193,23.3112735748291,10.091499328613281,1.0166667699813843,0.0012165961088612676,2.226618766784668,0.014620817266404629,0.75,0.75,0.010411480441689491,-0.14587116241455078
2026-08-10_18-03-38,/home/as22cq/Projects/Policy-RL-Peg_insertion/force_peg_rl/logs/rl_games/Forge/2026-08-10_18-03-38/nn/Forge.pth,44,nominal,1001,False,timeout,149,122.46041107177734,0.02384236454963684,32.09209060668945,16.59360122680664,1.183333396911621,0.0018516358686611056,1.7565499544143677,0.02186746895313263,0.75,0.75,0.012933487072587013,-0.44119328260421753
2026-08-10_18-03-38,/home/as22cq/Projects/Policy-RL-Peg_insertion/force_peg_rl/logs/rl_games/Forge/2026-08-10_18-03-38/nn/Forge.pth,44,nominal,1001,False,timeout,149,131.2955780029297,0.024694249033927917,29.5035457611084,17.42588996887207,1.1083333492279053,0.0029965415596961975,2.3054041862487793,0.016157617792487144,0.75,0.75,0.023202423006296158,-0.3652269244194031
2026-08-10_18-03-38,/home/as22cq/Projects/Policy-RL-Peg_insertion/force_peg_rl/logs/rl_games/Forge/2026-08-10_18-03-38/nn/Forge.pth,44,nominal,1001,False,timeout,149,204.46681213378906,0.018718112260103226,24.986204147338867,12.80246639251709,1.0750000476837158,0.0006780505063943565,1.0306835174560547,0.021059606224298477,0.75,0.75,0.01897650584578514,0.38433027267456055
2026-08-10_18-03-38,/home/as22cq/Projects/Policy-RL-Peg_insertion/force_peg_rl/logs/rl_games/Forge/2026-08-10_18-03-38/nn/Forge.pth,44,nominal,1001,False,timeout,149,218.32301330566406,0.008330687880516052,32.03462600708008,15.059531211853027,1.1166666746139526,0.0007442805799655616,1.61589515209198,0.020258717238903046,0.75,0.75,0.008386467583477497,0.2316727638244629
2026-08-10_18-03-38,/home/as22cq/Projects/Policy-RL-Peg_insertion/force_peg_rl/logs/rl_games/Forge/2026-08-10_18-03-38/nn/Forge.pth,44,nominal,1001,False,timeout,149,36.56326675415039,0.010045759379863739,30.184751510620117,9.99422550201416,0.7666667103767395,0.029548410326242447,2.573214054107666,0.018845554441213608,0.75,0.75,0.015989072620868683,0.055705513805150986
2026-08-10_18-03-38,/home/as22cq/Projects/Policy-RL-Peg_insertion/force_peg_rl/logs/rl_games/Forge/2026-08-10_18-03-38/nn/Forge.pth,44,nominal,1001,False,timeout,149,66.64744567871094,0.04656072333455086,17.05718994140625,12.62644100189209,1.1666667461395264,0.04447595030069351,2.7734792232513428,0.018838200718164444,0.75,0.75,0.01841791719198227,-0.03332448750734329
2026-08-10_18-03-38,/home/as22cq/Projects/Policy-RL-Peg_insertion/force_peg_rl/logs/rl_games/Forge/2026-08-10_18-03-38/nn/Forge.pth,44,nominal,1001,False,timeout,149,207.13638305664062,0.014279894530773163,27.586637496948242,15.118339538574219,1.158333420753479,0.0008837453206069767,1.157768964767456,0.017856061458587646,0.75,0.75,0.011731645092368126,0.13897450268268585
2026-08-10_18-03-38,/home/as22cq/Projects/Policy-RL-Peg_insertion/force_peg_rl/logs/rl_games/Forge/2026-08-10_18-03-38/nn/Forge.pth,44,nominal,1001,False,timeout,149,192.02450561523438,0.019334465265274048,27.124164581298828,15.440051078796387,1.058333396911621,0.001402387861162424,1.9993135929107666,0.01571701653301716,0.75,0.75,0.01608235202729702,-0.16532404720783234
2026-08-10_18-03-38,/home/as22cq/Projects/Policy-RL-Peg_insertion/force_peg_rl/logs/rl_games/Forge/2026-08-10_18-03-38/nn/Forge.pth,44,nominal,1001,False,timeout,149,36.84962844848633,-0.004692889750003815,37.92927932739258,12.719171524047852,1.1166666746139526,0.04372391477227211,2.6303317546844482,0.01593594066798687,0.75,0.75,0.013790109194815159,-0.305357426404953
2026-08-10_18-03-38,/home/as22cq/Projects/Policy-RL-Peg_insertion/force_peg_rl/logs/rl_games/Forge/2026-08-10_18-03-38/nn/Forge.pth,44,nominal,1001,False,timeout,149,210.47125244140625,0.009019426070153713,40.121517181396484,18.225038528442383,1.0416667461395264,0.0008716270094737411,1.0492879152297974,0.020774684846401215,0.75,0.75,0.017013665288686752,0.23199039697647095
2026-08-10_18-03-38,/home/as22cq/Projects/Policy-RL-Peg_insertion/force_peg_rl/logs/rl_games/Forge/2026-08-10_18-03-38/nn/Forge.pth,44,nominal,1001,False,timeout,149,201.171875,0.020823892205953598,25.67653465270996,9.607626914978027,0.6333333849906921,0.0009639050113037229,0.855677604675293,0.01568693108856678,0.75,0.75,0.010746468789875507,0.1386077105998993
2026-08-10_18-03-38,/home/as22cq/Projects/Policy-RL-Peg_insertion/force_peg_rl/logs/rl_games/Forge/2026-08-10_18-03-38/nn/Forge.pth,44,nominal,1001,False,timeout,149,107.27554321289062,0.04497093707323074,17.70132064819336,11.85656452178955,1.125,0.03861615061759949,2.808311700820923,0.018006887286901474,0.75,0.75,0.006974481511861086,0.6974660754203796
2026-08-10_18-03-38,/home/as22cq/Projects/Policy-RL-Peg_insertion/force_peg_rl/logs/rl_games/Forge/2026-08-10_18-03-38/nn/Forge.pth,44,nominal,1001,True,success,149,356.00140380859375,0.00010961107909679413,28.579376220703125,17.9978084564209,1.158333420753479,0.0005740020424127579,1.1842983961105347,0.018772847950458527,0.75,0.75,0.013196922838687897,-0.19503475725650787
2026-08-10_18-03-38,/home/as22cq/Projects/Policy-RL-Peg_insertion/force_peg_rl/logs/rl_games/Forge/2026-08-10_18-03-38/nn/Forge.pth,44,nominal,1001,True,success,149,258.8928527832031,0.00014868378639221191,34.75572204589844,14.545272827148438,1.0750000476837158,0.0006156578892841935,1.7645877599716187,0.017154736444354057,0.75,0.75,0.02121230587363243,0.5288159251213074
2026-08-10_18-03-38,/home/as22cq/Projects/Policy-RL-Peg_insertion/force_peg_rl/logs/rl_games/Forge/2026-08-10_18-03-38/nn/Forge.pth,44,nominal,1001,True,success,149,374.09490966796875,0.00013026222586631775,15.63910961151123,9.432985305786133,1.0916666984558105,0.00043347669998183846,0.9719964265823364,0.017057888209819794,0.75,0.75,0.01905035600066185,0.2469227910041809
2026-08-10_18-03-38,/home/as22cq/Projects/Policy-RL-Peg_insertion/force_peg_rl/logs/rl_games/Forge/2026-08-10_18-03-38/nn/Forge.pth,44,nominal,1001,False,timeout,149,40.18478012084961,0.01788630522787571,10.063785552978516,6.327463150024414,0.14166668057441711,0.02667936123907566,1.7875218391418457,0.02164911851286888,0.75,0.75,0.01484785694628954,0.4333549439907074
2026-08-10_18-03-38,/home/as22cq/Projects/Policy-RL-Peg_insertion/force_peg_rl/logs/rl_games/Forge/2026-08-10_18-03-38/nn/Forge.pth,44,nominal,1001,False,timeout,149,113.62386322021484,0.04189729318022728,20.952838897705078,11.034523963928223,0.8833333849906921,0.015315784141421318,2.8319878578186035,0.019485317170619965,0.75,0.75,0.015334457159042358,0.15942102670669556
2026-08-10_18-03-38,/home/as22cq/Projects/Policy-RL-Peg_insertion/force_peg_rl/logs/rl_games/Forge/2026-08-10_18-03-38/nn/Forge.pth,44,nominal,1001,False,timeout,149,30.663177490234375,0.14889007806777954,25.69777488708496,12.405269622802734,0.8333333730697632,0.09284957498311996,-2.91414213180542,0.01732698082923889,0.75,0.75,0.005018469877541065,0.7659934163093567
2026-08-10_18-03-38,/home/as22cq/Projects/Policy-RL-Peg_insertion/force_peg_rl/logs/rl_games/Forge/2026-08-10_18-03-38/nn/Forge.pth,44,nominal,1001,False,timeout,149,56.83826446533203,-0.022214971482753754,22.568893432617188,8.304994583129883,0.8833333849906921,0.061654526740312576,2.7938239574432373,0.017195260152220726,0.75,0.75,0.009747069329023361,-0.3258456885814667
2026-08-10_18-03-38,/home/as22cq/Projects/Policy-RL-Peg_insertion/force_peg_rl/logs/rl_games/Forge/2026-08-10_18-03-38/nn/Forge.pth,44,nominal,1001,False,timeout,149,33.287757873535156,0.02672608569264412,21.943899154663086,14.677498817443848,1.1416667699813843,0.0030641346238553524,0.7961617112159729,0.019713807851076126,0.75,0.75,0.002150452695786953,0.25809046626091003
2026-08-10_18-03-38,/home/as22cq/Projects/Policy-RL-Peg_insertion/force_peg_rl/logs/rl_games/Forge/2026-08-10_18-03-38/nn/Forge.pth,44,nominal,1001,False,timeout,149,222.9130859375,0.007325518876314163,27.896638870239258,16.115156173706055,1.133333444595337,0.00034123953082598746,1.7153326272964478,0.016470789909362793,0.75,0.75,0.02108541689813137,0.6555227041244507
2026-08-10_18-03-38,/home/as22cq/Projects/Policy-RL-Peg_insertion/force_peg_rl/logs/rl_games/Forge/2026-08-10_18-03-38/nn/Forge.pth,44,nominal,1001,False,timeout,149,25.086994171142578,0.08987388014793396,28.682497024536133,14.595609664916992,1.1166666746139526,0.036763161420822144,0.46769508719444275,0.02107066474854946,0.75,0.75,0.021301236003637314,-0.6772103905677795
2026-08-10_18-03-38,/home/as22cq/Projects/Policy-RL-Peg_insertion/force_peg_rl/logs/rl_games/Forge/2026-08-10_18-03-38/nn/Forge.pth,44,nominal,1001,False,timeout,149,28.425601959228516,0.04828673601150513,21.100818634033203,15.093743324279785,1.1666667461395264,0.04275590553879738,0.3395856022834778,0.019642818719148636,0.75,0.75,0.02282714657485485,-0.6422103643417358
2026-08-10_18-03-38,/home/as22cq/Projects/Policy-RL-Peg_insertion/force_peg_rl/logs/rl_games/Forge/2026-08-10_18-03-38/nn/Forge.pth,44,nominal,1001,False,timeout,149,33.0969352722168,0.027755185961723328,23.374555587768555,9.093363761901855,0.7500000596046448,0.07627487182617188,1.5281449556350708,0.016166212037205696,0.75,0.75,0.014402458444237709,0.1898675113916397
2026-08-10_18-03-38,/home/as22cq/Projects/Policy-RL-Peg_insertion/force_peg_rl/logs/rl_games/Forge/2026-08-10_18-03-38/nn/Forge.pth,44,nominal,1001,True,success,149,226.0545196533203,0.00010268762707710266,25.27937126159668,13.91664981842041,1.1416667699813843,0.0006644153618253767,1.4887914657592773,0.02291574329137802,0.75,0.75,0.016527259722352028,-0.6966042518615723
2026-08-10_18-03-38,/home/as22cq/Projects/Policy-RL-Peg_insertion/force_peg_rl/logs/rl_games/Forge/2026-08-10_18-03-38/nn/Forge.pth,44,nominal,1001,False,timeout,149,29.82916831970215,0.04077085852622986,18.398286819458008,13.874967575073242,1.183333396911621,0.013265189714729786,0.4292643964290619,0.015569858253002167,0.75,0.75,0.022438734769821167,-0.7281140089035034
2026-08-10_18-03-38,/home/as22cq/Projects/Policy-RL-Peg_insertion/force_peg_rl/logs/rl_games/Forge/2026-08-10_18-03-38/nn/Forge.pth,44,nominal,1001,False,timeout,149,62.367984771728516,0.03891139477491379,22.38607406616211,11.382898330688477,1.008333444595337,0.026028381660580635,0.8705331087112427,0.016166362911462784,0.75,0.75,0.019842974841594696,0.295145720243454
2026-08-10_18-03-38,/home/as22cq/Projects/Policy-RL-Peg_insertion/force_peg_rl/logs/rl_games/Forge/2026-08-10_18-03-38/nn/Forge.pth,44,nominal,1001,False,timeout,149,30.192874908447266,0.06278064846992493,17.79251480102539,9.198187828063965,0.98333340883255,0.04444386810064316,0.6003812551498413,0.023370862007141113,0.75,0.75,0.002932425821200013,-0.711712121963501
2026-08-10_18-03-38,/home/as22cq/Projects/Policy-RL-Peg_insertion/force_peg_rl/logs/rl_games/Forge/2026-08-10_18-03-38/nn/Forge.pth,44,nominal,1001,False,timeout,149,65.97181701660156,0.0010704286396503448,16.282760620117188,10.244348526000977,0.8916667103767395,0.01969572715461254,1.6345528364181519,0.015642669051885605,0.75,0.75,0.02164832130074501,-0.22570373117923737
2026-08-10_18-03-38,/home/as22cq/Projects/Policy-RL-Peg_insertion/force_peg_rl/logs/rl_games/Forge/2026-08-10_18-03-38/nn/Forge.pth,44,nominal,1001,False,timeout,149,201.15310668945312,0.01785840094089508,32.58364486694336,17.85701560974121,1.2000000476837158,0.0011603604070842266,1.2262932062149048,0.018210183829069138,0.75,0.75,0.015350107103586197,0.31937673687934875
2026-08-10_18-03-38,/home/as22cq/Projects/Policy-RL-Peg_insertion/force_peg_rl/logs/rl_games/Forge/2026-08-10_18-03-38/nn/Forge.pth,44,nominal,1001,False,timeout,149,34.57244873046875,0.0015716776251792908,28.51331901550293,15.343729019165039,0.9916667342185974,0.0364542193710804,0.9795922040939331,0.016150567680597305,0.75,0.75,0.019974714145064354,0.13439245522022247
2026-08-10_18-03-38,/home/as22cq/Projects/Policy-RL-Peg_insertion/force_peg_rl/logs/rl_games/Forge/2026-08-10_18-03-38/nn/Forge.pth,44,nominal,1001,False,timeout,149,35.37779235839844,0.01360408216714859,27.620361328125,13.040005683898926,1.1916667222976685,0.06275854259729385,2.7117607593536377,0.021775322034955025,0.75,0.75,0.009201427921652794,0.4407072365283966
2026-08-10_18-03-38,/home/as22cq/Projects/Policy-RL-Peg_insertion/force_peg_rl/logs/rl_games/Forge/2026-08-10_18-03-38/nn/Forge.pth,44,nominal,1001,False,timeout,149,31.772537231445312,-0.04783747345209122,32.89076614379883,18.200176239013672,1.1083333492279053,0.03258007764816284,0.939590334892273,0.02289941906929016,0.75,0.75,0.01390113029628992,-0.7715246081352234
2026-08-10_18-03-38,/home/as22cq/Projects/Policy-RL-Peg_insertion/force_peg_rl/logs/rl_games/Forge/2026-08-10_18-03-38/nn/Forge.pth,44,nominal,1001,False,timeout,149,62.26731872558594,0.028502583503723145,14.595458030700684,9.135519981384277,1.0833333730697632,0.013845628127455711,2.4730076789855957,0.019238904118537903,0.75,0.75,0.01882363297045231,0.18654686212539673
2026-08-10_18-03-38,/home/as22cq/Projects/Policy-RL-Peg_insertion/force_peg_rl/logs/rl_games/Forge/2026-08-10_18-03-38/nn/Forge.pth,44,nominal,1001,False,timeout,149,37.256935119628906,0.060244329273700714,16.797548294067383,6.96012544631958,0.18333333730697632,0.05777838081121445,2.673541307449341,0.018931817263364792,0.75,0.75,0.01968681439757347,-0.23151953518390656
2026-08-10_18-03-38,/home/as22cq/Projects/Policy-RL-Peg_insertion/force_peg_rl/logs/rl_games/Forge/2026-08-10_18-03-38/nn/Forge.pth,44,nominal,1001,False,timeout,149,32.6964225769043,0.08800351619720459,28.277629852294922,15.63794231414795,1.183333396911621,0.05013837665319443,2.917614698410034,0.02240586280822754,0.75,0.75,0.012530215084552765,0.13043104112148285
2026-08-10_18-03-38,/home/as22cq/Projects/Policy-RL-Peg_insertion/force_peg_rl/logs/rl_games/Forge/2026-08-10_18-03-38/nn/Forge.pth,44,nominal,1001,False,timeout,149,38.979888916015625,0.02187887579202652,10.796122550964355,6.547564506530762,0.7166666984558105,0.02581171505153179,2.0073533058166504,0.02098115161061287,0.75,0.75,0.01623188517987728,-0.19918975234031677
2026-08-10_18-03-38,/home/as22cq/Projects/Policy-RL-Peg_insertion/force_peg_rl/logs/rl_games/Forge/2026-08-10_18-03-38/nn/Forge.pth,44,nominal,1001,False,timeout,149,31.31277847290039,0.026466138660907745,22.86989974975586,11.768394470214844,1.1916667222976685,0.018419109284877777,1.2774931192398071,0.022938724607229233,0.75,0.75,0.009694133885204792,-0.0808091089129448
2026-08-10_18-03-38,/home/as22cq/Projects/Policy-RL-Peg_insertion/force_peg_rl/logs/rl_games/Forge/2026-08-10_18-03-38/nn/Forge.pth,44,nominal,1001,False,timeout,149,64.91587829589844,0.027022771537303925,38.16098403930664,16.722736358642578,1.133333444595337,0.0029066400602459908,2.42634654045105,0.016873560845851898,0.75,0.75,0.015161111019551754,-0.5265071392059326
2026-08-10_18-03-38,/home/as22cq/Projects/Policy-RL-Peg_insertion/force_peg_rl/logs/rl_games/Forge/2026-08-10_18-03-38/nn/Forge.pth,44,nominal,1001,False,timeout,149,218.77171325683594,0.007902413606643677,25.154739379882812,12.81994915008545,1.0916666984558105,0.0006570370169356465,1.6042743921279907,0.0156350526958704,0.75,0.75,0.01933639869093895,0.31334957480430603
2026-08-10_18-03-38,/home/as22cq/Projects/Policy-RL-Peg_insertion/force_peg_rl/logs/rl_games/Forge/2026-08-10_18-03-38/nn/Forge.pth,44,nominal,1001,False,timeout,149,46.310096740722656,0.023719679564237595,18.460966110229492,11.50634479522705,1.2000000476837158,0.0022823086474090815,2.2757701873779297,0.020158756524324417,0.75,0.75,0.013035551644861698,0.5365958213806152
2026-08-10_18-03-38,/home/as22cq/Projects/Policy-RL-Peg_insertion/force_peg_rl/logs/rl_games/Forge/2026-08-10_18-03-38/nn/Forge.pth,44,nominal,1001,False,timeout,149,71.9573974609375,0.02719493955373764,25.34528160095215,12.524818420410156,1.0833333730697632,0.02503896877169609,2.6898300647735596,0.019965898245573044,0.75,0.75,0.00671359384432435,-0.4505034387111664
2026-08-10_18-03-38,/home/as22cq/Projects/Policy-RL-Peg_insertion/force_peg_rl/logs/rl_games/Forge/2026-08-10_18-03-38/nn/Forge.pth,44,nominal,1001,False,timeout,149,28.645557403564453,-0.0171879380941391,19.238662719726562,11.554908752441406,1.058333396911621,0.05415681004524231,1.8172773122787476,0.02355351112782955,0.75,0.75,0.027021802961826324,0.15036511421203613
2026-08-10_18-03-38,/home/as22cq/Projects/Policy-RL-Peg_insertion/force_peg_rl/logs/rl_games/Forge/2026-08-10_18-03-38/nn/Forge.pth,44,nominal,1001,False,timeout,149,38.343441009521484,0.002705903723835945,20.8264217376709,11.04668140411377,1.0416667461395264,0.019055264070630074,1.7934514284133911,0.0174166988581419,0.75,0.75,0.015642458572983742,-0.5607950687408447
2026-08-10_18-03-38,/home/as22cq/Projects/Policy-RL-Peg_insertion/force_peg_rl/logs/rl_games/Forge/2026-08-10_18-03-38/nn/Forge.pth,44,nominal,1001,False,timeout,149,36.42106628417969,0.02408427745103836,17.85519790649414,9.506689071655273,0.4583333432674408,0.0029693760443478823,1.3493292331695557,0.01682325080037117,0.75,0.75,0.013652815483510494,0.028686435893177986
2026-08-10_18-03-38,/home/as22cq/Projects/Policy-RL-Peg_insertion/force_peg_rl/logs/rl_games/Forge/2026-08-10_18-03-38/nn/Forge.pth,44,nominal,1001,False,timeout,149,195.35707092285156,0.018964868038892746,40.209007263183594,22.79172706604004,1.1750000715255737,0.0016675073420628905,0.8681221008300781,0.01520598866045475,0.75,0.75,0.012353871949017048,0.11279333382844925
2026-08-10_18-03-38,/home/as22cq/Projects/Policy-RL-Peg_insertion/force_peg_rl/logs/rl_games/Forge/2026-08-10_18-03-38/nn/Forge.pth,44,nominal,1001,False,timeout,149,40.67146301269531,0.028225135058164597,13.385030746459961,6.257632732391357,0.30000001192092896,0.003765490371733904,2.4980862140655518,0.022262301295995712,0.75,0.75,0.012130232527852058,0.15834899246692657
2026-08-10_18-03-38,/home/as22cq/Projects/Policy-RL-Peg_insertion/force_peg_rl/logs/rl_games/Forge/2026-08-10_18-03-38/nn/Forge.pth,44,nominal,1001,False,timeout,149,28.197128295898438,0.20275528728961945,15.871899604797363,5.619906425476074,0.5916666984558105,0.020050138235092163,0.7700968980789185,0.014059549197554588,0.75,0.75,0.014119738712906837,-0.4990970492362976
2026-08-10_18-03-38,/home/as22cq/Projects/Policy-RL-Peg_insertion/force_peg_rl/logs/rl_games/Forge/2026-08-10_18-03-38/nn/Forge.pth,44,nominal,1001,False,timeout,149,34.4416389465332,0.031207971274852753,30.107494354248047,14.229864120483398,1.1916667222976685,0.013711324892938137,0.7900270819664001,0.021552711725234985,0.75,0.75,0.020876480266451836,-0.5127936601638794
2026-08-10_18-03-38,/home/as22cq/Projects/Policy-RL-Peg_insertion/force_peg_rl/logs/rl_games/Forge/2026-08-10_18-03-38/nn/Forge.pth,44,nominal,1001,False,timeout,149,35.07978439331055,0.02059008553624153,26.560821533203125,8.900111198425293,0.9416667222976685,0.025263752788305283,1.7879990339279175,0.020665738731622696,0.75,0.75,0.016821373254060745,0.06334131956100464
2026-08-10_18-03-38,/home/as22cq/Projects/Policy-RL-Peg_insertion/force_peg_rl/logs/rl_games/Forge/2026-08-10_18-03-38/nn/Forge.pth,44,nominal,1001,False,timeout,149,33.85784912109375,0.03359011560678482,18.515296936035156,12.211353302001953,1.0833333730697632,0.026139192283153534,2.013148546218872,0.021153850480914116,0.75,0.75,0.00891163945198059,0.2165878862142563
2026-08-10_18-03-38,/home/as22cq/Projects/Policy-RL-Peg_insertion/force_peg_rl/logs/rl_games/Forge/2026-08-10_18-03-38/nn/Forge.pth,44,nominal,1001,False,timeout,149,31.165061950683594,0.05001062899827957,17.003721237182617,7.709299087524414,0.7750000357627869,0.07274076342582703,1.349619746208191,0.021385658532381058,0.75,0.75,0.008229159750044346,-0.28635331988334656
2026-08-10_18-03-38,/home/as22cq/Projects/Policy-RL-Peg_insertion/force_peg_rl/logs/rl_games/Forge/2026-08-10_18-03-38/nn/Forge.pth,44,nominal,1001,False,timeout,149,29.70094871520996,0.029039844870567322,21.10918617248535,12.26695728302002,0.7916666865348816,0.02184111438691616,0.6467243432998657,0.016053400933742523,0.75,0.75,0.01621880568563938,0.11821167916059494
2026-08-10_18-03-38,/home/as22cq/Projects/Policy-RL-Peg_insertion/force_peg_rl/logs/rl_games/Forge/2026-08-10_18-03-38/nn/Forge.pth,44,nominal,1001,False,timeout,149,35.0389518737793,0.023753128945827484,17.816085815429688,8.56180477142334,0.5666667222976685,0.0237947478890419,2.0440280437469482,0.020496314391493797,0.75,0.75,0.0072102658450603485,-0.7670652866363525
2026-08-10_18-03-38,/home/as22cq/Projects/Policy-RL-Peg_insertion/force_peg_rl/logs/rl_games/Forge/2026-08-10_18-03-38/nn/Forge.pth,44,nominal,1001,False,timeout,149,30.91526222229004,0.03869781643152237,21.750173568725586,13.991656303405762,1.0833333730697632,0.009976821951568127,0.2568633258342743,0.020682819187641144,0.75,0.75,0.009847824461758137,-0.3959408104419708
2026-08-10_18-03-38,/home/as22cq/Projects/Policy-RL-Peg_insertion/force_peg_rl/logs/rl_games/Forge/2026-08-10_18-03-38/nn/Forge.pth,44,nominal,1001,False,timeout,149,24.66607666015625,0.05510450899600983,12.363133430480957,9.81419563293457,1.0166667699813843,0.09378040581941605,1.6256654262542725,0.023266304284334183,0.75,0.75,0.023187637329101562,0.4895193874835968
2026-08-10_18-03-38,/home/as22cq/Projects/Policy-RL-Peg_insertion/force_peg_rl/logs/rl_games/Forge/2026-08-10_18-03-38/nn/Forge.pth,44,nominal,1001,False,timeout,149,32.0277214050293,0.04484851658344269,29.191524505615234,8.519096374511719,0.40833336114883423,0.06578829884529114,2.9771008491516113,0.018296927213668823,0.75,0.75,0.0075696674175560474,0.4345397353172302
2026-08-10_18-03-38,/home/as22cq/Projects/Policy-RL-Peg_insertion/force_peg_rl/logs/rl_games/Forge/2026-08-10_18-03-38/nn/Forge.pth,44,nominal,1001,True,success,149,246.56060791015625,0.0006889067590236664,19.957883834838867,11.888431549072266,1.1166666746139526,0.0008081927662715316,1.2693020105361938,0.022931180894374847,0.75,0.75,0.0144522525370121,0.41410335898399353
2026-08-10_18-03-38,/home/as22cq/Projects/Policy-RL-Peg_insertion/force_peg_rl/logs/rl_games/Forge/2026-08-10_18-03-38/nn/Forge.pth,44,nominal,1001,False,timeout,149,44.513153076171875,0.01205841451883316,28.765417098999023,13.473967552185059,1.1666667461395264,0.014115393161773682,-2.845966100692749,0.018306290730834007,0.75,0.75,0.011412709951400757,0.376802921295166
2026-08-10_18-03-38,/home/as22cq/Projects/Policy-RL-Peg_insertion/force_peg_rl/logs/rl_games/Forge/2026-08-10_18-03-38/nn/Forge.pth,44,nominal,1001,False,timeout,149,34.43913269042969,0.028953764587640762,19.855045318603516,13.154560089111328,1.1750000715255737,0.02513176202774048,1.5346765518188477,0.016289347782731056,0.75,0.75,0.020338712260127068,-0.6465989351272583
2026-08-10_18-03-38,/home/as22cq/Projects/Policy-RL-Peg_insertion/force_peg_rl/logs/rl_games/Forge/2026-08-10_18-03-38/nn/Forge.pth,44,nominal,1001,False,force_limit,149,25.9991397857666,0.17269545793533325,64.6495132446289,10.467633247375488,0.6083333492279053,0.01921539567410946,0.2726328670978546,0.02268315851688385,0.75,0.75,0.0179225355386734,-0.476485013961792
2026-08-10_18-03-38,/home/as22cq/Projects/Policy-RL-Peg_insertion/force_peg_rl/logs/rl_games/Forge/2026-08-10_18-03-38/nn/Forge.pth,44,nominal,1001,False,timeout,149,71.9713134765625,0.09398084878921509,24.210542678833008,6.428569316864014,0.40000003576278687,0.06195550039410591,3.065176486968994,0.016915027052164078,0.75,0.75,0.02115846611559391,0.36377328634262085
2026-08-10_18-03-38,/home/as22cq/Projects/Policy-RL-Peg_insertion/force_peg_rl/logs/rl_games/Forge/2026-08-10_18-03-38/nn/Forge.pth,44,nominal,1001,False,timeout,149,195.0328369140625,0.01981654390692711,21.881975173950195,12.453532218933105,1.1166666746139526,0.0017127544851973653,2.0726468563079834,0.018898047506809235,0.75,0.75,0.012265103869140148,-0.3618459701538086
2026-08-10_18-03-38,/home/as22cq/Projects/Policy-RL-Peg_insertion/force_peg_rl/logs/rl_games/Forge/2026-08-10_18-03-38/nn/Forge.pth,44,nominal,1001,False,timeout,149,27.527584075927734,0.02494797110557556,18.443992614746094,13.600595474243164,1.2166666984558105,0.05210062861442566,0.5561354756355286,0.017300201579928398,0.75,0.75,0.021430961787700653,-0.6492890119552612
2026-08-10_18-03-38,/home/as22cq/Projects/Policy-RL-Peg_insertion/force_peg_rl/logs/rl_games/Forge/2026-08-10_18-03-38/nn/Forge.pth,44,nominal,1001,False,timeout,149,38.76811599731445,0.05288063362240791,20.232681274414062,10.692651748657227,1.158333420753479,0.04462467506527901,3.012446641921997,0.017231246456503868,0.75,0.75,0.013714263215661049,0.15870985388755798
2026-08-10_18-03-38,/home/as22cq/Projects/Policy-RL-Peg_insertion/force_peg_rl/logs/rl_games/Forge/2026-08-10_18-03-38/nn/Forge.pth,44,nominal,1001,False,timeout,149,33.029537200927734,0.03231324255466461,34.29729461669922,14.058547973632812,1.0750000476837158,0.028655925765633583,2.474745512008667,0.014061514288187027,0.75,0.75,0.008627437055110931,0.485250860452652
2026-08-10_18-03-38,/home/as22cq/Projects/Policy-RL-Peg_insertion/force_peg_rl/logs/rl_games/Forge/2026-08-10_18-03-38/nn/Forge.pth,44,nominal,1001,False,timeout,149,38.076480865478516,0.04425936937332153,15.287654876708984,9.779290199279785,1.1666667461395264,0.01930093578994274,3.0560638904571533,0.018452759832143784,0.75,0.75,0.017599990591406822,0.7177645564079285
2026-08-10_18-03-38,/home/as22cq/Projects/Policy-RL-Peg_insertion/force_peg_rl/logs/rl_games/Forge/2026-08-10_18-03-38/nn/Forge.pth,44,nominal,1001,False,timeout,149,58.900596618652344,0.0698205828666687,18.37183380126953,9.128541946411133,0.7250000238418579,0.058842115104198456,3.0259077548980713,0.019890470430254936,0.75,0.75,0.018946925178170204,0.7266778945922852
2026-08-10_18-03-38,/home/as22cq/Projects/Policy-RL-Peg_insertion/force_peg_rl/logs/rl_games/Forge/2026-08-10_18-03-38/nn/Forge.pth,44,nominal,1001,False,timeout,149,32.03694152832031,-0.0225483700633049,26.005186080932617,12.49319076538086,1.1666667461395264,0.061941057443618774,2.8137753009796143,0.018977031111717224,0.75,0.75,0.017995428293943405,-0.21558690071105957
2026-08-10_18-03-38,/home/as22cq/Projects/Policy-RL-Peg_insertion/force_peg_rl/logs/rl_games/Forge/2026-08-10_18-03-38/nn/Forge.pth,44,nominal,1001,False,timeout,149,41.68126678466797,0.08415006101131439,22.1988468170166,15.385966300964355,1.2083333730697632,0.059907976537942886,2.934131145477295,0.01557972189038992,0.75,0.75,0.012333977967500687,0.3208732604980469
2026-08-10_18-03-38,/home/as22cq/Projects/Policy-RL-Peg_insertion/force_peg_rl/logs/rl_games/Forge/2026-08-10_18-03-38/nn/Forge.pth,44,nominal,1001,False,timeout,149,31.085874557495117,0.0430581271648407,15.866835594177246,6.527534008026123,0.4583333432674408,0.03698312118649483,0.6033006906509399,0.017802242189645767,0.75,0.75,0.021507157012820244,-0.464180588722229
2026-08-10_18-03-38,/home/as22cq/Projects/Policy-RL-Peg_insertion/force_peg_rl/logs/rl_games/Forge/2026-08-10_18-03-38/nn/Forge.pth,44,nominal,1001,False,timeout,149,34.61310958862305,0.0447150282561779,14.217325210571289,8.691849708557129,0.8666667342185974,0.027942415326833725,0.6511644124984741,0.017767682671546936,0.75,0.75,0.0027543501928448677,-0.31682145595550537
2026-08-10_18-03-38,/home/as22cq/Projects/Policy-RL-Peg_insertion/force_peg_rl/logs/rl_games/Forge/2026-08-10_18-03-38/nn/Forge.pth,44,nominal,1001,False,timeout,149,36.788570404052734,0.030990295112133026,16.102558135986328,10.492137908935547,1.183333396911621,0.01335234846919775,2.6530075073242188,0.015009330585598946,0.75,0.75,0.012256965972483158,0.399362176656723
2026-08-10_18-03-38,/home/as22cq/Projects/Policy-RL-Peg_insertion/force_peg_rl/logs/rl_games/Forge/2026-08-10_18-03-38/nn/Forge.pth,44,nominal,1001,False,timeout,149,33.8091926574707,0.02613164484500885,21.465900421142578,10.914388656616211,1.0833333730697632,0.019455010071396828,1.0931737422943115,0.02253558859229088,0.75,0.75,0.018683847039937973,0.2690579295158386
2026-08-10_18-03-38,/home/as22cq/Projects/Policy-RL-Peg_insertion/force_peg_rl/logs/rl_games/Forge/2026-08-10_18-03-38/nn/Forge.pth,44,nominal,1001,False,timeout,149,38.95903015136719,0.024661147966980934,31.763595581054688,15.156058311462402,1.1666667461395264,0.02587534487247467,1.1875495910644531,0.016178205609321594,0.75,0.75,0.01242130808532238,-0.5786872506141663
2026-08-10_18-03-38,/home/as22cq/Projects/Policy-RL-Peg_insertion/force_peg_rl/logs/rl_games/Forge/2026-08-10_18-03-38/nn/Forge.pth,44,nominal,1001,False,timeout,149,35.53242874145508,0.00963784009218216,34.95476150512695,12.800342559814453,1.1166666746139526,0.029571883380413055,1.0614465475082397,0.021530838683247566,0.75,0.75,0.015110381878912449,0.05560506880283356
2026-08-10_18-03-38,/home/as22cq/Projects/Policy-RL-Peg_insertion/force_peg_rl/logs/rl_games/Forge/2026-08-10_18-03-38/nn/Forge.pth,44,nominal,1001,False,timeout,149,208.54833984375,0.016428984701633453,26.76302719116211,15.990678787231445,1.158333420753479,0.0006008985219523311,0.8147225975990295,0.014759902842342854,0.75,0.75,0.01829526387155056,-0.7175599336624146
2026-08-10_18-03-38,/home/as22cq/Projects/Policy-RL-Peg_insertion/force_peg_rl/logs/rl_games/Forge/2026-08-10_18-03-38/nn/Forge.pth,44,nominal,1001,False,timeout,149,31.337421417236328,0.03665287792682648,18.789222717285156,12.892898559570312,1.1666667461395264,0.016239700838923454,0.30728259682655334,0.023537378758192062,0.75,0.75,0.02001100219786167,-0.00426830817013979
2026-08-10_18-03-38,/home/as22cq/Projects/Policy-RL-Peg_insertion/force_peg_rl/logs/rl_games/Forge/2026-08-10_18-03-38/nn/Forge.pth,44,nominal,1001,False,timeout,149,36.3758544921875,0.026423417031764984,28.58045768737793,8.975635528564453,0.3916666805744171,0.02085527963936329,2.1489930152893066,0.021453145891427994,0.75,0.75,0.005087940488010645,-0.41542989015579224
2026-08-10_18-03-38,/home/as22cq/Projects/Policy-RL-Peg_insertion/force_peg_rl/logs/rl_games/Forge/2026-08-10_18-03-38/nn/Forge.pth,44,nominal,1001,False,timeout,149,33.22649383544922,0.07482162117958069,17.759538650512695,13.894755363464355,1.2000000476837158,0.05188821628689766,3.1225812435150146,0.023269906640052795,0.75,0.75,0.018342526629567146,0.7181453704833984
2026-08-10_18-03-38,/home/as22cq/Projects/Policy-RL-Peg_insertion/force_peg_rl/logs/rl_games/Forge/2026-08-10_18-03-38/nn/Forge.pth,44,nominal,1001,False,timeout,149,34.49751663208008,0.023692280054092407,23.233747482299805,10.602570533752441,1.133333444595337,0.02263272926211357,1.1855463981628418,0.02015027217566967,0.75,0.75,0.009213525801897049,0.2632787823677063
2026-08-10_18-03-38,/home/as22cq/Projects/Policy-RL-Peg_insertion/force_peg_rl/logs/rl_games/Forge/2026-08-10_18-03-38/nn/Forge.pth,44,nominal,1001,False,timeout,149,26.31838607788086,-0.00930710881948471,36.508846282958984,15.104084014892578,1.008333444595337,0.05388686805963516,0.49639660120010376,0.01780351623892784,0.75,0.75,0.019182290881872177,-0.29874444007873535
2026-08-10_18-03-38,/home/as22cq/Projects/Policy-RL-Peg_insertion/force_peg_rl/logs/rl_games/Forge/2026-08-10_18-03-38/nn/Forge.pth,44,nominal,1001,False,timeout,149,33.86948013305664,0.04610039293766022,24.709360122680664,10.73515510559082,0.9000000357627869,0.05556536838412285,3.0487844944000244,0.016263706609606743,0.75,0.75,0.013175632804632187,0.35033491253852844
2026-08-10_18-03-38,/home/as22cq/Projects/Policy-RL-Peg_insertion/force_peg_rl/logs/rl_games/Forge/2026-08-10_18-03-38/nn/Forge.pth,44,nominal,1001,False,timeout,149,34.268333435058594,0.025475963950157166,24.651126861572266,11.17805004119873,1.2000000476837158,0.003041520481929183,1.7642946243286133,0.016402853652834892,0.75,0.75,0.013304097577929497,0.19915515184402466
2026-08-10_18-03-38,/home/as22cq/Projects/Policy-RL-Peg_insertion/force_peg_rl/logs/rl_games/Forge/2026-08-10_18-03-38/nn/Forge.pth,44,nominal,1001,False,timeout,149,61.11113357543945,0.04967138171195984,29.624710083007812,16.394458770751953,1.2166666984558105,0.037068288773298264,2.954206705093384,0.02295359969139099,0.75,0.75,0.013419264927506447,0.39455029368400574
2026-08-10_18-03-38,/home/as22cq/Projects/Policy-RL-Peg_insertion/force_peg_rl/logs/rl_games/Forge/2026-08-10_18-03-38/nn/Forge.pth,44,nominal,1001,False,timeout,149,30.706676483154297,0.042340539395809174,13.972081184387207,7.9127678871154785,1.0166667699813843,0.04020262137055397,0.3862152397632599,0.01770959608256817,0.75,0.75,0.014691845513880253,-0.5404009222984314
2026-08-10_18-03-38,/home/as22cq/Projects/Policy-RL-Peg_insertion/force_peg_rl/logs/rl_games/Forge/2026-08-10_18-03-38/nn/Forge.pth,44,nominal,1001,False,timeout,149,33.73269271850586,0.016666559502482414,17.319034576416016,12.42000675201416,1.1750000715255737,0.028976459056138992,0.6249951720237732,0.016356922686100006,0.75,0.75,0.017856009304523468,-0.33245620131492615
2026-08-10_18-03-38,/home/as22cq/Projects/Policy-RL-Peg_insertion/force_peg_rl/logs/rl_games/Forge/2026-08-10_18-03-38/nn/Forge.pth,44,nominal,1001,False,timeout,149,32.77396774291992,-0.004476543515920639,33.10160827636719,15.589225769042969,0.9666666984558105,0.035538505762815475,1.0617005825042725,0.02057572640478611,0.75,0.75,0.015976805239915848,-0.3307815492153168
2026-08-10_18-03-38,/home/as22cq/Projects/Policy-RL-Peg_insertion/force_peg_rl/logs/rl_games/Forge/2026-08-10_18-03-38/nn/Forge.pth,44,nominal,1001,False,timeout,149,33.8707389831543,0.0012606531381607056,14.772114753723145,8.226356506347656,0.6666666865348816,0.04346093535423279,0.4913620054721832,0.01646830514073372,0.75,0.75,0.021247239783406258,-0.2188536822795868
2026-08-10_18-03-38,/home/as22cq/Projects/Policy-RL-Peg_insertion/force_peg_rl/logs/rl_games/Forge/2026-08-10_18-03-38/nn/Forge.pth,44,nominal,1001,False,timeout,149,34.522769927978516,0.08938059210777283,18.29847526550293,12.82341480255127,1.0750000476837158,0.07921475172042847,2.699948310852051,0.016161106526851654,0.75,0.75,0.01631709188222885,0.30144909024238586
2026-08-10_18-03-38,/home/as22cq/Projects/Policy-RL-Peg_insertion/force_peg_rl/logs/rl_games/Forge/2026-08-10_18-03-38/nn/Forge.pth,44,nominal,1001,False,timeout,149,25.546401977539062,0.033647745847702026,26.29302978515625,13.818099021911621,1.2166666984558105,0.04242265969514847,1.5643517971038818,0.01702846586704254,0.75,0.75,0.014140252023935318,-0.15462133288383484
2026-08-10_18-03-38,/home/as22cq/Projects/Policy-RL-Peg_insertion/force_peg_rl/logs/rl_games/Forge/2026-08-10_18-03-38/nn/Forge.pth,44,nominal,1001,False,timeout,149,36.98693084716797,0.06516522169113159,15.646393775939941,10.444602012634277,1.0750000476837158,0.014462278224527836,-3.107325553894043,0.014587434940040112,0.75,0.75,0.020949913188815117,0.40289273858070374
2026-08-10_18-03-38,/home/as22cq/Projects/Policy-RL-Peg_insertion/force_peg_rl/logs/rl_games/Forge/2026-08-10_18-03-38/nn/Forge.pth,44,nominal,1001,False,timeout,149,29.40514373779297,0.05474749207496643,18.293132781982422,11.158628463745117,1.0500000715255737,0.006463796366006136,0.3011786639690399,0.018362728878855705,0.75,0.75,0.01223105750977993,-0.4435054361820221
2026-08-10_18-03-38,/home/as22cq/Projects/Policy-RL-Peg_insertion/force_peg_rl/logs/rl_games/Forge/2026-08-10_18-03-38/nn/Forge.pth,44,nominal,1001,False,timeout,149,34.27116775512695,0.010372661054134369,26.022157669067383,11.994766235351562,1.2083333730697632,0.027986915782094002,1.9328975677490234,0.01855064183473587,0.75,0.75,0.01869184523820877,-0.6091059446334839
2026-08-10_18-03-38,/home/as22cq/Projects/Policy-RL-Peg_insertion/force_peg_rl/logs/rl_games/Forge/2026-08-10_18-03-38/nn/Forge.pth,44,nominal,1001,False,timeout,149,39.81791687011719,0.026527561247348785,20.769302368164062,13.696163177490234,1.1916667222976685,0.005303463898599148,2.41815185546875,0.018471993505954742,0.75,0.75,0.016589105129241943,-0.029500886797904968
2026-08-10_18-03-38,/home/as22cq/Projects/Policy-RL-Peg_insertion/force_peg_rl/logs/rl_games/Forge/2026-08-10_18-03-38/nn/Forge.pth,44,nominal,1001,False,timeout,149,26.55211067199707,0.1528903990983963,10.520601272583008,4.212743759155273,0.23333334922790527,0.010120261460542679,0.6922776699066162,0.02168460376560688,0.75,0.75,0.019233984872698784,-0.3934597969055176
2026-08-10_18-03-38,/home/as22cq/Projects/Policy-RL-Peg_insertion/force_peg_rl/logs/rl_games/Forge/2026-08-10_18-03-38/nn/Forge.pth,44,nominal,1001,False,timeout,149,35.5020751953125,0.08970845490694046,13.114886283874512,8.620073318481445,1.1666667461395264,0.05034492537379265,3.03459095954895,0.01885201781988144,0.75,0.75,0.019675159826874733,0.6522115468978882
2026-08-10_18-03-38,/home/as22cq/Projects/Policy-RL-Peg_insertion/force_peg_rl/logs/rl_games/Forge/2026-08-10_18-03-38/nn/Forge.pth,44,nominal,1001,False,timeout,149,54.58421325683594,0.025784961879253387,24.013967514038086,12.156781196594238,1.058333396911621,0.002261439338326454,2.447204828262329,0.017903078347444534,0.75,0.75,0.01722608506679535,0.5483886003494263
2026-08-10_18-03-38,/home/as22cq/Projects/Policy-RL-Peg_insertion/force_peg_rl/logs/rl_games/Forge/2026-08-10_18-03-38/nn/Forge.pth,44,nominal,1001,False,timeout,149,36.736122131347656,0.0024425722658634186,33.4588737487793,20.095840454101562,1.2166666984558105,0.01924145594239235,1.8235994577407837,0.01591614820063114,0.75,0.75,0.014896406792104244,0.42344486713409424
2026-08-10_18-03-38,/home/as22cq/Projects/Policy-RL-Peg_insertion/force_peg_rl/logs/rl_games/Forge/2026-08-10_18-03-38/nn/Forge.pth,44,nominal,1001,False,timeout,149,30.220962524414062,0.08321912586688995,29.848087310791016,7.975741386413574,0.3333333432674408,0.09495272487401962,2.8629915714263916,0.02119617350399494,0.75,0.75,0.024552397429943085,0.7525647282600403
2026-08-10_18-03-38,/home/as22cq/Projects/Policy-RL-Peg_insertion/force_peg_rl/logs/rl_games/Forge/2026-08-10_18-03-38/nn/Forge.pth,44,nominal,1001,False,timeout,149,28.43801498413086,0.09893688559532166,37.2348518371582,8.081740379333496,0.30000001192092896,0.04436630755662918,0.2821905314922333,0.022429121658205986,0.75,0.75,0.018510691821575165,-0.4727274775505066
2026-08-10_18-03-38,/home/as22cq/Projects/Policy-RL-Peg_insertion/force_peg_rl/logs/rl_games/Forge/2026-08-10_18-03-38/nn/Forge.pth,44,nominal,1001,False,timeout,149,33.24879837036133,0.08746176213026047,27.13839340209961,16.45537757873535,1.2083333730697632,0.05412143096327782,3.0371694564819336,0.01488218829035759,0.75,0.75,0.01386965997517109,0.4944983422756195
2026-08-10_18-03-38,/home/as22cq/Projects/Policy-RL-Peg_insertion/force_peg_rl/logs/rl_games/Forge/2026-08-10_18-03-38/nn/Forge.pth,44,nominal,1001,False,timeout,149,36.59865188598633,0.026776708662509918,28.392948150634766,10.548673629760742,0.8416666984558105,0.06912431865930557,3.040257453918457,0.017609914764761925,0.75,0.75,0.020818792283535004,0.1502843201160431
2026-08-10_18-03-38,/home/as22cq/Projects/Policy-RL-Peg_insertion/force_peg_rl/logs/rl_games/Forge/2026-08-10_18-03-38/nn/Forge.pth,44,nominal,1001,False,timeout,149,38.47195816040039,0.024622589349746704,21.01422119140625,7.834713459014893,0.25833335518836975,0.028803620487451553,1.408822774887085,0.014196322299540043,0.75,0.75,0.018837006762623787,-0.6462771892547607
2026-08-10_18-03-38,/home/as22cq/Projects/Policy-RL-Peg_insertion/force_peg_rl/logs/rl_games/Forge/2026-08-10_18-03-38/nn/Forge.pth,44,nominal,1001,False,timeout,149,36.687095642089844,-0.018457449972629547,26.828704833984375,11.786247253417969,1.0916666984558105,0.023289524018764496,2.2212576866149902,0.01995878294110298,0.75,0.75,0.021841170266270638,0.6344282031059265
2026-08-10_18-03-38,/home/as22cq/Projects/Policy-RL-Peg_insertion/force_peg_rl/logs/rl_games/Forge/2026-08-10_18-03-38/nn/Forge.pth,44,nominal,1001,False,timeout,149,31.974258422851562,0.09258502721786499,21.56742286682129,17.324962615966797,1.1666667461395264,0.054457440972328186,3.12093186378479,0.02250853180885315,0.75,0.75,0.018767455592751503,0.6043733358383179
2026-08-10_18-03-38,/home/as22cq/Projects/Policy-RL-Peg_insertion/force_peg_rl/logs/rl_games/Forge/2026-08-10_18-03-38/nn/Forge.pth,44,nominal,1001,False,timeout,149,35.26432800292969,0.09335555136203766,17.61947250366211,12.741689682006836,1.133333444595337,0.06232905015349388,3.1285037994384766,0.018876703456044197,0.75,0.75,0.019832029938697815,0.632672131061554
2026-08-10_18-03-38,/home/as22cq/Projects/Policy-RL-Peg_insertion/force_peg_rl/logs/rl_games/Forge/2026-08-10_18-03-38/nn/Forge.pth,44,nominal,1001,False,timeout,149,22.16516876220703,0.2925679087638855,18.641786575317383,12.965124130249023,1.100000023841858,0.2687152624130249,0.7649996876716614,0.018970340490341187,0.75,0.75,0.019398557022213936,-0.38063299655914307
2026-08-10_18-03-38,/home/as22cq/Projects/Policy-RL-Peg_insertion/force_peg_rl/logs/rl_games/Forge/2026-08-10_18-03-38/nn/Forge.pth,44,nominal,1001,False,timeout,149,37.2480583190918,0.022429049015045166,17.763763427734375,10.742498397827148,1.183333396911621,0.025205951184034348,1.9606590270996094,0.014674588106572628,0.75,0.75,0.016571562737226486,-0.01652820035815239
2026-08-10_18-03-38,/home/as22cq/Projects/Policy-RL-Peg_insertion/force_peg_rl/logs/rl_games/Forge/2026-08-10_18-03-38/nn/Forge.pth,44,nominal,1001,False,timeout,149,37.56934356689453,0.015804685652256012,22.25689697265625,5.582341194152832,0.5416666865348816,0.05897117406129837,2.9767134189605713,0.021122463047504425,0.75,0.75,0.007517548743635416,0.4541884958744049
2026-08-10_18-03-38,/home/as22cq/Projects/Policy-RL-Peg_insertion/force_peg_rl/logs/rl_games/Forge/2026-08-10_18-03-38/nn/Forge.pth,44,nominal,1001,False,timeout,149,30.582176208496094,0.026452232152223587,16.90985679626465,12.020782470703125,1.1750000715255737,0.018200810998678207,0.907522976398468,0.020548122003674507,0.75,0.75,0.022836808115243912,-0.5218984484672546
2026-08-10_18-03-38,/home/as22cq/Projects/Policy-RL-Peg_insertion/force_peg_rl/logs/rl_games/Forge/2026-08-10_18-03-38/nn/Forge.pth,44,nominal,1001,False,timeout,149,26.858097076416016,0.03397218510508537,32.65687942504883,8.591485977172852,0.9583333730697632,0.02072741463780403,0.631281852722168,0.0146819818764925,0.75,0.75,0.009932360611855984,-0.3420926630496979
2026-08-10_18-03-38,/home/as22cq/Projects/Policy-RL-Peg_insertion/force_peg_rl/logs/rl_games/Forge/2026-08-10_18-03-38/nn/Forge.pth,44,nominal,1001,False,timeout,149,33.56946563720703,0.07701046019792557,25.827627182006836,11.664106369018555,0.8250000476837158,0.02118416130542755,2.500704526901245,0.016416696831583977,0.75,0.75,0.015543580055236816,0.12891027331352234
2026-08-10_18-03-38,/home/as22cq/Projects/Policy-RL-Peg_insertion/force_peg_rl/logs/rl_games/Forge/2026-08-10_18-03-38/nn/Forge.pth,44,nominal,1001,False,timeout,149,30.70989990234375,0.04303823038935661,19.732690811157227,12.28454875946045,1.1750000715255737,0.018868882209062576,1.0153759717941284,0.02037438005208969,0.75,0.75,0.019716428592801094,-0.7546032667160034
2026-08-10_18-03-38,/home/as22cq/Projects/Policy-RL-Peg_insertion/force_peg_rl/logs/rl_games/Forge/2026-08-10_18-03-38/nn/Forge.pth,44,nominal,1001,False,force_limit,149,28.235403060913086,0.016139410436153412,65.24769592285156,9.509629249572754,0.5333333611488342,0.04022512957453728,2.038895845413208,0.02104412019252777,0.75,0.75,0.02434394508600235,0.4898701012134552
2026-08-10_18-03-38,/home/as22cq/Projects/Policy-RL-Peg_insertion/force_peg_rl/logs/rl_games/Forge/2026-08-10_18-03-38/nn/Forge.pth,44,nominal,1001,False,timeout,149,36.17708969116211,0.028438352048397064,26.42693328857422,17.382726669311523,1.2000000476837158,0.016324246302247047,1.6211142539978027,0.021495122462511063,0.75,0.75,0.008821305818855762,0.3837381899356842
2026-08-10_18-03-38,/home/as22cq/Projects/Policy-RL-Peg_insertion/force_peg_rl/logs/rl_games/Forge/2026-08-10_18-03-38/nn/Forge.pth,44,nominal,1001,False,timeout,149,26.3414249420166,0.04302004724740982,31.17023468017578,17.97128677368164,1.2083333730697632,0.01564716175198555,2.0343575477600098,0.0181379783898592,0.75,0.75,0.0077208103612065315,-0.0785929337143898
2026-08-10_18-03-38,/home/as22cq/Projects/Policy-RL-Peg_insertion/force_peg_rl/logs/rl_games/Forge/2026-08-10_18-03-38/nn/Forge.pth,44,nominal,1001,False,force_limit,149,27.282136917114258,-0.012346968054771423,59.66267013549805,16.914016723632812,1.1083333492279053,0.04339725524187088,0.1250474750995636,0.016820821911096573,0.75,0.75,0.020627807825803757,-0.6109328866004944
2026-08-10_18-03-38,/home/as22cq/Projects/Policy-RL-Peg_insertion/force_peg_rl/logs/rl_games/Forge/2026-08-10_18-03-38/nn/Forge.pth,44,nominal,1002,False,timeout,149,35.847469329833984,0.03359749913215637,13.515640258789062,5.327366352081299,0.6500000357627869,0.024987205862998962,3.013672113418579,0.019413884729146957,0.75,0.75,0.01789960265159607,0.45074665546417236
2026-08-10_18-03-38,/home/as22cq/Projects/Policy-RL-Peg_insertion/force_peg_rl/logs/rl_games/Forge/2026-08-10_18-03-38/nn/Forge.pth,44,nominal,1002,False,timeout,149,211.7093505859375,0.009003106504678726,24.957857131958008,13.161246299743652,1.125,0.0005452390760183334,1.99012291431427,0.01712241768836975,0.75,0.75,0.00903177447617054,-0.6292104721069336
2026-08-10_18-03-38,/home/as22cq/Projects/Policy-RL-Peg_insertion/force_peg_rl/logs/rl_games/Forge/2026-08-10_18-03-38/nn/Forge.pth,44,nominal,1002,False,timeout,149,36.797142028808594,0.02651587873697281,23.03180503845215,12.02563190460205,1.1083333492279053,0.0164569653570652,2.6022205352783203,0.01554050762206316,0.75,0.75,0.013464132323861122,-0.32392194867134094
2026-08-10_18-03-38,/home/as22cq/Projects/Policy-RL-Peg_insertion/force_peg_rl/logs/rl_games/Forge/2026-08-10_18-03-38/nn/Forge.pth,44,nominal,1002,False,timeout,149,34.216339111328125,0.06229107081890106,18.503494262695312,12.071611404418945,1.133333444595337,0.033535100519657135,2.816723108291626,0.018758801743388176,0.75,0.75,0.020801255479454994,0.5808753371238708
2026-08-10_18-03-38,/home/as22cq/Projects/Policy-RL-Peg_insertion/force_peg_rl/logs/rl_games/Forge/2026-08-10_18-03-38/nn/Forge.pth,44,nominal,1002,False,timeout,149,237.60498046875,0.004466712474822998,27.55487823486328,11.345503807067871,0.9750000238418579,0.0008657477446831763,2.1623620986938477,0.014345498755574226,0.75,0.75,0.021153444424271584,0.22044812142848969
2026-08-10_18-03-38,/home/as22cq/Projects/Policy-RL-Peg_insertion/force_peg_rl/logs/rl_games/Forge/2026-08-10_18-03-38/nn/Forge.pth,44,nominal,1002,False,timeout,149,238.31471252441406,0.004160240292549133,25.41063117980957,18.847150802612305,1.0916666984558105,0.0007079548668116331,1.7930530309677124,0.015388447791337967,0.75,0.75,0.01370332483202219,-0.33679747581481934
2026-08-10_18-03-38,/home/as22cq/Projects/Policy-RL-Peg_insertion/force_peg_rl/logs/rl_games/Forge/2026-08-10_18-03-38/nn/Forge.pth,44,nominal,1002,False,timeout,149,57.23695373535156,0.07937970757484436,18.19785499572754,7.644728660583496,0.675000011920929,0.004662234336137772,0.5698387622833252,0.020567502826452255,0.75,0.75,0.018199071288108826,-0.2882532477378845
2026-08-10_18-03-38,/home/as22cq/Projects/Policy-RL-Peg_insertion/force_peg_rl/logs/rl_games/Forge/2026-08-10_18-03-38/nn/Forge.pth,44,nominal,1002,False,timeout,149,240.52178955078125,0.004137370735406876,37.654876708984375,17.0102481842041,1.1500000953674316,0.0006687230779789388,1.773728609085083,0.018307818099856377,0.75,0.75,0.010578595101833344,-0.5181620717048645
2026-08-10_18-03-38,/home/as22cq/Projects/Policy-RL-Peg_insertion/force_peg_rl/logs/rl_games/Forge/2026-08-10_18-03-38/nn/Forge.pth,44,nominal,1002,False,timeout,149,219.22488403320312,0.00636599026620388,24.542604446411133,18.9215087890625,1.1750000715255737,0.0005420086672529578,1.17501962184906,0.02321643754839897,0.75,0.75,0.005322881042957306,0.06376909464597702
2026-08-10_18-03-38,/home/as22cq/Projects/Policy-RL-Peg_insertion/force_peg_rl/logs/rl_games/Forge/2026-08-10_18-03-38/nn/Forge.pth,44,nominal,1002,False,timeout,149,73.39268493652344,0.06536392122507095,21.4420108795166,8.11347770690918,0.7166666984558105,0.03794335946440697,0.3760032653808594,0.014807280153036118,0.75,0.75,0.0191887766122818,-0.3304016888141632
2026-08-10_18-03-38,/home/as22cq/Projects/Policy-RL-Peg_insertion/force_peg_rl/logs/rl_games/Forge/2026-08-10_18-03-38/nn/Forge.pth,44,nominal,1002,False,timeout,149,30.61600112915039,0.05887538939714432,30.877534866333008,12.996575355529785,1.0500000715255737,0.008110313676297665,0.24404223263263702,0.02122945338487625,0.75,0.75,0.0049608671106398106,-0.6119070649147034
2026-08-10_18-03-38,/home/as22cq/Projects/Policy-RL-Peg_insertion/force_peg_rl/logs/rl_games/Forge/2026-08-10_18-03-38/nn/Forge.pth,44,nominal,1002,False,timeout,149,260.8621826171875,0.0025453902781009674,22.969938278198242,14.343640327453613,1.1416667699813843,0.0006437335978262126,1.500714898109436,0.015919752418994904,0.75,0.75,0.013480856083333492,0.15796928107738495
2026-08-10_18-03-38,/home/as22cq/Projects/Policy-RL-Peg_insertion/force_peg_rl/logs/rl_games/Forge/2026-08-10_18-03-38/nn/Forge.pth,44,nominal,1002,False,timeout,149,203.2386932373047,0.012492455542087555,19.56276512145996,10.956814765930176,0.8916667103767395,0.0006058396538719535,1.7439563274383545,0.02155010960996151,0.75,0.75,0.010217918083071709,0.07179664820432663
2026-08-10_18-03-38,/home/as22cq/Projects/Policy-RL-Peg_insertion/force_peg_rl/logs/rl_games/Forge/2026-08-10_18-03-38/nn/Forge.pth,44,nominal,1002,False,timeout,149,251.8262939453125,0.005169019103050232,16.473508834838867,11.557607650756836,1.1500000953674316,0.0009066633647307754,1.975582242012024,0.015309987589716911,0.75,0.75,0.01897512748837471,0.4430526793003082
2026-08-10_18-03-38,/home/as22cq/Projects/Policy-RL-Peg_insertion/force_peg_rl/logs/rl_games/Forge/2026-08-10_18-03-38/nn/Forge.pth,44,nominal,1002,False,timeout,149,127.58086395263672,0.03496381267905235,29.75380516052246,11.967625617980957,1.158333420753479,0.035645417869091034,2.4039418697357178,0.017588315531611443,0.75,0.75,0.011249029077589512,-0.15198840200901031
2026-08-10_18-03-38,/home/as22cq/Projects/Policy-RL-Peg_insertion/force_peg_rl/logs/rl_games/Forge/2026-08-10_18-03-38/nn/Forge.pth,44,nominal,1002,True,success,149,369.817626953125,0.00015754997730255127,42.19476318359375,15.128499984741211,1.125,0.0008763540536165237,1.3659968376159668,0.017348863184452057,0.75,0.75,0.001999589381739497,0.7696378231048584
2026-08-10_18-03-38,/home/as22cq/Projects/Policy-RL-Peg_insertion/force_peg_rl/logs/rl_games/Forge/2026-08-10_18-03-38/nn/Forge.pth,44,nominal,1002,False,timeout,149,202.87225341796875,0.014319594949483871,18.761913299560547,13.256163597106934,1.0500000715255737,0.0006506893550977111,1.632490873336792,0.01678197830915451,0.75,0.75,0.018876828253269196,-0.28883111476898193
2026-08-10_18-03-38,/home/as22cq/Projects/Policy-RL-Peg_insertion/force_peg_rl/logs/rl_games/Forge/2026-08-10_18-03-38/nn/Forge.pth,44,nominal,1002,False,timeout,149,80.03756713867188,0.13033033907413483,21.54530906677246,8.316370964050293,0.8166667222976685,0.0451698862016201,3.0318877696990967,0.020639784634113312,0.75,0.75,0.017401155084371567,0.698418378829956
2026-08-10_18-03-38,/home/as22cq/Projects/Policy-RL-Peg_insertion/force_peg_rl/logs/rl_games/Forge/2026-08-10_18-03-38/nn/Forge.pth,44,nominal,1002,False,timeout,149,238.1520538330078,0.005107611417770386,18.892311096191406,12.520536422729492,1.1083333492279053,0.0007056314498186111,1.533608078956604,0.02195141091942787,0.75,0.75,0.0175413116812706,0.5204441547393799
2026-08-10_18-03-38,/home/as22cq/Projects/Policy-RL-Peg_insertion/force_peg_rl/logs/rl_games/Forge/2026-08-10_18-03-38/nn/Forge.pth,44,nominal,1002,False,timeout,149,30.327608108520508,0.0728411078453064,17.909618377685547,7.440327167510986,0.3916666805744171,0.15008756518363953,1.1491504907608032,0.021944817155599594,0.75,0.75,0.02279234118759632,0.2631632387638092
2026-08-10_18-03-38,/home/as22cq/Projects/Policy-RL-Peg_insertion/force_peg_rl/logs/rl_games/Forge/2026-08-10_18-03-38/nn/Forge.pth,44,nominal,1002,False,force_limit,149,239.69419860839844,0.002814359962940216,59.06476974487305,21.911706924438477,1.1416667699813843,0.0006519276648759842,1.2477264404296875,0.01506362110376358,0.75,0.75,0.021574553102254868,0.7122719883918762
2026-08-10_18-03-38,/home/as22cq/Projects/Policy-RL-Peg_insertion/force_peg_rl/logs/rl_games/Forge/2026-08-10_18-03-38/nn/Forge.pth,44,nominal,1002,True,success,149,252.67323303222656,2.4475157260894775e-05,28.47018051147461,14.735830307006836,1.158333420753479,0.0005580718861892819,1.095375895500183,0.021246735006570816,0.75,0.75,0.013246471993625164,0.34015482664108276
2026-08-10_18-03-38,/home/as22cq/Projects/Policy-RL-Peg_insertion/force_peg_rl/logs/rl_games/Forge/2026-08-10_18-03-38/nn/Forge.pth,44,nominal,1002,True,success,149,270.4906311035156,8.557736873626709e-05,21.963603973388672,15.767065048217773,1.1500000953674316,0.0005308054387569427,1.4258241653442383,0.02387821674346924,0.75,0.75,0.006745174527168274,0.5512175559997559
2026-08-10_18-03-38,/home/as22cq/Projects/Policy-RL-Peg_insertion/force_peg_rl/logs/rl_games/Forge/2026-08-10_18-03-38/nn/Forge.pth,44,nominal,1002,False,timeout,149,59.34709930419922,-0.0328112468123436,19.039966583251953,10.501178741455078,0.8833333849906921,0.0727313980460167,1.946423053741455,0.018176956102252007,0.75,0.75,0.012507934123277664,0.07099486142396927
2026-08-10_18-03-38,/home/as22cq/Projects/Policy-RL-Peg_insertion/force_peg_rl/logs/rl_games/Forge/2026-08-10_18-03-38/nn/Forge.pth,44,nominal,1002,False,timeout,149,64.59586334228516,0.028011754155158997,25.62009620666504,13.162391662597656,1.2000000476837158,0.003574521280825138,2.3510069847106934,0.023027971386909485,0.75,0.75,0.01797373779118061,-0.4308236539363861
2026-08-10_18-03-38,/home/as22cq/Projects/Policy-RL-Peg_insertion/force_peg_rl/logs/rl_games/Forge/2026-08-10_18-03-38/nn/Forge.pth,44,nominal,1002,False,timeout,149,48.60843276977539,0.0479331910610199,28.80852699279785,11.238028526306152,1.0166667699813843,0.07839404046535492,3.0066850185394287,0.02109156735241413,0.75,0.75,0.009917382150888443,-0.3720260262489319
2026-08-10_18-03-38,/home/as22cq/Projects/Policy-RL-Peg_insertion/force_peg_rl/logs/rl_games/Forge/2026-08-10_18-03-38/nn/Forge.pth,44,nominal,1002,False,timeout,149,204.1123046875,0.017396539449691772,20.48335838317871,13.367716789245605,1.133333444595337,0.001125322189182043,1.9645565748214722,0.019174015149474144,0.75,0.75,0.017250249162316322,0.518789529800415
2026-08-10_18-03-38,/home/as22cq/Projects/Policy-RL-Peg_insertion/force_peg_rl/logs/rl_games/Forge/2026-08-10_18-03-38/nn/Forge.pth,44,nominal,1002,False,timeout,149,37.39729309082031,0.05518156290054321,17.273279190063477,7.856130599975586,0.8333333730697632,0.024314433336257935,2.8361856937408447,0.019366687163710594,0.75,0.75,0.011414960958063602,0.21932949125766754
2026-08-10_18-03-38,/home/as22cq/Projects/Policy-RL-Peg_insertion/force_peg_rl/logs/rl_games/Forge/2026-08-10_18-03-38/nn/Forge.pth,44,nominal,1002,False,timeout,149,59.561222076416016,0.0741599053144455,19.44960594177246,9.318059921264648,0.5750000476837158,0.11384376883506775,0.9576709866523743,0.016690043732523918,0.75,0.75,0.02096317522227764,-0.5644876956939697
2026-08-10_18-03-38,/home/as22cq/Projects/Policy-RL-Peg_insertion/force_peg_rl/logs/rl_games/Forge/2026-08-10_18-03-38/nn/Forge.pth,44,nominal,1002,False,timeout,149,218.3863067626953,0.010159734636545181,23.70922088623047,11.972450256347656,0.8916667103767395,0.0006394793163053691,1.3683388233184814,0.021030575037002563,0.75,0.75,0.01157835591584444,0.2417273372411728
2026-08-10_18-03-38,/home/as22cq/Projects/Policy-RL-Peg_insertion/force_peg_rl/logs/rl_games/Forge/2026-08-10_18-03-38/nn/Forge.pth,44,nominal,1002,False,timeout,149,46.962711334228516,0.06598091125488281,31.750341415405273,14.06923770904541,1.0833333730697632,0.05906157195568085,3.081197738647461,0.014745257794857025,0.75,0.75,0.024253567680716515,0.7098237872123718
2026-08-10_18-03-38,/home/as22cq/Projects/Policy-RL-Peg_insertion/force_peg_rl/logs/rl_games/Forge/2026-08-10_18-03-38/nn/Forge.pth,44,nominal,1002,False,timeout,149,26.7632999420166,0.06702542304992676,20.238649368286133,14.15899658203125,1.158333420753479,0.05077235400676727,0.6618781089782715,0.017925405874848366,0.75,0.75,0.020939335227012634,-0.5799182653427124
2026-08-10_18-03-38,/home/as22cq/Projects/Policy-RL-Peg_insertion/force_peg_rl/logs/rl_games/Forge/2026-08-10_18-03-38/nn/Forge.pth,44,nominal,1002,True,success,149,361.0916748046875,5.430728197097778e-05,20.116291046142578,14.46876335144043,1.0833333730697632,0.00016162532847374678,0.028884191066026688,0.023400066420435905,0.75,0.75,0.01801287941634655,-0.2945553660392761
2026-08-10_18-03-38,/home/as22cq/Projects/Policy-RL-Peg_insertion/force_peg_rl/logs/rl_games/Forge/2026-08-10_18-03-38/nn/Forge.pth,44,nominal,1002,False,timeout,149,53.44818115234375,0.0215272456407547,28.158348083496094,9.707797050476074,0.4833333492279053,0.03895074501633644,2.6181819438934326,0.016221296042203903,0.75,0.75,0.013299291953444481,0.49062493443489075
2026-08-10_18-03-38,/home/as22cq/Projects/Policy-RL-Peg_insertion/force_peg_rl/logs/rl_games/Forge/2026-08-10_18-03-38/nn/Forge.pth,44,nominal,1002,False,timeout,149,31.379779815673828,-0.06859175115823746,15.832262992858887,10.257503509521484,0.8666667342185974,0.8547194600105286,-3.0158307552337646,0.019461337476968765,0.75,0.75,0.009287179447710514,0.7294746041297913
2026-08-10_18-03-38,/home/as22cq/Projects/Policy-RL-Peg_insertion/force_peg_rl/logs/rl_games/Forge/2026-08-10_18-03-38/nn/Forge.pth,44,nominal,1002,False,timeout,149,242.8400115966797,0.0028595738112926483,22.004053115844727,13.945769309997559,1.0833333730697632,0.0006112153059802949,1.983820915222168,0.016258444637060165,0.75,0.75,0.009436296299099922,-0.49849066138267517
2026-08-10_18-03-38,/home/as22cq/Projects/Policy-RL-Peg_insertion/force_peg_rl/logs/rl_games/Forge/2026-08-10_18-03-38/nn/Forge.pth,44,nominal,1002,False,timeout,149,35.77870178222656,0.010971128940582275,22.647663116455078,10.012609481811523,0.5916666984558105,0.07338915765285492,2.620251178741455,0.018716946244239807,0.75,0.75,0.018816489726305008,0.10864932835102081
2026-08-10_18-03-38,/home/as22cq/Projects/Policy-RL-Peg_insertion/force_peg_rl/logs/rl_games/Forge/2026-08-10_18-03-38/nn/Forge.pth,44,nominal,1002,False,timeout,149,72.12760162353516,0.02301744371652603,19.965618133544922,14.0466947555542,1.183333396911621,0.05861897021532059,1.322637677192688,0.01746673509478569,0.75,0.75,0.023673661053180695,-0.16187995672225952
2026-08-10_18-03-38,/home/as22cq/Projects/Policy-RL-Peg_insertion/force_peg_rl/logs/rl_games/Forge/2026-08-10_18-03-38/nn/Forge.pth,44,nominal,1002,False,timeout,149,235.29029846191406,0.008068636059761047,25.37738800048828,16.799257278442383,1.2000000476837158,0.0007213412900455296,1.5930910110473633,0.01440645195543766,0.75,0.75,0.012244898825883865,-0.5447081327438354
2026-08-10_18-03-38,/home/as22cq/Projects/Policy-RL-Peg_insertion/force_peg_rl/logs/rl_games/Forge/2026-08-10_18-03-38/nn/Forge.pth,44,nominal,1002,False,timeout,149,225.19964599609375,0.01203940063714981,18.344280242919922,14.354300498962402,1.1666667461395264,0.0009536035358905792,1.7974107265472412,0.021889936178922653,0.75,0.75,0.02116028591990471,-0.7573469877243042
2026-08-10_18-03-38,/home/as22cq/Projects/Policy-RL-Peg_insertion/force_peg_rl/logs/rl_games/Forge/2026-08-10_18-03-38/nn/Forge.pth,44,nominal,1002,False,timeout,149,201.1891326904297,0.018311550840735435,38.23179244995117,22.576913833618164,1.158333420753479,0.0016622248804196715,2.1059601306915283,0.016589166596531868,0.75,0.75,0.010192293673753738,-0.14078155159950256
2026-08-10_18-03-38,/home/as22cq/Projects/Policy-RL-Peg_insertion/force_peg_rl/logs/rl_games/Forge/2026-08-10_18-03-38/nn/Forge.pth,44,nominal,1002,False,timeout,149,211.18016052246094,0.014430239796638489,26.155725479125977,18.850648880004883,1.1666667461395264,0.0006583558861166239,0.6690022349357605,0.018467051908373833,0.75,0.75,0.006955091841518879,-0.23734819889068604
2026-08-10_18-03-38,/home/as22cq/Projects/Policy-RL-Peg_insertion/force_peg_rl/logs/rl_games/Forge/2026-08-10_18-03-38/nn/Forge.pth,44,nominal,1002,False,timeout,149,59.61308288574219,0.03843852877616882,22.084239959716797,9.808552742004395,1.133333444595337,0.036835748702287674,2.517868995666504,0.020759839564561844,0.75,0.75,0.014341910369694233,-0.05237210914492607
2026-08-10_18-03-38,/home/as22cq/Projects/Policy-RL-Peg_insertion/force_peg_rl/logs/rl_games/Forge/2026-08-10_18-03-38/nn/Forge.pth,44,nominal,1002,False,timeout,149,71.43861389160156,0.025693926960229874,22.73345375061035,8.258995056152344,0.30000001192092896,0.0700051560997963,1.254287600517273,0.01720079593360424,0.75,0.75,0.009458223357796669,-0.17536109685897827
2026-08-10_18-03-38,/home/as22cq/Projects/Policy-RL-Peg_insertion/force_peg_rl/logs/rl_games/Forge/2026-08-10_18-03-38/nn/Forge.pth,44,nominal,1002,False,timeout,149,44.917232513427734,0.04114595055580139,32.188812255859375,7.111111640930176,0.32500001788139343,0.055020522326231,2.949787139892578,0.021759364753961563,0.75,0.75,0.00609875563532114,0.7530428171157837
2026-08-10_18-03-38,/home/as22cq/Projects/Policy-RL-Peg_insertion/force_peg_rl/logs/rl_games/Forge/2026-08-10_18-03-38/nn/Forge.pth,44,nominal,1002,False,timeout,149,55.07283020019531,0.035844847559928894,33.70034408569336,13.585521697998047,1.0166667699813843,0.017099935561418533,1.7825404405593872,0.0233331099152565,0.75,0.75,0.007744076196104288,0.17208805680274963
2026-08-10_18-03-38,/home/as22cq/Projects/Policy-RL-Peg_insertion/force_peg_rl/logs/rl_games/Forge/2026-08-10_18-03-38/nn/Forge.pth,44,nominal,1002,False,timeout,149,49.49753189086914,0.04674796760082245,23.95358657836914,8.07131576538086,0.7250000238418579,0.0946873128414154,3.104583263397217,0.021477200090885162,0.75,0.75,0.012040233239531517,0.2449764758348465
2026-08-10_18-03-38,/home/as22cq/Projects/Policy-RL-Peg_insertion/force_peg_rl/logs/rl_games/Forge/2026-08-10_18-03-38/nn/Forge.pth,44,nominal,1002,True,success,149,336.519287109375,0.0001963302493095398,32.47968292236328,14.462050437927246,1.0833333730697632,0.0009161013294942677,1.393638253211975,0.023808356374502182,0.75,0.75,0.017729900777339935,0.6457738876342773
2026-08-10_18-03-38,/home/as22cq/Projects/Policy-RL-Peg_insertion/force_peg_rl/logs/rl_games/Forge/2026-08-10_18-03-38/nn/Forge.pth,44,nominal,1002,False,timeout,149,217.47933959960938,0.008431952446699142,35.06460952758789,20.994001388549805,1.1500000953674316,0.0007494011661037803,1.7584216594696045,0.01721891015768051,0.75,0.75,0.014140610583126545,0.13803786039352417
2026-08-10_18-03-38,/home/as22cq/Projects/Policy-RL-Peg_insertion/force_peg_rl/logs/rl_games/Forge/2026-08-10_18-03-38/nn/Forge.pth,44,nominal,1002,False,timeout,149,34.77505111694336,0.026805859059095383,28.09182357788086,12.863646507263184,1.158333420753479,0.018501296639442444,1.8100945949554443,0.018824348226189613,0.75,0.75,0.02334660291671753,0.06929180771112442
2026-08-10_18-03-38,/home/as22cq/Projects/Policy-RL-Peg_insertion/force_peg_rl/logs/rl_games/Forge/2026-08-10_18-03-38/nn/Forge.pth,44,nominal,1002,False,force_limit,149,73.65727233886719,0.05501064658164978,129.06521606445312,12.53572940826416,1.133333444595337,0.02054726704955101,0.5378009676933289,0.021324120461940765,0.75,0.75,0.023754483088850975,-0.6461846232414246
2026-08-10_18-03-38,/home/as22cq/Projects/Policy-RL-Peg_insertion/force_peg_rl/logs/rl_games/Forge/2026-08-10_18-03-38/nn/Forge.pth,44,nominal,1002,False,timeout,149,192.98887634277344,0.015709467232227325,23.584318161010742,14.641460418701172,0.9750000238418579,0.0007601424586027861,2.1658053398132324,0.01423654519021511,0.75,0.75,0.018009386956691742,0.523815393447876
2026-08-10_18-03-38,/home/as22cq/Projects/Policy-RL-Peg_insertion/force_peg_rl/logs/rl_games/Forge/2026-08-10_18-03-38/nn/Forge.pth,44,nominal,1002,False,timeout,149,234.41957092285156,0.008435733616352081,33.362953186035156,15.246999740600586,1.1416667699813843,0.0006304058479145169,1.4602402448654175,0.022238317877054214,0.75,0.75,0.015628768131136894,-0.3721763789653778
2026-08-10_18-03-38,/home/as22cq/Projects/Policy-RL-Peg_insertion/force_peg_rl/logs/rl_games/Forge/2026-08-10_18-03-38/nn/Forge.pth,44,nominal,1002,False,timeout,149,54.2034797668457,0.028887230902910233,22.34619140625,12.00836181640625,1.125,0.010069530457258224,0.7181453704833984,0.023817339912056923,0.75,0.75,0.012229286134243011,-0.33388614654541016
2026-08-10_18-03-38,/home/as22cq/Projects/Policy-RL-Peg_insertion/force_peg_rl/logs/rl_games/Forge/2026-08-10_18-03-38/nn/Forge.pth,44,nominal,1002,False,timeout,149,35.354644775390625,0.023942675441503525,23.505456924438477,15.801192283630371,1.125,0.00254266569390893,1.277477741241455,0.015604325570166111,0.75,0.75,0.013054702430963516,0.442440390586853
2026-08-10_18-03-38,/home/as22cq/Projects/Policy-RL-Peg_insertion/force_peg_rl/logs/rl_games/Forge/2026-08-10_18-03-38/nn/Forge.pth,44,nominal,1002,False,timeout,149,221.47262573242188,0.008286789059638977,22.383716583251953,11.974811553955078,1.058333396911621,0.0008889775490388274,0.8389118313789368,0.01654166355729103,0.75,0.75,0.007180836051702499,-0.6129394173622131
2026-08-10_18-03-38,/home/as22cq/Projects/Policy-RL-Peg_insertion/force_peg_rl/logs/rl_games/Forge/2026-08-10_18-03-38/nn/Forge.pth,44,nominal,1002,False,timeout,149,69.65323638916016,0.09386046230792999,13.97266674041748,7.284721374511719,0.7916666865348816,0.05309215560555458,0.3719558119773865,0.015367625281214714,0.75,0.75,0.009681761264801025,-0.702483057975769
2026-08-10_18-03-38,/home/as22cq/Projects/Policy-RL-Peg_insertion/force_peg_rl/logs/rl_games/Forge/2026-08-10_18-03-38/nn/Forge.pth,44,nominal,1002,True,success,149,398.3594055175781,0.0005229292437434196,21.496837615966797,12.39925765991211,1.1083333492279053,0.0005572286318056285,1.3031017780303955,0.016587311401963234,0.75,0.75,0.004191722720861435,-0.3138895034790039
2026-08-10_18-03-38,/home/as22cq/Projects/Policy-RL-Peg_insertion/force_peg_rl/logs/rl_games/Forge/2026-08-10_18-03-38/nn/Forge.pth,44,nominal,1002,False,timeout,149,227.323486328125,0.0019202902913093567,42.79458236694336,18.518964767456055,1.183333396911621,0.000608479545917362,1.3940776586532593,0.02069450542330742,0.75,0.75,0.007109863217920065,-0.7241960763931274
2026-08-10_18-03-38,/home/as22cq/Projects/Policy-RL-Peg_insertion/force_peg_rl/logs/rl_games/Forge/2026-08-10_18-03-38/nn/Forge.pth,44,nominal,1002,False,timeout,149,38.57868194580078,0.10131001472473145,19.734683990478516,7.816291332244873,0.5083333849906921,0.013843458145856857,0.15134872496128082,0.014911415986716747,0.75,0.75,0.017646677792072296,-0.08787451684474945
2026-08-10_18-03-38,/home/as22cq/Projects/Policy-RL-Peg_insertion/force_peg_rl/logs/rl_games/Forge/2026-08-10_18-03-38/nn/Forge.pth,44,nominal,1002,False,timeout,149,76.84148406982422,0.028970643877983093,15.50615119934082,9.608960151672363,1.058333396911621,0.016501862555742264,1.8960597515106201,0.023175688460469246,0.75,0.75,0.01900392398238182,-0.21887314319610596
2026-08-10_18-03-38,/home/as22cq/Projects/Policy-RL-Peg_insertion/force_peg_rl/logs/rl_games/Forge/2026-08-10_18-03-38/nn/Forge.pth,44,nominal,1002,False,timeout,149,211.5569305419922,0.017625905573368073,27.034086227416992,9.140174865722656,0.6666666865348816,0.0006298267981037498,0.5036172866821289,0.020305711776018143,0.75,0.75,0.017524760216474533,0.28504395484924316
2026-08-10_18-03-38,/home/as22cq/Projects/Policy-RL-Peg_insertion/force_peg_rl/logs/rl_games/Forge/2026-08-10_18-03-38/nn/Forge.pth,44,nominal,1002,False,timeout,149,31.025537490844727,0.025322560220956802,17.183914184570312,12.092424392700195,1.183333396911621,0.022627348080277443,1.103388786315918,0.022102581337094307,0.75,0.75,0.021724561229348183,-0.1555425226688385
2026-08-10_18-03-38,/home/as22cq/Projects/Policy-RL-Peg_insertion/force_peg_rl/logs/rl_games/Forge/2026-08-10_18-03-38/nn/Forge.pth,44,nominal,1002,False,timeout,149,38.87784957885742,0.03059808909893036,26.200716018676758,12.130473136901855,1.1416667699813843,0.011599852703511715,0.7265874743461609,0.020468013361096382,0.75,0.75,0.013485435396432877,-0.6150318384170532
2026-08-10_18-03-38,/home/as22cq/Projects/Policy-RL-Peg_insertion/force_peg_rl/logs/rl_games/Forge/2026-08-10_18-03-38/nn/Forge.pth,44,nominal,1002,False,timeout,149,34.23556900024414,-0.014548387378454208,16.29025650024414,11.078407287597656,0.9916667342185974,0.03173289820551872,0.8298100233078003,0.02053002640604973,0.75,0.75,0.016058651730418205,0.19814160466194153
2026-08-10_18-03-38,/home/as22cq/Projects/Policy-RL-Peg_insertion/force_peg_rl/logs/rl_games/Forge/2026-08-10_18-03-38/nn/Forge.pth,44,nominal,1002,False,timeout,149,30.79218292236328,0.04102059453725815,22.692283630371094,14.243910789489746,1.0916666984558105,0.008130221627652645,0.6127845048904419,0.023736361414194107,0.75,0.75,0.019898032769560814,-0.0350927971303463
2026-08-10_18-03-38,/home/as22cq/Projects/Policy-RL-Peg_insertion/force_peg_rl/logs/rl_games/Forge/2026-08-10_18-03-38/nn/Forge.pth,44,nominal,1002,False,timeout,149,34.85154724121094,0.037558719515800476,15.389277458190918,7.56694221496582,0.9500000476837158,0.02422473579645157,3.1315643787384033,0.014548050239682198,0.75,0.75,0.02143809013068676,0.5012869238853455
2026-08-10_18-03-38,/home/as22cq/Projects/Policy-RL-Peg_insertion/force_peg_rl/logs/rl_games/Forge/2026-08-10_18-03-38/nn/Forge.pth,44,nominal,1002,False,timeout,149,34.34911346435547,0.01422634907066822,14.582575798034668,8.497123718261719,0.9166666865348816,0.03887420520186424,2.2122302055358887,0.01885204203426838,0.75,0.75,0.020396744832396507,0.27641141414642334
2026-08-10_18-03-38,/home/as22cq/Projects/Policy-RL-Peg_insertion/force_peg_rl/logs/rl_games/Forge/2026-08-10_18-03-38/nn/Forge.pth,44,nominal,1002,False,timeout,149,32.066261291503906,0.06668198853731155,26.906984329223633,11.133662223815918,0.6500000357627869,0.0531112365424633,2.6425068378448486,0.021734148263931274,0.75,0.75,0.017300695180892944,0.6408067345619202
2026-08-10_18-03-38,/home/as22cq/Projects/Policy-RL-Peg_insertion/force_peg_rl/logs/rl_games/Forge/2026-08-10_18-03-38/nn/Forge.pth,44,nominal,1002,False,timeout,149,32.795021057128906,0.04420441761612892,18.095561981201172,10.93368911743164,1.1916667222976685,0.0412587895989418,0.8446895480155945,0.018596237525343895,0.75,0.75,0.015298552811145782,-0.7737395763397217
2026-08-10_18-03-38,/home/as22cq/Projects/Policy-RL-Peg_insertion/force_peg_rl/logs/rl_games/Forge/2026-08-10_18-03-38/nn/Forge.pth,44,nominal,1002,False,timeout,149,39.37990951538086,0.023529745638370514,22.16106414794922,7.799241065979004,0.9000000357627869,0.02291826531291008,2.495713472366333,0.01577061414718628,0.75,0.75,0.011489741504192352,0.16696347296237946
2026-08-10_18-03-38,/home/as22cq/Projects/Policy-RL-Peg_insertion/force_peg_rl/logs/rl_games/Forge/2026-08-10_18-03-38/nn/Forge.pth,44,nominal,1002,False,timeout,149,34.41912841796875,0.10845296084880829,20.084365844726562,8.091962814331055,0.9250000715255737,0.05755653604865074,3.0503597259521484,0.018703607842326164,0.75,0.75,0.021246062591671944,0.5655451416969299
2026-08-10_18-03-38,/home/as22cq/Projects/Policy-RL-Peg_insertion/force_peg_rl/logs/rl_games/Forge/2026-08-10_18-03-38/nn/Forge.pth,44,nominal,1002,True,success,149,230.29598999023438,0.00011947751045227051,19.90151596069336,11.84188175201416,1.0750000476837158,0.0005902936100028455,1.6226810216903687,0.019381504505872726,0.75,0.75,0.0044946433044970036,0.5515233278274536
2026-08-10_18-03-38,/home/as22cq/Projects/Policy-RL-Peg_insertion/force_peg_rl/logs/rl_games/Forge/2026-08-10_18-03-38/nn/Forge.pth,44,nominal,1002,False,timeout,149,34.31803894042969,0.011152029037475586,26.804203033447266,11.76040267944336,1.1750000715255737,0.01664620265364647,2.739168643951416,0.021511338651180267,0.75,0.75,0.0011889978777617216,0.7508190274238586
2026-08-10_18-03-38,/home/as22cq/Projects/Policy-RL-Peg_insertion/force_peg_rl/logs/rl_games/Forge/2026-08-10_18-03-38/nn/Forge.pth,44,nominal,1002,False,timeout,149,56.209739685058594,0.02988830953836441,26.514604568481445,12.424596786499023,0.9250000715255737,0.018642181530594826,1.9869157075881958,0.019358016550540924,0.75,0.75,0.015158694237470627,0.2870752513408661
2026-08-10_18-03-38,/home/as22cq/Projects/Policy-RL-Peg_insertion/force_peg_rl/logs/rl_games/Forge/2026-08-10_18-03-38/nn/Forge.pth,44,nominal,1002,False,timeout,149,213.60235595703125,0.004516758024692535,21.59501075744629,10.722151756286621,0.9916667342185974,0.0003527383669279516,1.476597785949707,0.022733323276042938,0.75,0.75,0.022289497777819633,0.44051793217658997
2026-08-10_18-03-38,/home/as22cq/Projects/Policy-RL-Peg_insertion/force_peg_rl/logs/rl_games/Forge/2026-08-10_18-03-38/nn/Forge.pth,44,nominal,1002,False,timeout,149,128.3981475830078,0.0694773942232132,17.375720977783203,10.953099250793457,1.1750000715255737,0.08437016606330872,1.5060346126556396,0.01642218418419361,0.75,0.75,0.009232597425580025,0.7070070505142212
2026-08-10_18-03-38,/home/as22cq/Projects/Policy-RL-Peg_insertion/force_peg_rl/logs/rl_games/Forge/2026-08-10_18-03-38/nn/Forge.pth,44,nominal,1002,False,timeout,149,235.6585235595703,0.0026192739605903625,38.779972076416016,19.369558334350586,1.183333396911621,0.0007439531036652625,1.1751905679702759,0.015317823737859726,0.75,0.75,0.014742102473974228,-0.3844355344772339
2026-08-10_18-03-38,/home/as22cq/Projects/Policy-RL-Peg_insertion/force_peg_rl/logs/rl_games/Forge/2026-08-10_18-03-38/nn/Forge.pth,44,nominal,1002,False,timeout,149,37.31477737426758,0.020823601633310318,24.92681121826172,12.249283790588379,0.9000000357627869,0.029561785981059074,0.6102180480957031,0.016590312123298645,0.75,0.75,0.02550971880555153,-0.5185555219650269
2026-08-10_18-03-38,/home/as22cq/Projects/Policy-RL-Peg_insertion/force_peg_rl/logs/rl_games/Forge/2026-08-10_18-03-38/nn/Forge.pth,44,nominal,1002,False,timeout,149,201.3907470703125,0.02019428089261055,19.229507446289062,12.572427749633789,1.1500000953674316,0.0009776540100574493,1.0773571729660034,0.015047406777739525,0.75,0.75,0.01568080298602581,0.6058513522148132
2026-08-10_18-03-38,/home/as22cq/Projects/Policy-RL-Peg_insertion/force_peg_rl/logs/rl_games/Forge/2026-08-10_18-03-38/nn/Forge.pth,44,nominal,1002,False,timeout,149,223.96310424804688,0.007305133156478405,18.727140426635742,13.099531173706055,1.1500000953674316,0.0006766567821614444,1.681214451789856,0.014026084914803505,0.75,0.75,0.012493644841015339,-0.2704593241214752
2026-08-10_18-03-38,/home/as22cq/Projects/Policy-RL-Peg_insertion/force_peg_rl/logs/rl_games/Forge/2026-08-10_18-03-38/nn/Forge.pth,44,nominal,1002,False,timeout,149,31.355979919433594,0.022447913885116577,10.982105255126953,5.283664703369141,0.01666666753590107,0.030933473259210587,0.7357655167579651,0.020672863349318504,0.75,0.75,0.01109415851533413,-0.182298481464386
2026-08-10_18-03-38,/home/as22cq/Projects/Policy-RL-Peg_insertion/force_peg_rl/logs/rl_games/Forge/2026-08-10_18-03-38/nn/Forge.pth,44,nominal,1002,False,timeout,149,38.689659118652344,0.020085521042346954,15.048927307128906,7.026482582092285,0.30000001192092896,0.025876477360725403,1.797132134437561,0.020923325791954994,0.75,0.75,0.02172861434519291,-0.12418424338102341
2026-08-10_18-03-38,/home/as22cq/Projects/Policy-RL-Peg_insertion/force_peg_rl/logs/rl_games/Forge/2026-08-10_18-03-38/nn/Forge.pth,44,nominal,1002,False,force_limit,149,39.15146255493164,0.02744872123003006,90.05276489257812,13.534245491027832,1.0916666984558105,0.034524235874414444,2.4949331283569336,0.01654907315969467,0.75,0.75,0.009351993910968304,0.3263722062110901
2026-08-10_18-03-38,/home/as22cq/Projects/Policy-RL-Peg_insertion/force_peg_rl/logs/rl_games/Forge/2026-08-10_18-03-38/nn/Forge.pth,44,nominal,1002,False,timeout,149,29.22441291809082,0.05290764570236206,22.365184783935547,12.933517456054688,0.9083333611488342,0.022582344710826874,0.17036645114421844,0.023344505578279495,0.75,0.75,0.02266090176999569,-0.20683889091014862
2026-08-10_18-03-38,/home/as22cq/Projects/Policy-RL-Peg_insertion/force_peg_rl/logs/rl_games/Forge/2026-08-10_18-03-38/nn/Forge.pth,44,nominal,1002,False,timeout,149,35.48247528076172,0.029977861791849136,33.743709564208984,17.549068450927734,1.0666667222976685,0.01793070137500763,1.332472801208496,0.019707199186086655,0.75,0.75,0.01050792820751667,0.621483325958252
2026-08-10_18-03-38,/home/as22cq/Projects/Policy-RL-Peg_insertion/force_peg_rl/logs/rl_games/Forge/2026-08-10_18-03-38/nn/Forge.pth,44,nominal,1002,False,timeout,149,211.79638671875,0.0011788047850131989,24.263263702392578,12.986518859863281,1.1416667699813843,0.0007453978178091347,0.9260319471359253,0.019654061645269394,0.75,0.75,0.016545040532946587,0.710380494594574
2026-08-10_18-03-38,/home/as22cq/Projects/Policy-RL-Peg_insertion/force_peg_rl/logs/rl_games/Forge/2026-08-10_18-03-38/nn/Forge.pth,44,nominal,1002,False,timeout,149,33.9681282043457,0.040448933839797974,24.096717834472656,7.763548851013184,0.3750000298023224,0.059471093118190765,2.9446792602539062,0.021721793338656425,0.75,0.75,0.015264233574271202,0.21833260357379913
2026-08-10_18-03-38,/home/as22cq/Projects/Policy-RL-Peg_insertion/force_peg_rl/logs/rl_games/Forge/2026-08-10_18-03-38/nn/Forge.pth,44,nominal,1002,False,timeout,149,31.942689895629883,0.08306299149990082,23.927711486816406,15.651702880859375,1.0500000715255737,0.05191449820995331,3.0646047592163086,0.018091605976223946,0.75,0.75,0.01784517429769039,0.7442202568054199
2026-08-10_18-03-38,/home/as22cq/Projects/Policy-RL-Peg_insertion/force_peg_rl/logs/rl_games/Forge/2026-08-10_18-03-38/nn/Forge.pth,44,nominal,1002,False,timeout,149,28.51604461669922,0.0414043664932251,30.404888153076172,14.318229675292969,1.158333420753479,0.04905238002538681,0.7185390591621399,0.01590709574520588,0.75,0.75,0.009809640236198902,-0.3752845823764801
2026-08-10_18-03-38,/home/as22cq/Projects/Policy-RL-Peg_insertion/force_peg_rl/logs/rl_games/Forge/2026-08-10_18-03-38/nn/Forge.pth,44,nominal,1002,False,timeout,149,31.74994659423828,0.019460830837488174,20.41145133972168,12.371726036071777,1.133333444595337,0.040904100984334946,1.4248061180114746,0.019022222608327866,0.75,0.75,0.021388383582234383,-0.6673644185066223
2026-08-10_18-03-38,/home/as22cq/Projects/Policy-RL-Peg_insertion/force_peg_rl/logs/rl_games/Forge/2026-08-10_18-03-38/nn/Forge.pth,44,nominal,1002,False,timeout,149,34.18701171875,-0.025623587891459465,29.305776596069336,15.32281494140625,1.1500000953674316,0.04639548063278198,1.7285557985305786,0.01803026907145977,0.75,0.75,0.012830269522964954,0.23435941338539124
2026-08-10_18-03-38,/home/as22cq/Projects/Policy-RL-Peg_insertion/force_peg_rl/logs/rl_games/Forge/2026-08-10_18-03-38/nn/Forge.pth,44,nominal,1002,False,timeout,149,34.00350570678711,0.10969772934913635,36.1260986328125,14.038521766662598,1.058333396911621,0.0741613432765007,3.0406763553619385,0.016793452203273773,0.75,0.75,0.007269416470080614,0.7183584570884705
2026-08-10_18-03-38,/home/as22cq/Projects/Policy-RL-Peg_insertion/force_peg_rl/logs/rl_games/Forge/2026-08-10_18-03-38/nn/Forge.pth,44,nominal,1002,False,force_limit,149,185.99937438964844,0.030199438333511353,50.2396125793457,16.221281051635742,0.8916667103767395,0.0014020252274349332,0.3787473142147064,0.02392515353858471,0.75,0.75,0.01636715605854988,0.6574069261550903
2026-08-10_18-03-38,/home/as22cq/Projects/Policy-RL-Peg_insertion/force_peg_rl/logs/rl_games/Forge/2026-08-10_18-03-38/nn/Forge.pth,44,nominal,1002,False,timeout,149,29.503746032714844,0.028612099587917328,16.593421936035156,10.70283031463623,0.98333340883255,0.013785315677523613,1.1164650917053223,0.015425212681293488,0.75,0.75,0.010845507495105267,-0.17294622957706451
2026-08-10_18-03-38,/home/as22cq/Projects/Policy-RL-Peg_insertion/force_peg_rl/logs/rl_games/Forge/2026-08-10_18-03-38/nn/Forge.pth,44,nominal,1002,False,timeout,149,30.90519905090332,0.050564900040626526,18.897592544555664,12.901724815368652,1.1416667699813843,0.035515815019607544,3.1336612701416016,0.022415950894355774,0.75,0.75,0.0048272497951984406,0.5737558603286743
2026-08-10_18-03-38,/home/as22cq/Projects/Policy-RL-Peg_insertion/force_peg_rl/logs/rl_games/Forge/2026-08-10_18-03-38/nn/Forge.pth,44,nominal,1002,True,success,149,276.641845703125,-8.23289155960083e-06,30.02838897705078,13.255531311035156,1.033333420753479,0.0005753749865107238,1.1607877016067505,0.019533030688762665,0.75,0.75,0.006909668445587158,-0.18373343348503113
2026-08-10_18-03-38,/home/as22cq/Projects/Policy-RL-Peg_insertion/force_peg_rl/logs/rl_games/Forge/2026-08-10_18-03-38/nn/Forge.pth,44,nominal,1002,False,timeout,149,34.84223175048828,0.025211874395608902,17.62466049194336,8.05513858795166,0.46666669845581055,0.031538791954517365,0.5779104828834534,0.0217991191893816,0.75,0.75,0.01416313648223877,-0.5923187136650085
2026-08-10_18-03-38,/home/as22cq/Projects/Policy-RL-Peg_insertion/force_peg_rl/logs/rl_games/Forge/2026-08-10_18-03-38/nn/Forge.pth,44,nominal,1002,False,timeout,149,26.56768035888672,0.01690519228577614,21.94345474243164,14.808119773864746,1.1666667461395264,0.07049382477998734,2.5577211380004883,0.01697712019085884,0.75,0.75,0.009546847082674503,0.31992393732070923
2026-08-10_18-03-38,/home/as22cq/Projects/Policy-RL-Peg_insertion/force_peg_rl/logs/rl_games/Forge/2026-08-10_18-03-38/nn/Forge.pth,44,nominal,1002,False,timeout,149,36.390403747558594,0.017234638333320618,19.178089141845703,9.885687828063965,0.6583333611488342,0.02423895336687565,1.1634111404418945,0.019805314019322395,0.75,0.75,0.006348778493702412,-0.3202236592769623
2026-08-10_18-03-38,/home/as22cq/Projects/Policy-RL-Peg_insertion/force_peg_rl/logs/rl_games/Forge/2026-08-10_18-03-38/nn/Forge.pth,44,nominal,1002,False,timeout,149,40.093223571777344,0.00359355378895998,18.332181930541992,12.905007362365723,1.1416667699813843,0.020924530923366547,1.3152549266815186,0.021873950958251953,0.75,0.75,0.022342020645737648,-0.4531630277633667
2026-08-10_18-03-38,/home/as22cq/Projects/Policy-RL-Peg_insertion/force_peg_rl/logs/rl_games/Forge/2026-08-10_18-03-38/nn/Forge.pth,44,nominal,1002,False,timeout,149,38.174354553222656,0.013270806521177292,30.9251651763916,12.785887718200684,1.0666667222976685,0.02262982353568077,2.5011134147644043,0.01411090325564146,0.75,0.75,0.02148091420531273,0.3342389762401581
2026-08-10_18-03-38,/home/as22cq/Projects/Policy-RL-Peg_insertion/force_peg_rl/logs/rl_games/Forge/2026-08-10_18-03-38/nn/Forge.pth,44,nominal,1002,True,success,149,334.4429626464844,4.994496703147888e-05,21.753101348876953,17.286767959594727,1.2083333730697632,0.000529527198523283,0.4767041802406311,0.01805630885064602,0.75,0.75,0.0029500052332878113,-0.7209979891777039
2026-08-10_18-03-38,/home/as22cq/Projects/Policy-RL-Peg_insertion/force_peg_rl/logs/rl_games/Forge/2026-08-10_18-03-38/nn/Forge.pth,44,nominal,1002,False,timeout,149,29.40799903869629,0.036687564104795456,19.50381088256836,5.826868057250977,0.06666667014360428,0.044248584657907486,0.819832444190979,0.01963941752910614,0.75,0.75,0.016916904598474503,-0.45636430382728577
2026-08-10_18-03-38,/home/as22cq/Projects/Policy-RL-Peg_insertion/force_peg_rl/logs/rl_games/Forge/2026-08-10_18-03-38/nn/Forge.pth,44,nominal,1002,False,timeout,149,34.3021240234375,0.025047123432159424,19.4692440032959,7.026115894317627,0.6583333611488342,0.02091127261519432,1.0318821668624878,0.015725543722510338,0.75,0.75,0.013111275620758533,0.5106745362281799
2026-08-10_18-03-38,/home/as22cq/Projects/Policy-RL-Peg_insertion/force_peg_rl/logs/rl_games/Forge/2026-08-10_18-03-38/nn/Forge.pth,44,nominal,1002,True,success,149,261.2082824707031,9.232014417648315e-05,28.289371490478516,12.822346687316895,1.158333420753479,0.0005676393629983068,1.1934763193130493,0.016262071207165718,0.75,0.75,0.018508827313780785,-0.4194827973842621
2026-08-10_18-03-38,/home/as22cq/Projects/Policy-RL-Peg_insertion/force_peg_rl/logs/rl_games/Forge/2026-08-10_18-03-38/nn/Forge.pth,44,nominal,1002,False,timeout,149,38.4388542175293,0.03285087272524834,14.743752479553223,7.397717475891113,0.44166669249534607,0.06361748278141022,2.883758068084717,0.019523851573467255,0.75,0.75,0.02659216709434986,0.6881676912307739
2026-08-10_18-03-38,/home/as22cq/Projects/Policy-RL-Peg_insertion/force_peg_rl/logs/rl_games/Forge/2026-08-10_18-03-38/nn/Forge.pth,44,nominal,1002,False,timeout,149,219.94329833984375,0.0038481615483760834,30.32931137084961,16.789274215698242,1.058333396911621,0.000905839551705867,1.1581854820251465,0.023978736251592636,0.75,0.75,0.010294116102159023,0.4520481824874878
2026-08-10_18-03-38,/home/as22cq/Projects/Policy-RL-Peg_insertion/force_peg_rl/logs/rl_games/Forge/2026-08-10_18-03-38/nn/Forge.pth,44,nominal,1002,False,timeout,149,25.2910099029541,0.0018664896488189697,21.477827072143555,13.636979103088379,1.2166666984558105,0.039506640285253525,0.6624162793159485,0.01972881145775318,0.75,0.75,0.01685616746544838,-0.04973386600613594
2026-08-10_18-03-38,/home/as22cq/Projects/Policy-RL-Peg_insertion/force_peg_rl/logs/rl_games/Forge/2026-08-10_18-03-38/nn/Forge.pth,44,nominal,1002,False,timeout,149,37.662803649902344,0.02396237850189209,18.752811431884766,6.886749267578125,0.491666704416275,0.022264573723077774,2.403407335281372,0.02226528339087963,0.75,0.75,0.018473954871296883,0.11260611563920975
2026-08-10_18-03-38,/home/as22cq/Projects/Policy-RL-Peg_insertion/force_peg_rl/logs/rl_games/Forge/2026-08-10_18-03-38/nn/Forge.pth,44,nominal,1002,False,timeout,149,34.9900016784668,0.02251879684627056,16.777446746826172,11.144806861877441,0.9000000357627869,0.02072538062930107,1.4947257041931152,0.020357154309749603,0.75,0.75,0.017040489241480827,0.5075076222419739
2026-08-10_18-03-38,/home/as22cq/Projects/Policy-RL-Peg_insertion/force_peg_rl/logs/rl_games/Forge/2026-08-10_18-03-38/nn/Forge.pth,44,nominal,1002,False,timeout,149,236.56028747558594,0.008457059040665627,47.04423522949219,17.802091598510742,1.1500000953674316,0.0007712902734056115,2.2563858032226562,0.023756520822644234,0.75,0.75,0.020336158573627472,-0.575778603553772
2026-08-10_18-03-38,/home/as22cq/Projects/Policy-RL-Peg_insertion/force_peg_rl/logs/rl_games/Forge/2026-08-10_18-03-38/nn/Forge.pth,44,nominal,1002,False,timeout,149,29.06086540222168,0.043459028005599976,21.587902069091797,11.525349617004395,1.2083333730697632,0.005264046136289835,0.5511491894721985,0.02381220832467079,0.75,0.75,0.0032188454642891884,-0.05061739683151245
2026-08-10_18-03-38,/home/as22cq/Projects/Policy-RL-Peg_insertion/force_peg_rl/logs/rl_games/Forge/2026-08-10_18-03-38/nn/Forge.pth,44,nominal,1002,False,timeout,149,34.03150177001953,0.025456979870796204,13.114154815673828,7.752491474151611,0.8166667222976685,0.025930996984243393,2.965440273284912,0.015532228164374828,0.75,0.75,0.019695384427905083,0.449902206659317
2026-08-10_18-03-38,/home/as22cq/Projects/Policy-RL-Peg_insertion/force_peg_rl/logs/rl_games/Forge/2026-08-10_18-03-38/nn/Forge.pth,44,nominal,1002,False,timeout,149,27.308969497680664,0.1023329645395279,17.101757049560547,5.976341724395752,0.5083333849906921,0.02374240569770336,0.23363275825977325,0.022354457527399063,0.75,0.75,0.005603870376944542,0.07000891119241714
2026-08-10_18-03-38,/home/as22cq/Projects/Policy-RL-Peg_insertion/force_peg_rl/logs/rl_games/Forge/2026-08-10_18-03-38/nn/Forge.pth,44,nominal,1002,True,success,149,215.58724975585938,0.0009974613785743713,31.147443771362305,15.581307411193848,1.133333444595337,0.0007907495019026101,1.3304482698440552,0.016362875699996948,0.75,0.75,0.010596600361168385,-0.09549438208341599
2026-08-10_18-03-38,/home/as22cq/Projects/Policy-RL-Peg_insertion/force_peg_rl/logs/rl_games/Forge/2026-08-10_18-03-38/nn/Forge.pth,44,nominal,1002,False,timeout,149,189.19012451171875,0.02029694989323616,22.570159912109375,11.111563682556152,0.7750000357627869,0.001422471716068685,0.502528727054596,0.018567224964499474,0.75,0.75,0.01895197667181492,0.3644522428512573
2026-08-10_18-03-38,/home/as22cq/Projects/Policy-RL-Peg_insertion/force_peg_rl/logs/rl_games/Forge/2026-08-10_18-03-38/nn/Forge.pth,44,nominal,1002,False,timeout,149,36.645999908447266,-0.019630838185548782,14.756200790405273,8.627593040466309,0.491666704416275,0.03379087522625923,2.0249288082122803,0.01460939645767212,0.75,0.75,0.022799989208579063,0.5209661722183228
2026-08-10_18-03-38,/home/as22cq/Projects/Policy-RL-Peg_insertion/force_peg_rl/logs/rl_games/Forge/2026-08-10_18-03-38/nn/Forge.pth,44,nominal,1002,False,timeout,149,75.88790130615234,0.021012939512729645,20.59517478942871,11.010215759277344,0.7416667342185974,0.01781291887164116,3.129256010055542,0.01592688448727131,0.75,0.75,0.017749905586242676,0.579164445400238
2026-08-10_18-03-38,/home/as22cq/Projects/Policy-RL-Peg_insertion/force_peg_rl/logs/rl_games/Forge/2026-08-10_18-03-38/nn/Forge.pth,44,nominal,1002,False,timeout,149,37.88650894165039,0.020667918026447296,18.5434513092041,12.460294723510742,1.2083333730697632,0.024404780939221382,2.437544345855713,0.015028892084956169,0.75,0.75,0.017709312960505486,-0.08008729666471481
2026-08-10_18-03-38,/home/as22cq/Projects/Policy-RL-Peg_insertion/force_peg_rl/logs/rl_games/Forge/2026-08-10_18-03-38/nn/Forge.pth,44,nominal,1002,False,timeout,149,36.500431060791016,0.02682146430015564,17.06744384765625,8.236885070800781,1.0416667461395264,0.022201132029294968,2.5895261764526367,0.021021177992224693,0.75,0.75,0.004467600490897894,0.20197007060050964
2026-08-10_18-03-38,/home/as22cq/Projects/Policy-RL-Peg_insertion/force_peg_rl/logs/rl_games/Forge/2026-08-10_18-03-38/nn/Forge.pth,44,nominal,1002,False,timeout,149,38.81125259399414,0.0038790805265307426,18.181425094604492,8.662219047546387,1.0666667222976685,0.027044398710131645,2.1322641372680664,0.022016379982233047,0.75,0.75,0.018406836315989494,0.17480923235416412
2026-08-10_18-03-38,/home/as22cq/Projects/Policy-RL-Peg_insertion/force_peg_rl/logs/rl_games/Forge/2026-08-10_18-03-38/nn/Forge.pth,44,nominal,1002,False,timeout,149,32.19737243652344,0.027490325272083282,18.725257873535156,12.508543014526367,0.9500000476837158,0.017317678779363632,0.7516546249389648,0.015933562070131302,0.75,0.75,0.024951457977294922,-0.07270640879869461
2026-08-10_18-03-38,/home/as22cq/Projects/Policy-RL-Peg_insertion/force_peg_rl/logs/rl_games/Forge/2026-08-10_18-03-38/nn/Forge.pth,44,nominal,1002,False,timeout,149,35.82265090942383,0.03662518411874771,21.714115142822266,11.363569259643555,1.0416667461395264,0.02816297486424446,3.1076059341430664,0.023076172918081284,0.75,0.75,0.02335609868168831,0.06091705709695816
2026-08-10_18-03-38,/home/as22cq/Projects/Policy-RL-Peg_insertion/force_peg_rl/logs/rl_games/Forge/2026-08-10_18-03-38/nn/Forge.pth,44,nominal,1002,False,timeout,149,29.126617431640625,0.042446546256542206,23.55405616760254,17.32685089111328,1.1666667461395264,0.039709609001874924,0.556320071220398,0.01642117276787758,0.75,0.75,0.015851473435759544,-0.5388689041137695
2026-08-10_18-03-38,/home/as22cq/Projects/Policy-RL-Peg_insertion/force_peg_rl/logs/rl_games/Forge/2026-08-10_18-03-38/nn/Forge.pth,44,nominal,1002,False,timeout,149,38.63319778442383,0.03548558056354523,16.932584762573242,11.146575927734375,1.2000000476837158,0.006674302741885185,2.856661081314087,0.016180263832211494,0.75,0.75,0.009678642265498638,0.5390855073928833
2026-08-10_18-03-38,/home/as22cq/Projects/Policy-RL-Peg_insertion/force_peg_rl/logs/rl_games/Forge/2026-08-10_18-03-38/nn/Forge.pth,44,nominal,1002,False,timeout,149,28.150901794433594,0.02067618817090988,21.372766494750977,8.943838119506836,0.6000000238418579,0.03303048387169838,1.3628329038619995,0.020893197506666183,0.75,0.75,0.0029747106600552797,0.12710297107696533
2026-08-10_18-03-38,/home/as22cq/Projects/Policy-RL-Peg_insertion/force_peg_rl/logs/rl_games/Forge/2026-08-10_18-03-38/nn/Forge.pth,44,nominal,1002,False,timeout,149,32.98416519165039,0.03465288504958153,17.373512268066406,11.236151695251465,0.8333333730697632,0.014008834026753902,1.4930107593536377,0.014635894447565079,0.75,0.75,0.011362913995981216,-0.0016678259707987309
2026-08-10_18-03-38,/home/as22cq/Projects/Policy-RL-Peg_insertion/force_peg_rl/logs/rl_games/Forge/2026-08-10_18-03-38/nn/Forge.pth,44,nominal,1002,False,timeout,149,34.391563415527344,0.06362895667552948,17.72295570373535,11.696791648864746,1.0916666984558105,0.06161811947822571,2.77382230758667,0.01674528792500496,0.75,0.75,0.018491854891180992,0.5650649070739746
2026-08-10_18-03-38,/home/as22cq/Projects/Policy-RL-Peg_insertion/force_peg_rl/logs/rl_games/Forge/2026-08-10_18-03-38/nn/Forge.pth,44,nominal,1002,False,timeout,149,26.70625877380371,0.017151810228824615,29.96467399597168,15.753374099731445,1.2166666984558105,0.035087913274765015,0.6791228652000427,0.018671730533242226,0.75,0.75,0.0020025954581797123,-0.46526697278022766
2026-08-10_18-03-38,/home/as22cq/Projects/Policy-RL-Peg_insertion/force_peg_rl/logs/rl_games/Forge/2026-08-10_18-03-38/nn/Forge.pth,44,nominal,1002,False,timeout,149,28.101051330566406,0.08805926144123077,15.312307357788086,7.071810245513916,0.675000011920929,0.04197017103433609,0.4671790599822998,0.01972299814224243,0.75,0.75,0.020995372906327248,-0.2710346579551697
2026-08-10_18-03-38,/home/as22cq/Projects/Policy-RL-Peg_insertion/force_peg_rl/logs/rl_games/Forge/2026-08-10_18-03-38/nn/Forge.pth,44,nominal,1002,False,timeout,149,41.38926315307617,0.013284947723150253,20.262834548950195,12.84542179107666,1.125,0.08290731906890869,2.7278127670288086,0.018812652677297592,0.75,0.75,0.016727140173316002,-0.2101122885942459
2026-08-10_18-03-38,/home/as22cq/Projects/Policy-RL-Peg_insertion/force_peg_rl/logs/rl_games/Forge/2026-08-10_18-03-38/nn/Forge.pth,44,nominal,1002,False,timeout,149,34.41291046142578,0.041633665561676025,18.832332611083984,8.836753845214844,0.9750000238418579,0.015823276713490486,2.294682025909424,0.014468837529420853,0.75,0.75,0.017557278275489807,0.13569100201129913
2026-08-10_18-03-38,/home/as22cq/Projects/Policy-RL-Peg_insertion/force_peg_rl/logs/rl_games/Forge/2026-08-10_18-03-38/nn/Forge.pth,44,nominal,1002,False,timeout,149,42.42486572265625,0.023981787264347076,18.03695297241211,6.779952049255371,0.24166667461395264,0.023410117253661156,2.334188938140869,0.016042886301875114,0.75,0.75,0.010237060487270355,0.16949419677257538
2026-08-10_18-03-38,/home/as22cq/Projects/Policy-RL-Peg_insertion/force_peg_rl/logs/rl_games/Forge/2026-08-10_18-03-38/nn/Forge.pth,44,nominal,1002,False,timeout,149,96.76270294189453,0.04633277654647827,23.943031311035156,10.966337203979492,0.9750000238418579,0.014687648043036461,3.0962302684783936,0.017942892387509346,0.75,0.75,0.010930529795587063,0.33859768509864807
2026-08-10_18-03-38,/home/as22cq/Projects/Policy-RL-Peg_insertion/force_peg_rl/logs/rl_games/Forge/2026-08-10_18-03-38/nn/Forge.pth,44,nominal,1002,False,timeout,149,30.722009658813477,0.05713985860347748,20.08429527282715,8.15951156616211,0.675000011920929,0.05546312779188156,2.2852041721343994,0.021644577383995056,0.75,0.75,0.018884098157286644,-0.5090925693511963
2026-08-10_18-03-38,/home/as22cq/Projects/Policy-RL-Peg_insertion/force_peg_rl/logs/rl_games/Forge/2026-08-10_18-03-38/nn/Forge.pth,44,nominal,1002,False,timeout,149,37.077232360839844,0.009110309183597565,17.006019592285156,9.041839599609375,0.8166667222976685,0.027801157906651497,2.399725914001465,0.01763828843832016,0.75,0.75,0.017109686508774757,0.7830051779747009
2026-08-10_18-03-38,/home/as22cq/Projects/Policy-RL-Peg_insertion/force_peg_rl/logs/rl_games/Forge/2026-08-10_18-03-38/nn/Forge.pth,44,nominal,1002,False,timeout,149,31.304258346557617,0.03331815451383591,17.349395751953125,10.459400177001953,1.133333444595337,0.039594005793333054,0.7558788061141968,0.019849169999361038,0.75,0.75,0.00843892339617014,-0.3602277934551239
2026-08-10_18-03-38,/home/as22cq/Projects/Policy-RL-Peg_insertion/force_peg_rl/logs/rl_games/Forge/2026-08-10_18-03-38/nn/Forge.pth,44,nominal,1002,False,timeout,149,36.122371673583984,0.009388718754053116,25.199434280395508,9.282715797424316,0.5916666984558105,0.024164974689483643,1.7402576208114624,0.014026327058672905,0.75,0.75,0.018167346715927124,0.02429848350584507
2026-08-10_18-03-38,/home/as22cq/Projects/Policy-RL-Peg_insertion/force_peg_rl/logs/rl_games/Forge/2026-08-10_18-03-38/nn/Forge.pth,44,nominal,1002,False,timeout,149,36.3194694519043,0.05216043442487717,21.480192184448242,13.983175277709961,1.1916667222976685,0.039285652339458466,2.4952263832092285,0.021752428263425827,0.75,0.75,0.0048210895620286465,-0.455463171005249
2026-08-10_18-03-38,/home/as22cq/Projects/Policy-RL-Peg_insertion/force_peg_rl/logs/rl_games/Forge/2026-08-10_18-03-38/nn/Forge.pth,44,nominal,1002,False,timeout,149,36.00583267211914,0.04389854893088341,23.056852340698242,9.595760345458984,0.7166666984558105,0.04207785800099373,2.4394943714141846,0.02350851520895958,0.75,0.75,0.01819613203406334,-0.005416392348706722
2026-08-10_18-03-38,/home/as22cq/Projects/Policy-RL-Peg_insertion/force_peg_rl/logs/rl_games/Forge/2026-08-10_18-03-38/nn/Forge.pth,44,nominal,1002,False,timeout,149,30.904544830322266,0.0455000102519989,19.164203643798828,11.638372421264648,1.0416667461395264,0.047407928854227066,0.4074026644229889,0.02101442776620388,0.75,0.75,0.009414990432560444,-0.6090927720069885
2026-08-10_18-03-38,/home/as22cq/Projects/Policy-RL-Peg_insertion/force_peg_rl/logs/rl_games/Forge/2026-08-10_18-03-38/nn/Forge.pth,44,nominal,1002,False,timeout,149,26.458330154418945,0.02702605351805687,28.438169479370117,13.3151216506958,1.2000000476837158,0.05430535599589348,1.1156973838806152,0.015875333920121193,0.75,0.75,0.011569038964807987,-0.7177769541740417
2026-08-10_18-03-38,/home/as22cq/Projects/Policy-RL-Peg_insertion/force_peg_rl/logs/rl_games/Forge/2026-08-10_18-03-38/nn/Forge.pth,44,nominal,1002,False,timeout,149,122.8749771118164,0.08464418351650238,27.078563690185547,14.81443977355957,1.1916667222976685,0.045457202941179276,2.7658681869506836,0.015258326195180416,0.75,0.75,0.018379611894488335,0.7811346054077148
2026-08-10_18-03-38,/home/as22cq/Projects/Policy-RL-Peg_insertion/force_peg_rl/logs/rl_games/Forge/2026-08-10_18-03-38/nn/Forge.pth,44,nominal,1002,False,timeout,149,200.49765014648438,0.01372467540204525,32.416194915771484,13.735482215881348,0.9666666984558105,0.0014347167452797294,0.8631960153579712,0.02088913694024086,0.75,0.75,0.022543538361787796,0.610447883605957
2026-08-10_18-03-38,/home/as22cq/Projects/Policy-RL-Peg_insertion/force_peg_rl/logs/rl_games/Forge/2026-08-10_18-03-38/nn/Forge.pth,44,nominal,1002,False,timeout,149,29.389616012573242,-0.0007998719811439514,33.00579833984375,19.16111946105957,1.133333444595337,0.043073877692222595,0.43005335330963135,0.018048662692308426,0.75,0.75,0.017558418214321136,-0.6706448793411255
2026-08-10_18-03-38,/home/as22cq/Projects/Policy-RL-Peg_insertion/force_peg_rl/logs/rl_games/Forge/2026-08-10_18-03-38/nn/Forge.pth,44,nominal,1002,False,timeout,149,40.617828369140625,0.027568476274609566,22.578208923339844,10.7261962890625,0.9083333611488342,0.005093603860586882,1.9721707105636597,0.01943502202630043,0.75,0.75,0.01972445659339428,0.34388330578804016
2026-08-10_18-03-38,/home/as22cq/Projects/Policy-RL-Peg_insertion/force_peg_rl/logs/rl_games/Forge/2026-08-10_18-03-38/nn/Forge.pth,44,nominal,1002,False,timeout,149,32.5079231262207,-0.020473890006542206,24.58901596069336,10.505353927612305,1.0916666984558105,0.06419185549020767,1.5752654075622559,0.022645199671387672,0.75,0.75,0.023847145959734917,0.5307522416114807
2026-08-10_18-03-38,/home/as22cq/Projects/Policy-RL-Peg_insertion/force_peg_rl/logs/rl_games/Forge/2026-08-10_18-03-38/nn/Forge.pth,44,nominal,1002,False,timeout,149,24.225656509399414,0.19205957651138306,20.698463439941406,7.458859920501709,0.6250000596046448,0.011701595969498158,0.668666422367096,0.018944377079606056,0.75,0.75,0.006309390068054199,-0.7669963836669922
2026-08-10_18-03-38,/home/as22cq/Projects/Policy-RL-Peg_insertion/force_peg_rl/logs/rl_games/Forge/2026-08-10_18-03-38/nn/Forge.pth,44,nominal,1002,False,timeout,149,37.464168548583984,0.026978325098752975,31.927234649658203,16.623126983642578,1.2000000476837158,0.020337730646133423,0.8489519357681274,0.018863949924707413,0.75,0.75,0.01144767738878727,-0.6433558464050293
2026-08-10_18-03-38,/home/as22cq/Projects/Policy-RL-Peg_insertion/force_peg_rl/logs/rl_games/Forge/2026-08-10_18-03-38/nn/Forge.pth,44,nominal,1002,False,timeout,149,34.42197036743164,0.0773208737373352,18.469905853271484,8.607104301452637,0.8916667103767395,0.07458634674549103,2.7733242511749268,0.01667553372681141,0.75,0.75,0.02061265893280506,-0.4601648151874542
2026-08-10_18-03-38,/home/as22cq/Projects/Policy-RL-Peg_insertion/force_peg_rl/logs/rl_games/Forge/2026-08-10_18-03-38/nn/Forge.pth,44,nominal,1002,False,timeout,149,32.726322174072266,0.09164882451295853,25.930971145629883,11.597911834716797,1.100000023841858,0.06361551582813263,3.0124878883361816,0.016353605315089226,0.75,0.75,0.006426599342375994,0.5460515022277832
2026-08-10_18-03-38,/home/as22cq/Projects/Policy-RL-Peg_insertion/force_peg_rl/logs/rl_games/Forge/2026-08-10_18-03-38/nn/Forge.pth,44,nominal,1002,False,timeout,149,28.142467498779297,0.039926011115312576,20.699443817138672,11.401083946228027,1.125,0.03054145723581314,1.0399194955825806,0.0231495201587677,0.75,0.75,0.018361076712608337,-0.6144851446151733
2026-08-10_18-03-38,/home/as22cq/Projects/Policy-RL-Peg_insertion/force_peg_rl/logs/rl_games/Forge/2026-08-10_18-03-38/nn/Forge.pth,44,nominal,1002,False,timeout,149,28.619686126708984,0.04389118030667305,23.433866500854492,14.351572036743164,1.125,0.06119975447654724,1.5585706233978271,0.017960816621780396,0.75,0.75,0.024453148245811462,-0.4762102961540222
2026-08-10_18-03-38,/home/as22cq/Projects/Policy-RL-Peg_insertion/force_peg_rl/logs/rl_games/Forge/2026-08-10_18-03-38/nn/Forge.pth,44,nominal,1002,False,timeout,149,33.17315673828125,-0.01881999522447586,16.988983154296875,13.018854141235352,1.1083333492279053,0.02537117712199688,1.5040637254714966,0.019579095765948296,0.75,0.75,0.020004894584417343,0.5039832592010498
2026-08-10_18-03-38,/home/as22cq/Projects/Policy-RL-Peg_insertion/force_peg_rl/logs/rl_games/Forge/2026-08-10_18-03-38/nn/Forge.pth,44,nominal,1002,False,timeout,149,28.824840545654297,0.07982659339904785,14.2758207321167,7.005295753479004,0.7833333611488342,0.05444791540503502,0.5069789290428162,0.015213627368211746,0.75,0.75,0.019050033763051033,-0.4809843897819519
2026-08-10_18-03-38,/home/as22cq/Projects/Policy-RL-Peg_insertion/force_peg_rl/logs/rl_games/Forge/2026-08-10_18-03-38/nn/Forge.pth,44,nominal,1002,False,timeout,149,35.17172622680664,0.051919691264629364,16.949596405029297,7.7518792152404785,0.3916666805744171,0.08504202216863632,2.985832929611206,0.02348879724740982,0.75,0.75,0.009959964081645012,0.6031556725502014
2026-08-10_18-03-38,/home/as22cq/Projects/Policy-RL-Peg_insertion/force_peg_rl/logs/rl_games/Forge/2026-08-10_18-03-38/nn/Forge.pth,44,nominal,1002,False,timeout,149,34.923641204833984,0.041407261043787,22.405241012573242,11.680610656738281,1.183333396911621,0.0038156595546752214,2.7656805515289307,0.018472418189048767,0.75,0.75,0.021738998591899872,0.2531190812587738
2026-08-10_18-03-38,/home/as22cq/Projects/Policy-RL-Peg_insertion/force_peg_rl/logs/rl_games/Forge/2026-08-10_18-03-38/nn/Forge.pth,44,nominal,1002,False,timeout,149,40.439762115478516,0.00219634547829628,23.729555130004883,9.89467716217041,1.100000023841858,0.017099201679229736,2.1076500415802,0.01925172284245491,0.75,0.75,0.00961276050657034,0.052236493676900864
2026-08-10_18-03-38,/home/as22cq/Projects/Policy-RL-Peg_insertion/force_peg_rl/logs/rl_games/Forge/2026-08-10_18-03-38/nn/Forge.pth,44,nominal,1002,False,timeout,149,41.02352523803711,0.0033443421125411987,28.064538955688477,14.019885063171387,1.1083333492279053,0.023776009678840637,1.5400182008743286,0.019380442798137665,0.75,0.75,0.016822820529341698,0.6261430382728577
2026-08-10_18-03-38,/home/as22cq/Projects/Policy-RL-Peg_insertion/force_peg_rl/logs/rl_games/Forge/2026-08-10_18-03-38/nn/Forge.pth,44,nominal,1002,False,timeout,149,32.683345794677734,0.025889255106449127,41.81584548950195,22.05885887145996,1.225000023841858,0.025759762153029442,1.5667167901992798,0.016794543713331223,0.75,0.75,0.018017223104834557,0.46408531069755554
2026-08-10_18-03-38,/home/as22cq/Projects/Policy-RL-Peg_insertion/force_peg_rl/logs/rl_games/Forge/2026-08-10_18-03-38/nn/Forge.pth,44,nominal,1002,False,timeout,149,28.883813858032227,0.02560891956090927,26.257352828979492,15.021894454956055,1.0916666984558105,0.022649815306067467,0.9043547511100769,0.019242651760578156,0.75,0.75,0.022035354748368263,0.34101155400276184
2026-08-10_18-03-38,/home/as22cq/Projects/Policy-RL-Peg_insertion/force_peg_rl/logs/rl_games/Forge/2026-08-10_18-03-38/nn/Forge.pth,44,nominal,1002,False,timeout,149,35.17963409423828,0.03611879050731659,13.262323379516602,7.074225902557373,0.491666704416275,0.018805913627147675,3.008514642715454,0.015795283019542694,0.75,0.75,0.020367883145809174,0.34260889887809753
2026-08-10_18-03-38,/home/as22cq/Projects/Policy-RL-Peg_insertion/force_peg_rl/logs/rl_games/Forge/2026-08-10_18-03-38/nn/Forge.pth,44,nominal,1002,False,timeout,149,34.22248840332031,0.0028022751212120056,18.12108612060547,7.7123284339904785,0.9500000476837158,0.018237276002764702,2.24906063079834,0.019948218017816544,0.75,0.75,0.016364311799407005,-0.2797790467739105
2026-08-10_18-03-38,/home/as22cq/Projects/Policy-RL-Peg_insertion/force_peg_rl/logs/rl_games/Forge/2026-08-10_18-03-38/nn/Forge.pth,44,nominal,1002,False,timeout,149,35.0590705871582,-0.0010247118771076202,22.848485946655273,6.653234481811523,0.5083333849906921,0.07571303844451904,3.021453380584717,0.01647849753499031,0.75,0.75,0.012738442979753017,0.524593710899353
2026-08-10_18-03-38,/home/as22cq/Projects/Policy-RL-Peg_insertion/force_peg_rl/logs/rl_games/Forge/2026-08-10_18-03-38/nn/Forge.pth,44,nominal,1002,False,timeout,149,31.518230438232422,0.07914997637271881,21.792566299438477,14.3865385055542,1.0833333730697632,0.07811629772186279,2.8086748123168945,0.022872261703014374,0.75,0.75,0.0053299725987017155,0.7188141345977783
