run_id,checkpoint,training_seed,evaluation_suite,episode_seed,success,termination_reason,episode_steps,episode_return,final_insertion_depth,max_contact_force,mean_contact_force,force_above_threshold_duration,lateral_error_final,orientation_error_final,peg_mass,peg_friction,socket_friction,initial_xy_offset,initial_orientation_error
2026-08-10_03-44-13,/home/as22cq/Projects/Policy-RL-Peg_insertion/force_peg_rl/logs/rl_games/Forge/2026-08-10_03-44-13/nn/Forge.pth,43,nominal,1000,False,timeout,149,36.22099685668945,0.06661887466907501,17.212860107421875,12.331258773803711,1.1416667699813843,0.04626995697617531,2.9533143043518066,0.023561738431453705,0.75,0.75,0.01671551913022995,0.7032023668289185
2026-08-10_03-44-13,/home/as22cq/Projects/Policy-RL-Peg_insertion/force_peg_rl/logs/rl_games/Forge/2026-08-10_03-44-13/nn/Forge.pth,43,nominal,1000,False,timeout,149,45.94523239135742,0.062287572771310806,26.14056968688965,10.826457977294922,1.0166667699813843,0.03413711115717888,-3.0285887718200684,0.017124135047197342,0.75,0.75,0.008148709312081337,0.36910954117774963
2026-08-10_03-44-13,/home/as22cq/Projects/Policy-RL-Peg_insertion/force_peg_rl/logs/rl_games/Forge/2026-08-10_03-44-13/nn/Forge.pth,43,nominal,1000,False,timeout,149,57.25198745727539,0.013598717749118805,29.46078109741211,12.712445259094238,1.0500000715255737,0.02412252686917782,2.298781394958496,0.014178655110299587,0.75,0.75,0.023647740483283997,0.1123204231262207
2026-08-10_03-44-13,/home/as22cq/Projects/Policy-RL-Peg_insertion/force_peg_rl/logs/rl_games/Forge/2026-08-10_03-44-13/nn/Forge.pth,43,nominal,1000,False,timeout,149,92.34304809570312,0.046933017671108246,15.566537857055664,9.10582447052002,0.8333333730697632,0.03437459096312523,2.6226203441619873,0.014822219498455524,0.75,0.75,0.014952776953577995,-0.2009725421667099
2026-08-10_03-44-13,/home/as22cq/Projects/Policy-RL-Peg_insertion/force_peg_rl/logs/rl_games/Forge/2026-08-10_03-44-13/nn/Forge.pth,43,nominal,1000,False,timeout,149,205.24774169921875,0.017470788210630417,34.3344841003418,18.53377914428711,1.1500000953674316,0.0013371029635891318,1.2398430109024048,0.015191162936389446,0.75,0.75,0.018248779699206352,0.5954028964042664
2026-08-10_03-44-13,/home/as22cq/Projects/Policy-RL-Peg_insertion/force_peg_rl/logs/rl_games/Forge/2026-08-10_03-44-13/nn/Forge.pth,43,nominal,1000,False,timeout,149,218.30319213867188,0.014749536290764809,19.68438720703125,13.199172019958496,1.1750000715255737,0.0007562453974969685,1.2717063426971436,0.02277202531695366,0.75,0.75,0.018479695543646812,-0.7605499029159546
2026-08-10_03-44-13,/home/as22cq/Projects/Policy-RL-Peg_insertion/force_peg_rl/logs/rl_games/Forge/2026-08-10_03-44-13/nn/Forge.pth,43,nominal,1000,True,success,149,262.7940673828125,0.0005897842347621918,22.887836456298828,16.720413208007812,1.1083333492279053,0.000774997693952173,1.9362916946411133,0.01734333485364914,0.75,0.75,0.013883262872695923,-0.4561724364757538
2026-08-10_03-44-13,/home/as22cq/Projects/Policy-RL-Peg_insertion/force_peg_rl/logs/rl_games/Forge/2026-08-10_03-44-13/nn/Forge.pth,43,nominal,1000,False,timeout,149,200.3362274169922,0.01903204619884491,22.212095260620117,11.050267219543457,1.1500000953674316,0.0019126352854073048,0.7117294669151306,0.015605839900672436,0.75,0.75,0.021147767081856728,-0.5716313123703003
2026-08-10_03-44-13,/home/as22cq/Projects/Policy-RL-Peg_insertion/force_peg_rl/logs/rl_games/Forge/2026-08-10_03-44-13/nn/Forge.pth,43,nominal,1000,False,timeout,149,30.746051788330078,0.05224613845348358,24.480873107910156,14.634475708007812,0.9416667222976685,0.007577064447104931,0.26382964849472046,0.01608586497604847,0.75,0.75,0.02124195732176304,0.4941501319408417
2026-08-10_03-44-13,/home/as22cq/Projects/Policy-RL-Peg_insertion/force_peg_rl/logs/rl_games/Forge/2026-08-10_03-44-13/nn/Forge.pth,43,nominal,1000,True,success,149,340.7444152832031,0.00018361303955316544,20.799530029296875,15.830881118774414,1.1083333492279053,0.0005879696109332144,0.0924607664346695,0.01495019905269146,0.75,0.75,0.019088279455900192,-0.26723089814186096
2026-08-10_03-44-13,/home/as22cq/Projects/Policy-RL-Peg_insertion/force_peg_rl/logs/rl_games/Forge/2026-08-10_03-44-13/nn/Forge.pth,43,nominal,1000,False,timeout,149,38.587890625,0.03545690327882767,20.9732723236084,13.997392654418945,1.1500000953674316,0.049574218690395355,2.929605007171631,0.018377695232629776,0.75,0.75,0.014740400947630405,0.10799532383680344
2026-08-10_03-44-13,/home/as22cq/Projects/Policy-RL-Peg_insertion/force_peg_rl/logs/rl_games/Forge/2026-08-10_03-44-13/nn/Forge.pth,43,nominal,1000,True,success,149,339.1127624511719,7.390975952148438e-05,16.284446716308594,10.238320350646973,1.100000023841858,0.00015622407954651862,0.35242143273353577,0.022335082292556763,0.75,0.75,0.017694538459181786,0.3291117548942566
2026-08-10_03-44-13,/home/as22cq/Projects/Policy-RL-Peg_insertion/force_peg_rl/logs/rl_games/Forge/2026-08-10_03-44-13/nn/Forge.pth,43,nominal,1000,False,timeout,149,30.586233139038086,0.050986602902412415,15.727531433105469,8.047039985656738,0.8583333492279053,0.005534822586923838,0.30952906608581543,0.020029595121741295,0.75,0.75,0.015316269360482693,-0.7804366946220398
2026-08-10_03-44-13,/home/as22cq/Projects/Policy-RL-Peg_insertion/force_peg_rl/logs/rl_games/Forge/2026-08-10_03-44-13/nn/Forge.pth,43,nominal,1000,False,timeout,149,42.09736251831055,0.022758055478334427,22.43337059020996,14.397390365600586,1.2000000476837158,0.0019508633995428681,1.2684037685394287,0.021023107692599297,0.75,0.75,0.009634340181946754,-0.2115703970193863
2026-08-10_03-44-13,/home/as22cq/Projects/Policy-RL-Peg_insertion/force_peg_rl/logs/rl_games/Forge/2026-08-10_03-44-13/nn/Forge.pth,43,nominal,1000,False,timeout,149,218.33067321777344,0.008425362408161163,25.4854736328125,12.750252723693848,1.1750000715255737,0.0006752864574082196,1.4739151000976562,0.022172287106513977,0.75,0.75,0.012548491358757019,-0.137803852558136
2026-08-10_03-44-13,/home/as22cq/Projects/Policy-RL-Peg_insertion/force_peg_rl/logs/rl_games/Forge/2026-08-10_03-44-13/nn/Forge.pth,43,nominal,1000,False,timeout,149,43.04894256591797,0.08098956942558289,24.60406494140625,10.251328468322754,0.7166666984558105,0.01602085493505001,0.6459004878997803,0.01987394317984581,0.75,0.75,0.022480687126517296,-0.10681559145450592
2026-08-10_03-44-13,/home/as22cq/Projects/Policy-RL-Peg_insertion/force_peg_rl/logs/rl_games/Forge/2026-08-10_03-44-13/nn/Forge.pth,43,nominal,1000,False,timeout,149,35.32943344116211,0.07368168234825134,14.698671340942383,10.285764694213867,1.1500000953674316,0.05354217812418938,3.0357675552368164,0.016976987943053246,0.75,0.75,0.017675256356596947,0.7056381702423096
2026-08-10_03-44-13,/home/as22cq/Projects/Policy-RL-Peg_insertion/force_peg_rl/logs/rl_games/Forge/2026-08-10_03-44-13/nn/Forge.pth,43,nominal,1000,False,timeout,149,247.10374450683594,0.0015633180737495422,14.119805335998535,9.289854049682617,0.8833333849906921,0.0008316938765347004,1.4353654384613037,0.023760249838232994,0.75,0.75,0.020208759233355522,0.34764203429222107
2026-08-10_03-44-13,/home/as22cq/Projects/Policy-RL-Peg_insertion/force_peg_rl/logs/rl_games/Forge/2026-08-10_03-44-13/nn/Forge.pth,43,nominal,1000,True,success,149,407.4358215332031,0.0005248598754405975,22.78654670715332,15.163640975952148,1.158333420753479,0.0008223170298151672,1.4123114347457886,0.016569796949625015,0.75,0.75,0.015312105417251587,0.7492011189460754
2026-08-10_03-44-13,/home/as22cq/Projects/Policy-RL-Peg_insertion/force_peg_rl/logs/rl_games/Forge/2026-08-10_03-44-13/nn/Forge.pth,43,nominal,1000,True,success,149,253.66156005859375,0.0005869492888450623,28.751874923706055,16.800840377807617,1.1750000715255737,0.0005724625079892576,1.3118932247161865,0.015117974020540714,0.75,0.75,0.02137409895658493,0.21661613881587982
2026-08-10_03-44-13,/home/as22cq/Projects/Policy-RL-Peg_insertion/force_peg_rl/logs/rl_games/Forge/2026-08-10_03-44-13/nn/Forge.pth,43,nominal,1000,False,timeout,149,84.99987030029297,0.02745562046766281,24.348968505859375,11.662918090820312,1.0666667222976685,0.015808353200554848,2.155677556991577,0.014010193757712841,0.75,0.75,0.015321405604481697,-0.5128018260002136
2026-08-10_03-44-13,/home/as22cq/Projects/Policy-RL-Peg_insertion/force_peg_rl/logs/rl_games/Forge/2026-08-10_03-44-13/nn/Forge.pth,43,nominal,1000,False,timeout,149,149.8313751220703,-0.02591525763273239,24.40521240234375,12.203564643859863,1.0416667461395264,0.07901275157928467,1.582754373550415,0.02174752950668335,0.75,0.75,0.02025887742638588,-0.6327519416809082
2026-08-10_03-44-13,/home/as22cq/Projects/Policy-RL-Peg_insertion/force_peg_rl/logs/rl_games/Forge/2026-08-10_03-44-13/nn/Forge.pth,43,nominal,1000,False,timeout,149,236.60264587402344,0.0016783475875854492,33.202850341796875,11.467765808105469,0.9583333730697632,0.0006301112589426339,1.5831007957458496,0.017311863601207733,0.75,0.75,0.007682320196181536,-0.4939928650856018
2026-08-10_03-44-13,/home/as22cq/Projects/Policy-RL-Peg_insertion/force_peg_rl/logs/rl_games/Forge/2026-08-10_03-44-13/nn/Forge.pth,43,nominal,1000,False,timeout,149,221.89010620117188,0.002348586916923523,31.39784049987793,14.167523384094238,1.100000023841858,0.0006428267806768417,1.0666868686676025,0.020803755149245262,0.75,0.75,0.018430469557642937,0.4884280562400818
2026-08-10_03-44-13,/home/as22cq/Projects/Policy-RL-Peg_insertion/force_peg_rl/logs/rl_games/Forge/2026-08-10_03-44-13/nn/Forge.pth,43,nominal,1000,False,timeout,149,57.74748229980469,0.0881238728761673,16.08452033996582,5.49959135055542,0.6333333849906921,0.046000152826309204,3.042968511581421,0.015124655328691006,0.75,0.75,0.01683112047612667,0.37920117378234863
2026-08-10_03-44-13,/home/as22cq/Projects/Policy-RL-Peg_insertion/force_peg_rl/logs/rl_games/Forge/2026-08-10_03-44-13/nn/Forge.pth,43,nominal,1000,False,timeout,149,37.324283599853516,0.019589189440011978,19.34166145324707,7.967304706573486,0.6333333849906921,0.02612927369773388,2.1128172874450684,0.01879996247589588,0.75,0.75,0.00936125684529543,0.27571365237236023
2026-08-10_03-44-13,/home/as22cq/Projects/Policy-RL-Peg_insertion/force_peg_rl/logs/rl_games/Forge/2026-08-10_03-44-13/nn/Forge.pth,43,nominal,1000,False,timeout,149,80.23473358154297,0.01739031821489334,22.67380714416504,13.991366386413574,0.9583333730697632,0.032344572246074677,1.379475474357605,0.015738019719719887,0.75,0.75,0.013880397193133831,0.12686221301555634
2026-08-10_03-44-13,/home/as22cq/Projects/Policy-RL-Peg_insertion/force_peg_rl/logs/rl_games/Forge/2026-08-10_03-44-13/nn/Forge.pth,43,nominal,1000,False,timeout,149,74.02576446533203,0.019631415605545044,15.454337120056152,9.547022819519043,1.0750000476837158,0.03840916231274605,2.8449506759643555,0.019555186852812767,0.75,0.75,0.008305797353386879,0.0697137787938118
2026-08-10_03-44-13,/home/as22cq/Projects/Policy-RL-Peg_insertion/force_peg_rl/logs/rl_games/Forge/2026-08-10_03-44-13/nn/Forge.pth,43,nominal,1000,False,timeout,149,213.69520568847656,0.009380925446748734,34.33952331542969,18.135862350463867,1.1750000715255737,0.0006969404639676213,1.0149586200714111,0.02124733291566372,0.75,0.75,0.007223862688988447,-0.6261898875236511
2026-08-10_03-44-13,/home/as22cq/Projects/Policy-RL-Peg_insertion/force_peg_rl/logs/rl_games/Forge/2026-08-10_03-44-13/nn/Forge.pth,43,nominal,1000,False,timeout,149,70.4112777709961,0.030623845756053925,18.28516387939453,12.296217918395996,1.158333420753479,0.016339551657438278,0.6034310460090637,0.01970910094678402,0.75,0.75,0.007939568720757961,-0.4622341990470886
2026-08-10_03-44-13,/home/as22cq/Projects/Policy-RL-Peg_insertion/force_peg_rl/logs/rl_games/Forge/2026-08-10_03-44-13/nn/Forge.pth,43,nominal,1000,False,timeout,149,222.89852905273438,0.012717675417661667,29.049991607666016,14.339592933654785,1.0916666984558105,0.0010152101749554276,2.1750845909118652,0.02351207286119461,0.75,0.75,0.01979965902864933,0.24725523591041565
2026-08-10_03-44-13,/home/as22cq/Projects/Policy-RL-Peg_insertion/force_peg_rl/logs/rl_games/Forge/2026-08-10_03-44-13/nn/Forge.pth,43,nominal,1000,False,timeout,149,50.27157211303711,0.07965542376041412,16.26763343811035,10.661506652832031,0.9750000238418579,0.042914532124996185,2.644130229949951,0.01648496463894844,0.75,0.75,0.017878403887152672,0.7256836891174316
2026-08-10_03-44-13,/home/as22cq/Projects/Policy-RL-Peg_insertion/force_peg_rl/logs/rl_games/Forge/2026-08-10_03-44-13/nn/Forge.pth,43,nominal,1000,False,timeout,149,45.238075256347656,0.05054737627506256,18.342985153198242,13.14125919342041,1.1666667461395264,0.09025154262781143,1.5047591924667358,0.01584630087018013,0.75,0.75,0.011824360117316246,-0.6743318438529968
2026-08-10_03-44-13,/home/as22cq/Projects/Policy-RL-Peg_insertion/force_peg_rl/logs/rl_games/Forge/2026-08-10_03-44-13/nn/Forge.pth,43,nominal,1000,True,success,149,336.9127502441406,0.000592447817325592,17.230865478515625,6.833572864532471,0.491666704416275,0.0006737398216500878,1.959320306777954,0.022326525300741196,0.75,0.75,0.018539348617196083,0.5196216702461243
2026-08-10_03-44-13,/home/as22cq/Projects/Policy-RL-Peg_insertion/force_peg_rl/logs/rl_games/Forge/2026-08-10_03-44-13/nn/Forge.pth,43,nominal,1000,False,timeout,149,61.74479675292969,0.03443528711795807,18.093929290771484,12.405718803405762,1.1666667461395264,0.016668347641825676,2.672886848449707,0.023398861289024353,0.75,0.75,0.017740091308951378,0.14715668559074402
2026-08-10_03-44-13,/home/as22cq/Projects/Policy-RL-Peg_insertion/force_peg_rl/logs/rl_games/Forge/2026-08-10_03-44-13/nn/Forge.pth,43,nominal,1000,False,timeout,149,221.77853393554688,0.01313498243689537,21.073347091674805,9.735163688659668,0.8250000476837158,0.0005655978457070887,3.1159121990203857,0.02174619771540165,0.75,0.75,0.021507401019334793,0.24911685287952423
2026-08-10_03-44-13,/home/as22cq/Projects/Policy-RL-Peg_insertion/force_peg_rl/logs/rl_games/Forge/2026-08-10_03-44-13/nn/Forge.pth,43,nominal,1000,True,success,149,382.4561767578125,9.125284850597382e-05,12.903249740600586,8.566130638122559,1.0916666984558105,0.0004826070799026638,0.1788042038679123,0.01563699170947075,0.75,0.75,0.0176797304302454,0.26284798979759216
2026-08-10_03-44-13,/home/as22cq/Projects/Policy-RL-Peg_insertion/force_peg_rl/logs/rl_games/Forge/2026-08-10_03-44-13/nn/Forge.pth,43,nominal,1000,False,timeout,149,36.134151458740234,0.08802565932273865,13.066971778869629,7.9623613357543945,1.0833333730697632,0.019103556871414185,3.066843032836914,0.01573294587433338,0.75,0.75,0.02198193036019802,0.6111094951629639
2026-08-10_03-44-13,/home/as22cq/Projects/Policy-RL-Peg_insertion/force_peg_rl/logs/rl_games/Forge/2026-08-10_03-44-13/nn/Forge.pth,43,nominal,1000,False,timeout,149,214.22825622558594,0.01522224023938179,25.597530364990234,13.538643836975098,1.058333396911621,0.0009306512656621635,2.2537317276000977,0.014003502205014229,0.75,0.75,0.012955267913639545,-0.5995081067085266
2026-08-10_03-44-13,/home/as22cq/Projects/Policy-RL-Peg_insertion/force_peg_rl/logs/rl_games/Forge/2026-08-10_03-44-13/nn/Forge.pth,43,nominal,1000,True,success,149,384.0350341796875,0.00014318153262138367,16.271989822387695,12.823598861694336,1.1083333492279053,0.0005880763055756688,0.17738983035087585,0.02039811573922634,0.75,0.75,0.005036104936152697,0.553692102432251
2026-08-10_03-44-13,/home/as22cq/Projects/Policy-RL-Peg_insertion/force_peg_rl/logs/rl_games/Forge/2026-08-10_03-44-13/nn/Forge.pth,43,nominal,1000,False,timeout,149,235.59991455078125,0.00542091578245163,23.527904510498047,17.95629119873047,1.2083333730697632,0.0010942806256935,1.7498897314071655,0.020300574600696564,0.75,0.75,0.00431095901876688,-0.09634539484977722
2026-08-10_03-44-13,/home/as22cq/Projects/Policy-RL-Peg_insertion/force_peg_rl/logs/rl_games/Forge/2026-08-10_03-44-13/nn/Forge.pth,43,nominal,1000,True,success,149,294.09307861328125,0.00037373602390289307,27.491762161254883,16.1326847076416,1.1416667699813843,0.0006270718877203763,0.19537369906902313,0.016163671389222145,0.75,0.75,0.00822652317583561,0.26826703548431396
2026-08-10_03-44-13,/home/as22cq/Projects/Policy-RL-Peg_insertion/force_peg_rl/logs/rl_games/Forge/2026-08-10_03-44-13/nn/Forge.pth,43,nominal,1000,False,timeout,149,132.11654663085938,0.044196903705596924,27.740406036376953,13.651131629943848,1.1083333492279053,0.009796292521059513,0.403697669506073,0.017122630029916763,0.75,0.75,0.018836958333849907,-0.18231983482837677
2026-08-10_03-44-13,/home/as22cq/Projects/Policy-RL-Peg_insertion/force_peg_rl/logs/rl_games/Forge/2026-08-10_03-44-13/nn/Forge.pth,43,nominal,1000,False,timeout,149,219.27001953125,0.00826161727309227,24.904987335205078,12.696133613586426,1.1666667461395264,0.00031138616031967103,2.3986263275146484,0.014354829676449299,0.75,0.75,0.017511136829853058,-0.36224284768104553
2026-08-10_03-44-13,/home/as22cq/Projects/Policy-RL-Peg_insertion/force_peg_rl/logs/rl_games/Forge/2026-08-10_03-44-13/nn/Forge.pth,43,nominal,1000,False,timeout,149,48.45392990112305,0.06677326560020447,15.369290351867676,8.589433670043945,0.5083333849906921,0.022172246128320694,0.421701043844223,0.01863621547818184,0.75,0.75,0.006828145124018192,-0.2768303155899048
2026-08-10_03-44-13,/home/as22cq/Projects/Policy-RL-Peg_insertion/force_peg_rl/logs/rl_games/Forge/2026-08-10_03-44-13/nn/Forge.pth,43,nominal,1000,False,timeout,149,194.6605987548828,0.01876283809542656,28.229381561279297,17.289695739746094,1.1750000715255737,0.0014640948502346873,0.9161568284034729,0.018752261996269226,0.75,0.75,0.016032904386520386,-0.5150390267372131
2026-08-10_03-44-13,/home/as22cq/Projects/Policy-RL-Peg_insertion/force_peg_rl/logs/rl_games/Forge/2026-08-10_03-44-13/nn/Forge.pth,43,nominal,1000,False,timeout,149,201.2820281982422,0.01471034437417984,17.40593147277832,9.394233703613281,0.6583333611488342,0.0007205010042525828,1.5325320959091187,0.015378267504274845,0.75,0.75,0.00031635010964237154,-0.4822777211666107
2026-08-10_03-44-13,/home/as22cq/Projects/Policy-RL-Peg_insertion/force_peg_rl/logs/rl_games/Forge/2026-08-10_03-44-13/nn/Forge.pth,43,nominal,1000,False,timeout,149,53.981685638427734,0.028169918805360794,21.576440811157227,13.004135131835938,1.1166666746139526,0.02283429354429245,0.7460535168647766,0.014141926541924477,0.75,0.75,0.006866457872092724,-0.336221307516098
2026-08-10_03-44-13,/home/as22cq/Projects/Policy-RL-Peg_insertion/force_peg_rl/logs/rl_games/Forge/2026-08-10_03-44-13/nn/Forge.pth,43,nominal,1000,False,timeout,149,52.835784912109375,0.13117513060569763,19.826927185058594,8.673776626586914,0.9250000715255737,0.03218494728207588,-2.982633590698242,0.018745511770248413,0.75,0.75,0.024047987535595894,0.6444141268730164
2026-08-10_03-44-13,/home/as22cq/Projects/Policy-RL-Peg_insertion/force_peg_rl/logs/rl_games/Forge/2026-08-10_03-44-13/nn/Forge.pth,43,nominal,1000,False,timeout,149,33.754722595214844,0.02481278032064438,36.25143814086914,14.610774040222168,0.9666666984558105,0.020556433126330376,1.9413577318191528,0.0173479113727808,0.75,0.75,0.009062601253390312,-0.15511783957481384
2026-08-10_03-44-13,/home/as22cq/Projects/Policy-RL-Peg_insertion/force_peg_rl/logs/rl_games/Forge/2026-08-10_03-44-13/nn/Forge.pth,43,nominal,1000,False,timeout,149,214.65187072753906,0.014001980423927307,28.701618194580078,15.438665390014648,1.0250000953674316,0.0011030418099835515,1.3614628314971924,0.01403332781046629,0.75,0.75,0.005143217276781797,-0.5621067881584167
2026-08-10_03-44-13,/home/as22cq/Projects/Policy-RL-Peg_insertion/force_peg_rl/logs/rl_games/Forge/2026-08-10_03-44-13/nn/Forge.pth,43,nominal,1000,False,timeout,149,198.8013153076172,0.016284599900245667,22.72390365600586,14.028341293334961,1.0416667461395264,0.0010637053055688739,2.2669837474823,0.018756166100502014,0.75,0.75,0.010409687645733356,0.5376743078231812
2026-08-10_03-44-13,/home/as22cq/Projects/Policy-RL-Peg_insertion/force_peg_rl/logs/rl_games/Forge/2026-08-10_03-44-13/nn/Forge.pth,43,nominal,1000,False,timeout,149,212.21286010742188,0.013804862275719643,38.904388427734375,21.333415985107422,1.183333396911621,0.0013819755986332893,2.0979528427124023,0.02340727485716343,0.75,0.75,0.01523620169609785,-0.31428906321525574
2026-08-10_03-44-13,/home/as22cq/Projects/Policy-RL-Peg_insertion/force_peg_rl/logs/rl_games/Forge/2026-08-10_03-44-13/nn/Forge.pth,43,nominal,1000,False,timeout,149,27.049238204956055,0.13528364896774292,24.44289207458496,10.357316017150879,0.8666667342185974,0.03591812774538994,0.6258723139762878,0.022075120359659195,0.75,0.75,0.018452828750014305,-0.513257622718811
2026-08-10_03-44-13,/home/as22cq/Projects/Policy-RL-Peg_insertion/force_peg_rl/logs/rl_games/Forge/2026-08-10_03-44-13/nn/Forge.pth,43,nominal,1000,False,timeout,149,133.5577850341797,0.04504327103495598,13.433907508850098,8.208126068115234,0.6083333492279053,0.05982472375035286,1.948325514793396,0.015387878753244877,0.75,0.75,0.0012650977587327361,0.562414288520813
2026-08-10_03-44-13,/home/as22cq/Projects/Policy-RL-Peg_insertion/force_peg_rl/logs/rl_games/Forge/2026-08-10_03-44-13/nn/Forge.pth,43,nominal,1000,False,timeout,149,199.8543701171875,0.018087677657604218,25.511465072631836,13.162825584411621,1.0666667222976685,0.0008933623903430998,1.8888427019119263,0.022252220660448074,0.75,0.75,0.016547856852412224,0.2977694571018219
2026-08-10_03-44-13,/home/as22cq/Projects/Policy-RL-Peg_insertion/force_peg_rl/logs/rl_games/Forge/2026-08-10_03-44-13/nn/Forge.pth,43,nominal,1000,False,timeout,149,216.8631134033203,0.004937265068292618,28.17705535888672,13.987332344055176,1.125,0.0004891022108495235,1.561279058456421,0.016298748552799225,0.75,0.75,0.010977409780025482,-0.5985468029975891
2026-08-10_03-44-13,/home/as22cq/Projects/Policy-RL-Peg_insertion/force_peg_rl/logs/rl_games/Forge/2026-08-10_03-44-13/nn/Forge.pth,43,nominal,1000,False,timeout,149,238.3002471923828,0.003572419285774231,36.68747329711914,16.206586837768555,1.183333396911621,0.0006393801304511726,2.2388041019439697,0.015881797298789024,0.75,0.75,0.001004559569992125,-0.3111740052700043
2026-08-10_03-44-13,/home/as22cq/Projects/Policy-RL-Peg_insertion/force_peg_rl/logs/rl_games/Forge/2026-08-10_03-44-13/nn/Forge.pth,43,nominal,1000,False,timeout,149,38.94797897338867,0.025759320706129074,26.674497604370117,17.04216957092285,1.1916667222976685,0.0016021733172237873,2.2321653366088867,0.020506881177425385,0.75,0.75,0.0052452669478952885,0.23343375325202942
2026-08-10_03-44-13,/home/as22cq/Projects/Policy-RL-Peg_insertion/force_peg_rl/logs/rl_games/Forge/2026-08-10_03-44-13/nn/Forge.pth,43,nominal,1000,True,success,149,99.66846466064453,2.086162567138672e-06,20.562986373901367,13.179207801818848,1.133333444595337,0.0005260438192635775,1.5168397426605225,0.02275972068309784,0.75,0.75,0.023412443697452545,-0.6498783230781555
2026-08-10_03-44-13,/home/as22cq/Projects/Policy-RL-Peg_insertion/force_peg_rl/logs/rl_games/Forge/2026-08-10_03-44-13/nn/Forge.pth,43,nominal,1000,False,timeout,149,28.60418701171875,0.05311790108680725,16.764616012573242,10.232751846313477,1.1083333492279053,0.008838089182972908,0.3327266275882721,0.01545441523194313,0.75,0.75,0.019387586042284966,-0.5489272475242615
2026-08-10_03-44-13,/home/as22cq/Projects/Policy-RL-Peg_insertion/force_peg_rl/logs/rl_games/Forge/2026-08-10_03-44-13/nn/Forge.pth,43,nominal,1000,False,timeout,149,161.93399047851562,0.020900936797261238,18.441450119018555,12.513211250305176,1.125,0.0007766642956994474,1.586564302444458,0.015694985166192055,0.75,0.75,0.016368405893445015,0.5531549453735352
2026-08-10_03-44-13,/home/as22cq/Projects/Policy-RL-Peg_insertion/force_peg_rl/logs/rl_games/Forge/2026-08-10_03-44-13/nn/Forge.pth,43,nominal,1000,False,timeout,149,69.57801055908203,0.0023564621806144714,18.404882431030273,10.77261734008789,1.0833333730697632,0.026419632136821747,1.418663501739502,0.016468822956085205,0.75,0.75,0.016171017661690712,0.044991713017225266
2026-08-10_03-44-13,/home/as22cq/Projects/Policy-RL-Peg_insertion/force_peg_rl/logs/rl_games/Forge/2026-08-10_03-44-13/nn/Forge.pth,43,nominal,1000,False,timeout,149,45.21416091918945,0.08475971966981888,18.86025047302246,9.838210105895996,1.100000023841858,0.03187455236911774,2.9240050315856934,0.019007405266165733,0.75,0.75,0.016064055263996124,0.47414377331733704
2026-08-10_03-44-13,/home/as22cq/Projects/Policy-RL-Peg_insertion/force_peg_rl/logs/rl_games/Forge/2026-08-10_03-44-13/nn/Forge.pth,43,nominal,1000,False,timeout,149,37.88990020751953,0.05239323154091835,16.388534545898438,8.68205738067627,0.4750000238418579,0.020176535472273827,2.943243980407715,0.018118543550372124,0.75,0.75,0.01802942156791687,0.7498461008071899
2026-08-10_03-44-13,/home/as22cq/Projects/Policy-RL-Peg_insertion/force_peg_rl/logs/rl_games/Forge/2026-08-10_03-44-13/nn/Forge.pth,43,nominal,1000,False,timeout,149,28.908710479736328,0.07337751984596252,20.625877380371094,11.08473014831543,0.8916667103767395,0.04608897119760513,0.4772194027900696,0.01966632716357708,0.75,0.75,0.007557578384876251,-0.09815933555364609
2026-08-10_03-44-13,/home/as22cq/Projects/Policy-RL-Peg_insertion/force_peg_rl/logs/rl_games/Forge/2026-08-10_03-44-13/nn/Forge.pth,43,nominal,1000,False,timeout,149,34.834712982177734,0.023544028401374817,19.546512603759766,11.677080154418945,0.9416667222976685,0.024429162964224815,0.9473062753677368,0.023308061063289642,0.75,0.75,0.012412076815962791,-0.5530489087104797
2026-08-10_03-44-13,/home/as22cq/Projects/Policy-RL-Peg_insertion/force_peg_rl/logs/rl_games/Forge/2026-08-10_03-44-13/nn/Forge.pth,43,nominal,1000,False,timeout,149,44.92950439453125,0.028491053730249405,22.33721351623535,12.405540466308594,1.1916667222976685,0.0035948711447417736,2.8270223140716553,0.0215561892837286,0.75,0.75,0.01169957872480154,0.7156596779823303
2026-08-10_03-44-13,/home/as22cq/Projects/Policy-RL-Peg_insertion/force_peg_rl/logs/rl_games/Forge/2026-08-10_03-44-13/nn/Forge.pth,43,nominal,1000,False,timeout,149,48.51958084106445,0.028662990778684616,21.62595558166504,10.936028480529785,1.100000023841858,0.01372836995869875,1.1088147163391113,0.020947342738509178,0.75,0.75,0.014580048620700836,-0.5432584285736084
2026-08-10_03-44-13,/home/as22cq/Projects/Policy-RL-Peg_insertion/force_peg_rl/logs/rl_games/Forge/2026-08-10_03-44-13/nn/Forge.pth,43,nominal,1000,False,timeout,149,39.072120666503906,0.09549100697040558,18.77255630493164,7.899417400360107,0.3750000298023224,0.010028060525655746,0.6093555688858032,0.01947927102446556,0.75,0.75,0.020112982019782066,-0.3255522549152374
2026-08-10_03-44-13,/home/as22cq/Projects/Policy-RL-Peg_insertion/force_peg_rl/logs/rl_games/Forge/2026-08-10_03-44-13/nn/Forge.pth,43,nominal,1000,False,timeout,149,32.26525115966797,0.042133577167987823,19.554096221923828,8.883611679077148,0.7333333492279053,0.016271281987428665,0.5554711818695068,0.023776449263095856,0.75,0.75,0.008903895504772663,-0.46175509691238403
2026-08-10_03-44-13,/home/as22cq/Projects/Policy-RL-Peg_insertion/force_peg_rl/logs/rl_games/Forge/2026-08-10_03-44-13/nn/Forge.pth,43,nominal,1000,False,timeout,149,202.87184143066406,0.008215520530939102,26.294214248657227,13.432225227355957,0.9416667222976685,0.0006191287538968027,1.4879463911056519,0.020117316395044327,0.75,0.75,0.010707366280257702,-0.48739689588546753
2026-08-10_03-44-13,/home/as22cq/Projects/Policy-RL-Peg_insertion/force_peg_rl/logs/rl_games/Forge/2026-08-10_03-44-13/nn/Forge.pth,43,nominal,1000,False,timeout,149,31.645185470581055,0.027242597192525864,17.305917739868164,9.072118759155273,0.6166666746139526,0.022480081766843796,1.026063084602356,0.020863723009824753,0.75,0.75,0.021311189979314804,0.07904361933469772
2026-08-10_03-44-13,/home/as22cq/Projects/Policy-RL-Peg_insertion/force_peg_rl/logs/rl_games/Forge/2026-08-10_03-44-13/nn/Forge.pth,43,nominal,1000,False,timeout,149,28.553442001342773,0.05158833786845207,28.28605842590332,13.977678298950195,0.9416667222976685,0.011657635681331158,0.5254054665565491,0.018675675615668297,0.75,0.75,0.013937028124928474,-0.2979695796966553
2026-08-10_03-44-13,/home/as22cq/Projects/Policy-RL-Peg_insertion/force_peg_rl/logs/rl_games/Forge/2026-08-10_03-44-13/nn/Forge.pth,43,nominal,1000,False,timeout,149,31.62126350402832,0.024114541709423065,35.025691986083984,21.06850814819336,1.0833333730697632,0.021684059873223305,0.953191339969635,0.01725655607879162,0.75,0.75,0.020735424011945724,-0.5086582899093628
2026-08-10_03-44-13,/home/as22cq/Projects/Policy-RL-Peg_insertion/force_peg_rl/logs/rl_games/Forge/2026-08-10_03-44-13/nn/Forge.pth,43,nominal,1000,False,timeout,149,32.688987731933594,0.020357564091682434,33.530250549316406,20.481204986572266,1.1500000953674316,0.024484245106577873,1.2737890481948853,0.017080988734960556,0.75,0.75,0.02362671308219433,-0.36425384879112244
2026-08-10_03-44-13,/home/as22cq/Projects/Policy-RL-Peg_insertion/force_peg_rl/logs/rl_games/Forge/2026-08-10_03-44-13/nn/Forge.pth,43,nominal,1000,False,timeout,149,30.471372604370117,0.07195036113262177,14.528647422790527,6.310446262359619,0.34166669845581055,0.051503781229257584,0.7915809154510498,0.01959938555955887,0.75,0.75,0.008725802414119244,-0.20728302001953125
2026-08-10_03-44-13,/home/as22cq/Projects/Policy-RL-Peg_insertion/force_peg_rl/logs/rl_games/Forge/2026-08-10_03-44-13/nn/Forge.pth,43,nominal,1000,False,timeout,149,30.693803787231445,0.036112040281295776,20.10261344909668,10.775568962097168,0.7333333492279053,0.02837699092924595,0.6785633563995361,0.01676381379365921,0.75,0.75,0.02318117953836918,-0.26434141397476196
2026-08-10_03-44-13,/home/as22cq/Projects/Policy-RL-Peg_insertion/force_peg_rl/logs/rl_games/Forge/2026-08-10_03-44-13/nn/Forge.pth,43,nominal,1000,False,timeout,149,92.57197570800781,0.027318008244037628,16.509971618652344,10.45372200012207,1.0916666984558105,0.04223756119608879,1.1732138395309448,0.018617698922753334,0.75,0.75,0.010049527511000633,-0.43480250239372253
2026-08-10_03-44-13,/home/as22cq/Projects/Policy-RL-Peg_insertion/force_peg_rl/logs/rl_games/Forge/2026-08-10_03-44-13/nn/Forge.pth,43,nominal,1000,False,timeout,149,33.103416442871094,0.0671406239271164,24.471912384033203,7.116306781768799,0.8916667103767395,0.06842665374279022,2.8946330547332764,0.023897871375083923,0.75,0.75,0.018173715099692345,0.13729806244373322
2026-08-10_03-44-13,/home/as22cq/Projects/Policy-RL-Peg_insertion/force_peg_rl/logs/rl_games/Forge/2026-08-10_03-44-13/nn/Forge.pth,43,nominal,1000,False,timeout,149,28.398563385009766,0.03398100286722183,21.096973419189453,9.778372764587402,0.44166669249534607,0.048148203641176224,0.3367183804512024,0.021812450140714645,0.75,0.75,0.005449702497571707,-0.4867987334728241
2026-08-10_03-44-13,/home/as22cq/Projects/Policy-RL-Peg_insertion/force_peg_rl/logs/rl_games/Forge/2026-08-10_03-44-13/nn/Forge.pth,43,nominal,1000,False,timeout,149,78.28306579589844,0.06856678426265717,17.879955291748047,7.498600006103516,0.6333333849906921,0.02001439593732357,2.484377861022949,0.02134937047958374,0.75,0.75,0.020930200815200806,0.7350996732711792
2026-08-10_03-44-13,/home/as22cq/Projects/Policy-RL-Peg_insertion/force_peg_rl/logs/rl_games/Forge/2026-08-10_03-44-13/nn/Forge.pth,43,nominal,1000,True,success,149,285.40252685546875,0.0001484546810388565,15.455278396606445,10.677590370178223,0.9416667222976685,0.0006128099630586803,0.24504606425762177,0.021089788526296616,0.75,0.75,0.012755047529935837,-0.14591597020626068
2026-08-10_03-44-13,/home/as22cq/Projects/Policy-RL-Peg_insertion/force_peg_rl/logs/rl_games/Forge/2026-08-10_03-44-13/nn/Forge.pth,43,nominal,1000,False,timeout,149,29.554412841796875,0.05220203101634979,34.7281379699707,18.990217208862305,1.1416667699813843,0.0067213731817901134,0.3301381468772888,0.018257219344377518,0.75,0.75,0.01698097214102745,-0.5630594491958618
2026-08-10_03-44-13,/home/as22cq/Projects/Policy-RL-Peg_insertion/force_peg_rl/logs/rl_games/Forge/2026-08-10_03-44-13/nn/Forge.pth,43,nominal,1000,False,timeout,149,35.855567932128906,0.041763219982385635,19.039342880249023,7.725210666656494,0.7500000596046448,0.029013756662607193,2.330965042114258,0.02389443665742874,0.75,0.75,0.008508238010108471,-0.09283413738012314
2026-08-10_03-44-13,/home/as22cq/Projects/Policy-RL-Peg_insertion/force_peg_rl/logs/rl_games/Forge/2026-08-10_03-44-13/nn/Forge.pth,43,nominal,1000,False,timeout,149,36.557777404785156,0.018247537314891815,19.39207649230957,8.116439819335938,0.8250000476837158,0.029053160920739174,2.655256748199463,0.01434275507926941,0.75,0.75,0.018330039456486702,-0.004009596072137356
2026-08-10_03-44-13,/home/as22cq/Projects/Policy-RL-Peg_insertion/force_peg_rl/logs/rl_games/Forge/2026-08-10_03-44-13/nn/Forge.pth,43,nominal,1000,False,timeout,149,37.99324417114258,0.021773047745227814,15.805106163024902,9.90609073638916,1.1666667461395264,0.02240348979830742,1.560953974723816,0.01877862587571144,0.75,0.75,0.02176535129547119,0.15468282997608185
2026-08-10_03-44-13,/home/as22cq/Projects/Policy-RL-Peg_insertion/force_peg_rl/logs/rl_games/Forge/2026-08-10_03-44-13/nn/Forge.pth,43,nominal,1000,False,timeout,149,30.329145431518555,0.06989073008298874,17.05840492248535,10.04308795928955,1.0,0.07827576249837875,-2.90814471244812,0.021160157397389412,0.75,0.75,0.02139127627015114,0.6004807949066162
2026-08-10_03-44-13,/home/as22cq/Projects/Policy-RL-Peg_insertion/force_peg_rl/logs/rl_games/Forge/2026-08-10_03-44-13/nn/Forge.pth,43,nominal,1000,False,timeout,149,36.44664001464844,0.04882064461708069,14.528515815734863,9.583745956420898,1.0250000953674316,0.0417550764977932,3.104395866394043,0.023499952629208565,0.75,0.75,0.01928936131298542,0.7430297136306763
2026-08-10_03-44-13,/home/as22cq/Projects/Policy-RL-Peg_insertion/force_peg_rl/logs/rl_games/Forge/2026-08-10_03-44-13/nn/Forge.pth,43,nominal,1000,False,timeout,149,32.51230239868164,0.003992337733507156,20.611257553100586,10.639176368713379,1.0416667461395264,0.03734875097870827,1.4704179763793945,0.02208162099123001,0.75,0.75,0.017008619382977486,-0.35491257905960083
2026-08-10_03-44-13,/home/as22cq/Projects/Policy-RL-Peg_insertion/force_peg_rl/logs/rl_games/Forge/2026-08-10_03-44-13/nn/Forge.pth,43,nominal,1000,False,timeout,149,33.33143997192383,0.007311992347240448,19.363685607910156,7.348160266876221,0.5833333730697632,0.033650387078523636,0.7980047464370728,0.019956247881054878,0.75,0.75,0.01755394972860813,0.13986514508724213
2026-08-10_03-44-13,/home/as22cq/Projects/Policy-RL-Peg_insertion/force_peg_rl/logs/rl_games/Forge/2026-08-10_03-44-13/nn/Forge.pth,43,nominal,1000,False,timeout,149,33.25203323364258,0.07976990193128586,14.768248558044434,4.842624187469482,0.07500000298023224,0.02233721688389778,2.774390935897827,0.016296397894620895,0.75,0.75,0.018527429550886154,0.7244347929954529
2026-08-10_03-44-13,/home/as22cq/Projects/Policy-RL-Peg_insertion/force_peg_rl/logs/rl_games/Forge/2026-08-10_03-44-13/nn/Forge.pth,43,nominal,1000,False,timeout,149,186.9024200439453,0.015682946890592575,33.84706497192383,16.685070037841797,1.1416667699813843,0.0007466893293894827,1.9667937755584717,0.016626736149191856,0.75,0.75,0.01710171066224575,0.7117137908935547
2026-08-10_03-44-13,/home/as22cq/Projects/Policy-RL-Peg_insertion/force_peg_rl/logs/rl_games/Forge/2026-08-10_03-44-13/nn/Forge.pth,43,nominal,1000,False,timeout,149,31.557415008544922,0.10580524057149887,18.00113296508789,9.403409957885742,0.9666666984558105,0.006330940406769514,2.640869140625,0.020225219428539276,0.75,0.75,0.016017749905586243,0.0034809454809874296
2026-08-10_03-44-13,/home/as22cq/Projects/Policy-RL-Peg_insertion/force_peg_rl/logs/rl_games/Forge/2026-08-10_03-44-13/nn/Forge.pth,43,nominal,1000,False,timeout,149,34.9253044128418,0.01664867252111435,25.700611114501953,10.631851196289062,0.9166666865348816,0.0245831161737442,1.2740733623504639,0.015488960780203342,0.75,0.75,0.02502834051847458,-0.7038906216621399
2026-08-10_03-44-13,/home/as22cq/Projects/Policy-RL-Peg_insertion/force_peg_rl/logs/rl_games/Forge/2026-08-10_03-44-13/nn/Forge.pth,43,nominal,1000,False,timeout,149,29.35708236694336,0.06823870539665222,18.04833984375,11.29719066619873,1.133333444595337,0.05006970837712288,0.465207576751709,0.022106576710939407,0.75,0.75,0.00516841746866703,-0.4852777123451233
2026-08-10_03-44-13,/home/as22cq/Projects/Policy-RL-Peg_insertion/force_peg_rl/logs/rl_games/Forge/2026-08-10_03-44-13/nn/Forge.pth,43,nominal,1000,False,timeout,149,36.400325775146484,0.03932284563779831,27.984920501708984,12.79913330078125,1.0916666984558105,0.028918225318193436,3.014620065689087,0.017006417736411095,0.75,0.75,0.013639906421303749,0.48150819540023804
2026-08-10_03-44-13,/home/as22cq/Projects/Policy-RL-Peg_insertion/force_peg_rl/logs/rl_games/Forge/2026-08-10_03-44-13/nn/Forge.pth,43,nominal,1000,False,timeout,149,36.734779357910156,0.02088654786348343,27.79810333251953,11.875391006469727,1.2000000476837158,0.02269710600376129,1.1672451496124268,0.01710451766848564,0.75,0.75,0.013467268086969852,-0.3489978611469269
2026-08-10_03-44-13,/home/as22cq/Projects/Policy-RL-Peg_insertion/force_peg_rl/logs/rl_games/Forge/2026-08-10_03-44-13/nn/Forge.pth,43,nominal,1000,False,timeout,149,35.88080978393555,0.04846065118908882,19.71796989440918,10.738347053527832,1.1916667222976685,0.05888725444674492,2.9490036964416504,0.015928983688354492,0.75,0.75,0.02180388756096363,0.42929592728614807
2026-08-10_03-44-13,/home/as22cq/Projects/Policy-RL-Peg_insertion/force_peg_rl/logs/rl_games/Forge/2026-08-10_03-44-13/nn/Forge.pth,43,nominal,1000,False,timeout,149,33.044246673583984,-0.0003819465637207031,31.51042938232422,11.885104179382324,0.98333340883255,0.034064628183841705,1.9563828706741333,0.021516626700758934,0.75,0.75,0.02926960401237011,-0.5342552065849304
2026-08-10_03-44-13,/home/as22cq/Projects/Policy-RL-Peg_insertion/force_peg_rl/logs/rl_games/Forge/2026-08-10_03-44-13/nn/Forge.pth,43,nominal,1000,False,timeout,149,74.93123626708984,0.08676871657371521,18.397287368774414,10.836413383483887,1.183333396911621,0.03943071886897087,0.30892714858055115,0.023288067430257797,0.75,0.75,0.017657635733485222,-0.610683798789978
2026-08-10_03-44-13,/home/as22cq/Projects/Policy-RL-Peg_insertion/force_peg_rl/logs/rl_games/Forge/2026-08-10_03-44-13/nn/Forge.pth,43,nominal,1000,False,timeout,149,33.13121795654297,0.042252350598573685,23.625350952148438,12.9276704788208,1.1666667461395264,0.02688603848218918,0.8760810494422913,0.02208520472049713,0.75,0.75,0.0059074643068015575,-0.22996221482753754
2026-08-10_03-44-13,/home/as22cq/Projects/Policy-RL-Peg_insertion/force_peg_rl/logs/rl_games/Forge/2026-08-10_03-44-13/nn/Forge.pth,43,nominal,1000,False,timeout,149,33.6388053894043,0.03118737041950226,24.9018611907959,17.90346336364746,1.183333396911621,0.02164439670741558,0.4483775794506073,0.020177297294139862,0.75,0.75,0.01687154546380043,-0.5151067972183228
2026-08-10_03-44-13,/home/as22cq/Projects/Policy-RL-Peg_insertion/force_peg_rl/logs/rl_games/Forge/2026-08-10_03-44-13/nn/Forge.pth,43,nominal,1000,False,timeout,149,32.640724182128906,0.08551548421382904,16.7546443939209,6.10134744644165,0.8416666984558105,0.025958364829421043,3.095529556274414,0.021927693858742714,0.75,0.75,0.012710227631032467,0.1696503609418869
2026-08-10_03-44-13,/home/as22cq/Projects/Policy-RL-Peg_insertion/force_peg_rl/logs/rl_games/Forge/2026-08-10_03-44-13/nn/Forge.pth,43,nominal,1000,False,timeout,149,36.92387771606445,0.0268445685505867,14.752284049987793,7.814084529876709,0.7500000596046448,0.021132828667759895,2.2859177589416504,0.018010679632425308,0.75,0.75,0.017392847687005997,-0.19666120409965515
2026-08-10_03-44-13,/home/as22cq/Projects/Policy-RL-Peg_insertion/force_peg_rl/logs/rl_games/Forge/2026-08-10_03-44-13/nn/Forge.pth,43,nominal,1000,False,timeout,149,39.798805236816406,0.028945475816726685,15.217081069946289,8.769051551818848,0.6666666865348816,0.0430164635181427,3.0093042850494385,0.02326672337949276,0.75,0.75,0.001741071231663227,0.7786034941673279
2026-08-10_03-44-13,/home/as22cq/Projects/Policy-RL-Peg_insertion/force_peg_rl/logs/rl_games/Forge/2026-08-10_03-44-13/nn/Forge.pth,43,nominal,1000,False,timeout,149,33.071956634521484,0.025942079722881317,33.28520202636719,21.1712646484375,1.033333420753479,0.030519990250468254,0.7085521817207336,0.015167709439992905,0.75,0.75,0.020970584824681282,-0.36637839674949646
2026-08-10_03-44-13,/home/as22cq/Projects/Policy-RL-Peg_insertion/force_peg_rl/logs/rl_games/Forge/2026-08-10_03-44-13/nn/Forge.pth,43,nominal,1000,False,timeout,149,33.81374740600586,0.09838369488716125,16.91073226928711,10.420022010803223,0.9583333730697632,0.020769363269209862,-2.934981107711792,0.018633289262652397,0.75,0.75,0.01637198030948639,0.6513102650642395
2026-08-10_03-44-13,/home/as22cq/Projects/Policy-RL-Peg_insertion/force_peg_rl/logs/rl_games/Forge/2026-08-10_03-44-13/nn/Forge.pth,43,nominal,1000,False,timeout,149,41.56467056274414,0.12119146436452866,19.56879997253418,14.114051818847656,1.0666667222976685,0.03482235223054886,2.8811378479003906,0.015388816595077515,0.75,0.75,0.003921461757272482,0.7233932614326477
2026-08-10_03-44-13,/home/as22cq/Projects/Policy-RL-Peg_insertion/force_peg_rl/logs/rl_games/Forge/2026-08-10_03-44-13/nn/Forge.pth,43,nominal,1000,False,timeout,149,75.0727767944336,0.04157213121652603,25.349119186401367,8.413158416748047,0.6916667222976685,0.036870162934064865,3.055027961730957,0.02274537831544876,0.75,0.75,0.009313339367508888,-0.08680328726768494
2026-08-10_03-44-13,/home/as22cq/Projects/Policy-RL-Peg_insertion/force_peg_rl/logs/rl_games/Forge/2026-08-10_03-44-13/nn/Forge.pth,43,nominal,1000,False,timeout,149,31.489906311035156,0.03943854570388794,34.84044647216797,19.867774963378906,1.100000023841858,0.011048644781112671,0.39595046639442444,0.015710577368736267,0.75,0.75,0.019425595179200172,-0.4838445484638214
2026-08-10_03-44-13,/home/as22cq/Projects/Policy-RL-Peg_insertion/force_peg_rl/logs/rl_games/Forge/2026-08-10_03-44-13/nn/Forge.pth,43,nominal,1000,False,timeout,149,35.13399887084961,0.032846853137016296,20.599689483642578,11.602810859680176,0.8500000238418579,0.016791611909866333,2.8103249073028564,0.02032092958688736,0.75,0.75,0.014182153157889843,0.6797966957092285
2026-08-10_03-44-13,/home/as22cq/Projects/Policy-RL-Peg_insertion/force_peg_rl/logs/rl_games/Forge/2026-08-10_03-44-13/nn/Forge.pth,43,nominal,1000,False,timeout,149,34.950653076171875,0.10125651210546494,14.177923202514648,7.242008686065674,0.8083333969116211,0.03497032821178436,2.9291837215423584,0.014849083498120308,0.75,0.75,0.018205173313617706,0.5930506587028503
2026-08-10_03-44-13,/home/as22cq/Projects/Policy-RL-Peg_insertion/force_peg_rl/logs/rl_games/Forge/2026-08-10_03-44-13/nn/Forge.pth,43,nominal,1000,False,timeout,149,46.42570114135742,0.01868370547890663,14.072494506835938,9.571523666381836,1.100000023841858,0.028365405276417732,2.235463857650757,0.023617209866642952,0.75,0.75,0.01874152570962906,-0.013633453287184238
2026-08-10_03-44-13,/home/as22cq/Projects/Policy-RL-Peg_insertion/force_peg_rl/logs/rl_games/Forge/2026-08-10_03-44-13/nn/Forge.pth,43,nominal,1000,False,timeout,149,32.208438873291016,0.02615724503993988,21.17867088317871,6.076559066772461,0.4583333432674408,0.08007674664258957,2.425446033477783,0.02065153233706951,0.75,0.75,0.003248911816626787,-0.5557721853256226
2026-08-10_03-44-13,/home/as22cq/Projects/Policy-RL-Peg_insertion/force_peg_rl/logs/rl_games/Forge/2026-08-10_03-44-13/nn/Forge.pth,43,nominal,1000,False,timeout,149,35.35068893432617,0.04739980399608612,22.706809997558594,10.267952919006348,0.9750000238418579,0.027413973584771156,3.047243118286133,0.014482613652944565,0.75,0.75,0.01868272013962269,0.7397307753562927
2026-08-10_03-44-13,/home/as22cq/Projects/Policy-RL-Peg_insertion/force_peg_rl/logs/rl_games/Forge/2026-08-10_03-44-13/nn/Forge.pth,43,nominal,1000,False,timeout,149,29.752670288085938,0.05078429728746414,32.46879196166992,15.541494369506836,1.158333420753479,0.017904765903949738,0.3545144498348236,0.021722277626395226,0.75,0.75,0.01722043566405773,0.167257159948349
2026-08-10_03-44-13,/home/as22cq/Projects/Policy-RL-Peg_insertion/force_peg_rl/logs/rl_games/Forge/2026-08-10_03-44-13/nn/Forge.pth,43,nominal,1000,False,timeout,149,34.75300598144531,0.05106416344642639,32.61874771118164,8.974905967712402,0.4833333492279053,0.010928257368505001,3.0522289276123047,0.020640037953853607,0.75,0.75,0.018936237320303917,0.622723400592804
2026-08-10_03-44-13,/home/as22cq/Projects/Policy-RL-Peg_insertion/force_peg_rl/logs/rl_games/Forge/2026-08-10_03-44-13/nn/Forge.pth,43,nominal,1000,False,timeout,149,213.41766357421875,0.011472176760435104,27.8033390045166,14.678083419799805,1.1166666746139526,0.0008834773325361311,2.1015853881835938,0.022477203980088234,0.75,0.75,0.01925382763147354,-0.3056117296218872
2026-08-10_03-44-13,/home/as22cq/Projects/Policy-RL-Peg_insertion/force_peg_rl/logs/rl_games/Forge/2026-08-10_03-44-13/nn/Forge.pth,43,nominal,1000,False,timeout,149,30.83800506591797,0.027428679168224335,29.086402893066406,16.75931167602539,1.1916667222976685,0.019981808960437775,0.8875085115432739,0.021109554916620255,0.75,0.75,0.007974867708981037,-0.7287020683288574
2026-08-10_03-44-13,/home/as22cq/Projects/Policy-RL-Peg_insertion/force_peg_rl/logs/rl_games/Forge/2026-08-10_03-44-13/nn/Forge.pth,43,nominal,1000,False,timeout,149,35.070335388183594,0.0209183432161808,29.11423110961914,10.584741592407227,0.8083333969116211,0.01601509563624859,2.6516149044036865,0.019211361184716225,0.75,0.75,0.01427096500992775,-0.4781971275806427
2026-08-10_03-44-13,/home/as22cq/Projects/Policy-RL-Peg_insertion/force_peg_rl/logs/rl_games/Forge/2026-08-10_03-44-13/nn/Forge.pth,43,nominal,1000,False,timeout,149,36.70397186279297,0.024445749819278717,13.259215354919434,7.771240234375,0.8583333492279053,0.019464995712041855,2.151374578475952,0.021362097933888435,0.75,0.75,0.021569402888417244,0.3381204903125763
2026-08-10_03-44-13,/home/as22cq/Projects/Policy-RL-Peg_insertion/force_peg_rl/logs/rl_games/Forge/2026-08-10_03-44-13/nn/Forge.pth,43,nominal,1000,False,timeout,149,34.051979064941406,0.006715685129165649,20.968772888183594,9.659810066223145,0.7583333849906921,0.044027529656887054,0.7821255326271057,0.015144276432693005,0.75,0.75,0.014680529944598675,-0.5940676927566528
2026-08-10_03-44-13,/home/as22cq/Projects/Policy-RL-Peg_insertion/force_peg_rl/logs/rl_games/Forge/2026-08-10_03-44-13/nn/Forge.pth,43,nominal,1000,False,timeout,149,205.37008666992188,0.016082163900136948,20.785131454467773,15.263809204101562,1.1666667461395264,0.001368518453091383,1.4677711725234985,0.01819933019578457,0.75,0.75,0.016953997313976288,-0.6358877420425415
2026-08-10_03-44-13,/home/as22cq/Projects/Policy-RL-Peg_insertion/force_peg_rl/logs/rl_games/Forge/2026-08-10_03-44-13/nn/Forge.pth,43,nominal,1000,False,timeout,149,40.5993766784668,0.03859558701515198,10.58071517944336,6.326959609985352,0.5,0.015867291018366814,2.6145031452178955,0.01859634928405285,0.75,0.75,0.014810780063271523,0.5278699398040771
2026-08-10_03-44-13,/home/as22cq/Projects/Policy-RL-Peg_insertion/force_peg_rl/logs/rl_games/Forge/2026-08-10_03-44-13/nn/Forge.pth,43,nominal,1000,False,timeout,149,35.68819808959961,0.048437636345624924,16.200468063354492,6.607668876647949,0.40000003576278687,0.0798940658569336,3.039930820465088,0.022616706788539886,0.75,0.75,0.023331528529524803,-0.09209977090358734
2026-08-10_03-44-13,/home/as22cq/Projects/Policy-RL-Peg_insertion/force_peg_rl/logs/rl_games/Forge/2026-08-10_03-44-13/nn/Forge.pth,43,nominal,1000,False,timeout,149,37.74324417114258,0.058382514864206314,17.195384979248047,9.044967651367188,0.7250000238418579,0.016564590856432915,2.657411575317383,0.01667643152177334,0.75,0.75,0.008398529142141342,0.22906965017318726
2026-08-10_03-44-13,/home/as22cq/Projects/Policy-RL-Peg_insertion/force_peg_rl/logs/rl_games/Forge/2026-08-10_03-44-13/nn/Forge.pth,43,nominal,1000,False,timeout,149,32.10227584838867,0.005840867757797241,21.15265464782715,11.795433044433594,1.100000023841858,0.036994535475969315,1.2398914098739624,0.020499691367149353,0.75,0.75,0.0212562158703804,-0.5556243062019348
2026-08-10_03-44-13,/home/as22cq/Projects/Policy-RL-Peg_insertion/force_peg_rl/logs/rl_games/Forge/2026-08-10_03-44-13/nn/Forge.pth,43,nominal,1000,False,timeout,149,30.741125106811523,0.0327754020690918,17.048370361328125,7.4592766761779785,0.9000000357627869,0.03163599595427513,0.6532911658287048,0.015302445739507675,0.75,0.75,0.0177607461810112,-0.1236727386713028
2026-08-10_03-44-13,/home/as22cq/Projects/Policy-RL-Peg_insertion/force_peg_rl/logs/rl_games/Forge/2026-08-10_03-44-13/nn/Forge.pth,43,nominal,1000,False,timeout,149,61.86782455444336,0.05393169820308685,21.956911087036133,9.548562049865723,1.2000000476837158,0.030393993481993675,2.9131898880004883,0.017816666513681412,0.75,0.75,0.0242341086268425,0.5805005431175232
2026-08-10_03-44-13,/home/as22cq/Projects/Policy-RL-Peg_insertion/force_peg_rl/logs/rl_games/Forge/2026-08-10_03-44-13/nn/Forge.pth,43,nominal,1000,False,timeout,149,35.03736877441406,0.03552151843905449,18.009180068969727,10.148221969604492,1.0,0.025772646069526672,1.496288776397705,0.02044020965695381,0.75,0.75,0.00980942789465189,-0.3797054588794708
2026-08-10_03-44-13,/home/as22cq/Projects/Policy-RL-Peg_insertion/force_peg_rl/logs/rl_games/Forge/2026-08-10_03-44-13/nn/Forge.pth,43,nominal,1000,False,timeout,149,48.7650146484375,0.08504599332809448,12.968672752380371,8.534884452819824,1.125,0.06187177449464798,2.9229776859283447,0.020616140216588974,0.75,0.75,0.011491778306663036,0.2706261873245239
2026-08-10_03-44-13,/home/as22cq/Projects/Policy-RL-Peg_insertion/force_peg_rl/logs/rl_games/Forge/2026-08-10_03-44-13/nn/Forge.pth,43,nominal,1000,False,timeout,149,37.318782806396484,0.003988206386566162,24.800193786621094,8.474308967590332,0.6083333492279053,0.02517804503440857,1.1429821252822876,0.01883445493876934,0.75,0.75,0.01786666177213192,0.03476588800549507
2026-08-10_03-44-13,/home/as22cq/Projects/Policy-RL-Peg_insertion/force_peg_rl/logs/rl_games/Forge/2026-08-10_03-44-13/nn/Forge.pth,43,nominal,1000,False,timeout,149,30.290857315063477,0.08187715709209442,16.803577423095703,9.817764282226562,0.6833333969116211,0.05798657611012459,0.688718855381012,0.015616628341376781,0.75,0.75,0.019473176449537277,-0.489355206489563
2026-08-10_03-44-13,/home/as22cq/Projects/Policy-RL-Peg_insertion/force_peg_rl/logs/rl_games/Forge/2026-08-10_03-44-13/nn/Forge.pth,43,nominal,1000,False,timeout,149,200.7528839111328,0.017255783081054688,34.430076599121094,14.567476272583008,1.0416667461395264,0.0012135793222114444,1.1131303310394287,0.018137915059924126,0.75,0.75,0.01773584820330143,-0.3590361177921295
2026-08-10_03-44-13,/home/as22cq/Projects/Policy-RL-Peg_insertion/force_peg_rl/logs/rl_games/Forge/2026-08-10_03-44-13/nn/Forge.pth,43,nominal,1000,False,timeout,149,203.846435546875,0.014814935624599457,21.486501693725586,8.700529098510742,0.8416666984558105,0.0006685984553769231,1.0492334365844727,0.016296008601784706,0.75,0.75,0.00981671642512083,0.0072858016937971115
2026-08-10_03-44-13,/home/as22cq/Projects/Policy-RL-Peg_insertion/force_peg_rl/logs/rl_games/Forge/2026-08-10_03-44-13/nn/Forge.pth,43,nominal,1000,False,timeout,149,28.678056716918945,0.027126993983983994,31.07892608642578,17.387693405151367,1.1083333492279053,0.020111482590436935,0.8517822623252869,0.021955592557787895,0.75,0.75,0.016554847359657288,0.16270841658115387
2026-08-10_03-44-13,/home/as22cq/Projects/Policy-RL-Peg_insertion/force_peg_rl/logs/rl_games/Forge/2026-08-10_03-44-13/nn/Forge.pth,43,nominal,1000,False,timeout,149,36.689483642578125,0.04186299070715904,27.015085220336914,13.91087532043457,1.0916666984558105,0.05792417749762535,2.77111554145813,0.017398741096258163,0.75,0.75,0.018239866942167282,0.24430878460407257
2026-08-10_03-44-13,/home/as22cq/Projects/Policy-RL-Peg_insertion/force_peg_rl/logs/rl_games/Forge/2026-08-10_03-44-13/nn/Forge.pth,43,nominal,1000,False,timeout,149,31.861196517944336,0.025532979518175125,22.002662658691406,10.050228118896484,0.5666667222976685,0.054373349994421005,1.5131208896636963,0.021526005119085312,0.75,0.75,0.027910269796848297,0.2353343665599823
2026-08-10_03-44-13,/home/as22cq/Projects/Policy-RL-Peg_insertion/force_peg_rl/logs/rl_games/Forge/2026-08-10_03-44-13/nn/Forge.pth,43,nominal,1000,False,timeout,149,33.35478973388672,0.03064342588186264,18.395692825317383,11.6596097946167,1.008333444595337,0.01955108903348446,0.5227841734886169,0.02153584733605385,0.75,0.75,0.012768102809786797,-0.694214403629303
2026-08-10_03-44-13,/home/as22cq/Projects/Policy-RL-Peg_insertion/force_peg_rl/logs/rl_games/Forge/2026-08-10_03-44-13/nn/Forge.pth,43,nominal,1000,False,timeout,149,30.439414978027344,0.08295965194702148,21.38064956665039,8.53894329071045,0.8833333849906921,0.046417322009801865,0.7947454452514648,0.020107990130782127,0.75,0.75,0.012012415565550327,-0.019184185191988945
2026-08-10_03-44-13,/home/as22cq/Projects/Policy-RL-Peg_insertion/force_peg_rl/logs/rl_games/Forge/2026-08-10_03-44-13/nn/Forge.pth,43,nominal,1000,False,timeout,149,36.54648971557617,0.032002560794353485,22.344104766845703,8.717667579650879,0.40833336114883423,0.012868650257587433,2.6848678588867188,0.016518810763955116,0.75,0.75,0.01345665194094181,0.7783546447753906
2026-08-10_03-44-13,/home/as22cq/Projects/Policy-RL-Peg_insertion/force_peg_rl/logs/rl_games/Forge/2026-08-10_03-44-13/nn/Forge.pth,43,nominal,1000,False,timeout,149,31.166399002075195,0.025229565799236298,27.66520118713379,8.889357566833496,1.133333444595337,0.04003691300749779,0.37731316685676575,0.014285440556704998,0.75,0.75,0.013705601915717125,-0.0644080862402916
2026-08-10_03-44-13,/home/as22cq/Projects/Policy-RL-Peg_insertion/force_peg_rl/logs/rl_games/Forge/2026-08-10_03-44-13/nn/Forge.pth,43,nominal,1000,False,timeout,149,31.95496940612793,0.012146241962909698,23.987491607666016,10.325676918029785,0.9500000476837158,0.04422202333807945,1.1389095783233643,0.018195345997810364,0.75,0.75,0.003924273420125246,-0.42383623123168945
2026-08-10_03-44-13,/home/as22cq/Projects/Policy-RL-Peg_insertion/force_peg_rl/logs/rl_games/Forge/2026-08-10_03-44-13/nn/Forge.pth,43,nominal,1000,False,timeout,149,31.423110961914062,-0.002885192632675171,38.768287658691406,16.382551193237305,1.1166666746139526,0.030904820188879967,1.880348563194275,0.016275029629468918,0.75,0.75,0.019192099571228027,-0.19189885258674622
2026-08-10_03-44-13,/home/as22cq/Projects/Policy-RL-Peg_insertion/force_peg_rl/logs/rl_games/Forge/2026-08-10_03-44-13/nn/Forge.pth,43,nominal,1000,False,timeout,149,36.38248825073242,-0.012330573052167892,21.967937469482422,10.445815086364746,0.8750000596046448,0.03948713466525078,2.4268081188201904,0.020610002800822258,0.75,0.75,0.019328998401761055,0.42787811160087585
2026-08-10_03-44-13,/home/as22cq/Projects/Policy-RL-Peg_insertion/force_peg_rl/logs/rl_games/Forge/2026-08-10_03-44-13/nn/Forge.pth,43,nominal,1000,False,timeout,149,33.06171798706055,0.029734499752521515,18.365741729736328,13.914867401123047,1.1916667222976685,0.011178365908563137,1.1293035745620728,0.014068891294300556,0.75,0.75,0.003883833298459649,-0.20936408638954163
2026-08-10_03-44-13,/home/as22cq/Projects/Policy-RL-Peg_insertion/force_peg_rl/logs/rl_games/Forge/2026-08-10_03-44-13/nn/Forge.pth,43,nominal,1000,False,timeout,149,34.49446105957031,0.1388739049434662,14.596578598022461,4.285357475280762,0.13333334028720856,0.029836608096957207,-3.031195640563965,0.01923026330769062,0.75,0.75,0.019818510860204697,0.6229040026664734
2026-08-10_03-44-13,/home/as22cq/Projects/Policy-RL-Peg_insertion/force_peg_rl/logs/rl_games/Forge/2026-08-10_03-44-13/nn/Forge.pth,43,nominal,1000,False,timeout,149,30.360370635986328,0.0259549543261528,20.919559478759766,12.638197898864746,1.2000000476837158,0.020473379641771317,1.0606149435043335,0.01865246519446373,0.75,0.75,0.00997968576848507,-0.0895037055015564
2026-08-10_03-44-13,/home/as22cq/Projects/Policy-RL-Peg_insertion/force_peg_rl/logs/rl_games/Forge/2026-08-10_03-44-13/nn/Forge.pth,43,nominal,1000,False,timeout,149,40.51767349243164,0.0273132286965847,26.933900833129883,11.170065879821777,1.1083333492279053,0.02107168175280094,2.501753807067871,0.014611597172915936,0.75,0.75,0.012011678889393806,0.06948459893465042
2026-08-10_03-44-13,/home/as22cq/Projects/Policy-RL-Peg_insertion/force_peg_rl/logs/rl_games/Forge/2026-08-10_03-44-13/nn/Forge.pth,43,nominal,1000,False,timeout,149,224.98480224609375,0.0032804273068904877,22.25811767578125,11.243027687072754,1.100000023841858,0.0007181951659731567,1.652052640914917,0.02036285027861595,0.75,0.75,0.013305995613336563,-0.225971981883049
2026-08-10_03-44-13,/home/as22cq/Projects/Policy-RL-Peg_insertion/force_peg_rl/logs/rl_games/Forge/2026-08-10_03-44-13/nn/Forge.pth,43,nominal,1000,False,timeout,149,36.60749435424805,0.05844131112098694,12.573224067687988,6.934699058532715,0.8416666984558105,0.0057832165621221066,3.1034789085388184,0.023796245455741882,0.75,0.75,0.012964023277163506,0.7164013385772705
2026-08-10_03-44-13,/home/as22cq/Projects/Policy-RL-Peg_insertion/force_peg_rl/logs/rl_games/Forge/2026-08-10_03-44-13/nn/Forge.pth,43,nominal,1000,False,timeout,149,40.300296783447266,0.021130144596099854,19.120649337768555,10.756117820739746,1.0,0.018691111356019974,2.483076333999634,0.01916254125535488,0.75,0.75,0.016366122290492058,0.5800651907920837
2026-08-10_03-44-13,/home/as22cq/Projects/Policy-RL-Peg_insertion/force_peg_rl/logs/rl_games/Forge/2026-08-10_03-44-13/nn/Forge.pth,43,nominal,1000,False,timeout,149,83.90396881103516,0.07615853101015091,12.85091495513916,7.768416881561279,0.3333333432674408,0.035351481288671494,3.087416172027588,0.022074416279792786,0.75,0.75,0.007580036763101816,0.682048499584198
2026-08-10_03-44-13,/home/as22cq/Projects/Policy-RL-Peg_insertion/force_peg_rl/logs/rl_games/Forge/2026-08-10_03-44-13/nn/Forge.pth,43,nominal,1000,False,timeout,149,34.18065643310547,0.027559619396924973,23.473955154418945,7.733709812164307,0.7000000476837158,0.0819198489189148,1.6469905376434326,0.01404297724366188,0.75,0.75,0.01664602942764759,-0.041900698095560074
2026-08-10_03-44-13,/home/as22cq/Projects/Policy-RL-Peg_insertion/force_peg_rl/logs/rl_games/Forge/2026-08-10_03-44-13/nn/Forge.pth,43,nominal,1000,False,timeout,149,38.43565368652344,9.971857070922852e-05,15.494040489196777,10.827774047851562,1.0666667222976685,0.028388401493430138,1.5785531997680664,0.023470990359783173,0.75,0.75,0.0054255262948572636,0.4116021990776062
2026-08-10_03-44-13,/home/as22cq/Projects/Policy-RL-Peg_insertion/force_peg_rl/logs/rl_games/Forge/2026-08-10_03-44-13/nn/Forge.pth,43,nominal,1000,False,timeout,149,53.19419860839844,0.02001078985631466,23.1268367767334,9.074556350708008,1.1083333492279053,0.022181622684001923,2.0708441734313965,0.021821875125169754,0.75,0.75,0.02030687965452671,-0.16185137629508972
2026-08-10_03-44-13,/home/as22cq/Projects/Policy-RL-Peg_insertion/force_peg_rl/logs/rl_games/Forge/2026-08-10_03-44-13/nn/Forge.pth,43,nominal,1000,False,timeout,149,33.46205520629883,0.04069484397768974,14.463346481323242,11.302367210388184,1.0916666984558105,0.027944449335336685,0.5247083902359009,0.02154189720749855,0.75,0.75,0.019165348261594772,-0.45010051131248474
2026-08-10_03-44-13,/home/as22cq/Projects/Policy-RL-Peg_insertion/force_peg_rl/logs/rl_games/Forge/2026-08-10_03-44-13/nn/Forge.pth,43,nominal,1000,False,timeout,149,32.31593322753906,0.09293526411056519,20.080400466918945,5.909974098205566,0.22500000894069672,0.015077142044901848,3.0219368934631348,0.02268923446536064,0.75,0.75,0.014607585035264492,0.7358390688896179
2026-08-10_03-44-13,/home/as22cq/Projects/Policy-RL-Peg_insertion/force_peg_rl/logs/rl_games/Forge/2026-08-10_03-44-13/nn/Forge.pth,43,nominal,1000,False,timeout,149,33.785980224609375,0.006355360150337219,22.040990829467773,10.618072509765625,0.8166667222976685,0.02699817158281803,1.5714969635009766,0.01819918304681778,0.75,0.75,0.02385641820728779,-0.3538558781147003
2026-08-10_03-44-13,/home/as22cq/Projects/Policy-RL-Peg_insertion/force_peg_rl/logs/rl_games/Forge/2026-08-10_03-44-13/nn/Forge.pth,43,nominal,1000,False,timeout,149,35.99907302856445,0.0029177814722061157,29.0611515045166,14.568485260009766,1.0916666984558105,0.03311242535710335,0.90549236536026,0.02384127676486969,0.75,0.75,0.024223847314715385,-0.29439887404441833
2026-08-10_03-44-13,/home/as22cq/Projects/Policy-RL-Peg_insertion/force_peg_rl/logs/rl_games/Forge/2026-08-10_03-44-13/nn/Forge.pth,43,nominal,1000,False,timeout,149,41.62708282470703,0.002728000283241272,22.079694747924805,6.510197162628174,0.7750000357627869,0.024568218737840652,1.8333194255828857,0.019521426409482956,0.75,0.75,0.018769212067127228,0.46091803908348083
2026-08-10_03-44-13,/home/as22cq/Projects/Policy-RL-Peg_insertion/force_peg_rl/logs/rl_games/Forge/2026-08-10_03-44-13/nn/Forge.pth,43,nominal,1000,False,timeout,149,38.944915771484375,0.004435501992702484,21.077136993408203,8.918354034423828,1.008333444595337,0.02000732161104679,2.3236331939697266,0.017901703715324402,0.75,0.75,0.027143552899360657,-0.6785184144973755
2026-08-10_03-44-13,/home/as22cq/Projects/Policy-RL-Peg_insertion/force_peg_rl/logs/rl_games/Forge/2026-08-10_03-44-13/nn/Forge.pth,43,nominal,1000,False,force_limit,149,30.783618927001953,0.026563279330730438,50.87538528442383,13.155508995056152,1.1500000953674316,0.03905916213989258,0.5054681301116943,0.01844656653702259,0.75,0.75,0.011389503255486488,-0.7289931178092957
2026-08-10_03-44-13,/home/as22cq/Projects/Policy-RL-Peg_insertion/force_peg_rl/logs/rl_games/Forge/2026-08-10_03-44-13/nn/Forge.pth,43,nominal,1000,False,timeout,149,31.028593063354492,0.04511648416519165,16.49105453491211,10.77325439453125,1.0833333730697632,0.0536162368953228,0.9484459757804871,0.01502446923404932,0.75,0.75,0.0017566080205142498,0.08035995811223984
2026-08-10_03-44-13,/home/as22cq/Projects/Policy-RL-Peg_insertion/force_peg_rl/logs/rl_games/Forge/2026-08-10_03-44-13/nn/Forge.pth,43,nominal,1000,False,timeout,149,32.355403900146484,0.027837418019771576,12.077880859375,6.555052280426025,0.7666667103767395,0.04668194428086281,0.8297959566116333,0.02272612228989601,0.75,0.75,0.02078428864479065,-0.405960351228714
2026-08-10_03-44-13,/home/as22cq/Projects/Policy-RL-Peg_insertion/force_peg_rl/logs/rl_games/Forge/2026-08-10_03-44-13/nn/Forge.pth,43,nominal,1000,False,timeout,149,36.89933395385742,0.02929864078760147,22.541162490844727,10.740884780883789,1.0416667461395264,0.011000195518136024,2.9197373390197754,0.017671700567007065,0.75,0.75,0.017524374648928642,0.5174781084060669
2026-08-10_03-44-13,/home/as22cq/Projects/Policy-RL-Peg_insertion/force_peg_rl/logs/rl_games/Forge/2026-08-10_03-44-13/nn/Forge.pth,43,nominal,1001,True,success,149,373.63006591796875,9.189080446958542e-05,16.09491729736328,9.894062995910645,1.0,0.0005115433596074581,0.17305490374565125,0.014582974836230278,0.75,0.75,0.010110991075634956,-0.07034808397293091
2026-08-10_03-44-13,/home/as22cq/Projects/Policy-RL-Peg_insertion/force_peg_rl/logs/rl_games/Forge/2026-08-10_03-44-13/nn/Forge.pth,43,nominal,1001,False,timeout,149,212.0875701904297,0.011093689128756523,37.207908630371094,20.89577293395996,1.158333420753479,0.0006754547939635813,1.4391958713531494,0.02033928595483303,0.75,0.75,0.022193633019924164,-0.4973938465118408
2026-08-10_03-44-13,/home/as22cq/Projects/Policy-RL-Peg_insertion/force_peg_rl/logs/rl_games/Forge/2026-08-10_03-44-13/nn/Forge.pth,43,nominal,1001,False,timeout,149,54.5003776550293,0.005825355648994446,24.801694869995117,10.258061408996582,0.8250000476837158,0.034159671515226364,2.8789286613464355,0.019945984706282616,0.75,0.75,0.01767636276781559,-0.5415600538253784
2026-08-10_03-44-13,/home/as22cq/Projects/Policy-RL-Peg_insertion/force_peg_rl/logs/rl_games/Forge/2026-08-10_03-44-13/nn/Forge.pth,43,nominal,1001,False,timeout,149,171.49769592285156,0.01469644159078598,18.799711227416992,10.502779960632324,0.9333333969116211,0.036304522305727005,1.9821289777755737,0.02142946794629097,0.75,0.75,0.00800418108701706,-0.14980211853981018
2026-08-10_03-44-13,/home/as22cq/Projects/Policy-RL-Peg_insertion/force_peg_rl/logs/rl_games/Forge/2026-08-10_03-44-13/nn/Forge.pth,43,nominal,1001,False,timeout,149,76.99156188964844,0.04618839919567108,21.438220977783203,6.777688980102539,0.25,0.05242432653903961,2.9445033073425293,0.023519529029726982,0.75,0.75,0.01866862364113331,0.7537457346916199
2026-08-10_03-44-13,/home/as22cq/Projects/Policy-RL-Peg_insertion/force_peg_rl/logs/rl_games/Forge/2026-08-10_03-44-13/nn/Forge.pth,43,nominal,1001,True,success,149,391.0853271484375,6.220117211341858e-05,13.488900184631348,9.687704086303711,0.8000000715255737,9.009604400489479e-05,0.343051940202713,0.022065134719014168,0.75,0.75,0.002766946330666542,0.6146127581596375
2026-08-10_03-44-13,/home/as22cq/Projects/Policy-RL-Peg_insertion/force_peg_rl/logs/rl_games/Forge/2026-08-10_03-44-13/nn/Forge.pth,43,nominal,1001,False,timeout,149,221.5851287841797,0.013849683105945587,13.538415908813477,10.329928398132324,1.1500000953674316,0.000750067294575274,1.7689965963363647,0.016289368271827698,0.75,0.75,0.011815238744020462,0.593267023563385
2026-08-10_03-44-13,/home/as22cq/Projects/Policy-RL-Peg_insertion/force_peg_rl/logs/rl_games/Forge/2026-08-10_03-44-13/nn/Forge.pth,43,nominal,1001,False,timeout,149,62.4247932434082,0.02837478369474411,21.7381591796875,10.412774085998535,1.125,0.025707999244332314,0.839068591594696,0.02117471769452095,0.75,0.75,0.021404411643743515,-0.29661664366722107
2026-08-10_03-44-13,/home/as22cq/Projects/Policy-RL-Peg_insertion/force_peg_rl/logs/rl_games/Forge/2026-08-10_03-44-13/nn/Forge.pth,43,nominal,1001,False,timeout,149,165.18434143066406,-0.06681157648563385,27.389707565307617,11.564444541931152,0.9333333969116211,0.09091924875974655,1.3595513105392456,0.020500419661402702,0.75,0.75,0.007271798327565193,0.1795370876789093
2026-08-10_03-44-13,/home/as22cq/Projects/Policy-RL-Peg_insertion/force_peg_rl/logs/rl_games/Forge/2026-08-10_03-44-13/nn/Forge.pth,43,nominal,1001,True,success,149,286.83489990234375,2.5913119316101074e-05,25.645849227905273,13.25329875946045,1.1500000953674316,0.00053075747564435,1.4627317190170288,0.014920365996658802,0.75,0.75,0.0033706058748066425,0.05625622719526291
2026-08-10_03-44-13,/home/as22cq/Projects/Policy-RL-Peg_insertion/force_peg_rl/logs/rl_games/Forge/2026-08-10_03-44-13/nn/Forge.pth,43,nominal,1001,False,timeout,149,186.9871826171875,0.021361682564020157,24.059429168701172,14.963598251342773,1.2083333730697632,0.001171235810033977,0.7746567726135254,0.023447120562195778,0.75,0.75,0.008436107076704502,-0.5396464467048645
2026-08-10_03-44-13,/home/as22cq/Projects/Policy-RL-Peg_insertion/force_peg_rl/logs/rl_games/Forge/2026-08-10_03-44-13/nn/Forge.pth,43,nominal,1001,False,timeout,149,230.37635803222656,0.003423646092414856,29.80130386352539,16.99851417541504,1.183333396911621,0.0007175011560320854,1.908927083015442,0.021928714588284492,0.75,0.75,0.020921682938933372,-0.24840134382247925
2026-08-10_03-44-13,/home/as22cq/Projects/Policy-RL-Peg_insertion/force_peg_rl/logs/rl_games/Forge/2026-08-10_03-44-13/nn/Forge.pth,43,nominal,1001,False,timeout,149,68.71271514892578,0.02834765985608101,19.434673309326172,12.606518745422363,0.9500000476837158,0.015830764546990395,1.943690299987793,0.021051546558737755,0.75,0.75,0.021711206063628197,-0.6493220925331116
2026-08-10_03-44-13,/home/as22cq/Projects/Policy-RL-Peg_insertion/force_peg_rl/logs/rl_games/Forge/2026-08-10_03-44-13/nn/Forge.pth,43,nominal,1001,False,timeout,149,204.22274780273438,0.002212066203355789,27.353702545166016,12.17192554473877,0.8666667342185974,0.0007612191257067025,2.1005699634552,0.023087522014975548,0.75,0.75,0.015144135802984238,-0.5551906824111938
2026-08-10_03-44-13,/home/as22cq/Projects/Policy-RL-Peg_insertion/force_peg_rl/logs/rl_games/Forge/2026-08-10_03-44-13/nn/Forge.pth,43,nominal,1001,True,success,149,267.83026123046875,0.0036476291716098785,35.648502349853516,15.736488342285156,1.1166666746139526,0.0006091293762437999,1.8597187995910645,0.01856512390077114,0.75,0.75,0.0171226654201746,0.29567739367485046
2026-08-10_03-44-13,/home/as22cq/Projects/Policy-RL-Peg_insertion/force_peg_rl/logs/rl_games/Forge/2026-08-10_03-44-13/nn/Forge.pth,43,nominal,1001,False,timeout,149,41.058494567871094,0.06214034929871559,14.448190689086914,7.1411051750183105,0.31666669249534607,0.02869829721748829,2.552760362625122,0.023324768990278244,0.75,0.75,0.020652227103710175,0.4007342457771301
2026-08-10_03-44-13,/home/as22cq/Projects/Policy-RL-Peg_insertion/force_peg_rl/logs/rl_games/Forge/2026-08-10_03-44-13/nn/Forge.pth,43,nominal,1001,False,timeout,149,209.83885192871094,0.010245490819215775,24.909334182739258,13.851411819458008,1.0166667699813843,0.0007864902727305889,2.1464030742645264,0.016495054587721825,0.75,0.75,0.018144112080335617,-0.46352580189704895
2026-08-10_03-44-13,/home/as22cq/Projects/Policy-RL-Peg_insertion/force_peg_rl/logs/rl_games/Forge/2026-08-10_03-44-13/nn/Forge.pth,43,nominal,1001,False,timeout,149,58.866214752197266,0.055786482989788055,20.14969825744629,9.847124099731445,0.6916667222976685,0.01255517452955246,0.40912625193595886,0.019658973440527916,0.75,0.75,0.019881224259734154,-0.43698203563690186
2026-08-10_03-44-13,/home/as22cq/Projects/Policy-RL-Peg_insertion/force_peg_rl/logs/rl_games/Forge/2026-08-10_03-44-13/nn/Forge.pth,43,nominal,1001,False,timeout,149,108.68392181396484,0.050013039261102676,17.13853645324707,8.785256385803223,0.5583333373069763,0.05790609121322632,2.0171077251434326,0.023034047335386276,0.75,0.75,0.021829308941960335,0.07910413295030594
2026-08-10_03-44-13,/home/as22cq/Projects/Policy-RL-Peg_insertion/force_peg_rl/logs/rl_games/Forge/2026-08-10_03-44-13/nn/Forge.pth,43,nominal,1001,True,success,149,354.4609680175781,0.0001292424276471138,18.482913970947266,14.188633918762207,1.0833333730697632,0.0005862705875188112,0.1948978304862976,0.018841315060853958,0.75,0.75,0.01778019405901432,0.35664674639701843
2026-08-10_03-44-13,/home/as22cq/Projects/Policy-RL-Peg_insertion/force_peg_rl/logs/rl_games/Forge/2026-08-10_03-44-13/nn/Forge.pth,43,nominal,1001,False,force_limit,149,149.82672119140625,-0.0486193411052227,183.67764282226562,16.714750289916992,0.8583333492279053,0.18711090087890625,0.37943077087402344,0.019187122583389282,0.75,0.75,0.007226718124002218,-0.4442608654499054
2026-08-10_03-44-13,/home/as22cq/Projects/Policy-RL-Peg_insertion/force_peg_rl/logs/rl_games/Forge/2026-08-10_03-44-13/nn/Forge.pth,43,nominal,1001,False,timeout,149,62.49619674682617,0.04625013470649719,16.3792667388916,8.653338432312012,0.7250000238418579,0.05393671244382858,1.1179615259170532,0.020070508122444153,0.75,0.75,0.011614397168159485,-0.3421226143836975
2026-08-10_03-44-13,/home/as22cq/Projects/Policy-RL-Peg_insertion/force_peg_rl/logs/rl_games/Forge/2026-08-10_03-44-13/nn/Forge.pth,43,nominal,1001,False,timeout,149,89.48479461669922,0.028933893889188766,21.58496856689453,16.21333885192871,1.2000000476837158,0.011384504847228527,0.7071292996406555,0.019575979560613632,0.75,0.75,0.01174683403223753,-0.6820406317710876
2026-08-10_03-44-13,/home/as22cq/Projects/Policy-RL-Peg_insertion/force_peg_rl/logs/rl_games/Forge/2026-08-10_03-44-13/nn/Forge.pth,43,nominal,1001,False,timeout,149,225.5408935546875,0.0077730268239974976,36.46269989013672,17.765270233154297,1.1750000715255737,0.0006084825727157295,1.43008553981781,0.017884882166981697,0.75,0.75,0.021071406081318855,-0.5599067211151123
2026-08-10_03-44-13,/home/as22cq/Projects/Policy-RL-Peg_insertion/force_peg_rl/logs/rl_games/Forge/2026-08-10_03-44-13/nn/Forge.pth,43,nominal,1001,False,timeout,149,179.58522033691406,0.0678461566567421,32.42723846435547,17.541759490966797,1.158333420753479,0.021778231486678123,2.566016674041748,0.01758422702550888,0.75,0.75,0.019610924646258354,-0.2691989243030548
2026-08-10_03-44-13,/home/as22cq/Projects/Policy-RL-Peg_insertion/force_peg_rl/logs/rl_games/Forge/2026-08-10_03-44-13/nn/Forge.pth,43,nominal,1001,False,timeout,149,37.159141540527344,0.1393631249666214,35.23417663574219,10.154927253723145,1.0250000953674316,0.019477132707834244,0.3257783353328705,0.017869669944047928,0.75,0.75,0.012875811196863651,-0.618934690952301
2026-08-10_03-44-13,/home/as22cq/Projects/Policy-RL-Peg_insertion/force_peg_rl/logs/rl_games/Forge/2026-08-10_03-44-13/nn/Forge.pth,43,nominal,1001,False,timeout,149,38.30782699584961,0.032913245260715485,13.510807991027832,6.671192646026611,0.44166669249534607,0.012071891687810421,3.0141489505767822,0.01962859369814396,0.75,0.75,0.011299483478069305,-0.2725750207901001
2026-08-10_03-44-13,/home/as22cq/Projects/Policy-RL-Peg_insertion/force_peg_rl/logs/rl_games/Forge/2026-08-10_03-44-13/nn/Forge.pth,43,nominal,1001,False,timeout,149,74.59156799316406,0.08423759043216705,19.240991592407227,8.254977226257324,0.8916667103767395,0.06156671792268753,0.9350099563598633,0.016826501116156578,0.75,0.75,0.018575113266706467,-0.09378418326377869
2026-08-10_03-44-13,/home/as22cq/Projects/Policy-RL-Peg_insertion/force_peg_rl/logs/rl_games/Forge/2026-08-10_03-44-13/nn/Forge.pth,43,nominal,1001,False,timeout,149,30.363256454467773,0.05154270678758621,19.026531219482422,13.008881568908691,1.1666667461395264,0.01758602261543274,0.4815334677696228,0.020204121246933937,0.75,0.75,0.01512822974473238,-0.7818158864974976
2026-08-10_03-44-13,/home/as22cq/Projects/Policy-RL-Peg_insertion/force_peg_rl/logs/rl_games/Forge/2026-08-10_03-44-13/nn/Forge.pth,43,nominal,1001,False,timeout,149,52.23971176147461,0.036046527326107025,18.37092399597168,10.820961952209473,0.9583333730697632,0.012129492126405239,0.5341265797615051,0.019322259351611137,0.75,0.75,0.005391777493059635,-0.45521241426467896
2026-08-10_03-44-13,/home/as22cq/Projects/Policy-RL-Peg_insertion/force_peg_rl/logs/rl_games/Forge/2026-08-10_03-44-13/nn/Forge.pth,43,nominal,1001,False,timeout,149,194.08897399902344,0.018593378365039825,36.89999771118164,19.7062931060791,1.183333396911621,0.0014246481005102396,1.9859347343444824,0.015515419654548168,0.75,0.75,0.008893955498933792,-0.3283514976501465
2026-08-10_03-44-13,/home/as22cq/Projects/Policy-RL-Peg_insertion/force_peg_rl/logs/rl_games/Forge/2026-08-10_03-44-13/nn/Forge.pth,43,nominal,1001,False,timeout,149,34.55830764770508,0.10169413685798645,12.679295539855957,6.591299057006836,0.6250000596046448,0.04662320762872696,2.944960594177246,0.016003001481294632,0.75,0.75,0.018350675702095032,0.7685384750366211
2026-08-10_03-44-13,/home/as22cq/Projects/Policy-RL-Peg_insertion/force_peg_rl/logs/rl_games/Forge/2026-08-10_03-44-13/nn/Forge.pth,43,nominal,1001,False,timeout,149,29.808109283447266,0.021123498678207397,24.57441520690918,13.186491012573242,0.9666666984558105,0.024180809035897255,0.5124785900115967,0.023824989795684814,0.75,0.75,0.020526640117168427,-0.7491322755813599
2026-08-10_03-44-13,/home/as22cq/Projects/Policy-RL-Peg_insertion/force_peg_rl/logs/rl_games/Forge/2026-08-10_03-44-13/nn/Forge.pth,43,nominal,1001,True,success,149,366.89288330078125,7.074140012264252e-05,16.007692337036133,11.779918670654297,1.0416667461395264,0.0003918867150787264,0.24604040384292603,0.021529115736484528,0.75,0.75,0.021493110805749893,-0.12146566063165665
2026-08-10_03-44-13,/home/as22cq/Projects/Policy-RL-Peg_insertion/force_peg_rl/logs/rl_games/Forge/2026-08-10_03-44-13/nn/Forge.pth,43,nominal,1001,False,timeout,149,229.8575897216797,0.008646681904792786,26.83782958984375,12.697853088378906,1.058333396911621,0.0005881133838556707,1.5240999460220337,0.017748845741152763,0.75,0.75,0.021931102499365807,0.38618290424346924
2026-08-10_03-44-13,/home/as22cq/Projects/Policy-RL-Peg_insertion/force_peg_rl/logs/rl_games/Forge/2026-08-10_03-44-13/nn/Forge.pth,43,nominal,1001,False,timeout,149,95.39485168457031,0.02351609244942665,24.879968643188477,14.763883590698242,1.133333444595337,0.028135482221841812,1.7725781202316284,0.019194230437278748,0.75,0.75,0.019683752208948135,-0.13773249089717865
2026-08-10_03-44-13,/home/as22cq/Projects/Policy-RL-Peg_insertion/force_peg_rl/logs/rl_games/Forge/2026-08-10_03-44-13/nn/Forge.pth,43,nominal,1001,False,timeout,149,30.022485733032227,0.0540231429040432,20.32745933532715,12.846866607666016,1.1083333492279053,0.009881158359348774,0.2942350506782532,0.015837624669075012,0.75,0.75,0.023288791999220848,-0.5399261116981506
2026-08-10_03-44-13,/home/as22cq/Projects/Policy-RL-Peg_insertion/force_peg_rl/logs/rl_games/Forge/2026-08-10_03-44-13/nn/Forge.pth,43,nominal,1001,False,timeout,149,37.6475715637207,0.0023694634437561035,23.962173461914062,9.268683433532715,0.8250000476837158,0.019829412922263145,1.633272409439087,0.021928710862994194,0.75,0.75,0.025848420336842537,-0.18032708764076233
2026-08-10_03-44-13,/home/as22cq/Projects/Policy-RL-Peg_insertion/force_peg_rl/logs/rl_games/Forge/2026-08-10_03-44-13/nn/Forge.pth,43,nominal,1001,False,timeout,149,38.13298797607422,0.02516094595193863,13.554722785949707,9.295585632324219,0.9333333969116211,0.02649429626762867,2.5863523483276367,0.01904228888452053,0.75,0.75,0.025460759177803993,0.33164212107658386
2026-08-10_03-44-13,/home/as22cq/Projects/Policy-RL-Peg_insertion/force_peg_rl/logs/rl_games/Forge/2026-08-10_03-44-13/nn/Forge.pth,43,nominal,1001,True,success,149,236.40660095214844,3.154948353767395e-05,31.064271926879883,17.734325408935547,1.1750000715255737,0.00012451437942218035,1.1740148067474365,0.01983124576508999,0.75,0.75,0.02251729741692543,-0.2691696584224701
2026-08-10_03-44-13,/home/as22cq/Projects/Policy-RL-Peg_insertion/force_peg_rl/logs/rl_games/Forge/2026-08-10_03-44-13/nn/Forge.pth,43,nominal,1001,False,timeout,149,209.600830078125,0.018368221819400787,27.648122787475586,14.281752586364746,0.9916667342185974,0.0006710474845021963,2.9803717136383057,0.02237432450056076,0.75,0.75,0.02148120291531086,-0.39416682720184326
2026-08-10_03-44-13,/home/as22cq/Projects/Policy-RL-Peg_insertion/force_peg_rl/logs/rl_games/Forge/2026-08-10_03-44-13/nn/Forge.pth,43,nominal,1001,False,timeout,149,210.50901794433594,0.022787895053625107,26.983348846435547,17.87902069091797,1.1166666746139526,0.0008982339059002697,2.457287073135376,0.020307006314396858,0.75,0.75,0.025398768484592438,0.14865505695343018
2026-08-10_03-44-13,/home/as22cq/Projects/Policy-RL-Peg_insertion/force_peg_rl/logs/rl_games/Forge/2026-08-10_03-44-13/nn/Forge.pth,43,nominal,1001,False,timeout,149,243.4000244140625,0.0040628546848893166,20.667116165161133,14.637239456176758,1.183333396911621,0.0008715733420103788,1.2605880498886108,0.018703695386648178,0.75,0.75,0.009076794609427452,-0.7004092335700989
2026-08-10_03-44-13,/home/as22cq/Projects/Policy-RL-Peg_insertion/force_peg_rl/logs/rl_games/Forge/2026-08-10_03-44-13/nn/Forge.pth,43,nominal,1001,False,timeout,149,60.687015533447266,0.034534454345703125,14.474331855773926,8.030815124511719,0.8333333730697632,0.026775281876325607,0.7123969197273254,0.02388438582420349,0.75,0.75,0.022991864010691643,-0.5532423257827759
2026-08-10_03-44-13,/home/as22cq/Projects/Policy-RL-Peg_insertion/force_peg_rl/logs/rl_games/Forge/2026-08-10_03-44-13/nn/Forge.pth,43,nominal,1001,False,timeout,149,86.1839370727539,0.023730739951133728,23.130971908569336,10.446138381958008,1.0166667699813843,0.021129567176103592,1.5296043157577515,0.023065969347953796,0.75,0.75,0.018991924822330475,0.20743392407894135
2026-08-10_03-44-13,/home/as22cq/Projects/Policy-RL-Peg_insertion/force_peg_rl/logs/rl_games/Forge/2026-08-10_03-44-13/nn/Forge.pth,43,nominal,1001,False,timeout,149,212.80662536621094,0.00907120294868946,22.866167068481445,10.957090377807617,1.133333444595337,0.0007401239708997309,1.8948992490768433,0.022870369255542755,0.75,0.75,0.017809879034757614,0.6315240263938904
2026-08-10_03-44-13,/home/as22cq/Projects/Policy-RL-Peg_insertion/force_peg_rl/logs/rl_games/Forge/2026-08-10_03-44-13/nn/Forge.pth,43,nominal,1001,False,timeout,149,68.9397964477539,0.0243834275752306,19.293190002441406,8.983488082885742,0.9250000715255737,0.002061618724837899,2.4855234622955322,0.022785302251577377,0.75,0.75,0.00510643282905221,0.09131362289190292
2026-08-10_03-44-13,/home/as22cq/Projects/Policy-RL-Peg_insertion/force_peg_rl/logs/rl_games/Forge/2026-08-10_03-44-13/nn/Forge.pth,43,nominal,1001,False,timeout,149,239.15594482421875,0.008269716054201126,26.131628036499023,13.088715553283691,1.0166667699813843,0.0006547323428094387,2.0832924842834473,0.023870799690485,0.75,0.75,0.015833258628845215,0.3663131892681122
2026-08-10_03-44-13,/home/as22cq/Projects/Policy-RL-Peg_insertion/force_peg_rl/logs/rl_games/Forge/2026-08-10_03-44-13/nn/Forge.pth,43,nominal,1001,True,success,149,245.15737915039062,0.0001618117094039917,18.925024032592773,10.715859413146973,0.9666666984558105,0.0005218692240305245,2.436231851577759,0.014620817266404629,0.75,0.75,0.010411480441689491,-0.14587116241455078
2026-08-10_03-44-13,/home/as22cq/Projects/Policy-RL-Peg_insertion/force_peg_rl/logs/rl_games/Forge/2026-08-10_03-44-13/nn/Forge.pth,43,nominal,1001,False,timeout,149,33.33306884765625,0.026985496282577515,22.752216339111328,16.045969009399414,1.183333396911621,0.004982326179742813,1.3651503324508667,0.02186746895313263,0.75,0.75,0.012933487072587013,-0.44119328260421753
2026-08-10_03-44-13,/home/as22cq/Projects/Policy-RL-Peg_insertion/force_peg_rl/logs/rl_games/Forge/2026-08-10_03-44-13/nn/Forge.pth,43,nominal,1001,False,timeout,149,35.55183029174805,0.02775026112794876,25.865224838256836,13.031249046325684,1.0500000715255737,0.04014196619391441,2.975213050842285,0.016157617792487144,0.75,0.75,0.023202423006296158,-0.3652269244194031
2026-08-10_03-44-13,/home/as22cq/Projects/Policy-RL-Peg_insertion/force_peg_rl/logs/rl_games/Forge/2026-08-10_03-44-13/nn/Forge.pth,43,nominal,1001,False,timeout,149,221.02450561523438,0.011565614491701126,25.204374313354492,12.459897994995117,1.158333420753479,0.0005622459575533867,2.5514345169067383,0.021059606224298477,0.75,0.75,0.01897650584578514,0.38433027267456055
2026-08-10_03-44-13,/home/as22cq/Projects/Policy-RL-Peg_insertion/force_peg_rl/logs/rl_games/Forge/2026-08-10_03-44-13/nn/Forge.pth,43,nominal,1001,False,timeout,149,214.67271423339844,0.007479228079319,32.300636291503906,14.960540771484375,1.1083333492279053,0.0007131684687919915,1.8975309133529663,0.020258717238903046,0.75,0.75,0.008386467583477497,0.2316727638244629
2026-08-10_03-44-13,/home/as22cq/Projects/Policy-RL-Peg_insertion/force_peg_rl/logs/rl_games/Forge/2026-08-10_03-44-13/nn/Forge.pth,43,nominal,1001,False,timeout,149,35.060211181640625,0.03039564937353134,26.473583221435547,10.047012329101562,0.675000011920929,0.01136856060475111,2.687441349029541,0.018845554441213608,0.75,0.75,0.015989072620868683,0.055705513805150986
2026-08-10_03-44-13,/home/as22cq/Projects/Policy-RL-Peg_insertion/force_peg_rl/logs/rl_games/Forge/2026-08-10_03-44-13/nn/Forge.pth,43,nominal,1001,False,timeout,149,35.38538360595703,0.020995650440454483,15.448131561279297,10.91840648651123,1.158333420753479,0.045538295060396194,2.826115846633911,0.018838200718164444,0.75,0.75,0.01841791719198227,-0.03332448750734329
2026-08-10_03-44-13,/home/as22cq/Projects/Policy-RL-Peg_insertion/force_peg_rl/logs/rl_games/Forge/2026-08-10_03-44-13/nn/Forge.pth,43,nominal,1001,False,timeout,149,202.87677001953125,0.012713201344013214,23.85965347290039,17.248899459838867,1.1916667222976685,0.0007580026867799461,1.4397293329238892,0.017856061458587646,0.75,0.75,0.011731645092368126,0.13897450268268585
2026-08-10_03-44-13,/home/as22cq/Projects/Policy-RL-Peg_insertion/force_peg_rl/logs/rl_games/Forge/2026-08-10_03-44-13/nn/Forge.pth,43,nominal,1001,False,timeout,149,189.90884399414062,0.019036315381526947,32.60474395751953,15.084969520568848,0.8583333492279053,0.0013830515090376139,1.7922788858413696,0.01571701653301716,0.75,0.75,0.01608235202729702,-0.16532404720783234
2026-08-10_03-44-13,/home/as22cq/Projects/Policy-RL-Peg_insertion/force_peg_rl/logs/rl_games/Forge/2026-08-10_03-44-13/nn/Forge.pth,43,nominal,1001,False,timeout,149,35.700965881347656,0.003773517906665802,33.77214813232422,13.978577613830566,1.133333444595337,0.016936829313635826,2.5267438888549805,0.01593594066798687,0.75,0.75,0.013790109194815159,-0.305357426404953
2026-08-10_03-44-13,/home/as22cq/Projects/Policy-RL-Peg_insertion/force_peg_rl/logs/rl_games/Forge/2026-08-10_03-44-13/nn/Forge.pth,43,nominal,1001,False,timeout,149,35.7051887512207,0.09123305976390839,27.78724479675293,11.457106590270996,1.0,0.029325202107429504,2.927567958831787,0.020774684846401215,0.75,0.75,0.017013665288686752,0.23199039697647095
2026-08-10_03-44-13,/home/as22cq/Projects/Policy-RL-Peg_insertion/force_peg_rl/logs/rl_games/Forge/2026-08-10_03-44-13/nn/Forge.pth,43,nominal,1001,False,timeout,149,141.57522583007812,-0.01236926019191742,24.983850479125977,8.996709823608398,0.5583333373069763,0.11602631956338882,1.3927702903747559,0.01568693108856678,0.75,0.75,0.010746468789875507,0.1386077105998993
2026-08-10_03-44-13,/home/as22cq/Projects/Policy-RL-Peg_insertion/force_peg_rl/logs/rl_games/Forge/2026-08-10_03-44-13/nn/Forge.pth,43,nominal,1001,False,timeout,149,35.39591598510742,0.04515524208545685,15.643499374389648,11.471951484680176,1.1416667699813843,0.04723437875509262,3.0303702354431152,0.018006887286901474,0.75,0.75,0.006974481511861086,0.6974660754203796
2026-08-10_03-44-13,/home/as22cq/Projects/Policy-RL-Peg_insertion/force_peg_rl/logs/rl_games/Forge/2026-08-10_03-44-13/nn/Forge.pth,43,nominal,1001,True,success,149,290.0205078125,3.633461892604828e-05,22.374126434326172,14.135760307312012,1.183333396911621,0.000602907151915133,1.546958327293396,0.018772847950458527,0.75,0.75,0.013196922838687897,-0.19503475725650787
2026-08-10_03-44-13,/home/as22cq/Projects/Policy-RL-Peg_insertion/force_peg_rl/logs/rl_games/Forge/2026-08-10_03-44-13/nn/Forge.pth,43,nominal,1001,True,success,149,282.6834716796875,0.00012519210577011108,34.109527587890625,13.105562210083008,1.0250000953674316,0.0005460759857669473,2.127263069152832,0.017154736444354057,0.75,0.75,0.02121230587363243,0.5288159251213074
2026-08-10_03-44-13,/home/as22cq/Projects/Policy-RL-Peg_insertion/force_peg_rl/logs/rl_games/Forge/2026-08-10_03-44-13/nn/Forge.pth,43,nominal,1001,True,success,149,368.4552001953125,9.881146252155304e-05,18.189828872680664,8.0775146484375,0.9250000715255737,0.000189762024092488,0.23859649896621704,0.017057888209819794,0.75,0.75,0.01905035600066185,0.2469227910041809
2026-08-10_03-44-13,/home/as22cq/Projects/Policy-RL-Peg_insertion/force_peg_rl/logs/rl_games/Forge/2026-08-10_03-44-13/nn/Forge.pth,43,nominal,1001,False,timeout,149,41.477535247802734,0.01406775787472725,15.930131912231445,7.215043067932129,0.3083333373069763,0.02821582369506359,2.044280767440796,0.02164911851286888,0.75,0.75,0.01484785694628954,0.4333549439907074
2026-08-10_03-44-13,/home/as22cq/Projects/Policy-RL-Peg_insertion/force_peg_rl/logs/rl_games/Forge/2026-08-10_03-44-13/nn/Forge.pth,43,nominal,1001,False,timeout,149,36.37443542480469,0.04930594936013222,14.811651229858398,7.903860092163086,0.6916667222976685,0.02576499432325363,2.8603293895721436,0.019485317170619965,0.75,0.75,0.015334457159042358,0.15942102670669556
2026-08-10_03-44-13,/home/as22cq/Projects/Policy-RL-Peg_insertion/force_peg_rl/logs/rl_games/Forge/2026-08-10_03-44-13/nn/Forge.pth,43,nominal,1001,False,timeout,149,32.02061462402344,0.21606853604316711,21.80435562133789,8.579010963439941,0.6416667103767395,0.05288471654057503,-2.7610220909118652,0.01732698082923889,0.75,0.75,0.005018469877541065,0.7659934163093567
2026-08-10_03-44-13,/home/as22cq/Projects/Policy-RL-Peg_insertion/force_peg_rl/logs/rl_games/Forge/2026-08-10_03-44-13/nn/Forge.pth,43,nominal,1001,False,timeout,149,36.25545883178711,0.008134901523590088,31.03253936767578,9.916876792907715,0.9583333730697632,0.02530260570347309,2.3852272033691406,0.017195260152220726,0.75,0.75,0.009747069329023361,-0.3258456885814667
2026-08-10_03-44-13,/home/as22cq/Projects/Policy-RL-Peg_insertion/force_peg_rl/logs/rl_games/Forge/2026-08-10_03-44-13/nn/Forge.pth,43,nominal,1001,False,timeout,149,38.344600677490234,0.01964588835835457,28.964466094970703,14.55047607421875,1.1416667699813843,0.022487256675958633,1.8055500984191895,0.019713807851076126,0.75,0.75,0.002150452695786953,0.25809046626091003
2026-08-10_03-44-13,/home/as22cq/Projects/Policy-RL-Peg_insertion/force_peg_rl/logs/rl_games/Forge/2026-08-10_03-44-13/nn/Forge.pth,43,nominal,1001,False,timeout,149,209.18324279785156,0.012591894716024399,27.279769897460938,12.19184684753418,0.98333340883255,0.0009256936027668417,2.653548240661621,0.016470789909362793,0.75,0.75,0.02108541689813137,0.6555227041244507
2026-08-10_03-44-13,/home/as22cq/Projects/Policy-RL-Peg_insertion/force_peg_rl/logs/rl_games/Forge/2026-08-10_03-44-13/nn/Forge.pth,43,nominal,1001,False,timeout,149,25.38396453857422,0.09426578879356384,37.506797790527344,17.05425262451172,1.2000000476837158,0.027274655178189278,0.45503711700439453,0.02107066474854946,0.75,0.75,0.021301236003637314,-0.6772103905677795
2026-08-10_03-44-13,/home/as22cq/Projects/Policy-RL-Peg_insertion/force_peg_rl/logs/rl_games/Forge/2026-08-10_03-44-13/nn/Forge.pth,43,nominal,1001,False,timeout,149,30.450237274169922,0.04398883879184723,25.279197692871094,15.972829818725586,1.133333444595337,0.01680242456495762,0.2995496690273285,0.019642818719148636,0.75,0.75,0.02282714657485485,-0.6422103643417358
2026-08-10_03-44-13,/home/as22cq/Projects/Policy-RL-Peg_insertion/force_peg_rl/logs/rl_games/Forge/2026-08-10_03-44-13/nn/Forge.pth,43,nominal,1001,False,timeout,149,31.754249572753906,0.033298008143901825,22.136585235595703,10.511469841003418,1.0833333730697632,0.024203896522521973,2.2105178833007812,0.016166212037205696,0.75,0.75,0.014402458444237709,0.1898675113916397
2026-08-10_03-44-13,/home/as22cq/Projects/Policy-RL-Peg_insertion/force_peg_rl/logs/rl_games/Forge/2026-08-10_03-44-13/nn/Forge.pth,43,nominal,1001,False,timeout,149,31.150232315063477,0.024156134575605392,19.05055809020996,9.95088005065918,0.9250000715255737,0.03121308982372284,1.3039668798446655,0.02291574329137802,0.75,0.75,0.016527259722352028,-0.6966042518615723
2026-08-10_03-44-13,/home/as22cq/Projects/Policy-RL-Peg_insertion/force_peg_rl/logs/rl_games/Forge/2026-08-10_03-44-13/nn/Forge.pth,43,nominal,1001,False,timeout,149,30.00305938720703,0.05470898747444153,24.34715461730957,10.830708503723145,1.1083333492279053,0.037611011415719986,0.40783533453941345,0.015569858253002167,0.75,0.75,0.022438734769821167,-0.7281140089035034
2026-08-10_03-44-13,/home/as22cq/Projects/Policy-RL-Peg_insertion/force_peg_rl/logs/rl_games/Forge/2026-08-10_03-44-13/nn/Forge.pth,43,nominal,1001,False,timeout,149,38.51948928833008,0.03550787270069122,23.926143646240234,10.223119735717773,0.8000000715255737,0.032562512904405594,0.9570672512054443,0.016166362911462784,0.75,0.75,0.019842974841594696,0.295145720243454
2026-08-10_03-44-13,/home/as22cq/Projects/Policy-RL-Peg_insertion/force_peg_rl/logs/rl_games/Forge/2026-08-10_03-44-13/nn/Forge.pth,43,nominal,1001,False,timeout,149,34.576194763183594,0.03048444539308548,16.478883743286133,10.578792572021484,1.0500000715255737,0.0272287018597126,0.8286022543907166,0.023370862007141113,0.75,0.75,0.002932425821200013,-0.711712121963501
2026-08-10_03-44-13,/home/as22cq/Projects/Policy-RL-Peg_insertion/force_peg_rl/logs/rl_games/Forge/2026-08-10_03-44-13/nn/Forge.pth,43,nominal,1001,False,timeout,149,63.789581298828125,0.0281834676861763,22.932783126831055,11.131186485290527,0.8833333849906921,0.014030815102159977,0.8228928446769714,0.015642669051885605,0.75,0.75,0.02164832130074501,-0.22570373117923737
2026-08-10_03-44-13,/home/as22cq/Projects/Policy-RL-Peg_insertion/force_peg_rl/logs/rl_games/Forge/2026-08-10_03-44-13/nn/Forge.pth,43,nominal,1001,False,timeout,149,31.393468856811523,0.028785333037376404,21.921226501464844,13.930917739868164,1.2083333730697632,0.0019851927645504475,0.5738125443458557,0.018210183829069138,0.75,0.75,0.015350107103586197,0.31937673687934875
2026-08-10_03-44-13,/home/as22cq/Projects/Policy-RL-Peg_insertion/force_peg_rl/logs/rl_games/Forge/2026-08-10_03-44-13/nn/Forge.pth,43,nominal,1001,False,timeout,149,38.92887496948242,0.006039857864379883,32.769065856933594,13.003066062927246,0.8500000238418579,0.02537042461335659,2.0206611156463623,0.016150567680597305,0.75,0.75,0.019974714145064354,0.13439245522022247
2026-08-10_03-44-13,/home/as22cq/Projects/Policy-RL-Peg_insertion/force_peg_rl/logs/rl_games/Forge/2026-08-10_03-44-13/nn/Forge.pth,43,nominal,1001,False,timeout,149,34.117332458496094,0.05876092240214348,24.958316802978516,12.940113067626953,1.2166666984558105,0.044958699494600296,3.126199722290039,0.021775322034955025,0.75,0.75,0.009201427921652794,0.4407072365283966
2026-08-10_03-44-13,/home/as22cq/Projects/Policy-RL-Peg_insertion/force_peg_rl/logs/rl_games/Forge/2026-08-10_03-44-13/nn/Forge.pth,43,nominal,1001,False,timeout,149,35.667236328125,-0.014969266951084137,29.479652404785156,15.714017868041992,1.033333420753479,0.04102303087711334,1.5001355409622192,0.02289941906929016,0.75,0.75,0.01390113029628992,-0.7715246081352234
2026-08-10_03-44-13,/home/as22cq/Projects/Policy-RL-Peg_insertion/force_peg_rl/logs/rl_games/Forge/2026-08-10_03-44-13/nn/Forge.pth,43,nominal,1001,False,timeout,149,33.139896392822266,-0.01058138906955719,20.289501190185547,6.993354320526123,0.9583333730697632,0.025426771491765976,2.3327372074127197,0.019238904118537903,0.75,0.75,0.01882363297045231,0.18654686212539673
2026-08-10_03-44-13,/home/as22cq/Projects/Policy-RL-Peg_insertion/force_peg_rl/logs/rl_games/Forge/2026-08-10_03-44-13/nn/Forge.pth,43,nominal,1001,False,timeout,149,37.09084701538086,0.05090119689702988,15.207568168640137,6.461060523986816,0.0416666679084301,0.038623515516519547,2.5553956031799316,0.018931817263364792,0.75,0.75,0.01968681439757347,-0.23151953518390656
2026-08-10_03-44-13,/home/as22cq/Projects/Policy-RL-Peg_insertion/force_peg_rl/logs/rl_games/Forge/2026-08-10_03-44-13/nn/Forge.pth,43,nominal,1001,False,timeout,149,32.53953552246094,0.09942241758108139,27.707080841064453,15.357020378112793,1.1500000953674316,0.04021979868412018,2.9414100646972656,0.02240586280822754,0.75,0.75,0.012530215084552765,0.13043104112148285
2026-08-10_03-44-13,/home/as22cq/Projects/Policy-RL-Peg_insertion/force_peg_rl/logs/rl_games/Forge/2026-08-10_03-44-13/nn/Forge.pth,43,nominal,1001,False,timeout,149,37.05156326293945,0.014518678188323975,20.9025936126709,7.002902507781982,0.7166666984558105,0.0275151077657938,1.6162570714950562,0.02098115161061287,0.75,0.75,0.01623188517987728,-0.19918975234031677
2026-08-10_03-44-13,/home/as22cq/Projects/Policy-RL-Peg_insertion/force_peg_rl/logs/rl_games/Forge/2026-08-10_03-44-13/nn/Forge.pth,43,nominal,1001,False,timeout,149,36.88605880737305,0.0030405260622501373,21.174713134765625,10.135632514953613,0.9083333611488342,0.02250092290341854,1.3129830360412598,0.022938724607229233,0.75,0.75,0.009694133885204792,-0.0808091089129448
2026-08-10_03-44-13,/home/as22cq/Projects/Policy-RL-Peg_insertion/force_peg_rl/logs/rl_games/Forge/2026-08-10_03-44-13/nn/Forge.pth,43,nominal,1001,False,timeout,149,35.61591339111328,0.027569368481636047,34.64787292480469,16.443567276000977,1.158333420753479,0.0033674121368676424,2.4650580883026123,0.016873560845851898,0.75,0.75,0.015161111019551754,-0.5265071392059326
2026-08-10_03-44-13,/home/as22cq/Projects/Policy-RL-Peg_insertion/force_peg_rl/logs/rl_games/Forge/2026-08-10_03-44-13/nn/Forge.pth,43,nominal,1001,False,timeout,149,214.04066467285156,0.011217596009373665,31.64734649658203,13.807151794433594,1.0916666984558105,0.0006562438211403787,1.8535836935043335,0.0156350526958704,0.75,0.75,0.01933639869093895,0.31334957480430603
2026-08-10_03-44-13,/home/as22cq/Projects/Policy-RL-Peg_insertion/force_peg_rl/logs/rl_games/Forge/2026-08-10_03-44-13/nn/Forge.pth,43,nominal,1001,False,timeout,149,36.72149658203125,0.029701948165893555,16.045185089111328,11.927395820617676,1.1666667461395264,0.05616389214992523,2.599745988845825,0.020158756524324417,0.75,0.75,0.013035551644861698,0.5365958213806152
2026-08-10_03-44-13,/home/as22cq/Projects/Policy-RL-Peg_insertion/force_peg_rl/logs/rl_games/Forge/2026-08-10_03-44-13/nn/Forge.pth,43,nominal,1001,False,timeout,149,37.68568420410156,0.0024320632219314575,28.532577514648438,11.535598754882812,0.7166666984558105,0.024668021127581596,1.8171416521072388,0.019965898245573044,0.75,0.75,0.00671359384432435,-0.4505034387111664
2026-08-10_03-44-13,/home/as22cq/Projects/Policy-RL-Peg_insertion/force_peg_rl/logs/rl_games/Forge/2026-08-10_03-44-13/nn/Forge.pth,43,nominal,1001,False,timeout,149,32.12643814086914,0.02870461344718933,23.165489196777344,11.446660041809082,0.9250000715255737,0.04972431808710098,3.0081629753112793,0.02355351112782955,0.75,0.75,0.027021802961826324,0.15036511421203613
2026-08-10_03-44-13,/home/as22cq/Projects/Policy-RL-Peg_insertion/force_peg_rl/logs/rl_games/Forge/2026-08-10_03-44-13/nn/Forge.pth,43,nominal,1001,False,timeout,149,38.94407272338867,0.014130277559161186,24.51949119567871,13.050127029418945,1.100000023841858,0.01986665464937687,2.068053960800171,0.0174166988581419,0.75,0.75,0.015642458572983742,-0.5607950687408447
2026-08-10_03-44-13,/home/as22cq/Projects/Policy-RL-Peg_insertion/force_peg_rl/logs/rl_games/Forge/2026-08-10_03-44-13/nn/Forge.pth,43,nominal,1001,False,timeout,149,41.79092788696289,0.005410842597484589,20.904796600341797,10.429219245910645,0.7166666984558105,0.020430559292435646,1.6565688848495483,0.01682325080037117,0.75,0.75,0.013652815483510494,0.028686435893177986
2026-08-10_03-44-13,/home/as22cq/Projects/Policy-RL-Peg_insertion/force_peg_rl/logs/rl_games/Forge/2026-08-10_03-44-13/nn/Forge.pth,43,nominal,1001,False,timeout,149,197.15748596191406,0.017796818166971207,42.511959075927734,22.545291900634766,1.1916667222976685,0.00160408194642514,0.9582609534263611,0.01520598866045475,0.75,0.75,0.012353871949017048,0.11279333382844925
2026-08-10_03-44-13,/home/as22cq/Projects/Policy-RL-Peg_insertion/force_peg_rl/logs/rl_games/Forge/2026-08-10_03-44-13/nn/Forge.pth,43,nominal,1001,False,timeout,149,37.777259826660156,0.04017851874232292,10.301387786865234,6.170697212219238,0.3750000298023224,0.017562055960297585,2.643767833709717,0.022262301295995712,0.75,0.75,0.012130232527852058,0.15834899246692657
2026-08-10_03-44-13,/home/as22cq/Projects/Policy-RL-Peg_insertion/force_peg_rl/logs/rl_games/Forge/2026-08-10_03-44-13/nn/Forge.pth,43,nominal,1001,False,force_limit,149,28.68946647644043,0.09478382766246796,59.73077392578125,13.962438583374023,1.008333444595337,0.038136422634124756,0.7063376307487488,0.014059549197554588,0.75,0.75,0.014119738712906837,-0.4990970492362976
2026-08-10_03-44-13,/home/as22cq/Projects/Policy-RL-Peg_insertion/force_peg_rl/logs/rl_games/Forge/2026-08-10_03-44-13/nn/Forge.pth,43,nominal,1001,False,timeout,149,34.065956115722656,0.02970128506422043,25.97913360595703,14.372106552124023,1.2083333730697632,0.015915101394057274,0.7206138968467712,0.021552711725234985,0.75,0.75,0.020876480266451836,-0.5127936601638794
2026-08-10_03-44-13,/home/as22cq/Projects/Policy-RL-Peg_insertion/force_peg_rl/logs/rl_games/Forge/2026-08-10_03-44-13/nn/Forge.pth,43,nominal,1001,False,timeout,149,35.82958221435547,0.012446988373994827,30.289695739746094,8.142891883850098,0.7250000238418579,0.017463035881519318,2.469264507293701,0.020665738731622696,0.75,0.75,0.016821373254060745,0.06334131956100464
2026-08-10_03-44-13,/home/as22cq/Projects/Policy-RL-Peg_insertion/force_peg_rl/logs/rl_games/Forge/2026-08-10_03-44-13/nn/Forge.pth,43,nominal,1001,False,timeout,149,34.53286361694336,0.05968007445335388,15.194526672363281,11.92140007019043,1.1416667699813843,0.021180499345064163,2.483928918838501,0.021153850480914116,0.75,0.75,0.00891163945198059,0.2165878862142563
2026-08-10_03-44-13,/home/as22cq/Projects/Policy-RL-Peg_insertion/force_peg_rl/logs/rl_games/Forge/2026-08-10_03-44-13/nn/Forge.pth,43,nominal,1001,False,timeout,149,39.78097152709961,0.023561328649520874,18.714977264404297,6.790801525115967,0.6583333611488342,0.02242487482726574,1.4791077375411987,0.021385658532381058,0.75,0.75,0.008229159750044346,-0.28635331988334656
2026-08-10_03-44-13,/home/as22cq/Projects/Policy-RL-Peg_insertion/force_peg_rl/logs/rl_games/Forge/2026-08-10_03-44-13/nn/Forge.pth,43,nominal,1001,False,timeout,149,30.78744888305664,0.033101677894592285,20.02574348449707,10.27525806427002,0.9000000357627869,0.03996352478861809,0.6490172743797302,0.016053400933742523,0.75,0.75,0.01621880568563938,0.11821167916059494
2026-08-10_03-44-13,/home/as22cq/Projects/Policy-RL-Peg_insertion/force_peg_rl/logs/rl_games/Forge/2026-08-10_03-44-13/nn/Forge.pth,43,nominal,1001,False,timeout,149,36.84165954589844,-0.0006334744393825531,22.195236206054688,9.821449279785156,0.8500000238418579,0.027784438803792,1.880247712135315,0.020496314391493797,0.75,0.75,0.0072102658450603485,-0.7670652866363525
2026-08-10_03-44-13,/home/as22cq/Projects/Policy-RL-Peg_insertion/force_peg_rl/logs/rl_games/Forge/2026-08-10_03-44-13/nn/Forge.pth,43,nominal,1001,False,timeout,149,31.216196060180664,0.03080400824546814,19.5208740234375,14.488628387451172,1.2083333730697632,0.012904603965580463,0.3360251188278198,0.020682819187641144,0.75,0.75,0.009847824461758137,-0.3959408104419708
2026-08-10_03-44-13,/home/as22cq/Projects/Policy-RL-Peg_insertion/force_peg_rl/logs/rl_games/Forge/2026-08-10_03-44-13/nn/Forge.pth,43,nominal,1001,False,timeout,149,30.8162841796875,0.048187609761953354,13.11281681060791,9.215689659118652,1.0416667461395264,0.09032320976257324,2.1529393196105957,0.023266304284334183,0.75,0.75,0.023187637329101562,0.4895193874835968
2026-08-10_03-44-13,/home/as22cq/Projects/Policy-RL-Peg_insertion/force_peg_rl/logs/rl_games/Forge/2026-08-10_03-44-13/nn/Forge.pth,43,nominal,1001,False,timeout,149,207.0902099609375,0.017041757702827454,33.27281951904297,11.657506942749023,0.7500000596046448,0.0006085096392780542,2.775679111480713,0.018296927213668823,0.75,0.75,0.0075696674175560474,0.4345397353172302
2026-08-10_03-44-13,/home/as22cq/Projects/Policy-RL-Peg_insertion/force_peg_rl/logs/rl_games/Forge/2026-08-10_03-44-13/nn/Forge.pth,43,nominal,1001,False,timeout,149,198.01014709472656,0.015263590961694717,22.575428009033203,11.246149063110352,1.1083333492279053,0.0007619686657562852,2.558326005935669,0.022931180894374847,0.75,0.75,0.0144522525370121,0.41410335898399353
2026-08-10_03-44-13,/home/as22cq/Projects/Policy-RL-Peg_insertion/force_peg_rl/logs/rl_games/Forge/2026-08-10_03-44-13/nn/Forge.pth,43,nominal,1001,False,timeout,149,35.68795394897461,0.005537763237953186,21.823511123657227,9.950221061706543,0.98333340883255,0.03154332563281059,3.1317098140716553,0.018306290730834007,0.75,0.75,0.011412709951400757,0.376802921295166
2026-08-10_03-44-13,/home/as22cq/Projects/Policy-RL-Peg_insertion/force_peg_rl/logs/rl_games/Forge/2026-08-10_03-44-13/nn/Forge.pth,43,nominal,1001,False,timeout,149,31.707801818847656,0.037348221987485886,17.101579666137695,11.874197959899902,1.158333420753479,0.03837103396654129,1.5583784580230713,0.016289347782731056,0.75,0.75,0.020338712260127068,-0.6465989351272583
2026-08-10_03-44-13,/home/as22cq/Projects/Policy-RL-Peg_insertion/force_peg_rl/logs/rl_games/Forge/2026-08-10_03-44-13/nn/Forge.pth,43,nominal,1001,False,timeout,149,27.11043930053711,0.09254132211208344,23.803136825561523,13.337295532226562,0.9250000715255737,0.038751523941755295,0.2896740734577179,0.02268315851688385,0.75,0.75,0.0179225355386734,-0.476485013961792
2026-08-10_03-44-13,/home/as22cq/Projects/Policy-RL-Peg_insertion/force_peg_rl/logs/rl_games/Forge/2026-08-10_03-44-13/nn/Forge.pth,43,nominal,1001,False,timeout,149,32.844120025634766,0.06319758296012878,23.20513153076172,5.96525764465332,0.30000001192092896,0.014224057085812092,2.9246914386749268,0.016915027052164078,0.75,0.75,0.02115846611559391,0.36377328634262085
2026-08-10_03-44-13,/home/as22cq/Projects/Policy-RL-Peg_insertion/force_peg_rl/logs/rl_games/Forge/2026-08-10_03-44-13/nn/Forge.pth,43,nominal,1001,True,success,149,342.9945068359375,4.747137427330017e-05,16.318382263183594,11.705574989318848,1.125,0.0002811286540236324,0.1958683878183365,0.018898047506809235,0.75,0.75,0.012265103869140148,-0.3618459701538086
2026-08-10_03-44-13,/home/as22cq/Projects/Policy-RL-Peg_insertion/force_peg_rl/logs/rl_games/Forge/2026-08-10_03-44-13/nn/Forge.pth,43,nominal,1001,False,timeout,149,27.68012237548828,0.030170202255249023,22.141109466552734,12.457783699035645,1.183333396911621,0.07601046562194824,0.6747829914093018,0.017300201579928398,0.75,0.75,0.021430961787700653,-0.6492890119552612
2026-08-10_03-44-13,/home/as22cq/Projects/Policy-RL-Peg_insertion/force_peg_rl/logs/rl_games/Forge/2026-08-10_03-44-13/nn/Forge.pth,43,nominal,1001,False,timeout,149,36.427127838134766,0.06858082860708237,17.879575729370117,10.7272310256958,1.1416667699813843,0.04001278430223465,2.8023693561553955,0.017231246456503868,0.75,0.75,0.013714263215661049,0.15870985388755798
2026-08-10_03-44-13,/home/as22cq/Projects/Policy-RL-Peg_insertion/force_peg_rl/logs/rl_games/Forge/2026-08-10_03-44-13/nn/Forge.pth,43,nominal,1001,False,timeout,149,34.59015655517578,0.003634840250015259,36.889678955078125,14.055746078491211,0.8333333730697632,0.022039439529180527,2.203603982925415,0.014061514288187027,0.75,0.75,0.008627437055110931,0.485250860452652
2026-08-10_03-44-13,/home/as22cq/Projects/Policy-RL-Peg_insertion/force_peg_rl/logs/rl_games/Forge/2026-08-10_03-44-13/nn/Forge.pth,43,nominal,1001,False,timeout,149,35.429012298583984,0.09632472693920135,16.822412490844727,10.820023536682129,1.183333396911621,0.009407657198607922,3.1275956630706787,0.018452759832143784,0.75,0.75,0.017599990591406822,0.7177645564079285
2026-08-10_03-44-13,/home/as22cq/Projects/Policy-RL-Peg_insertion/force_peg_rl/logs/rl_games/Forge/2026-08-10_03-44-13/nn/Forge.pth,43,nominal,1001,False,timeout,149,32.19585418701172,0.06331174075603485,18.67981719970703,8.963268280029297,0.7833333611488342,0.047987136989831924,3.0059471130371094,0.019890470430254936,0.75,0.75,0.018946925178170204,0.7266778945922852
2026-08-10_03-44-13,/home/as22cq/Projects/Policy-RL-Peg_insertion/force_peg_rl/logs/rl_games/Forge/2026-08-10_03-44-13/nn/Forge.pth,43,nominal,1001,False,timeout,149,37.96638870239258,0.0026759952306747437,32.44365310668945,15.549726486206055,1.183333396911621,0.02385099045932293,1.9922575950622559,0.018977031111717224,0.75,0.75,0.017995428293943405,-0.21558690071105957
2026-08-10_03-44-13,/home/as22cq/Projects/Policy-RL-Peg_insertion/force_peg_rl/logs/rl_games/Forge/2026-08-10_03-44-13/nn/Forge.pth,43,nominal,1001,False,timeout,149,33.18829345703125,0.07197532802820206,20.688703536987305,14.248270988464355,1.158333420753479,0.026483891531825066,2.9662182331085205,0.01557972189038992,0.75,0.75,0.012333977967500687,0.3208732604980469
2026-08-10_03-44-13,/home/as22cq/Projects/Policy-RL-Peg_insertion/force_peg_rl/logs/rl_games/Forge/2026-08-10_03-44-13/nn/Forge.pth,43,nominal,1001,False,timeout,149,31.227617263793945,0.03434731811285019,21.82792854309082,12.037983894348145,0.8333333730697632,0.023041151463985443,0.6315706968307495,0.017802242189645767,0.75,0.75,0.021507157012820244,-0.464180588722229
2026-08-10_03-44-13,/home/as22cq/Projects/Policy-RL-Peg_insertion/force_peg_rl/logs/rl_games/Forge/2026-08-10_03-44-13/nn/Forge.pth,43,nominal,1001,False,timeout,149,168.59202575683594,0.030138161033391953,27.65598487854004,12.036694526672363,1.1666667461395264,0.015817666426301003,0.9884479641914368,0.017767682671546936,0.75,0.75,0.0027543501928448677,-0.31682145595550537
2026-08-10_03-44-13,/home/as22cq/Projects/Policy-RL-Peg_insertion/force_peg_rl/logs/rl_games/Forge/2026-08-10_03-44-13/nn/Forge.pth,43,nominal,1001,False,timeout,149,41.56222915649414,0.01833377406001091,18.771072387695312,12.056529998779297,1.183333396911621,0.01891915500164032,2.477437973022461,0.015009330585598946,0.75,0.75,0.012256965972483158,0.399362176656723
2026-08-10_03-44-13,/home/as22cq/Projects/Policy-RL-Peg_insertion/force_peg_rl/logs/rl_games/Forge/2026-08-10_03-44-13/nn/Forge.pth,43,nominal,1001,False,timeout,149,28.053117752075195,0.037357352674007416,21.46206283569336,7.903452396392822,0.6166666746139526,0.00896819494664669,0.61749267578125,0.02253558859229088,0.75,0.75,0.018683847039937973,0.2690579295158386
2026-08-10_03-44-13,/home/as22cq/Projects/Policy-RL-Peg_insertion/force_peg_rl/logs/rl_games/Forge/2026-08-10_03-44-13/nn/Forge.pth,43,nominal,1001,False,timeout,149,36.28456497192383,0.002529371529817581,20.669309616088867,12.8597412109375,1.058333396911621,0.02450363151729107,1.1626249551773071,0.016178205609321594,0.75,0.75,0.01242130808532238,-0.5786872506141663
2026-08-10_03-44-13,/home/as22cq/Projects/Policy-RL-Peg_insertion/force_peg_rl/logs/rl_games/Forge/2026-08-10_03-44-13/nn/Forge.pth,43,nominal,1001,False,timeout,149,34.10374069213867,0.0029907524585723877,24.468006134033203,12.592866897583008,0.98333340883255,0.05346937105059624,1.547065258026123,0.021530838683247566,0.75,0.75,0.015110381878912449,0.05560506880283356
2026-08-10_03-44-13,/home/as22cq/Projects/Policy-RL-Peg_insertion/force_peg_rl/logs/rl_games/Forge/2026-08-10_03-44-13/nn/Forge.pth,43,nominal,1001,False,timeout,149,81.54228210449219,0.05344030261039734,26.4155216217041,11.102416038513184,0.9416667222976685,0.04505379870533943,0.4808245599269867,0.014759902842342854,0.75,0.75,0.01829526387155056,-0.7175599336624146
2026-08-10_03-44-13,/home/as22cq/Projects/Policy-RL-Peg_insertion/force_peg_rl/logs/rl_games/Forge/2026-08-10_03-44-13/nn/Forge.pth,43,nominal,1001,False,timeout,149,30.453100204467773,0.038398295640945435,23.518600463867188,13.201542854309082,1.1916667222976685,0.020089570432901382,0.3040372133255005,0.023537378758192062,0.75,0.75,0.02001100219786167,-0.00426830817013979
2026-08-10_03-44-13,/home/as22cq/Projects/Policy-RL-Peg_insertion/force_peg_rl/logs/rl_games/Forge/2026-08-10_03-44-13/nn/Forge.pth,43,nominal,1001,False,timeout,149,36.24982452392578,0.025990456342697144,32.59852600097656,10.931211471557617,0.6083333492279053,0.020286740735173225,1.6665939092636108,0.021453145891427994,0.75,0.75,0.005087940488010645,-0.41542989015579224
2026-08-10_03-44-13,/home/as22cq/Projects/Policy-RL-Peg_insertion/force_peg_rl/logs/rl_games/Forge/2026-08-10_03-44-13/nn/Forge.pth,43,nominal,1001,False,timeout,149,41.972755432128906,0.05487149953842163,19.76080894470215,12.398651123046875,1.0416667461395264,0.025800416246056557,3.1074893474578857,0.023269906640052795,0.75,0.75,0.018342526629567146,0.7181453704833984
2026-08-10_03-44-13,/home/as22cq/Projects/Policy-RL-Peg_insertion/force_peg_rl/logs/rl_games/Forge/2026-08-10_03-44-13/nn/Forge.pth,43,nominal,1001,False,timeout,149,35.55710983276367,0.023486115038394928,24.33778190612793,11.251407623291016,1.1416667699813843,0.022091513499617577,1.530494213104248,0.02015027217566967,0.75,0.75,0.009213525801897049,0.2632787823677063
2026-08-10_03-44-13,/home/as22cq/Projects/Policy-RL-Peg_insertion/force_peg_rl/logs/rl_games/Forge/2026-08-10_03-44-13/nn/Forge.pth,43,nominal,1001,False,timeout,149,29.489240646362305,0.047983959317207336,28.84667205810547,17.3652286529541,1.0416667461395264,0.026176592335104942,0.27118587493896484,0.01780351623892784,0.75,0.75,0.019182290881872177,-0.29874444007873535
2026-08-10_03-44-13,/home/as22cq/Projects/Policy-RL-Peg_insertion/force_peg_rl/logs/rl_games/Forge/2026-08-10_03-44-13/nn/Forge.pth,43,nominal,1001,False,timeout,149,35.12385177612305,0.03150862455368042,26.16010284423828,10.264947891235352,0.8083333969116211,0.016312645748257637,3.0220353603363037,0.016263706609606743,0.75,0.75,0.013175632804632187,0.35033491253852844
2026-08-10_03-44-13,/home/as22cq/Projects/Policy-RL-Peg_insertion/force_peg_rl/logs/rl_games/Forge/2026-08-10_03-44-13/nn/Forge.pth,43,nominal,1001,False,timeout,149,34.61201095581055,0.007134437561035156,28.929792404174805,11.35110855102539,1.058333396911621,0.025644801557064056,1.0365597009658813,0.016402853652834892,0.75,0.75,0.013304097577929497,0.19915515184402466
2026-08-10_03-44-13,/home/as22cq/Projects/Policy-RL-Peg_insertion/force_peg_rl/logs/rl_games/Forge/2026-08-10_03-44-13/nn/Forge.pth,43,nominal,1001,False,timeout,149,34.485416412353516,0.0654967650771141,21.07929039001465,13.953606605529785,1.1500000953674316,0.04003886878490448,2.992157220840454,0.02295359969139099,0.75,0.75,0.013419264927506447,0.39455029368400574
2026-08-10_03-44-13,/home/as22cq/Projects/Policy-RL-Peg_insertion/force_peg_rl/logs/rl_games/Forge/2026-08-10_03-44-13/nn/Forge.pth,43,nominal,1001,False,timeout,149,32.20365524291992,0.023243464529514313,40.18973159790039,8.730384826660156,0.9500000476837158,0.045089323073625565,0.5211665034294128,0.01770959608256817,0.75,0.75,0.014691845513880253,-0.5404009222984314
2026-08-10_03-44-13,/home/as22cq/Projects/Policy-RL-Peg_insertion/force_peg_rl/logs/rl_games/Forge/2026-08-10_03-44-13/nn/Forge.pth,43,nominal,1001,False,timeout,149,32.0667724609375,0.02070707269012928,21.76102066040039,11.769864082336426,1.058333396911621,0.0441770926117897,0.6243163347244263,0.016356922686100006,0.75,0.75,0.017856009304523468,-0.33245620131492615
2026-08-10_03-44-13,/home/as22cq/Projects/Policy-RL-Peg_insertion/force_peg_rl/logs/rl_games/Forge/2026-08-10_03-44-13/nn/Forge.pth,43,nominal,1001,False,timeout,149,35.75575637817383,-5.831196904182434e-05,22.427759170532227,9.127156257629395,0.8666667342185974,0.025489363819360733,1.2185834646224976,0.02057572640478611,0.75,0.75,0.015976805239915848,-0.3307815492153168
2026-08-10_03-44-13,/home/as22cq/Projects/Policy-RL-Peg_insertion/force_peg_rl/logs/rl_games/Forge/2026-08-10_03-44-13/nn/Forge.pth,43,nominal,1001,False,timeout,149,36.09237289428711,0.005359843373298645,13.944113731384277,6.847439289093018,0.5,0.036283884197473526,0.690910816192627,0.01646830514073372,0.75,0.75,0.021247239783406258,-0.2188536822795868
2026-08-10_03-44-13,/home/as22cq/Projects/Policy-RL-Peg_insertion/force_peg_rl/logs/rl_games/Forge/2026-08-10_03-44-13/nn/Forge.pth,43,nominal,1001,False,timeout,149,40.33903884887695,0.064095139503479,18.473588943481445,7.186410427093506,0.5,0.008785861544311047,2.7094287872314453,0.016161106526851654,0.75,0.75,0.01631709188222885,0.30144909024238586
2026-08-10_03-44-13,/home/as22cq/Projects/Policy-RL-Peg_insertion/force_peg_rl/logs/rl_games/Forge/2026-08-10_03-44-13/nn/Forge.pth,43,nominal,1001,False,timeout,149,40.46732711791992,0.014160171151161194,20.477083206176758,10.804534912109375,1.183333396911621,0.02757236175239086,1.765921711921692,0.01702846586704254,0.75,0.75,0.014140252023935318,-0.15462133288383484
2026-08-10_03-44-13,/home/as22cq/Projects/Policy-RL-Peg_insertion/force_peg_rl/logs/rl_games/Forge/2026-08-10_03-44-13/nn/Forge.pth,43,nominal,1001,False,timeout,149,33.97634506225586,0.05824171379208565,17.437959671020508,10.086748123168945,1.0416667461395264,0.010790394619107246,3.1143534183502197,0.014587434940040112,0.75,0.75,0.020949913188815117,0.40289273858070374
2026-08-10_03-44-13,/home/as22cq/Projects/Policy-RL-Peg_insertion/force_peg_rl/logs/rl_games/Forge/2026-08-10_03-44-13/nn/Forge.pth,43,nominal,1001,False,timeout,149,28.450063705444336,0.062336266040802,17.59334945678711,10.096111297607422,0.9083333611488342,0.007770257070660591,0.2696141302585602,0.018362728878855705,0.75,0.75,0.01223105750977993,-0.4435054361820221
2026-08-10_03-44-13,/home/as22cq/Projects/Policy-RL-Peg_insertion/force_peg_rl/logs/rl_games/Forge/2026-08-10_03-44-13/nn/Forge.pth,43,nominal,1001,False,timeout,149,33.2510871887207,0.021485034376382828,22.697011947631836,10.884889602661133,1.008333444595337,0.026244204491376877,2.1338717937469482,0.01855064183473587,0.75,0.75,0.01869184523820877,-0.6091059446334839
2026-08-10_03-44-13,/home/as22cq/Projects/Policy-RL-Peg_insertion/force_peg_rl/logs/rl_games/Forge/2026-08-10_03-44-13/nn/Forge.pth,43,nominal,1001,False,timeout,149,34.40441131591797,0.06394646316766739,23.712234497070312,13.770099639892578,1.1916667222976685,0.05774311348795891,2.908938407897949,0.018471993505954742,0.75,0.75,0.016589105129241943,-0.029500886797904968
2026-08-10_03-44-13,/home/as22cq/Projects/Policy-RL-Peg_insertion/force_peg_rl/logs/rl_games/Forge/2026-08-10_03-44-13/nn/Forge.pth,43,nominal,1001,False,force_limit,149,27.419904708862305,0.0743403285741806,78.76890563964844,10.05449104309082,0.7250000238418579,0.03259910270571709,0.6210708022117615,0.02168460376560688,0.75,0.75,0.019233984872698784,-0.3934597969055176
2026-08-10_03-44-13,/home/as22cq/Projects/Policy-RL-Peg_insertion/force_peg_rl/logs/rl_games/Forge/2026-08-10_03-44-13/nn/Forge.pth,43,nominal,1001,False,timeout,149,39.04777526855469,0.06351746618747711,17.175905227661133,6.694979667663574,0.7333333492279053,0.010685860179364681,3.055091381072998,0.01885201781988144,0.75,0.75,0.019675159826874733,0.6522115468978882
2026-08-10_03-44-13,/home/as22cq/Projects/Policy-RL-Peg_insertion/force_peg_rl/logs/rl_games/Forge/2026-08-10_03-44-13/nn/Forge.pth,43,nominal,1001,False,timeout,149,37.55493927001953,0.022431813180446625,16.420656204223633,9.873871803283691,0.9166666865348816,0.021000416949391365,1.8239610195159912,0.017903078347444534,0.75,0.75,0.01722608506679535,0.5483886003494263
2026-08-10_03-44-13,/home/as22cq/Projects/Policy-RL-Peg_insertion/force_peg_rl/logs/rl_games/Forge/2026-08-10_03-44-13/nn/Forge.pth,43,nominal,1001,False,timeout,149,39.30900955200195,0.02077530324459076,19.668399810791016,13.291772842407227,1.0916666984558105,0.020915169268846512,2.331217050552368,0.01591614820063114,0.75,0.75,0.014896406792104244,0.42344486713409424
2026-08-10_03-44-13,/home/as22cq/Projects/Policy-RL-Peg_insertion/force_peg_rl/logs/rl_games/Forge/2026-08-10_03-44-13/nn/Forge.pth,43,nominal,1001,False,timeout,149,97.61982727050781,0.10406436026096344,23.839326858520508,11.120855331420898,0.5333333611488342,0.04167194664478302,2.9421849250793457,0.02119617350399494,0.75,0.75,0.024552397429943085,0.7525647282600403
2026-08-10_03-44-13,/home/as22cq/Projects/Policy-RL-Peg_insertion/force_peg_rl/logs/rl_games/Forge/2026-08-10_03-44-13/nn/Forge.pth,43,nominal,1001,False,timeout,149,27.54104232788086,0.09889505803585052,33.56703567504883,8.205819129943848,0.28333336114883423,0.04128057882189751,0.2974361777305603,0.022429121658205986,0.75,0.75,0.018510691821575165,-0.4727274775505066
2026-08-10_03-44-13,/home/as22cq/Projects/Policy-RL-Peg_insertion/force_peg_rl/logs/rl_games/Forge/2026-08-10_03-44-13/nn/Forge.pth,43,nominal,1001,False,timeout,149,33.00687026977539,0.0693870559334755,21.744958877563477,15.513696670532227,1.2083333730697632,0.030275365337729454,2.8340418338775635,0.01488218829035759,0.75,0.75,0.01386965997517109,0.4944983422756195
2026-08-10_03-44-13,/home/as22cq/Projects/Policy-RL-Peg_insertion/force_peg_rl/logs/rl_games/Forge/2026-08-10_03-44-13/nn/Forge.pth,43,nominal,1001,False,timeout,149,35.64442825317383,0.0173003152012825,26.81917381286621,10.520748138427734,0.9333333969116211,0.0224390160292387,2.9612576961517334,0.017609914764761925,0.75,0.75,0.020818792283535004,0.1502843201160431
2026-08-10_03-44-13,/home/as22cq/Projects/Policy-RL-Peg_insertion/force_peg_rl/logs/rl_games/Forge/2026-08-10_03-44-13/nn/Forge.pth,43,nominal,1001,False,timeout,149,37.72834777832031,0.027934521436691284,20.072717666625977,7.864901542663574,0.2916666865348816,0.0402960404753685,1.1289682388305664,0.014196322299540043,0.75,0.75,0.018837006762623787,-0.6462771892547607
2026-08-10_03-44-13,/home/as22cq/Projects/Policy-RL-Peg_insertion/force_peg_rl/logs/rl_games/Forge/2026-08-10_03-44-13/nn/Forge.pth,43,nominal,1001,False,timeout,149,35.096195220947266,0.0194370299577713,15.83679485321045,8.812491416931152,1.058333396911621,0.024688122794032097,2.6075546741485596,0.01995878294110298,0.75,0.75,0.021841170266270638,0.6344282031059265
2026-08-10_03-44-13,/home/as22cq/Projects/Policy-RL-Peg_insertion/force_peg_rl/logs/rl_games/Forge/2026-08-10_03-44-13/nn/Forge.pth,43,nominal,1001,False,timeout,149,46.78385543823242,0.10158269107341766,23.04155921936035,13.783086776733398,0.9750000238418579,0.038830433040857315,2.999842405319214,0.02250853180885315,0.75,0.75,0.018767455592751503,0.6043733358383179
2026-08-10_03-44-13,/home/as22cq/Projects/Policy-RL-Peg_insertion/force_peg_rl/logs/rl_games/Forge/2026-08-10_03-44-13/nn/Forge.pth,43,nominal,1001,False,timeout,149,37.42325973510742,0.07864946871995926,16.640050888061523,8.810503959655762,0.7416667342185974,0.015682412311434746,-3.1218042373657227,0.018876703456044197,0.75,0.75,0.019832029938697815,0.632672131061554
2026-08-10_03-44-13,/home/as22cq/Projects/Policy-RL-Peg_insertion/force_peg_rl/logs/rl_games/Forge/2026-08-10_03-44-13/nn/Forge.pth,43,nominal,1001,False,timeout,149,30.765005111694336,0.008261479437351227,24.799951553344727,8.953937530517578,0.6416667103767395,0.030618587508797646,0.9901488423347473,0.018970340490341187,0.75,0.75,0.019398557022213936,-0.38063299655914307
2026-08-10_03-44-13,/home/as22cq/Projects/Policy-RL-Peg_insertion/force_peg_rl/logs/rl_games/Forge/2026-08-10_03-44-13/nn/Forge.pth,43,nominal,1001,False,timeout,149,40.84444046020508,0.0025436803698539734,26.37961769104004,12.5103759765625,1.1750000715255737,0.01939721405506134,2.062732696533203,0.014674588106572628,0.75,0.75,0.016571562737226486,-0.01652820035815239
2026-08-10_03-44-13,/home/as22cq/Projects/Policy-RL-Peg_insertion/force_peg_rl/logs/rl_games/Forge/2026-08-10_03-44-13/nn/Forge.pth,43,nominal,1001,False,timeout,149,88.38485717773438,-0.09424004703760147,24.66990089416504,10.785354614257812,1.008333444595337,0.08312784880399704,2.7847771644592285,0.021122463047504425,0.75,0.75,0.007517548743635416,0.4541884958744049
2026-08-10_03-44-13,/home/as22cq/Projects/Policy-RL-Peg_insertion/force_peg_rl/logs/rl_games/Forge/2026-08-10_03-44-13/nn/Forge.pth,43,nominal,1001,False,timeout,149,31.92877769470215,0.006398510187864304,20.11040687561035,12.689568519592285,1.0750000476837158,0.027886690571904182,0.9315019249916077,0.020548122003674507,0.75,0.75,0.022836808115243912,-0.5218984484672546
2026-08-10_03-44-13,/home/as22cq/Projects/Policy-RL-Peg_insertion/force_peg_rl/logs/rl_games/Forge/2026-08-10_03-44-13/nn/Forge.pth,43,nominal,1001,False,timeout,149,29.733150482177734,0.026667576283216476,27.530738830566406,11.97293472290039,1.1666667461395264,0.022207658737897873,1.3679437637329102,0.0146819818764925,0.75,0.75,0.009932360611855984,-0.3420926630496979
2026-08-10_03-44-13,/home/as22cq/Projects/Policy-RL-Peg_insertion/force_peg_rl/logs/rl_games/Forge/2026-08-10_03-44-13/nn/Forge.pth,43,nominal,1001,False,timeout,149,32.21963119506836,0.0900552049279213,19.791248321533203,10.192086219787598,0.7833333611488342,0.020709773525595665,2.7682583332061768,0.016416696831583977,0.75,0.75,0.015543580055236816,0.12891027331352234
2026-08-10_03-44-13,/home/as22cq/Projects/Policy-RL-Peg_insertion/force_peg_rl/logs/rl_games/Forge/2026-08-10_03-44-13/nn/Forge.pth,43,nominal,1001,False,timeout,149,32.18930435180664,0.045549508184194565,45.5909538269043,11.784473419189453,1.125,0.035097405314445496,0.9137471914291382,0.02037438005208969,0.75,0.75,0.019716428592801094,-0.7546032667160034
2026-08-10_03-44-13,/home/as22cq/Projects/Policy-RL-Peg_insertion/force_peg_rl/logs/rl_games/Forge/2026-08-10_03-44-13/nn/Forge.pth,43,nominal,1001,False,timeout,149,31.531295776367188,0.0531017929315567,15.344030380249023,9.469697952270508,0.5916666984558105,0.07821030169725418,2.7454516887664795,0.02104412019252777,0.75,0.75,0.02434394508600235,0.4898701012134552
2026-08-10_03-44-13,/home/as22cq/Projects/Policy-RL-Peg_insertion/force_peg_rl/logs/rl_games/Forge/2026-08-10_03-44-13/nn/Forge.pth,43,nominal,1001,False,timeout,149,36.640846252441406,0.07946004718542099,16.712413787841797,12.951817512512207,1.2000000476837158,0.03628164529800415,3.1098644733428955,0.021495122462511063,0.75,0.75,0.008821305818855762,0.3837381899356842
2026-08-10_03-44-13,/home/as22cq/Projects/Policy-RL-Peg_insertion/force_peg_rl/logs/rl_games/Forge/2026-08-10_03-44-13/nn/Forge.pth,43,nominal,1001,False,timeout,149,32.65888595581055,0.06876357644796371,25.98146629333496,13.770818710327148,1.183333396911621,0.08296633511781693,2.957712411880493,0.0181379783898592,0.75,0.75,0.0077208103612065315,-0.0785929337143898
2026-08-10_03-44-13,/home/as22cq/Projects/Policy-RL-Peg_insertion/force_peg_rl/logs/rl_games/Forge/2026-08-10_03-44-13/nn/Forge.pth,43,nominal,1001,False,timeout,149,28.194272994995117,0.03689578175544739,23.274356842041016,16.24866485595703,1.1666667461395264,0.04127873480319977,0.4136033356189728,0.016820821911096573,0.75,0.75,0.020627807825803757,-0.6109328866004944
2026-08-10_03-44-13,/home/as22cq/Projects/Policy-RL-Peg_insertion/force_peg_rl/logs/rl_games/Forge/2026-08-10_03-44-13/nn/Forge.pth,43,nominal,1002,True,success,149,283.8014831542969,0.0001376718282699585,11.846546173095703,7.527130603790283,1.100000023841858,0.0005483900895342231,0.20464862883090973,0.019413884729146957,0.75,0.75,0.01789960265159607,0.45074665546417236
2026-08-10_03-44-13,/home/as22cq/Projects/Policy-RL-Peg_insertion/force_peg_rl/logs/rl_games/Forge/2026-08-10_03-44-13/nn/Forge.pth,43,nominal,1002,True,success,149,248.21084594726562,0.0001719556748867035,28.65760040283203,13.930631637573242,1.1083333492279053,0.0007447045645676553,1.565456748008728,0.01712241768836975,0.75,0.75,0.00903177447617054,-0.6292104721069336
2026-08-10_03-44-13,/home/as22cq/Projects/Policy-RL-Peg_insertion/force_peg_rl/logs/rl_games/Forge/2026-08-10_03-44-13/nn/Forge.pth,43,nominal,1002,False,timeout,149,40.963375091552734,0.02695631980895996,25.39798355102539,11.722244262695312,1.100000023841858,0.016185123473405838,2.6353580951690674,0.01554050762206316,0.75,0.75,0.013464132323861122,-0.32392194867134094
2026-08-10_03-44-13,/home/as22cq/Projects/Policy-RL-Peg_insertion/force_peg_rl/logs/rl_games/Forge/2026-08-10_03-44-13/nn/Forge.pth,43,nominal,1002,False,timeout,149,97.43405151367188,0.09310615807771683,18.03162384033203,9.95626449584961,0.8166667222976685,0.025198398157954216,2.8455073833465576,0.018758801743388176,0.75,0.75,0.020801255479454994,0.5808753371238708
2026-08-10_03-44-13,/home/as22cq/Projects/Policy-RL-Peg_insertion/force_peg_rl/logs/rl_games/Forge/2026-08-10_03-44-13/nn/Forge.pth,43,nominal,1002,True,success,149,249.29249572753906,0.0001964271068572998,19.752304077148438,9.023017883300781,0.8250000476837158,0.0002916065277531743,2.447432279586792,0.014345498755574226,0.75,0.75,0.021153444424271584,0.22044812142848969
2026-08-10_03-44-13,/home/as22cq/Projects/Policy-RL-Peg_insertion/force_peg_rl/logs/rl_games/Forge/2026-08-10_03-44-13/nn/Forge.pth,43,nominal,1002,False,timeout,149,228.7217559814453,0.0023481734097003937,32.78462600708008,19.669660568237305,1.1166666746139526,0.0006852108635939658,1.7181570529937744,0.015388447791337967,0.75,0.75,0.01370332483202219,-0.33679747581481934
2026-08-10_03-44-13,/home/as22cq/Projects/Policy-RL-Peg_insertion/force_peg_rl/logs/rl_games/Forge/2026-08-10_03-44-13/nn/Forge.pth,43,nominal,1002,False,timeout,149,86.2284927368164,0.05159802734851837,22.883285522460938,12.0650053024292,0.9500000476837158,0.014008484780788422,0.514869749546051,0.020567502826452255,0.75,0.75,0.018199071288108826,-0.2882532477378845
2026-08-10_03-44-13,/home/as22cq/Projects/Policy-RL-Peg_insertion/force_peg_rl/logs/rl_games/Forge/2026-08-10_03-44-13/nn/Forge.pth,43,nominal,1002,False,timeout,149,225.3985137939453,0.00930730625987053,25.71355628967285,17.59869956970215,1.183333396911621,0.000641018501482904,2.2822630405426025,0.018307818099856377,0.75,0.75,0.010578595101833344,-0.5181620717048645
2026-08-10_03-44-13,/home/as22cq/Projects/Policy-RL-Peg_insertion/force_peg_rl/logs/rl_games/Forge/2026-08-10_03-44-13/nn/Forge.pth,43,nominal,1002,False,timeout,149,69.04634094238281,0.12640699744224548,22.625701904296875,17.198144912719727,1.125,0.08290472626686096,2.925452470779419,0.02321643754839897,0.75,0.75,0.005322881042957306,0.06376909464597702
2026-08-10_03-44-13,/home/as22cq/Projects/Policy-RL-Peg_insertion/force_peg_rl/logs/rl_games/Forge/2026-08-10_03-44-13/nn/Forge.pth,43,nominal,1002,False,timeout,149,45.3294563293457,0.059072576463222504,16.118724822998047,10.256908416748047,0.9000000357627869,0.02616419829428196,0.37380796670913696,0.014807280153036118,0.75,0.75,0.0191887766122818,-0.3304016888141632
2026-08-10_03-44-13,/home/as22cq/Projects/Policy-RL-Peg_insertion/force_peg_rl/logs/rl_games/Forge/2026-08-10_03-44-13/nn/Forge.pth,43,nominal,1002,False,timeout,149,30.11459732055664,0.058350853621959686,23.19450569152832,13.039812088012695,1.0250000953674316,0.00820131879299879,0.2415691465139389,0.02122945338487625,0.75,0.75,0.0049608671106398106,-0.6119070649147034
2026-08-10_03-44-13,/home/as22cq/Projects/Policy-RL-Peg_insertion/force_peg_rl/logs/rl_games/Forge/2026-08-10_03-44-13/nn/Forge.pth,43,nominal,1002,False,timeout,149,219.04278564453125,0.009079080075025558,32.88605499267578,14.651887893676758,1.158333420753479,0.0006194058805704117,1.869744896888733,0.015919752418994904,0.75,0.75,0.013480856083333492,0.15796928107738495
2026-08-10_03-44-13,/home/as22cq/Projects/Policy-RL-Peg_insertion/force_peg_rl/logs/rl_games/Forge/2026-08-10_03-44-13/nn/Forge.pth,43,nominal,1002,False,timeout,149,212.6341094970703,0.013432539999485016,19.755292892456055,12.584847450256348,1.0500000715255737,0.000684731756336987,1.8373137712478638,0.02155010960996151,0.75,0.75,0.010217918083071709,0.07179664820432663
2026-08-10_03-44-13,/home/as22cq/Projects/Policy-RL-Peg_insertion/force_peg_rl/logs/rl_games/Forge/2026-08-10_03-44-13/nn/Forge.pth,43,nominal,1002,False,timeout,149,240.18045043945312,0.009267136454582214,15.592672348022461,11.661993980407715,1.1750000715255737,0.0010285411262884736,1.8864725828170776,0.015309987589716911,0.75,0.75,0.01897512748837471,0.4430526793003082
2026-08-10_03-44-13,/home/as22cq/Projects/Policy-RL-Peg_insertion/force_peg_rl/logs/rl_games/Forge/2026-08-10_03-44-13/nn/Forge.pth,43,nominal,1002,False,timeout,149,81.86016845703125,0.00851108692586422,15.231207847595215,8.037997245788574,0.9666666984558105,0.03135797753930092,1.9699091911315918,0.017588315531611443,0.75,0.75,0.011249029077589512,-0.15198840200901031
2026-08-10_03-44-13,/home/as22cq/Projects/Policy-RL-Peg_insertion/force_peg_rl/logs/rl_games/Forge/2026-08-10_03-44-13/nn/Forge.pth,43,nominal,1002,False,timeout,149,208.27781677246094,0.009446009993553162,25.56601333618164,14.333635330200195,1.1666667461395264,0.0005512472707778215,2.6263561248779297,0.017348863184452057,0.75,0.75,0.001999589381739497,0.7696378231048584
2026-08-10_03-44-13,/home/as22cq/Projects/Policy-RL-Peg_insertion/force_peg_rl/logs/rl_games/Forge/2026-08-10_03-44-13/nn/Forge.pth,43,nominal,1002,False,timeout,149,184.1100616455078,0.0222175233066082,22.653322219848633,14.04350757598877,1.058333396911621,0.00173673196695745,2.4491183757781982,0.01678197830915451,0.75,0.75,0.018876828253269196,-0.28883111476898193
2026-08-10_03-44-13,/home/as22cq/Projects/Policy-RL-Peg_insertion/force_peg_rl/logs/rl_games/Forge/2026-08-10_03-44-13/nn/Forge.pth,43,nominal,1002,False,timeout,149,186.2041778564453,0.020359326153993607,22.272829055786133,12.033620834350586,0.7666667103767395,0.0004760270530823618,1.8588746786117554,0.020639784634113312,0.75,0.75,0.017401155084371567,0.698418378829956
2026-08-10_03-44-13,/home/as22cq/Projects/Policy-RL-Peg_insertion/force_peg_rl/logs/rl_games/Forge/2026-08-10_03-44-13/nn/Forge.pth,43,nominal,1002,True,success,149,227.05992126464844,0.00036601722240448,20.571605682373047,12.752839088439941,1.1083333492279053,0.000488721183501184,1.4857779741287231,0.02195141091942787,0.75,0.75,0.0175413116812706,0.5204441547393799
2026-08-10_03-44-13,/home/as22cq/Projects/Policy-RL-Peg_insertion/force_peg_rl/logs/rl_games/Forge/2026-08-10_03-44-13/nn/Forge.pth,43,nominal,1002,False,timeout,149,84.9326171875,0.0654035210609436,20.074941635131836,10.100640296936035,0.7500000596046448,0.08881261199712753,1.1519173383712769,0.021944817155599594,0.75,0.75,0.02279234118759632,0.2631632387638092
2026-08-10_03-44-13,/home/as22cq/Projects/Policy-RL-Peg_insertion/force_peg_rl/logs/rl_games/Forge/2026-08-10_03-44-13/nn/Forge.pth,43,nominal,1002,False,timeout,149,38.890159606933594,0.03856605291366577,19.18161964416504,10.59422492980957,1.1416667699813843,0.04481035843491554,-2.9361724853515625,0.01506362110376358,0.75,0.75,0.021574553102254868,0.7122719883918762
2026-08-10_03-44-13,/home/as22cq/Projects/Policy-RL-Peg_insertion/force_peg_rl/logs/rl_games/Forge/2026-08-10_03-44-13/nn/Forge.pth,43,nominal,1002,True,success,149,332.87933349609375,0.00019689276814460754,31.018693923950195,13.761640548706055,1.0916666984558105,0.000529322016518563,3.132080078125,0.021246735006570816,0.75,0.75,0.013246471993625164,0.34015482664108276
2026-08-10_03-44-13,/home/as22cq/Projects/Policy-RL-Peg_insertion/force_peg_rl/logs/rl_games/Forge/2026-08-10_03-44-13/nn/Forge.pth,43,nominal,1002,True,success,149,283.6982116699219,9.18358564376831e-05,21.365373611450195,15.256318092346191,1.158333420753479,0.0005256974254734814,1.8885364532470703,0.02387821674346924,0.75,0.75,0.006745174527168274,0.5512175559997559
2026-08-10_03-44-13,/home/as22cq/Projects/Policy-RL-Peg_insertion/force_peg_rl/logs/rl_games/Forge/2026-08-10_03-44-13/nn/Forge.pth,43,nominal,1002,False,timeout,149,193.43507385253906,0.019482463598251343,25.68297004699707,16.088239669799805,1.0833333730697632,0.001151706906966865,2.1699111461639404,0.018176956102252007,0.75,0.75,0.012507934123277664,0.07099486142396927
2026-08-10_03-44-13,/home/as22cq/Projects/Policy-RL-Peg_insertion/force_peg_rl/logs/rl_games/Forge/2026-08-10_03-44-13/nn/Forge.pth,43,nominal,1002,True,success,149,269.3944091796875,6.85863196849823e-05,36.629051208496094,15.794215202331543,1.1666667461395264,0.0005094383959658444,1.754516839981079,0.023027971386909485,0.75,0.75,0.01797373779118061,-0.4308236539363861
2026-08-10_03-44-13,/home/as22cq/Projects/Policy-RL-Peg_insertion/force_peg_rl/logs/rl_games/Forge/2026-08-10_03-44-13/nn/Forge.pth,43,nominal,1002,False,timeout,149,43.90489196777344,0.05784233659505844,22.083314895629883,9.55504322052002,0.9416667222976685,0.07469750940799713,3.0779404640197754,0.02109156735241413,0.75,0.75,0.009917382150888443,-0.3720260262489319
2026-08-10_03-44-13,/home/as22cq/Projects/Policy-RL-Peg_insertion/force_peg_rl/logs/rl_games/Forge/2026-08-10_03-44-13/nn/Forge.pth,43,nominal,1002,False,timeout,149,198.06883239746094,0.018692724406719208,24.144142150878906,13.704232215881348,1.1416667699813843,0.001447254209779203,2.1134469509124756,0.019174015149474144,0.75,0.75,0.017250249162316322,0.518789529800415
2026-08-10_03-44-13,/home/as22cq/Projects/Policy-RL-Peg_insertion/force_peg_rl/logs/rl_games/Forge/2026-08-10_03-44-13/nn/Forge.pth,43,nominal,1002,False,timeout,149,227.658447265625,0.0021049082279205322,24.551036834716797,14.413808822631836,1.0416667461395264,0.0005334066227078438,2.541268825531006,0.019366687163710594,0.75,0.75,0.011414960958063602,0.21932949125766754
2026-08-10_03-44-13,/home/as22cq/Projects/Policy-RL-Peg_insertion/force_peg_rl/logs/rl_games/Forge/2026-08-10_03-44-13/nn/Forge.pth,43,nominal,1002,False,timeout,149,155.32785034179688,0.053520992398262024,20.177867889404297,12.320601463317871,0.9666666984558105,0.0636565238237381,1.0761326551437378,0.016690043732523918,0.75,0.75,0.02096317522227764,-0.5644876956939697
2026-08-10_03-44-13,/home/as22cq/Projects/Policy-RL-Peg_insertion/force_peg_rl/logs/rl_games/Forge/2026-08-10_03-44-13/nn/Forge.pth,43,nominal,1002,False,timeout,149,218.99472045898438,0.00894014909863472,24.019107818603516,12.462050437927246,0.8583333492279053,0.0005414375918917358,2.494206666946411,0.021030575037002563,0.75,0.75,0.01157835591584444,0.2417273372411728
2026-08-10_03-44-13,/home/as22cq/Projects/Policy-RL-Peg_insertion/force_peg_rl/logs/rl_games/Forge/2026-08-10_03-44-13/nn/Forge.pth,43,nominal,1002,True,success,149,216.76034545898438,0.0008812323212623596,27.318397521972656,14.001612663269043,1.1916667222976685,0.0006615034653805196,2.1150588989257812,0.014745257794857025,0.75,0.75,0.024253567680716515,0.7098237872123718
2026-08-10_03-44-13,/home/as22cq/Projects/Policy-RL-Peg_insertion/force_peg_rl/logs/rl_games/Forge/2026-08-10_03-44-13/nn/Forge.pth,43,nominal,1002,False,timeout,149,27.15673065185547,0.0690593421459198,18.52375602722168,13.82553768157959,1.1750000715255737,0.04344204068183899,0.616851806640625,0.017925405874848366,0.75,0.75,0.020939335227012634,-0.5799182653427124
2026-08-10_03-44-13,/home/as22cq/Projects/Policy-RL-Peg_insertion/force_peg_rl/logs/rl_games/Forge/2026-08-10_03-44-13/nn/Forge.pth,43,nominal,1002,True,success,149,330.4892883300781,6.352365016937256e-05,18.01230812072754,12.785689353942871,1.0666667222976685,0.00042162748286500573,0.23530668020248413,0.023400066420435905,0.75,0.75,0.01801287941634655,-0.2945553660392761
2026-08-10_03-44-13,/home/as22cq/Projects/Policy-RL-Peg_insertion/force_peg_rl/logs/rl_games/Forge/2026-08-10_03-44-13/nn/Forge.pth,43,nominal,1002,False,timeout,149,35.1214485168457,0.02012709528207779,22.788965225219727,8.970322608947754,0.38333335518836975,0.016032574698328972,2.5317842960357666,0.016221296042203903,0.75,0.75,0.013299291953444481,0.49062493443489075
2026-08-10_03-44-13,/home/as22cq/Projects/Policy-RL-Peg_insertion/force_peg_rl/logs/rl_games/Forge/2026-08-10_03-44-13/nn/Forge.pth,43,nominal,1002,False,timeout,149,196.4477081298828,0.018095433712005615,18.08748435974121,13.051728248596191,1.158333420753479,0.0019411984831094742,3.044205665588379,0.019461337476968765,0.75,0.75,0.009287179447710514,0.7294746041297913
2026-08-10_03-44-13,/home/as22cq/Projects/Policy-RL-Peg_insertion/force_peg_rl/logs/rl_games/Forge/2026-08-10_03-44-13/nn/Forge.pth,43,nominal,1002,False,timeout,149,219.44187927246094,0.009783226996660233,21.566333770751953,14.510767936706543,1.1083333492279053,0.0007932695443741977,1.7615159749984741,0.016258444637060165,0.75,0.75,0.009436296299099922,-0.49849066138267517
2026-08-10_03-44-13,/home/as22cq/Projects/Policy-RL-Peg_insertion/force_peg_rl/logs/rl_games/Forge/2026-08-10_03-44-13/nn/Forge.pth,43,nominal,1002,True,success,149,406.86724853515625,0.00030632317066192627,20.968564987182617,9.981350898742676,0.7000000476837158,0.0005310180713422596,2.5617313385009766,0.018716946244239807,0.75,0.75,0.018816489726305008,0.10864932835102081
2026-08-10_03-44-13,/home/as22cq/Projects/Policy-RL-Peg_insertion/force_peg_rl/logs/rl_games/Forge/2026-08-10_03-44-13/nn/Forge.pth,43,nominal,1002,False,timeout,149,46.870880126953125,0.025401361286640167,21.849040985107422,13.934670448303223,1.1750000715255737,0.05286693572998047,1.2371126413345337,0.01746673509478569,0.75,0.75,0.023673661053180695,-0.16187995672225952
2026-08-10_03-44-13,/home/as22cq/Projects/Policy-RL-Peg_insertion/force_peg_rl/logs/rl_games/Forge/2026-08-10_03-44-13/nn/Forge.pth,43,nominal,1002,False,timeout,149,261.3367004394531,0.0021036267280578613,21.043840408325195,15.040746688842773,1.183333396911621,0.000785948010161519,1.6282662153244019,0.01440645195543766,0.75,0.75,0.012244898825883865,-0.5447081327438354
2026-08-10_03-44-13,/home/as22cq/Projects/Policy-RL-Peg_insertion/force_peg_rl/logs/rl_games/Forge/2026-08-10_03-44-13/nn/Forge.pth,43,nominal,1002,False,timeout,149,211.0534210205078,0.016361571848392487,17.879301071166992,13.798066139221191,1.158333420753479,0.00163780408911407,1.9642407894134521,0.021889936178922653,0.75,0.75,0.02116028591990471,-0.7573469877243042
2026-08-10_03-44-13,/home/as22cq/Projects/Policy-RL-Peg_insertion/force_peg_rl/logs/rl_games/Forge/2026-08-10_03-44-13/nn/Forge.pth,43,nominal,1002,False,timeout,149,83.40665435791016,0.030886178836226463,24.036178588867188,17.254581451416016,1.1750000715255737,0.007390529382973909,2.04921817779541,0.016589166596531868,0.75,0.75,0.010192293673753738,-0.14078155159950256
2026-08-10_03-44-13,/home/as22cq/Projects/Policy-RL-Peg_insertion/force_peg_rl/logs/rl_games/Forge/2026-08-10_03-44-13/nn/Forge.pth,43,nominal,1002,False,timeout,149,200.25634765625,0.018505819141864777,28.98238754272461,19.90269660949707,1.2000000476837158,0.0011108895996585488,0.44439810514450073,0.018467051908373833,0.75,0.75,0.006955091841518879,-0.23734819889068604
2026-08-10_03-44-13,/home/as22cq/Projects/Policy-RL-Peg_insertion/force_peg_rl/logs/rl_games/Forge/2026-08-10_03-44-13/nn/Forge.pth,43,nominal,1002,False,timeout,149,182.72421264648438,0.025890886783599854,40.47636795043945,19.999134063720703,1.1750000715255737,0.004111291375011206,2.444481134414673,0.020759839564561844,0.75,0.75,0.014341910369694233,-0.05237210914492607
2026-08-10_03-44-13,/home/as22cq/Projects/Policy-RL-Peg_insertion/force_peg_rl/logs/rl_games/Forge/2026-08-10_03-44-13/nn/Forge.pth,43,nominal,1002,False,timeout,149,170.8922119140625,0.03548141196370125,21.443235397338867,10.606106758117676,0.9333333969116211,0.12895838916301727,1.0924968719482422,0.01720079593360424,0.75,0.75,0.009458223357796669,-0.17536109685897827
2026-08-10_03-44-13,/home/as22cq/Projects/Policy-RL-Peg_insertion/force_peg_rl/logs/rl_games/Forge/2026-08-10_03-44-13/nn/Forge.pth,43,nominal,1002,False,timeout,149,34.26907730102539,0.038014695048332214,24.736581802368164,7.844209671020508,0.3916666805744171,0.0478149875998497,2.8873348236083984,0.021759364753961563,0.75,0.75,0.00609875563532114,0.7530428171157837
2026-08-10_03-44-13,/home/as22cq/Projects/Policy-RL-Peg_insertion/force_peg_rl/logs/rl_games/Forge/2026-08-10_03-44-13/nn/Forge.pth,43,nominal,1002,False,timeout,149,32.07401657104492,0.03642135113477707,30.58695411682129,12.435575485229492,0.8666667342185974,0.020422711968421936,1.0841907262802124,0.0233331099152565,0.75,0.75,0.007744076196104288,0.17208805680274963
2026-08-10_03-44-13,/home/as22cq/Projects/Policy-RL-Peg_insertion/force_peg_rl/logs/rl_games/Forge/2026-08-10_03-44-13/nn/Forge.pth,43,nominal,1002,False,timeout,149,161.6092529296875,0.1263657659292221,26.483346939086914,11.31244945526123,0.9750000238418579,0.30221742391586304,3.0968377590179443,0.021477200090885162,0.75,0.75,0.012040233239531517,0.2449764758348465
2026-08-10_03-44-13,/home/as22cq/Projects/Policy-RL-Peg_insertion/force_peg_rl/logs/rl_games/Forge/2026-08-10_03-44-13/nn/Forge.pth,43,nominal,1002,False,timeout,149,216.44906616210938,0.009506620466709137,26.46917724609375,12.421414375305176,1.183333396911621,0.0005974187515676022,1.8069462776184082,0.023808356374502182,0.75,0.75,0.017729900777339935,0.6457738876342773
2026-08-10_03-44-13,/home/as22cq/Projects/Policy-RL-Peg_insertion/force_peg_rl/logs/rl_games/Forge/2026-08-10_03-44-13/nn/Forge.pth,43,nominal,1002,False,timeout,149,236.79327392578125,0.00424112007021904,30.97262191772461,20.77059555053711,1.1666667461395264,0.0007787277572788298,2.0347421169281006,0.01721891015768051,0.75,0.75,0.014140610583126545,0.13803786039352417
2026-08-10_03-44-13,/home/as22cq/Projects/Policy-RL-Peg_insertion/force_peg_rl/logs/rl_games/Forge/2026-08-10_03-44-13/nn/Forge.pth,43,nominal,1002,False,timeout,149,66.3298568725586,0.08029733598232269,24.630046844482422,11.599248886108398,0.9666666984558105,0.05350470915436745,2.7686493396759033,0.018824348226189613,0.75,0.75,0.02334660291671753,0.06929180771112442
2026-08-10_03-44-13,/home/as22cq/Projects/Policy-RL-Peg_insertion/force_peg_rl/logs/rl_games/Forge/2026-08-10_03-44-13/nn/Forge.pth,43,nominal,1002,False,timeout,149,29.16880226135254,0.050076402723789215,22.141677856445312,12.896726608276367,1.1666667461395264,0.010989589616656303,0.4947435259819031,0.021324120461940765,0.75,0.75,0.023754483088850975,-0.6461846232414246
2026-08-10_03-44-13,/home/as22cq/Projects/Policy-RL-Peg_insertion/force_peg_rl/logs/rl_games/Forge/2026-08-10_03-44-13/nn/Forge.pth,43,nominal,1002,False,timeout,149,67.36152648925781,0.029967740178108215,22.727710723876953,14.03536605834961,1.0833333730697632,0.005709424614906311,2.5653929710388184,0.01423654519021511,0.75,0.75,0.018009386956691742,0.523815393447876
2026-08-10_03-44-13,/home/as22cq/Projects/Policy-RL-Peg_insertion/force_peg_rl/logs/rl_games/Forge/2026-08-10_03-44-13/nn/Forge.pth,43,nominal,1002,True,success,149,256.035400390625,0.0007565394043922424,32.592525482177734,13.792108535766602,0.9666666984558105,0.0005997829721309245,2.2573630809783936,0.022238317877054214,0.75,0.75,0.015628768131136894,-0.3721763789653778
2026-08-10_03-44-13,/home/as22cq/Projects/Policy-RL-Peg_insertion/force_peg_rl/logs/rl_games/Forge/2026-08-10_03-44-13/nn/Forge.pth,43,nominal,1002,False,timeout,149,114.15367126464844,0.0321846567094326,31.536327362060547,15.782301902770996,1.1500000953674316,0.0076461792923510075,0.7871814966201782,0.023817339912056923,0.75,0.75,0.012229286134243011,-0.33388614654541016
2026-08-10_03-44-13,/home/as22cq/Projects/Policy-RL-Peg_insertion/force_peg_rl/logs/rl_games/Forge/2026-08-10_03-44-13/nn/Forge.pth,43,nominal,1002,False,timeout,149,35.42115783691406,0.02353433147072792,25.392742156982422,17.105356216430664,1.2083333730697632,0.002536805346608162,1.466349482536316,0.015604325570166111,0.75,0.75,0.013054702430963516,0.442440390586853
2026-08-10_03-44-13,/home/as22cq/Projects/Policy-RL-Peg_insertion/force_peg_rl/logs/rl_games/Forge/2026-08-10_03-44-13/nn/Forge.pth,43,nominal,1002,False,timeout,149,193.05029296875,0.02074373885989189,21.019689559936523,13.028152465820312,1.1416667699813843,0.0018130455864593387,0.6677382588386536,0.01654166355729103,0.75,0.75,0.007180836051702499,-0.6129394173622131
2026-08-10_03-44-13,/home/as22cq/Projects/Policy-RL-Peg_insertion/force_peg_rl/logs/rl_games/Forge/2026-08-10_03-44-13/nn/Forge.pth,43,nominal,1002,False,timeout,149,88.31070709228516,0.09671185910701752,14.753735542297363,7.745785713195801,0.7916666865348816,0.05404701456427574,0.35296326875686646,0.015367625281214714,0.75,0.75,0.009681761264801025,-0.702483057975769
2026-08-10_03-44-13,/home/as22cq/Projects/Policy-RL-Peg_insertion/force_peg_rl/logs/rl_games/Forge/2026-08-10_03-44-13/nn/Forge.pth,43,nominal,1002,True,success,149,360.1450500488281,6.076600402593613e-05,15.622303009033203,11.371892929077148,1.158333420753479,0.0005349979037418962,0.26381194591522217,0.016587311401963234,0.75,0.75,0.004191722720861435,-0.3138895034790039
2026-08-10_03-44-13,/home/as22cq/Projects/Policy-RL-Peg_insertion/force_peg_rl/logs/rl_games/Forge/2026-08-10_03-44-13/nn/Forge.pth,43,nominal,1002,False,timeout,149,255.06800842285156,0.004983481019735336,27.18535041809082,18.208572387695312,1.1916667222976685,0.0007671326166018844,2.2510077953338623,0.02069450542330742,0.75,0.75,0.007109863217920065,-0.7241960763931274
2026-08-10_03-44-13,/home/as22cq/Projects/Policy-RL-Peg_insertion/force_peg_rl/logs/rl_games/Forge/2026-08-10_03-44-13/nn/Forge.pth,43,nominal,1002,False,timeout,149,27.50095558166504,0.10032369196414948,16.522703170776367,8.520642280578613,0.5083333849906921,0.01158207282423973,0.20895706117153168,0.014911415986716747,0.75,0.75,0.017646677792072296,-0.08787451684474945
2026-08-10_03-44-13,/home/as22cq/Projects/Policy-RL-Peg_insertion/force_peg_rl/logs/rl_games/Forge/2026-08-10_03-44-13/nn/Forge.pth,43,nominal,1002,False,timeout,149,45.20875930786133,0.005569286644458771,23.42322540283203,9.667710304260254,0.9750000238418579,0.023368367925286293,1.6188920736312866,0.023175688460469246,0.75,0.75,0.01900392398238182,-0.21887314319610596
2026-08-10_03-44-13,/home/as22cq/Projects/Policy-RL-Peg_insertion/force_peg_rl/logs/rl_games/Forge/2026-08-10_03-44-13/nn/Forge.pth,43,nominal,1002,False,timeout,149,95.78268432617188,-0.09033604711294174,23.712675094604492,7.685475826263428,0.4750000238418579,0.1372275948524475,0.47871750593185425,0.020305711776018143,0.75,0.75,0.017524760216474533,0.28504395484924316
2026-08-10_03-44-13,/home/as22cq/Projects/Policy-RL-Peg_insertion/force_peg_rl/logs/rl_games/Forge/2026-08-10_03-44-13/nn/Forge.pth,43,nominal,1002,False,timeout,149,30.766691207885742,0.025900665670633316,23.071496963500977,14.39458179473877,1.183333396911621,0.019801408052444458,1.1861640214920044,0.022102581337094307,0.75,0.75,0.021724561229348183,-0.1555425226688385
2026-08-10_03-44-13,/home/as22cq/Projects/Policy-RL-Peg_insertion/force_peg_rl/logs/rl_games/Forge/2026-08-10_03-44-13/nn/Forge.pth,43,nominal,1002,False,timeout,149,56.29170227050781,0.028850145637989044,23.524477005004883,13.497522354125977,1.1416667699813843,0.011663578450679779,1.1126303672790527,0.020468013361096382,0.75,0.75,0.013485435396432877,-0.6150318384170532
2026-08-10_03-44-13,/home/as22cq/Projects/Policy-RL-Peg_insertion/force_peg_rl/logs/rl_games/Forge/2026-08-10_03-44-13/nn/Forge.pth,43,nominal,1002,False,timeout,149,32.35639190673828,0.0684865266084671,19.894908905029297,15.773537635803223,1.1916667222976685,0.06480903178453445,2.5276458263397217,0.02053002640604973,0.75,0.75,0.016058651730418205,0.19814160466194153
2026-08-10_03-44-13,/home/as22cq/Projects/Policy-RL-Peg_insertion/force_peg_rl/logs/rl_games/Forge/2026-08-10_03-44-13/nn/Forge.pth,43,nominal,1002,False,timeout,149,31.153396606445312,0.040312618017196655,23.938800811767578,14.402412414550781,1.0916666984558105,0.005559643730521202,0.6068121790885925,0.023736361414194107,0.75,0.75,0.019898032769560814,-0.0350927971303463
2026-08-10_03-44-13,/home/as22cq/Projects/Policy-RL-Peg_insertion/force_peg_rl/logs/rl_games/Forge/2026-08-10_03-44-13/nn/Forge.pth,43,nominal,1002,False,timeout,149,32.50258255004883,0.04453429579734802,12.142607688903809,6.166830539703369,0.8416666984558105,0.05641593784093857,-2.8819429874420166,0.014548050239682198,0.75,0.75,0.02143809013068676,0.5012869238853455
2026-08-10_03-44-13,/home/as22cq/Projects/Policy-RL-Peg_insertion/force_peg_rl/logs/rl_games/Forge/2026-08-10_03-44-13/nn/Forge.pth,43,nominal,1002,False,timeout,149,38.278045654296875,0.006080560386180878,16.42672348022461,8.243905067443848,0.45000001788139343,0.029482465237379074,1.8222538232803345,0.01885204203426838,0.75,0.75,0.020396744832396507,0.27641141414642334
2026-08-10_03-44-13,/home/as22cq/Projects/Policy-RL-Peg_insertion/force_peg_rl/logs/rl_games/Forge/2026-08-10_03-44-13/nn/Forge.pth,43,nominal,1002,False,timeout,149,30.059528350830078,0.13061462342739105,21.439834594726562,7.782792568206787,0.6166666746139526,0.06650587171316147,2.959840774536133,0.021734148263931274,0.75,0.75,0.017300695180892944,0.6408067345619202
2026-08-10_03-44-13,/home/as22cq/Projects/Policy-RL-Peg_insertion/force_peg_rl/logs/rl_games/Forge/2026-08-10_03-44-13/nn/Forge.pth,43,nominal,1002,False,timeout,149,30.065814971923828,0.04955990985035896,16.641368865966797,11.565281867980957,1.183333396911621,0.049867019057273865,0.7251057028770447,0.018596237525343895,0.75,0.75,0.015298552811145782,-0.7737395763397217
2026-08-10_03-44-13,/home/as22cq/Projects/Policy-RL-Peg_insertion/force_peg_rl/logs/rl_games/Forge/2026-08-10_03-44-13/nn/Forge.pth,43,nominal,1002,False,timeout,149,35.48298263549805,0.045897141098976135,19.1771240234375,6.77876091003418,0.6166666746139526,0.027597645297646523,2.601095199584961,0.01577061414718628,0.75,0.75,0.011489741504192352,0.16696347296237946
2026-08-10_03-44-13,/home/as22cq/Projects/Policy-RL-Peg_insertion/force_peg_rl/logs/rl_games/Forge/2026-08-10_03-44-13/nn/Forge.pth,43,nominal,1002,False,timeout,149,32.10597229003906,0.12713855504989624,15.893340110778809,6.873077869415283,0.8333333730697632,0.06735814362764359,-3.0146408081054688,0.018703607842326164,0.75,0.75,0.021246062591671944,0.5655451416969299
2026-08-10_03-44-13,/home/as22cq/Projects/Policy-RL-Peg_insertion/force_peg_rl/logs/rl_games/Forge/2026-08-10_03-44-13/nn/Forge.pth,43,nominal,1002,False,timeout,149,35.50453567504883,0.028226815164089203,16.535329818725586,7.25632381439209,0.7666667103767395,0.051859572529792786,2.9985880851745605,0.019381504505872726,0.75,0.75,0.0044946433044970036,0.5515233278274536
2026-08-10_03-44-13,/home/as22cq/Projects/Policy-RL-Peg_insertion/force_peg_rl/logs/rl_games/Forge/2026-08-10_03-44-13/nn/Forge.pth,43,nominal,1002,False,timeout,149,34.87733459472656,0.033774711191654205,19.19032096862793,10.847929954528809,1.1166666746139526,0.0063711898401379585,2.7527430057525635,0.021511338651180267,0.75,0.75,0.0011889978777617216,0.7508190274238586
2026-08-10_03-44-13,/home/as22cq/Projects/Policy-RL-Peg_insertion/force_peg_rl/logs/rl_games/Forge/2026-08-10_03-44-13/nn/Forge.pth,43,nominal,1002,False,timeout,149,30.59929847717285,0.04817286506295204,28.326936721801758,11.595451354980469,1.033333420753479,0.024944530799984932,2.3422513008117676,0.019358016550540924,0.75,0.75,0.015158694237470627,0.2870752513408661
2026-08-10_03-44-13,/home/as22cq/Projects/Policy-RL-Peg_insertion/force_peg_rl/logs/rl_games/Forge/2026-08-10_03-44-13/nn/Forge.pth,43,nominal,1002,False,timeout,149,233.05130004882812,0.006250225007534027,12.918191909790039,8.306358337402344,0.9916667342185974,0.0007126106065697968,1.8117339611053467,0.022733323276042938,0.75,0.75,0.022289497777819633,0.44051793217658997
2026-08-10_03-44-13,/home/as22cq/Projects/Policy-RL-Peg_insertion/force_peg_rl/logs/rl_games/Forge/2026-08-10_03-44-13/nn/Forge.pth,43,nominal,1002,False,timeout,149,98.14067077636719,0.10496111214160919,16.03257942199707,7.946203708648682,0.8333333730697632,0.09858272969722748,3.028033494949341,0.01642218418419361,0.75,0.75,0.009232597425580025,0.7070070505142212
2026-08-10_03-44-13,/home/as22cq/Projects/Policy-RL-Peg_insertion/force_peg_rl/logs/rl_games/Forge/2026-08-10_03-44-13/nn/Forge.pth,43,nominal,1002,False,timeout,149,38.93353271484375,0.006109841167926788,20.92679786682129,11.594932556152344,1.2083333730697632,0.02350071631371975,2.799067735671997,0.015317823737859726,0.75,0.75,0.014742102473974228,-0.3844355344772339
2026-08-10_03-44-13,/home/as22cq/Projects/Policy-RL-Peg_insertion/force_peg_rl/logs/rl_games/Forge/2026-08-10_03-44-13/nn/Forge.pth,43,nominal,1002,False,timeout,149,39.84356689453125,0.02278531715273857,26.599658966064453,10.926346778869629,0.7833333611488342,0.027824601158499718,0.9363511800765991,0.016590312123298645,0.75,0.75,0.02550971880555153,-0.5185555219650269
2026-08-10_03-44-13,/home/as22cq/Projects/Policy-RL-Peg_insertion/force_peg_rl/logs/rl_games/Forge/2026-08-10_03-44-13/nn/Forge.pth,43,nominal,1002,False,timeout,149,51.299560546875,0.13202457129955292,17.094482421875,7.5825581550598145,0.7250000238418579,0.06753156334161758,3.0871810913085938,0.015047406777739525,0.75,0.75,0.01568080298602581,0.6058513522148132
2026-08-10_03-44-13,/home/as22cq/Projects/Policy-RL-Peg_insertion/force_peg_rl/logs/rl_games/Forge/2026-08-10_03-44-13/nn/Forge.pth,43,nominal,1002,False,timeout,149,29.776844024658203,0.07121102511882782,15.636853218078613,8.87314510345459,0.6333333849906921,0.05545966327190399,0.614228367805481,0.014026084914803505,0.75,0.75,0.012493644841015339,-0.2704593241214752
2026-08-10_03-44-13,/home/as22cq/Projects/Policy-RL-Peg_insertion/force_peg_rl/logs/rl_games/Forge/2026-08-10_03-44-13/nn/Forge.pth,43,nominal,1002,False,timeout,149,95.29156494140625,0.026956118643283844,15.95152759552002,11.181601524353027,1.0750000476837158,0.017830772325396538,1.1267361640930176,0.020672863349318504,0.75,0.75,0.01109415851533413,-0.182298481464386
2026-08-10_03-44-13,/home/as22cq/Projects/Policy-RL-Peg_insertion/force_peg_rl/logs/rl_games/Forge/2026-08-10_03-44-13/nn/Forge.pth,43,nominal,1002,False,timeout,149,35.71785354614258,0.020928069949150085,14.806370735168457,8.250521659851074,0.550000011920929,0.024784989655017853,1.2941104173660278,0.020923325791954994,0.75,0.75,0.02172861434519291,-0.12418424338102341
2026-08-10_03-44-13,/home/as22cq/Projects/Policy-RL-Peg_insertion/force_peg_rl/logs/rl_games/Forge/2026-08-10_03-44-13/nn/Forge.pth,43,nominal,1002,False,timeout,149,35.84864807128906,0.038796111941337585,21.95571517944336,7.416354656219482,0.7750000357627869,0.011683843098580837,-3.0357470512390137,0.01654907315969467,0.75,0.75,0.009351993910968304,0.3263722062110901
2026-08-10_03-44-13,/home/as22cq/Projects/Policy-RL-Peg_insertion/force_peg_rl/logs/rl_games/Forge/2026-08-10_03-44-13/nn/Forge.pth,43,nominal,1002,False,timeout,149,26.09929084777832,0.054229721426963806,20.78348731994629,9.188017845153809,0.9333333969116211,0.04766761139035225,0.20211975276470184,0.023344505578279495,0.75,0.75,0.02266090176999569,-0.20683889091014862
2026-08-10_03-44-13,/home/as22cq/Projects/Policy-RL-Peg_insertion/force_peg_rl/logs/rl_games/Forge/2026-08-10_03-44-13/nn/Forge.pth,43,nominal,1002,False,timeout,149,31.135286331176758,0.10840331017971039,21.164411544799805,10.064550399780273,0.8500000238418579,0.04650989919900894,3.043797731399536,0.019707199186086655,0.75,0.75,0.01050792820751667,0.621483325958252
2026-08-10_03-44-13,/home/as22cq/Projects/Policy-RL-Peg_insertion/force_peg_rl/logs/rl_games/Forge/2026-08-10_03-44-13/nn/Forge.pth,43,nominal,1002,False,timeout,149,33.80020523071289,0.05552610382437706,14.374492645263672,8.887431144714355,1.1166666746139526,0.06126270815730095,-2.9887819290161133,0.019654061645269394,0.75,0.75,0.016545040532946587,0.710380494594574
2026-08-10_03-44-13,/home/as22cq/Projects/Policy-RL-Peg_insertion/force_peg_rl/logs/rl_games/Forge/2026-08-10_03-44-13/nn/Forge.pth,43,nominal,1002,False,timeout,149,34.83720397949219,0.010839678347110748,23.844518661499023,9.48523235321045,0.6250000596046448,0.018355101346969604,2.498462438583374,0.021721793338656425,0.75,0.75,0.015264233574271202,0.21833260357379913
2026-08-10_03-44-13,/home/as22cq/Projects/Policy-RL-Peg_insertion/force_peg_rl/logs/rl_games/Forge/2026-08-10_03-44-13/nn/Forge.pth,43,nominal,1002,False,timeout,149,30.62517547607422,0.1143084466457367,24.214813232421875,12.142888069152832,0.8500000238418579,0.03459874168038368,3.058436393737793,0.018091605976223946,0.75,0.75,0.01784517429769039,0.7442202568054199
2026-08-10_03-44-13,/home/as22cq/Projects/Policy-RL-Peg_insertion/force_peg_rl/logs/rl_games/Forge/2026-08-10_03-44-13/nn/Forge.pth,43,nominal,1002,False,timeout,149,30.731931686401367,0.020973332226276398,26.91695213317871,13.72865104675293,1.033333420753479,0.03880457207560539,0.7227652072906494,0.01590709574520588,0.75,0.75,0.009809640236198902,-0.3752845823764801
2026-08-10_03-44-13,/home/as22cq/Projects/Policy-RL-Peg_insertion/force_peg_rl/logs/rl_games/Forge/2026-08-10_03-44-13/nn/Forge.pth,43,nominal,1002,False,timeout,149,213.50082397460938,0.015026215463876724,20.36716079711914,16.361064910888672,1.1666667461395264,0.0015871088253334165,1.9420260190963745,0.019022222608327866,0.75,0.75,0.021388383582234383,-0.6673644185066223
2026-08-10_03-44-13,/home/as22cq/Projects/Policy-RL-Peg_insertion/force_peg_rl/logs/rl_games/Forge/2026-08-10_03-44-13/nn/Forge.pth,43,nominal,1002,False,timeout,149,35.51613998413086,0.03661636263132095,14.016361236572266,6.005621910095215,0.6916667222976685,0.02586103416979313,2.914393424987793,0.01803026907145977,0.75,0.75,0.012830269522964954,0.23435941338539124
2026-08-10_03-44-13,/home/as22cq/Projects/Policy-RL-Peg_insertion/force_peg_rl/logs/rl_games/Forge/2026-08-10_03-44-13/nn/Forge.pth,43,nominal,1002,False,timeout,149,33.32000732421875,0.12426750361919403,14.770857810974121,8.284310340881348,0.9666666984558105,0.0396038182079792,3.074031114578247,0.016793452203273773,0.75,0.75,0.007269416470080614,0.7183584570884705
2026-08-10_03-44-13,/home/as22cq/Projects/Policy-RL-Peg_insertion/force_peg_rl/logs/rl_games/Forge/2026-08-10_03-44-13/nn/Forge.pth,43,nominal,1002,False,timeout,149,55.072410583496094,0.0343046635389328,20.409971237182617,7.951977252960205,0.6666666865348816,0.08059004694223404,2.181919574737549,0.02392515353858471,0.75,0.75,0.01636715605854988,0.6574069261550903
2026-08-10_03-44-13,/home/as22cq/Projects/Policy-RL-Peg_insertion/force_peg_rl/logs/rl_games/Forge/2026-08-10_03-44-13/nn/Forge.pth,43,nominal,1002,False,timeout,149,34.49630355834961,0.026736192405223846,15.690783500671387,10.883878707885742,0.9000000357627869,0.019090397283434868,1.0967988967895508,0.015425212681293488,0.75,0.75,0.010845507495105267,-0.17294622957706451
2026-08-10_03-44-13,/home/as22cq/Projects/Policy-RL-Peg_insertion/force_peg_rl/logs/rl_games/Forge/2026-08-10_03-44-13/nn/Forge.pth,43,nominal,1002,False,timeout,149,31.563568115234375,0.06434596329927444,19.392824172973633,10.374390602111816,0.9333333969116211,0.04895755648612976,3.0944979190826416,0.022415950894355774,0.75,0.75,0.0048272497951984406,0.5737558603286743
2026-08-10_03-44-13,/home/as22cq/Projects/Policy-RL-Peg_insertion/force_peg_rl/logs/rl_games/Forge/2026-08-10_03-44-13/nn/Forge.pth,43,nominal,1002,True,success,149,263.39215087890625,0.00015202723443508148,37.24116897583008,13.487580299377441,1.0500000715255737,0.0007163896807469428,2.0568766593933105,0.019533030688762665,0.75,0.75,0.006909668445587158,-0.18373343348503113
2026-08-10_03-44-13,/home/as22cq/Projects/Policy-RL-Peg_insertion/force_peg_rl/logs/rl_games/Forge/2026-08-10_03-44-13/nn/Forge.pth,43,nominal,1002,False,timeout,149,35.50453186035156,0.021881677210330963,49.96708679199219,14.22983455657959,1.058333396911621,0.026309454813599586,0.7344158887863159,0.0217991191893816,0.75,0.75,0.01416313648223877,-0.5923187136650085
2026-08-10_03-44-13,/home/as22cq/Projects/Policy-RL-Peg_insertion/force_peg_rl/logs/rl_games/Forge/2026-08-10_03-44-13/nn/Forge.pth,43,nominal,1002,False,timeout,149,78.70970916748047,0.06479357182979584,19.128293991088867,13.665292739868164,1.0750000476837158,0.03414563462138176,2.9882779121398926,0.01697712019085884,0.75,0.75,0.009546847082674503,0.31992393732070923
2026-08-10_03-44-13,/home/as22cq/Projects/Policy-RL-Peg_insertion/force_peg_rl/logs/rl_games/Forge/2026-08-10_03-44-13/nn/Forge.pth,43,nominal,1002,False,timeout,149,35.39996337890625,0.019005268812179565,18.826128005981445,9.789788246154785,0.6166666746139526,0.024556145071983337,1.2895265817642212,0.019805314019322395,0.75,0.75,0.006348778493702412,-0.3202236592769623
2026-08-10_03-44-13,/home/as22cq/Projects/Policy-RL-Peg_insertion/force_peg_rl/logs/rl_games/Forge/2026-08-10_03-44-13/nn/Forge.pth,43,nominal,1002,False,timeout,149,40.801307678222656,0.011465727351605892,21.400957107543945,13.485248565673828,0.9416667222976685,0.032040663063526154,2.072028875350952,0.021873950958251953,0.75,0.75,0.022342020645737648,-0.4531630277633667
2026-08-10_03-44-13,/home/as22cq/Projects/Policy-RL-Peg_insertion/force_peg_rl/logs/rl_games/Forge/2026-08-10_03-44-13/nn/Forge.pth,43,nominal,1002,False,timeout,149,37.1922607421875,0.02737424522638321,22.932662963867188,11.823360443115234,1.133333444595337,0.016692237928509712,2.562046527862549,0.01411090325564146,0.75,0.75,0.02148091420531273,0.3342389762401581
2026-08-10_03-44-13,/home/as22cq/Projects/Policy-RL-Peg_insertion/force_peg_rl/logs/rl_games/Forge/2026-08-10_03-44-13/nn/Forge.pth,43,nominal,1002,False,timeout,149,139.22142028808594,0.023197771981358528,19.07631492614746,14.786112785339355,1.2083333730697632,0.0017341973725706339,1.689928650856018,0.01805630885064602,0.75,0.75,0.0029500052332878113,-0.7209979891777039
2026-08-10_03-44-13,/home/as22cq/Projects/Policy-RL-Peg_insertion/force_peg_rl/logs/rl_games/Forge/2026-08-10_03-44-13/nn/Forge.pth,43,nominal,1002,False,timeout,149,53.158756256103516,0.03400828316807747,14.833885192871094,8.304400444030762,0.44166669249534607,0.010447501204907894,0.7560911774635315,0.01963941752910614,0.75,0.75,0.016916904598474503,-0.45636430382728577
2026-08-10_03-44-13,/home/as22cq/Projects/Policy-RL-Peg_insertion/force_peg_rl/logs/rl_games/Forge/2026-08-10_03-44-13/nn/Forge.pth,43,nominal,1002,False,timeout,149,33.917633056640625,0.019067369401454926,13.884778022766113,7.5487141609191895,0.7833333611488342,0.027517959475517273,1.8731389045715332,0.015725543722510338,0.75,0.75,0.013111275620758533,0.5106745362281799
2026-08-10_03-44-13,/home/as22cq/Projects/Policy-RL-Peg_insertion/force_peg_rl/logs/rl_games/Forge/2026-08-10_03-44-13/nn/Forge.pth,43,nominal,1002,True,success,149,273.7851867675781,0.0006393119692802429,31.242948532104492,14.122845649719238,1.133333444595337,0.000771885272115469,2.082098960876465,0.016262071207165718,0.75,0.75,0.018508827313780785,-0.4194827973842621
2026-08-10_03-44-13,/home/as22cq/Projects/Policy-RL-Peg_insertion/force_peg_rl/logs/rl_games/Forge/2026-08-10_03-44-13/nn/Forge.pth,43,nominal,1002,False,timeout,149,39.82925796508789,0.0494958721101284,17.05870819091797,7.669820308685303,0.5250000357627869,0.02583453804254532,2.826437473297119,0.019523851573467255,0.75,0.75,0.02659216709434986,0.6881676912307739
2026-08-10_03-44-13,/home/as22cq/Projects/Policy-RL-Peg_insertion/force_peg_rl/logs/rl_games/Forge/2026-08-10_03-44-13/nn/Forge.pth,43,nominal,1002,False,timeout,149,193.37037658691406,0.014938447624444962,26.979907989501953,13.42288875579834,0.98333340883255,0.0005903212004341185,2.856154441833496,0.023978736251592636,0.75,0.75,0.010294116102159023,0.4520481824874878
2026-08-10_03-44-13,/home/as22cq/Projects/Policy-RL-Peg_insertion/force_peg_rl/logs/rl_games/Forge/2026-08-10_03-44-13/nn/Forge.pth,43,nominal,1002,False,force_limit,149,28.522350311279297,0.03424796462059021,95.2745361328125,15.369733810424805,1.125,0.01528273057192564,0.9496601819992065,0.01972881145775318,0.75,0.75,0.01685616746544838,-0.04973386600613594
2026-08-10_03-44-13,/home/as22cq/Projects/Policy-RL-Peg_insertion/force_peg_rl/logs/rl_games/Forge/2026-08-10_03-44-13/nn/Forge.pth,43,nominal,1002,False,timeout,149,35.19747543334961,0.034534066915512085,20.169282913208008,7.103885173797607,0.5250000357627869,0.05836770310997963,2.118103265762329,0.02226528339087963,0.75,0.75,0.018473954871296883,0.11260611563920975
2026-08-10_03-44-13,/home/as22cq/Projects/Policy-RL-Peg_insertion/force_peg_rl/logs/rl_games/Forge/2026-08-10_03-44-13/nn/Forge.pth,43,nominal,1002,False,timeout,149,35.79631805419922,0.02124694548547268,19.018360137939453,11.115164756774902,0.9000000357627869,0.02237747237086296,1.5203267335891724,0.020357154309749603,0.75,0.75,0.017040489241480827,0.5075076222419739
2026-08-10_03-44-13,/home/as22cq/Projects/Policy-RL-Peg_insertion/force_peg_rl/logs/rl_games/Forge/2026-08-10_03-44-13/nn/Forge.pth,43,nominal,1002,True,success,149,223.4589385986328,0.00013340264558792114,25.659622192382812,13.980753898620605,1.133333444595337,0.0006063501932658255,2.230545997619629,0.023756520822644234,0.75,0.75,0.020336158573627472,-0.575778603553772
2026-08-10_03-44-13,/home/as22cq/Projects/Policy-RL-Peg_insertion/force_peg_rl/logs/rl_games/Forge/2026-08-10_03-44-13/nn/Forge.pth,43,nominal,1002,False,timeout,149,27.700294494628906,0.04982602596282959,13.645245552062988,9.240338325500488,1.0416667461395264,0.021259117871522903,0.6397082209587097,0.02381220832467079,0.75,0.75,0.0032188454642891884,-0.05061739683151245
2026-08-10_03-44-13,/home/as22cq/Projects/Policy-RL-Peg_insertion/force_peg_rl/logs/rl_games/Forge/2026-08-10_03-44-13/nn/Forge.pth,43,nominal,1002,False,timeout,149,34.70816421508789,0.025003544986248016,15.50262451171875,8.328022956848145,0.8166667222976685,0.014791566878557205,2.9806954860687256,0.015532228164374828,0.75,0.75,0.019695384427905083,0.449902206659317
2026-08-10_03-44-13,/home/as22cq/Projects/Policy-RL-Peg_insertion/force_peg_rl/logs/rl_games/Forge/2026-08-10_03-44-13/nn/Forge.pth,43,nominal,1002,False,timeout,149,29.911893844604492,0.07837621867656708,26.357824325561523,12.998811721801758,0.9083333611488342,0.034127794206142426,0.2710573971271515,0.022354457527399063,0.75,0.75,0.005603870376944542,0.07000891119241714
2026-08-10_03-44-13,/home/as22cq/Projects/Policy-RL-Peg_insertion/force_peg_rl/logs/rl_games/Forge/2026-08-10_03-44-13/nn/Forge.pth,43,nominal,1002,False,timeout,149,33.46796798706055,0.005587771534919739,22.596702575683594,10.770272254943848,0.7833333611488342,0.026201918721199036,0.9366662502288818,0.016362875699996948,0.75,0.75,0.010596600361168385,-0.09549438208341599
2026-08-10_03-44-13,/home/as22cq/Projects/Policy-RL-Peg_insertion/force_peg_rl/logs/rl_games/Forge/2026-08-10_03-44-13/nn/Forge.pth,43,nominal,1002,False,timeout,149,32.54106521606445,0.02222933992743492,17.508358001708984,8.516677856445312,0.5166667103767395,0.08214150369167328,1.1585967540740967,0.018567224964499474,0.75,0.75,0.01895197667181492,0.3644522428512573
2026-08-10_03-44-13,/home/as22cq/Projects/Policy-RL-Peg_insertion/force_peg_rl/logs/rl_games/Forge/2026-08-10_03-44-13/nn/Forge.pth,43,nominal,1002,False,timeout,149,43.936500549316406,0.006477126851677895,18.273344039916992,11.21054458618164,0.8583333492279053,0.027352234348654747,2.3264572620391846,0.01460939645767212,0.75,0.75,0.022799989208579063,0.5209661722183228
2026-08-10_03-44-13,/home/as22cq/Projects/Policy-RL-Peg_insertion/force_peg_rl/logs/rl_games/Forge/2026-08-10_03-44-13/nn/Forge.pth,43,nominal,1002,False,timeout,149,37.28520202636719,0.012047648429870605,14.436695098876953,7.462057590484619,0.4583333432674408,0.023047221824526787,3.1232447624206543,0.01592688448727131,0.75,0.75,0.017749905586242676,0.579164445400238
2026-08-10_03-44-13,/home/as22cq/Projects/Policy-RL-Peg_insertion/force_peg_rl/logs/rl_games/Forge/2026-08-10_03-44-13/nn/Forge.pth,43,nominal,1002,False,timeout,149,35.15050506591797,0.002658635377883911,20.60584831237793,11.536266326904297,1.133333444595337,0.031765617430210114,2.6806671619415283,0.015028892084956169,0.75,0.75,0.017709312960505486,-0.08008729666471481
2026-08-10_03-44-13,/home/as22cq/Projects/Policy-RL-Peg_insertion/force_peg_rl/logs/rl_games/Forge/2026-08-10_03-44-13/nn/Forge.pth,43,nominal,1002,False,timeout,149,36.49074935913086,0.02768673747777939,15.075907707214355,7.488976955413818,0.9166666865348816,0.018208183348178864,2.5328660011291504,0.021021177992224693,0.75,0.75,0.004467600490897894,0.20197007060050964
2026-08-10_03-44-13,/home/as22cq/Projects/Policy-RL-Peg_insertion/force_peg_rl/logs/rl_games/Forge/2026-08-10_03-44-13/nn/Forge.pth,43,nominal,1002,False,timeout,149,38.57124710083008,0.041425250470638275,16.935009002685547,10.014699935913086,1.1083333492279053,0.021628577262163162,2.626185894012451,0.022016379982233047,0.75,0.75,0.018406836315989494,0.17480923235416412
2026-08-10_03-44-13,/home/as22cq/Projects/Policy-RL-Peg_insertion/force_peg_rl/logs/rl_games/Forge/2026-08-10_03-44-13/nn/Forge.pth,43,nominal,1002,False,timeout,149,33.27754592895508,0.023145757615566254,23.352392196655273,13.952598571777344,1.0,0.022161729633808136,1.0436723232269287,0.015933562070131302,0.75,0.75,0.024951457977294922,-0.07270640879869461
2026-08-10_03-44-13,/home/as22cq/Projects/Policy-RL-Peg_insertion/force_peg_rl/logs/rl_games/Forge/2026-08-10_03-44-13/nn/Forge.pth,43,nominal,1002,False,timeout,149,36.26289367675781,0.040815286338329315,20.70369529724121,10.961649894714355,1.0916666984558105,0.011546825058758259,2.9140450954437256,0.023076172918081284,0.75,0.75,0.02335609868168831,0.06091705709695816
2026-08-10_03-44-13,/home/as22cq/Projects/Policy-RL-Peg_insertion/force_peg_rl/logs/rl_games/Forge/2026-08-10_03-44-13/nn/Forge.pth,43,nominal,1002,False,timeout,149,30.47409439086914,0.033616967499256134,32.63253402709961,20.851486206054688,1.1916667222976685,0.018407918512821198,0.6109524965286255,0.01642117276787758,0.75,0.75,0.015851473435759544,-0.5388689041137695
2026-08-10_03-44-13,/home/as22cq/Projects/Policy-RL-Peg_insertion/force_peg_rl/logs/rl_games/Forge/2026-08-10_03-44-13/nn/Forge.pth,43,nominal,1002,False,timeout,149,34.84181213378906,-0.020656652748584747,13.506301879882812,9.400605201721191,1.125,0.03142742067575455,2.3669793605804443,0.016180263832211494,0.75,0.75,0.009678642265498638,0.5390855073928833
2026-08-10_03-44-13,/home/as22cq/Projects/Policy-RL-Peg_insertion/force_peg_rl/logs/rl_games/Forge/2026-08-10_03-44-13/nn/Forge.pth,43,nominal,1002,False,timeout,149,31.043306350708008,0.025931142270565033,23.842321395874023,13.52369213104248,1.225000023841858,0.023915864527225494,2.393397808074951,0.020893197506666183,0.75,0.75,0.0029747106600552797,0.12710297107696533
2026-08-10_03-44-13,/home/as22cq/Projects/Policy-RL-Peg_insertion/force_peg_rl/logs/rl_games/Forge/2026-08-10_03-44-13/nn/Forge.pth,43,nominal,1002,False,timeout,149,31.800058364868164,0.03716865926980972,22.928316116333008,11.221073150634766,0.8750000596046448,0.03132779151201248,1.438610553741455,0.014635894447565079,0.75,0.75,0.011362913995981216,-0.0016678259707987309
2026-08-10_03-44-13,/home/as22cq/Projects/Policy-RL-Peg_insertion/force_peg_rl/logs/rl_games/Forge/2026-08-10_03-44-13/nn/Forge.pth,43,nominal,1002,False,timeout,149,38.14472579956055,0.0091339610517025,26.334285736083984,11.216215133666992,0.9250000715255737,0.0199553482234478,2.2244393825531006,0.01674528792500496,0.75,0.75,0.018491854891180992,0.5650649070739746
2026-08-10_03-44-13,/home/as22cq/Projects/Policy-RL-Peg_insertion/force_peg_rl/logs/rl_games/Forge/2026-08-10_03-44-13/nn/Forge.pth,43,nominal,1002,False,timeout,149,31.577558517456055,0.02884671837091446,25.574745178222656,17.154054641723633,1.2166666984558105,0.013796916231513023,0.576494574546814,0.018671730533242226,0.75,0.75,0.0020025954581797123,-0.46526697278022766
2026-08-10_03-44-13,/home/as22cq/Projects/Policy-RL-Peg_insertion/force_peg_rl/logs/rl_games/Forge/2026-08-10_03-44-13/nn/Forge.pth,43,nominal,1002,False,timeout,149,28.63165855407715,0.06391166150569916,19.697265625,11.017797470092773,0.8583333492279053,0.018756510689854622,0.4633287787437439,0.01972299814224243,0.75,0.75,0.020995372906327248,-0.2710346579551697
2026-08-10_03-44-13,/home/as22cq/Projects/Policy-RL-Peg_insertion/force_peg_rl/logs/rl_games/Forge/2026-08-10_03-44-13/nn/Forge.pth,43,nominal,1002,False,timeout,149,36.03779602050781,0.04376959055662155,26.76355743408203,11.552400588989258,0.9500000476837158,0.025946326553821564,2.6931636333465576,0.018812652677297592,0.75,0.75,0.016727140173316002,-0.2101122885942459
2026-08-10_03-44-13,/home/as22cq/Projects/Policy-RL-Peg_insertion/force_peg_rl/logs/rl_games/Forge/2026-08-10_03-44-13/nn/Forge.pth,43,nominal,1002,False,timeout,149,39.719566345214844,0.05687269568443298,18.643714904785156,8.987679481506348,0.9166666865348816,0.008829384110867977,2.4252591133117676,0.014468837529420853,0.75,0.75,0.017557278275489807,0.13569100201129913
2026-08-10_03-44-13,/home/as22cq/Projects/Policy-RL-Peg_insertion/force_peg_rl/logs/rl_games/Forge/2026-08-10_03-44-13/nn/Forge.pth,43,nominal,1002,False,timeout,149,41.58083724975586,0.027473926544189453,11.227365493774414,6.1425042152404785,0.15833334624767303,0.010407785885035992,2.0726161003112793,0.016042886301875114,0.75,0.75,0.010237060487270355,0.16949419677257538
2026-08-10_03-44-13,/home/as22cq/Projects/Policy-RL-Peg_insertion/force_peg_rl/logs/rl_games/Forge/2026-08-10_03-44-13/nn/Forge.pth,43,nominal,1002,False,timeout,149,101.02342987060547,0.03766002506017685,19.626068115234375,8.960192680358887,0.9750000238418579,0.009086981415748596,3.029385566711426,0.017942892387509346,0.75,0.75,0.010930529795587063,0.33859768509864807
2026-08-10_03-44-13,/home/as22cq/Projects/Policy-RL-Peg_insertion/force_peg_rl/logs/rl_games/Forge/2026-08-10_03-44-13/nn/Forge.pth,43,nominal,1002,False,timeout,149,29.738277435302734,0.09701977670192719,12.408479690551758,7.221241474151611,0.6416667103767395,0.03554471582174301,2.4911739826202393,0.021644577383995056,0.75,0.75,0.018884098157286644,-0.5090925693511963
2026-08-10_03-44-13,/home/as22cq/Projects/Policy-RL-Peg_insertion/force_peg_rl/logs/rl_games/Forge/2026-08-10_03-44-13/nn/Forge.pth,43,nominal,1002,False,timeout,149,30.42241859436035,0.015809647738933563,12.937291145324707,6.127054691314697,0.3500000238418579,0.08464784920215607,2.8804500102996826,0.01763828843832016,0.75,0.75,0.017109686508774757,0.7830051779747009
2026-08-10_03-44-13,/home/as22cq/Projects/Policy-RL-Peg_insertion/force_peg_rl/logs/rl_games/Forge/2026-08-10_03-44-13/nn/Forge.pth,43,nominal,1002,False,timeout,149,33.855411529541016,0.028761133551597595,27.329177856445312,7.713581085205078,0.8583333492279053,0.027016274631023407,0.7926644682884216,0.019849169999361038,0.75,0.75,0.00843892339617014,-0.3602277934551239
2026-08-10_03-44-13,/home/as22cq/Projects/Policy-RL-Peg_insertion/force_peg_rl/logs/rl_games/Forge/2026-08-10_03-44-13/nn/Forge.pth,43,nominal,1002,False,timeout,149,31.783069610595703,0.0247836634516716,17.490928649902344,8.243326187133789,0.5083333849906921,0.04109681770205498,1.2698849439620972,0.014026327058672905,0.75,0.75,0.018167346715927124,0.02429848350584507
2026-08-10_03-44-13,/home/as22cq/Projects/Policy-RL-Peg_insertion/force_peg_rl/logs/rl_games/Forge/2026-08-10_03-44-13/nn/Forge.pth,43,nominal,1002,False,timeout,149,72.95410919189453,0.07325394451618195,19.21651840209961,14.501617431640625,1.2000000476837158,0.04197535291314125,2.644674062728882,0.021752428263425827,0.75,0.75,0.0048210895620286465,-0.455463171005249
2026-08-10_03-44-13,/home/as22cq/Projects/Policy-RL-Peg_insertion/force_peg_rl/logs/rl_games/Forge/2026-08-10_03-44-13/nn/Forge.pth,43,nominal,1002,False,timeout,149,35.9136962890625,0.04241078346967697,23.38857650756836,9.643170356750488,0.7250000238418579,0.045772094279527664,2.424952268600464,0.02350851520895958,0.75,0.75,0.01819613203406334,-0.005416392348706722
2026-08-10_03-44-13,/home/as22cq/Projects/Policy-RL-Peg_insertion/force_peg_rl/logs/rl_games/Forge/2026-08-10_03-44-13/nn/Forge.pth,43,nominal,1002,False,timeout,149,30.1925106048584,0.027173012495040894,30.080392837524414,17.286590576171875,1.1083333492279053,0.02058449573814869,0.370637983083725,0.02101442776620388,0.75,0.75,0.009414990432560444,-0.6090927720069885
2026-08-10_03-44-13,/home/as22cq/Projects/Policy-RL-Peg_insertion/force_peg_rl/logs/rl_games/Forge/2026-08-10_03-44-13/nn/Forge.pth,43,nominal,1002,False,timeout,149,35.84024429321289,0.0262119360268116,25.263668060302734,12.9168119430542,1.1916667222976685,0.020871629938483238,1.0205531120300293,0.015875333920121193,0.75,0.75,0.011569038964807987,-0.7177769541740417
2026-08-10_03-44-13,/home/as22cq/Projects/Policy-RL-Peg_insertion/force_peg_rl/logs/rl_games/Forge/2026-08-10_03-44-13/nn/Forge.pth,43,nominal,1002,False,timeout,149,172.77484130859375,0.04546144977211952,24.554533004760742,13.993857383728027,1.183333396911621,0.06659480929374695,2.203226327896118,0.015258326195180416,0.75,0.75,0.018379611894488335,0.7811346054077148
2026-08-10_03-44-13,/home/as22cq/Projects/Policy-RL-Peg_insertion/force_peg_rl/logs/rl_games/Forge/2026-08-10_03-44-13/nn/Forge.pth,43,nominal,1002,False,timeout,149,29.178510665893555,0.11015279591083527,11.500907897949219,7.662129878997803,0.8666667342185974,0.058934181928634644,-3.0597317218780518,0.02088913694024086,0.75,0.75,0.022543538361787796,0.610447883605957
2026-08-10_03-44-13,/home/as22cq/Projects/Policy-RL-Peg_insertion/force_peg_rl/logs/rl_games/Forge/2026-08-10_03-44-13/nn/Forge.pth,43,nominal,1002,False,timeout,149,34.04515075683594,0.025124303996562958,18.34623908996582,10.461695671081543,1.1166666746139526,0.040035732090473175,0.47783154249191284,0.018048662692308426,0.75,0.75,0.017558418214321136,-0.6706448793411255
2026-08-10_03-44-13,/home/as22cq/Projects/Policy-RL-Peg_insertion/force_peg_rl/logs/rl_games/Forge/2026-08-10_03-44-13/nn/Forge.pth,43,nominal,1002,False,timeout,149,34.19347381591797,0.02466920204460621,18.733665466308594,9.284722328186035,0.8000000715255737,0.02194547839462757,2.0459344387054443,0.01943502202630043,0.75,0.75,0.01972445659339428,0.34388330578804016
2026-08-10_03-44-13,/home/as22cq/Projects/Policy-RL-Peg_insertion/force_peg_rl/logs/rl_games/Forge/2026-08-10_03-44-13/nn/Forge.pth,43,nominal,1002,False,timeout,149,36.37484359741211,0.004102438688278198,31.94666862487793,11.934707641601562,0.9583333730697632,0.024200621992349625,1.6271389722824097,0.022645199671387672,0.75,0.75,0.023847145959734917,0.5307522416114807
2026-08-10_03-44-13,/home/as22cq/Projects/Policy-RL-Peg_insertion/force_peg_rl/logs/rl_games/Forge/2026-08-10_03-44-13/nn/Forge.pth,43,nominal,1002,False,timeout,149,27.7568416595459,0.09569024294614792,32.99870300292969,15.363621711730957,1.0666667222976685,0.04545252025127411,0.5608605146408081,0.018944377079606056,0.75,0.75,0.006309390068054199,-0.7669963836669922
2026-08-10_03-44-13,/home/as22cq/Projects/Policy-RL-Peg_insertion/force_peg_rl/logs/rl_games/Forge/2026-08-10_03-44-13/nn/Forge.pth,43,nominal,1002,False,timeout,149,37.47982406616211,0.0031993798911571503,24.808868408203125,12.018790245056152,0.8916667103767395,0.02227173000574112,2.0170223712921143,0.018863949924707413,0.75,0.75,0.01144767738878727,-0.6433558464050293
2026-08-10_03-44-13,/home/as22cq/Projects/Policy-RL-Peg_insertion/force_peg_rl/logs/rl_games/Forge/2026-08-10_03-44-13/nn/Forge.pth,43,nominal,1002,False,timeout,149,35.56023406982422,0.06612730026245117,16.340957641601562,7.936402797698975,0.7916666865348816,0.0267353393137455,2.677969217300415,0.01667553372681141,0.75,0.75,0.02061265893280506,-0.4601648151874542
2026-08-10_03-44-13,/home/as22cq/Projects/Policy-RL-Peg_insertion/force_peg_rl/logs/rl_games/Forge/2026-08-10_03-44-13/nn/Forge.pth,43,nominal,1002,False,timeout,149,33.831722259521484,0.08899002522230148,21.779420852661133,9.533034324645996,1.0666667222976685,0.023367194458842278,2.8592567443847656,0.016353605315089226,0.75,0.75,0.006426599342375994,0.5460515022277832
2026-08-10_03-44-13,/home/as22cq/Projects/Policy-RL-Peg_insertion/force_peg_rl/logs/rl_games/Forge/2026-08-10_03-44-13/nn/Forge.pth,43,nominal,1002,False,timeout,149,25.337495803833008,0.04779666289687157,17.772783279418945,11.149542808532715,1.058333396911621,0.06799643486738205,1.0149227380752563,0.0231495201587677,0.75,0.75,0.018361076712608337,-0.6144851446151733
2026-08-10_03-44-13,/home/as22cq/Projects/Policy-RL-Peg_insertion/force_peg_rl/logs/rl_games/Forge/2026-08-10_03-44-13/nn/Forge.pth,43,nominal,1002,False,timeout,149,30.31074333190918,0.05505074933171272,20.63422203063965,13.034567832946777,1.058333396911621,0.0702911913394928,1.780163049697876,0.017960816621780396,0.75,0.75,0.024453148245811462,-0.4762102961540222
2026-08-10_03-44-13,/home/as22cq/Projects/Policy-RL-Peg_insertion/force_peg_rl/logs/rl_games/Forge/2026-08-10_03-44-13/nn/Forge.pth,43,nominal,1002,False,timeout,149,34.923038482666016,0.04536774754524231,29.75411605834961,13.50624942779541,1.1500000953674316,0.021902548149228096,2.5427145957946777,0.019579095765948296,0.75,0.75,0.020004894584417343,0.5039832592010498
2026-08-10_03-44-13,/home/as22cq/Projects/Policy-RL-Peg_insertion/force_peg_rl/logs/rl_games/Forge/2026-08-10_03-44-13/nn/Forge.pth,43,nominal,1002,False,timeout,149,30.488330841064453,0.05458655580878258,21.165727615356445,8.881317138671875,0.8166667222976685,0.03764750063419342,0.5143669247627258,0.015213627368211746,0.75,0.75,0.019050033763051033,-0.4809843897819519
2026-08-10_03-44-13,/home/as22cq/Projects/Policy-RL-Peg_insertion/force_peg_rl/logs/rl_games/Forge/2026-08-10_03-44-13/nn/Forge.pth,43,nominal,1002,False,timeout,149,40.66746520996094,0.07000992447137833,12.555609703063965,6.852973461151123,0.23333334922790527,0.05142652243375778,3.0140483379364014,0.02348879724740982,0.75,0.75,0.009959964081645012,0.6031556725502014
2026-08-10_03-44-13,/home/as22cq/Projects/Policy-RL-Peg_insertion/force_peg_rl/logs/rl_games/Forge/2026-08-10_03-44-13/nn/Forge.pth,43,nominal,1002,False,timeout,149,37.478302001953125,0.003760639578104019,20.54741096496582,10.179769515991211,0.8250000476837158,0.022731106728315353,2.416454315185547,0.018472418189048767,0.75,0.75,0.021738998591899872,0.2531190812587738
2026-08-10_03-44-13,/home/as22cq/Projects/Policy-RL-Peg_insertion/force_peg_rl/logs/rl_games/Forge/2026-08-10_03-44-13/nn/Forge.pth,43,nominal,1002,False,timeout,149,34.97338104248047,0.03145628049969673,24.05152702331543,10.079798698425293,1.0500000715255737,0.013608932495117188,2.4728586673736572,0.01925172284245491,0.75,0.75,0.00961276050657034,0.052236493676900864
2026-08-10_03-44-13,/home/as22cq/Projects/Policy-RL-Peg_insertion/force_peg_rl/logs/rl_games/Forge/2026-08-10_03-44-13/nn/Forge.pth,43,nominal,1002,False,timeout,149,37.64044952392578,0.00689137727022171,22.38064956665039,9.428791046142578,0.6916667222976685,0.02479766122996807,2.3163435459136963,0.019380442798137665,0.75,0.75,0.016822820529341698,0.6261430382728577
2026-08-10_03-44-13,/home/as22cq/Projects/Policy-RL-Peg_insertion/force_peg_rl/logs/rl_games/Forge/2026-08-10_03-44-13/nn/Forge.pth,43,nominal,1002,False,timeout,149,31.867631912231445,0.0035210251808166504,30.452735900878906,15.420613288879395,1.225000023841858,0.023803720250725746,2.5421085357666016,0.016794543713331223,0.75,0.75,0.018017223104834557,0.46408531069755554
2026-08-10_03-44-13,/home/as22cq/Projects/Policy-RL-Peg_insertion/force_peg_rl/logs/rl_games/Forge/2026-08-10_03-44-13/nn/Forge.pth,43,nominal,1002,False,timeout,149,26.765605926513672,0.029143519699573517,33.217811584472656,17.37333106994629,1.0833333730697632,0.015313195064663887,0.29252269864082336,0.019242651760578156,0.75,0.75,0.022035354748368263,0.34101155400276184
2026-08-10_03-44-13,/home/as22cq/Projects/Policy-RL-Peg_insertion/force_peg_rl/logs/rl_games/Forge/2026-08-10_03-44-13/nn/Forge.pth,43,nominal,1002,False,timeout,149,34.53532028198242,0.04173784703016281,19.46102523803711,5.886056900024414,0.22500000894069672,0.022916659712791443,2.913181781768799,0.015795283019542694,0.75,0.75,0.020367883145809174,0.34260889887809753
2026-08-10_03-44-13,/home/as22cq/Projects/Policy-RL-Peg_insertion/force_peg_rl/logs/rl_games/Forge/2026-08-10_03-44-13/nn/Forge.pth,43,nominal,1002,False,timeout,149,37.44599151611328,0.008971128612756729,22.048009872436523,7.057321548461914,0.9333333969116211,0.01896337792277336,2.4690675735473633,0.019948218017816544,0.75,0.75,0.016364311799407005,-0.2797790467739105
2026-08-10_03-44-13,/home/as22cq/Projects/Policy-RL-Peg_insertion/force_peg_rl/logs/rl_games/Forge/2026-08-10_03-44-13/nn/Forge.pth,43,nominal,1002,False,timeout,149,89.8149185180664,0.04014156386256218,11.017651557922363,7.926743030548096,0.8583333492279053,0.020245855674147606,2.9331207275390625,0.01647849753499031,0.75,0.75,0.012738442979753017,0.524593710899353
2026-08-10_03-44-13,/home/as22cq/Projects/Policy-RL-Peg_insertion/force_peg_rl/logs/rl_games/Forge/2026-08-10_03-44-13/nn/Forge.pth,43,nominal,1002,False,timeout,149,32.019004821777344,0.10283982753753662,21.79588508605957,12.705046653747559,0.9416667222976685,0.09075234830379486,3.0979561805725098,0.022872261703014374,0.75,0.75,0.0053299725987017155,0.7188141345977783
